sku1,sku2,association_composite_score
Cadbury Brownie | Rich & Fudgy,Cadbury Brownie,0.8223275558556844
Christmas Non-woven Deer Snowman Santa Claus Headband | Party Propz,Santa Design Christmas Goggles for Kids & Adults | Party Propz,0.798360655737705
Santa Design Christmas Goggles for Kids & Adults | Party Propz,Christmas Non-woven Deer Snowman Santa Claus Headband | Party Propz,0.7888
Cadbury Brownie,Cadbury Brownie | Rich & Fudgy,0.7786389163044922
Kinder Joy Disney Princess | Single Pack,Kinder Creamy Milky And Cocoa | Extruded Rice,0.742426299639057
Christmas Non-woven Deer Snowman Santa Claus Headband | Party Propz,Fake Moustache Christmas Santa Claus Beard | Party Propz,0.7376370584663738
Kinder Joy Disney Princess | Single Pack,Britannia Gobbles Bar Cake Fruity Fun | Bakery Delight,0.7295229373646717
Winkies Cake Chocolate Cake Slice | Bakery Delight,Britannia Gobbles Bar Cake Fruity Fun | Bakery Delight,0.7106374038651393
Kinder Joy | Single Pack | Assorted,Britannia Gobbles Bar Cake Fruity Fun | Bakery Delight,0.701768187040584
Santa Design Christmas Goggles for Kids & Adults | Party Propz,Fake Moustache Christmas Santa Claus Beard | Party Propz,0.7014739288307916
Fake Moustache Christmas Santa Claus Beard | Party Propz,Christmas Non-woven Deer Snowman Santa Claus Headband | Party Propz,0.6981481481481482
Mangat Ram Unpolished Masoor Sabut,Kinder Schoko-Bons Crispy | Chocolate | Milky & Cocoa Filling,0.6973766483487347
Cadbury Brownie,Parle Hide & Seek Chocolate Biscuits | Rich & Crunchy,0.693443201655762
Mangat Ram Unpolished Kala Chana (500.0 GRAM),Britannia Gobbles Bar Cake Fruity Fun | Bakery Delight,0.6922010561233549
Kinder Creamy Milky And Cocoa | Extruded Rice,Kinder Joy Disney Princess | Single Pack,0.6901978238252451
Bambino Vermicelli Premium,Britannia Gobbles Bar Cake Fruity Fun | Bakery Delight,0.6869965369043824
Gits Mini Gulab Jamun Tin | Authentic Indian Sweet,Britannia Gobbles Bar Cake Fruity Fun | Bakery Delight,0.685288804035657
Kinder Creamy Milky And Cocoa | Extruded Rice,Britannia Gobbles Bar Cake Fruity Fun | Bakery Delight,0.6744515397118299
Catch Dry Ginger Powder,Britannia Gobbles Bar Cake Fruity Fun | Bakery Delight,0.6736849781327794
Fake Moustache Christmas Santa Claus Beard | Party Propz,Santa Design Christmas Goggles for Kids & Adults | Party Propz,0.6719680464778504
Sunfeast Dark Fantasy Vanilla Creme | Dark Crunchy Biscuit with Smooth Vanilla Creme,Britannia Gobbles Bar Cake Fruity Fun | Bakery Delight,0.6626489584891888
Haldiram's Boondi Plain,Britannia Gobbles Bar Cake Fruity Fun | Bakery Delight,0.6595260670418353
TMI COLMAN Green Cardamom | Elaichi ,Britannia Gobbles Bar Cake Fruity Fun | Bakery Delight,0.6563078201304406
Haldiram's Ready To Eat Dal Makhani | Savoury & Creamy,Britannia Gobbles Bar Cake Fruity Fun | Bakery Delight,0.6501931509987905
Haldiram's Ready To Eat Pav Bhaji | Convenient & Tasty,Britannia Gobbles Bar Cake Fruity Fun | Bakery Delight,0.6473330638243089
Mangat Ram Unpolished Kala Chana (500.0 GRAM),Kinder Creamy Milky And Cocoa | Extruded Rice,0.6446270242322156
Britannia Pure Magic Choco Stars | Chunky Choco Topped Cookie,Britannia Gobbles Bar Cake Fruity Fun | Bakery Delight,0.6426473890916479
MDH Hing Compounded,Britannia Gobbles Bar Cake Fruity Fun | Bakery Delight,0.6406595270838522
Cadbury Oreo Chocolate Flavour Creme Sandwich Biscuit,Cadbury Oreo Vanilla Flavour Creme Sandwich Biscuit Mega Family Pack,0.6367973388178797
Kinder Joy Disney Princess | Single Pack,Mangat Ram Unpolished Kala Chana (500.0 GRAM),0.6357074552208615
Cadbury Brownie | Rich & Fudgy,Britannia Gobbles Bar Cake Fruity Fun | Bakery Delight,0.6339859903433953
Parle-G Original Gluco Biscuits,Britannia Gobbles Bar Cake Fruity Fun | Bakery Delight,0.6323090503419473
MDH Kashmiri Mirch,Britannia Gobbles Bar Cake Fruity Fun | Bakery Delight,0.6296336837735323
Cadbury Gems Chocolate Mini Treats Pack | Fun & Enjoyable,Cadbury Oreo Chocolate Flavour Creme Sandwich Biscuit,0.6283395384172554
Cadbury Brownie | Rich & Fudgy,Parle Hide & Seek Chocolate Biscuits | Rich & Crunchy,0.6270348305294542
MDH Chunky Chat Masala,Britannia Gobbles Bar Cake Fruity Fun | Bakery Delight,0.6267838566333976
Cadbury Oreo Vanilla Flavour Creme Sandwich Biscuit Mega Family Pack,Cadbury Oreo Chocolate Flavour Creme Sandwich Biscuit,0.6263726897492825
Farmley Dark Choco| Orange Date Bites- No Added Sugar,Britannia Gobbles Bar Cake Fruity Fun | Bakery Delight,0.6242683842125548
Parle Hide & Seek Chocolate Biscuits | Rich & Crunchy,Britannia Gobbles Bar Cake Fruity Fun | Bakery Delight,0.6234345876591596
Cadbury Brownie,Catch Super Garam Masala,0.6226088512372907
MDH Kashmiri Mirch,Britannia Pure Magic Choco Stars | Chunky Choco Topped Cookie,0.6220155091878805
Continental Xtra Instant Strong Coffee - Pouch,Britannia Gobbles Bar Cake Fruity Fun | Bakery Delight,0.6206389168624817
Mangat Ram Unpolished Kala Chana (500.0 GRAM),Kinder Joy Disney Princess | Single Pack,0.6200669388355585
Kinder Joy Disney Princess | Single Pack,Kinder Joy | Single Pack | Assorted,0.6184771114423677
Kinder Joy Disney Princess | Single Pack,Kinder Schoko-Bons Crispy | Chocolate | Milky & Cocoa Filling,0.6181035024838081
Cadbury Brownie,Tata Tea Premium Desh Ki Chai Black Tea,0.617129171543932
Cadbury Brownie | Rich & Fudgy,Vikram Mills Sooji,0.6161158985569875
MAGGI Pazzta Instant Pasta - Mushroom Penne,Britannia Gobbles Bar Cake Fruity Fun | Bakery Delight,0.6161087057904929
Mangat Ram Safed Chana - Medium Size,Kinder Joy | Single Pack | Assorted,0.6152059191900054
Kinder Creamy Milky And Cocoa | Extruded Rice,Mangat Ram Unpolished Kala Chana (500.0 GRAM),0.6143947197279078
Cadbury Brownie | Rich & Fudgy,MDH Deggi Mirch Powder,0.613412079288107
Sunfeast Dark Fantasy Vanilla Creme | Dark Crunchy Biscuit with Smooth Vanilla Creme,Parle Hide & Seek Chocolate Biscuits | Rich & Crunchy,0.6121714306899493
Cadbury Gems Chocolate Mini Treats Pack | Fun & Enjoyable,Cadbury Oreo Vanilla Flavour Creme Sandwich Biscuit Mega Family Pack,0.6119653117309257
Mangat Ram Safed Chana - Medium Size,Britannia Gobbles Bar Cake Fruity Fun | Bakery Delight,0.6116441499514313
Rajdhani Masoor Malka Dal (500.0 GRAM),Cadbury Oreo Vanilla Flavour Creme Sandwich Biscuit Mega Family Pack,0.6112332958078027
Tata Sampann Kashmiri Red Chilli Powder with Natural Oils Kashmiri Lal Mirch Powder,Britannia Gobbles Bar Cake Fruity Fun | Bakery Delight,0.6109716440141566
MDH Pav Bhaji Masala,Britannia Gobbles Bar Cake Fruity Fun | Bakery Delight,0.6109716440141566
Pringles Potato Chips | Sour Cream & Onion,Britannia Gobbles Bar Cake Fruity Fun | Bakery Delight,0.6106516239474533
Mangat Ram Unpolished Masoor Sabut,Catch Jeera Whole,0.6106028893907682
Britannia Little Hearts Classic Crunch Biscuits,Britannia Gobbles Bar Cake Fruity Fun | Bakery Delight,0.6094897147631558
Cadbury Brownie | Rich & Fudgy,Catch Ajwain Seeds,0.6081425063055887
Winkies Cake Chocolate Cake Slice | Bakery Delight,Kinder Joy | Single Pack | Assorted,0.6077783111570638
Cadbury Oreo Chocolate Flavour Creme Sandwich Biscuit,Catch Jeera Whole,0.6058663864810437
MDH Deggi Mirch Powder,Britannia Gobbles Bar Cake Fruity Fun | Bakery Delight,0.6049925576138477
Daily Good Tamarind / Imli,Kinder Schoko-Bons Crispy | Chocolate | Milky & Cocoa Filling,0.604258203359642
Haldiram's Ready To Eat Dal Makhani | Savoury & Creamy,Parle Hide & Seek Chocolate Biscuits | Rich & Crunchy,0.6041977691977691
Cadbury Gems Surprise Ball Chocolate | Colourful & Fun,Cadbury Oreo Vanilla Flavour Creme Sandwich Biscuit Mega Family Pack,0.6039462390438042
Catch Sambhar Masala,Catch Jeera Whole,0.6039332542418963
Rajdhani Masoor Malka Dal (500.0 GRAM),Cadbury Oreo Chocolate Flavour Creme Sandwich Biscuit,0.6033652438281031
Rajdhani Raw Peanuts Premium Quality Groundnuts,Catch Jeera Whole,0.6026223288277797
Himalaya Koflet Lozenges | Relief from  Cough & Sore Throat,Catch Jeera Whole,0.6024978629423074
MDH Chicken Masala,Britannia Gobbles Bar Cake Fruity Fun | Bakery Delight,0.6024335086345156
Cadbury Brownie | Rich & Fudgy,Britannia Pure Magic Choco Stars | Chunky Choco Topped Cookie,0.6013424619616948
Tata Sampann Kashmiri Red Chilli Powder with Natural Oils Kashmiri Lal Mirch Powder,Britannia Pure Magic Choco Stars | Chunky Choco Topped Cookie,0.5996433852380474
Cadbury Oreo Vanilla Flavour Creme Sandwich Biscuit Mega Family Pack,Kinder Schoko-Bons Crispy | Chocolate | Milky & Cocoa Filling,0.5992003832285018
Britannia Gobbles Fruit Cake | Bakery Delight,Britannia Gobbles Bar Cake Fruity Fun | Bakery Delight,0.5988621127620439
Cadbury Gems Surprise Ball Chocolate | Colourful & Fun,Catch Jeera Whole,0.5979735130814268
Cadbury Oreo Vanilla Flavour Creme Sandwich Biscuit Mega Family Pack,Catch Jeera Whole,0.5971694146890089
Tata Sampann Kashmiri Red Chilli Powder with Natural Oils Kashmiri Lal Mirch Powder,Annkoot Moong Special Papad,0.5970165982627043
Bambino Vermicelli Premium,MDH Chunky Chat Masala,0.5965375363532162
Parle-G Original Gluco Biscuits,Parle Hide & Seek Chocolate Biscuits | Rich & Crunchy,0.5959039381261604
Orbit Sugar Free Spearmint Flavour Chewing Gum Tube,Catch Jeera Whole,0.5947017724795503
Winkies Swiss Roll Chocolate | Soft & Tasty,Catch Jeera Whole,0.5935853110794009
Colgate ZigZag Medium Bristle Toothbrush,Durex Extra Time Condom | Personal Care Product,0.5928560149731676
Cadbury Brownie,Sunfeast Dark Fantasy Vanilla Creme | Dark Crunchy Biscuit with Smooth Vanilla Creme,0.5923592387619633
Continental Xtra Instant Strong Coffee - Pouch,Winkies Cake Chocolate Cake Slice | Bakery Delight,0.592298802471541
Annkoot Moong Special Papad,Britannia Gobbles Bar Cake Fruity Fun | Bakery Delight,0.5910846827261733
Britannia Treat Croissant | with Vanilla Creme Filling 100% Veg,Parle Hide & Seek Chocolate Biscuits | Rich & Crunchy,0.5910281208526822
Durex Mutual Climax Condom | Long Lasting Dotted Condoms,Durex Extra Time Condom | Personal Care Product,0.5906005844814219
Parle Elaichi Rusk,"Maggi Nutri-licious Masala Veg Atta Noodles, Instant Noodles",0.590441436528005
Haldiram's Boondi Plain,Kinder Joy | Single Pack | Assorted,0.5902403066489754
Catch Dhania Powder,Catch Jeera Whole,0.590152484322888
Christmas Non-woven Deer Snowman Santa Claus Headband | Party Propz,Durex Extra Time Condom | Personal Care Product,0.5898795862094703
"ACT II Instant Popcorn | Classic Salted, Combo Pack of 3, Hot & Fresh in 3 Mins",Catch Jeera Whole,0.5897976896938475
Cadbury Brownie,Catch Ajwain Seeds,0.5895874336494304
Cadbury Gems Surprise Ball Chocolate | Colourful & Fun,Cadbury Oreo Chocolate Flavour Creme Sandwich Biscuit,0.5893607572570785
Catch Chicken Masala,Catch Jeera Whole,0.5892357635413191
Catch Dry Ginger Powder,Britannia Pure Magic Choco Stars | Chunky Choco Topped Cookie,0.5891506648795852
Bambino Vermicelli Premium,Britannia Pure Magic Choco Stars | Chunky Choco Topped Cookie,0.5889409280818354
Cadbury Oreo Chocolate Flavour Creme Sandwich Biscuit,Kinder Schoko-Bons Crispy | Chocolate | Milky & Cocoa Filling,0.588586503074416
Cadbury Brownie,Catch Turmeric Powder/Haldi,0.5880365592392225
Mangat Ram Unpolished Moong Chilka (500.0 GRAM),Kinder Schoko-Bons Crispy | Chocolate | Milky & Cocoa Filling,0.5871983273596176
Daadi'S Kaju Katli,Britannia Gobbles Bar Cake Fruity Fun | Bakery Delight,0.5867858850336191
Fake Moustache Christmas Santa Claus Beard | Party Propz,Durex Extra Time Condom | Personal Care Product,0.5865351236370566
Parle Elaichi Rusk,Catch Jeera Whole,0.5857618111939099
Catch Compounded Hing,Catch Jeera Whole,0.5856322465375963
Cadbury Brownie,Catch Jeera Whole,0.5855759140783297
Catch Ajwain Seeds,Catch Jeera Whole,0.5852273569866161
MDH Kashmiri Mirch,MDH Chunky Chat Masala,0.5850989124677364
MDH Garam Masala,Britannia Gobbles Bar Cake Fruity Fun | Bakery Delight,0.5850608897811931
Rajdhani Rajma Chitra,Catch Jeera Whole,0.5846680444440996
Vikram Mills Sooji,Britannia Gobbles Bar Cake Fruity Fun | Bakery Delight,0.5845450224066496
Electral Ors Pouch,"Maggi Nutri-licious Masala Veg Atta Noodles, Instant Noodles",0.5844853549490279
Cadbury Brownie,Britannia Pure Magic Choco Stars | Chunky Choco Topped Cookie,0.5843175995401302
Catch Kashmiri Mirch Powder,Catch Jeera Whole,0.5840333635447899
Mangat Ram Unpolished Moong Chilka (500.0 GRAM),Catch Jeera Whole,0.5836239943647351
Superyou Chocolate Protein Wafer Bar,Britannia Gobbles Bar Cake Fruity Fun | Bakery Delight,0.5835679988995977
"ACT II Instant Popcorn | Classic Salted, Combo Pack of 3, Hot & Fresh in 3 Mins",Catch Compounded Hing,0.5823383638313833
MDH Kashmiri Mirch,Parle Hide & Seek Chocolate Biscuits | Rich & Crunchy,0.5819969728182289
Annkoot Moong Special Papad,Parle Hide & Seek Chocolate Biscuits | Rich & Crunchy,0.5810063396730064
Catch Garlic Paste,Catch Jeera Whole,0.5808964349619948
Cadbury Gems Chocolate Mini Treats Pack | Fun & Enjoyable,Catch Jeera Whole,0.5806668944393495
Cadbury Oreo Vanilla Flavour Creme Sandwich Biscuit Mega Family Pack,"Maggi Nutri-licious Masala Veg Atta Noodles, Instant Noodles",0.5804254053250038
Cadbury Brownie | Rich & Fudgy,Sunfeast Dark Fantasy Vanilla Creme | Dark Crunchy Biscuit with Smooth Vanilla Creme,0.5804165121740206
Cadbury Brownie,Vikram Mills Sooji,0.5802914539578122
Britannia Milk Bikis Biscuits,Britannia Gobbles Bar Cake Fruity Fun | Bakery Delight,0.5797585091649531
Kinder Joy | Single Pack | Assorted,Sunfeast Dark Fantasy Vanilla Creme | Dark Crunchy Biscuit with Smooth Vanilla Creme,0.5792924908480965
Rajdhani Raw Peanuts Premium Quality Groundnuts,"Maggi Nutri-licious Masala Veg Atta Noodles, Instant Noodles",0.5787276288943335
Gits Mini Gulab Jamun Tin | Authentic Indian Sweet,Parle Hide & Seek Chocolate Biscuits | Rich & Crunchy,0.5785142781670559
Badshah Pav Bhaji Masala,Brooke Bond Red Label Tea,0.5784022267290625
DeHaat HF Pesticide Free Saunf | Fennel,Cadbury Oreo Chocolate Flavour Creme Sandwich Biscuit,0.5783435729710756
Kinder Creamy Milky And Cocoa | Extruded Rice,Kinder Schoko-Bons Crispy | Chocolate | Milky & Cocoa Filling,0.5782728122145668
Fortune Unpolished Kala Chana Whole,Catch Jeera Whole,0.5782074532794166
Kinder Schoko-Bons Crispy | Chocolate | Milky & Cocoa Filling,Catch Jeera Whole,0.5765209255452186
Cadbury Brownie | Rich & Fudgy,Catch Turmeric Powder/Haldi,0.5761809834481092
Britannia Gobbles Bar Cake Fruity Fun | Bakery Delight,Parle Hide & Seek Chocolate Biscuits | Rich & Crunchy,0.5756371678828879
Parle-G Original Gluco Biscuits,Sunfeast Dark Fantasy Vanilla Creme | Dark Crunchy Biscuit with Smooth Vanilla Creme,0.5741328006462108
Cadbury Brownie | Rich & Fudgy,Catch Super Garam Masala,0.5741199591363219
Britannia The Original Bourbon | Creme Biscuit with Chocolate | Chocolatey Indulgence in every layer,Britannia Gobbles Bar Cake Fruity Fun | Bakery Delight,0.5740181531545019
Britannia Gobbles Bar Cake Fruity Fun | Bakery Delight,Britannia Pure Magic Choco Stars | Chunky Choco Topped Cookie,0.5736687942468834
MDH Hing Compounded,Britannia Pure Magic Choco Stars | Chunky Choco Topped Cookie,0.5733730451262671
Britannia Good Day Pista Badam Cookies | Trans Fat-free,Catch Jeera Whole,0.5732297815056435
"Pitambari Shining Powder for Copper, Brass, Aluminium, Iron, Silver & Steel",Durex Extra Time Condom | Personal Care Product,0.57296413552341
Electral Ors Pouch,Catch Jeera Whole,0.5724402088038452
Sunfeast Dark Fantasy Creme | Made With Real Chocolate,Catch Jeera Whole,0.5724402088038452
Badshah Pav Bhaji Masala,Catch Jeera Whole,0.5721472934923227
Cadbury Oreo Chocolate Flavour Creme Sandwich Biscuit,"Maggi Nutri-licious Masala Veg Atta Noodles, Instant Noodles",0.5719670486516595
MDH Kashmiri Mirch,MDH Deggi Mirch Powder,0.5711041045511066
Rajdhani Masoor Malka Dal (500.0 GRAM),Catch Jeera Whole,0.570766407023717
Haldiram's Boondi Plain,Winkies Cake Chocolate Cake Slice | Bakery Delight,0.5705636764017178
Tata Tea Premium Desh Ki Chai Black Tea,Catch Jeera Whole,0.5702561999750755
Mangat Ram Unpolished Kala Chana (500.0 GRAM),Parle Hide & Seek Chocolate Biscuits | Rich & Crunchy,0.5696140585029474
Kinder Joy | Single Pack | Assorted,Britannia Pure Magic Choco Stars | Chunky Choco Topped Cookie,0.5695341055606202
Britannia 5050 Potazos Masti Masala Spicy Flavoured Crisps | Potato and Biscuit ka tasty combination,Britannia Gobbles Bar Cake Fruity Fun | Bakery Delight,0.5692179661397714
Santa Design Christmas Goggles for Kids & Adults | Party Propz,Durex Extra Time Condom | Personal Care Product,0.568786060765257
Badshah Kashmiri Chilli Powder,Cadbury Oreo Chocolate Flavour Creme Sandwich Biscuit,0.5681866088135242
Sunfeast Dark Fantasy Vanilla Creme | Dark Crunchy Biscuit with Smooth Vanilla Creme,Britannia Pure Magic Choco Stars | Chunky Choco Topped Cookie,0.5680685005540309
Gits Mini Gulab Jamun Tin | Authentic Indian Sweet,Britannia The Original Bourbon | Creme Biscuit with Chocolate | Chocolatey Indulgence in every layer,0.5677686489306207
Catch Meat Masala,Cadbury Oreo Chocolate Flavour Creme Sandwich Biscuit,0.5677617963957196
Cadbury Choco Bakes Choc Chip Cookies | Chocolatey & Crunchy,Cadbury Oreo Vanilla Flavour Creme Sandwich Biscuit Mega Family Pack,0.5666231238153783
Britannia Treat Croissant | with Vanilla Creme Filling 100% Veg,Maggi Masala-ae-Magic Sabzi Masala,0.5664764076985106
NIVEA Nourishing Body Lotion Body Milk|48 H Moisturization|2X Almond Oil|For Very Dry Skin,Durex Extra Time Condom | Personal Care Product,0.5663806909174102
Badshah Kashmiri Chilli Powder,Catch Jeera Whole,0.5653337837151281
Bebe Solid Jaggery,"Maggi Nutri-licious Masala Veg Atta Noodles, Instant Noodles",0.5643925496223579
Catch Dry Ginger Powder,Parle Hide & Seek Chocolate Biscuits | Rich & Crunchy,0.5641370002481114
Catch Sambhar Masala,Cadbury Oreo Vanilla Flavour Creme Sandwich Biscuit Mega Family Pack,0.5639658003631417
UNIBIC Choco Chip Cookies,Britannia Gobbles Bar Cake Fruity Fun | Bakery Delight,0.5635249061082658
Rajdhani Rajma Chitra,"Maggi Nutri-licious Masala Veg Atta Noodles, Instant Noodles",0.563382902843069
Uttam Double Refined Sulphurfree Bura Sugar,"Maggi Nutri-licious Masala Veg Atta Noodles, Instant Noodles",0.5632191763383196
Cadbury Oreo Chocolate Flavour Creme Sandwich Biscuit Family Pack,Catch Jeera Whole,0.563132237928986
Cadbury Oreo Vanilla Flavour Creme Sandwich Biscuit Family Pack,Tata Tea Agni Tea,0.5631178415492142
Himalaya Koflet Lozenges | Relief from  Cough & Sore Throat,"Maggi Nutri-licious Masala Veg Atta Noodles, Instant Noodles",0.5626559571619812
Pulse Kachcha Aam Candies | Tangy & Sweet,Catch Jeera Whole,0.5624102735213846
MDH Chunky Chat Masala,Britannia Pure Magic Choco Stars | Chunky Choco Topped Cookie,0.5622960483597612
Bevzilla Assorted Instant Coffee Powder Sachets,Catch Jeera Whole,0.5620776831763099
Britannia Treat Orange Creme Sandwich Biscuits | Trans Fat-free,Catch Jeera Whole,0.5620776831763099
Bambino Vermicelli Premium,MDH Deggi Mirch Powder,0.5619574174883092
Britannia Treat Orange Creme Sandwich Biscuits | Trans Fat-free,"Maggi Nutri-licious Masala Veg Atta Noodles, Instant Noodles",0.5619535152678964
Bambino Vermicelli Premium,Sunfeast Dark Fantasy Vanilla Creme | Dark Crunchy Biscuit with Smooth Vanilla Creme,0.5616236178828049
Cadbury Oreo Vanilla Flavour Creme Sandwich Biscuit Family Pack,Catch Jeera Whole,0.5616102589075562
"Disano Elbow Pasta, 100% Durum Wheat, No Maida",Catch Jeera Whole,0.5616102589075562
Parle Hide & Seek Chocolate Biscuits | Rich & Crunchy,Sunfeast Dark Fantasy Vanilla Creme | Dark Crunchy Biscuit with Smooth Vanilla Creme,0.5613404272727389
Britannia Gobbles Bar Cake Fruity Fun | Bakery Delight,Sunfeast Dark Fantasy Vanilla Creme | Dark Crunchy Biscuit with Smooth Vanilla Creme,0.5610411521204698
DeHaat HF Pesticide Free Saunf | Fennel,Rajdhani Masoor Malka Dal (500.0 GRAM),0.5608997912677466
Parle Hide & Seek Chocolate | Soft & Chocolatey,Catch Jeera Whole,0.5608357766750202
Mangat Ram Unpolished Kala Chana (500.0 GRAM),Kinder Joy | Single Pack | Assorted,0.560771829502047
Tata Sampann Kashmiri Red Chilli Powder with Natural Oils Kashmiri Lal Mirch Powder,Catch Turmeric Powder/Haldi,0.5605582153495392
DeHaat HF Pesticide Free Saunf | Fennel,"Maggi Nutri-licious Masala Veg Atta Noodles, Instant Noodles",0.5601663290329459
Vikram Mills Roasted Dalia,Catch Jeera Whole,0.5601621311888542
Britannia Tiger Krunch Biscuits Loaded With Choco Chips,"Maggi Nutri-licious Masala Veg Atta Noodles, Instant Noodles",0.560126354271722
Catch Super Garam Masala,Catch Jeera Whole,0.5599221121282314
Cadbury Oreo Chocolate Flavour Creme Sandwich Biscuit,Rajdhani Masoor Malka Dal (500.0 GRAM),0.5598510424639577
Britannia The Original Bourbon | Creme Biscuit with Chocolate | Chocolatey Indulgence in every layer,Parle Hide & Seek Chocolate Biscuits | Rich & Crunchy,0.5595856419800082
Cadbury Gems Surprise Ball Chocolate | Colourful & Fun,Cadbury Gems Chocolate Mini Treats Pack | Fun & Enjoyable,0.5594985355694154
Haldiram's Ready To Eat Pav Bhaji | Convenient & Tasty,Britannia Pure Magic Choco Stars | Chunky Choco Topped Cookie,0.5593883367085533
Cadbury Oreo Strawberry Flavour Creme Sandwich Biscuit,"Maggi Nutri-licious Masala Veg Atta Noodles, Instant Noodles",0.5591827722412283
MOM Roasted Masala Cashews | Crunchy Snack Nuts,Britannia Gobbles Bar Cake Fruity Fun | Bakery Delight,0.5591341593355692
MDH Pav Bhaji Masala,Britannia Pure Magic Choco Stars | Chunky Choco Topped Cookie,0.5591269402895307
Britannia Little Hearts Classic Crunch Biscuits,Sunfeast Dark Fantasy Vanilla Creme | Dark Crunchy Biscuit with Smooth Vanilla Creme,0.5586621563174206
Tops Hakka Noodle Plain,Catch Jeera Whole,0.558519916742139
MDH Chunky Chat Masala,Parle Hide & Seek Chocolate Biscuits | Rich & Crunchy,0.5583345721959584
MDH Chana Masala,Britannia Gobbles Bar Cake Fruity Fun | Bakery Delight,0.5582466447969414
Kinder Joy | Single Pack | Assorted,Winkies Cake Chocolate Cake Slice | Bakery Delight,0.5579777129516799
Cadbury Oreo Vanilla Flavour Creme Sandwich Biscuit Mega Family Pack,Rajdhani Masoor Malka Dal (500.0 GRAM),0.5578671380520402
Daily Good Tamarind / Imli,Catch Jeera Whole,0.5576245573584229
Rajdhani White Lobia | Whole (500.0 GRAM),Catch Jeera Whole,0.5576245573584229
Haldiram's Ready To Eat Dal Makhani | Savoury & Creamy,Britannia Pure Magic Choco Stars | Chunky Choco Topped Cookie,0.5573905212203085
Vikram Mills Rawa,Catch Jeera Whole,0.5573067320193758
Sunfeast Dark Fantasy Vanilla Creme | Dark Crunchy Biscuit with Smooth Vanilla Creme,Britannia The Original Bourbon | Creme Biscuit with Chocolate | Chocolatey Indulgence in every layer,0.5568918548898044
Dabur OTC Honitus Hot Sip Ayurvedic Kaadha,Catch Jeera Whole,0.5567420848744726
Tata Sampann Kashmiri Red Chilli Powder with Natural Oils Kashmiri Lal Mirch Powder,MDH Deggi Mirch Powder,0.55670547900711
Parle-G Original Gluco Biscuits,Kinder Joy | Single Pack | Assorted,0.5566457491511958
Electral Orange Flavour Powder 21.80Gm,Catch Jeera Whole,0.5565570592563688
Mangat Ram Unpolished Kala Chana (500.0 GRAM),Britannia Pure Magic Choco Stars | Chunky Choco Topped Cookie,0.5562219876328445
Aashirvaad Turmeric/Haldi Powder,Catch Jeera Whole,0.555832375585462
Parle-G Original Gluco Biscuits,Britannia Pure Magic Choco Stars | Chunky Choco Topped Cookie,0.5558025140373447
Catch Chicken Masala,"Maggi Nutri-licious Masala Veg Atta Noodles, Instant Noodles",0.5555739160345086
Catch Coriander Powder,Catch Red Chilli Powder,0.5555265965554032
Badshah Pav Bhaji Masala,"Maggi Nutri-licious Masala Veg Atta Noodles, Instant Noodles",0.5552525893045868
Parle-G Original Gluco Biscuits,Britannia The Original Bourbon | Creme Biscuit with Chocolate | Chocolatey Indulgence in every layer,0.5545969708724012
Tata Sampann Kashmiri Red Chilli Powder with Natural Oils Kashmiri Lal Mirch Powder,MDH Chunky Chat Masala,0.5545955010869726
ENO - Lemon Fruit Salt Sixer Pack,"Maggi Nutri-licious Masala Veg Atta Noodles, Instant Noodles",0.5545892050879744
Britannia Pure Magic Choco Stars | Chunky Choco Topped Cookie,Parle Hide & Seek Chocolate Biscuits | Rich & Crunchy,0.5544647484363796
Catch Sprinklers Black Salt,Catch Jeera Whole,0.5541221221221222
Eastern Chicken Masala,Britannia Gobbles Bar Cake Fruity Fun | Bakery Delight,0.5535813787187194
Annkoot Moong Special Papad,Sunfeast Dark Fantasy Vanilla Creme | Dark Crunchy Biscuit with Smooth Vanilla Creme,0.5534327745004629
MDH Deggi Mirch Powder,Parle Hide & Seek Chocolate Biscuits | Rich & Crunchy,0.552860703841096
Winkies Swiss Roll Chocolate | Soft & Tasty,"Maggi Nutri-licious Masala Veg Atta Noodles, Instant Noodles",0.5528460571996417
Vikram Mills Rawa,Tata Tea Agni Tea,0.5526620726079821
Tata Sampann Turmeric Powder With Natural Oils,Catch Jeera Whole,0.5524223610113181
MDH Garam Masala,Britannia Pure Magic Choco Stars | Chunky Choco Topped Cookie,0.5522623706358329
Brooke Bond Red Label Tea,Catch Jeera Whole,0.5519454358960532
Britannia Gobbles Fruit Cake | Bakery Delight,Catch Jeera Whole,0.5518942919527715
TMI COLMAN Ajwain/Bishop Seeds,Catch Jeera Whole,0.5517112829027153
MDH Haldi Powder,Britannia Gobbles Bar Cake Fruity Fun | Bakery Delight,0.5516790372110949
MDH Hing Compounded,Parle Hide & Seek Chocolate Biscuits | Rich & Crunchy,0.5512394114544653
Catch Ajwain Seeds,Tata Tea Premium Desh Ki Chai Black Tea,0.551222172641182
Britannia Milk Bikis Biscuits,Britannia 5050 Maska Chaska Biscuit,0.5510129261367527
Gits Mini Gulab Jamun Tin | Authentic Indian Sweet,Britannia Pure Magic Choco Stars | Chunky Choco Topped Cookie,0.5509392420395178
Gits Mini Gulab Jamun Tin | Authentic Indian Sweet,Sunfeast Dark Fantasy Vanilla Creme | Dark Crunchy Biscuit with Smooth Vanilla Creme,0.5507089797865128
Rajdhani Moong Chilka Dal (500.0 GRAM),Catch Jeera Whole,0.5501114573102053
Catch Chicken Masala,Cadbury Gems Chocolate Mini Treats Pack | Fun & Enjoyable,0.5501066154727583
Annkoot Moong Special Papad,Britannia Pure Magic Choco Stars | Chunky Choco Topped Cookie,0.5499586476040377
Himalaya Koflet Lozenges | Relief from  Cough & Sore Throat,Tata Tea Agni Tea,0.5495040036216507
Tata Tea Agni Tea,Catch Jeera Whole,0.5494303572734944
Cadbury Choco Bakes Choc Chip Cookies | Chocolatey & Crunchy,Cadbury Oreo Chocolate Flavour Creme Sandwich Biscuit,0.5493081505206878
Mortein Rat Kill Cake | Instantly Kills Rats Outdoors,Durex Extra Time Condom | Personal Care Product,0.5491328838688965
Kinder Creamy Milky And Cocoa | Extruded Rice,Kinder Joy | Single Pack | Assorted,0.5490039361209409
Mother's Recipe Tamarind Paste,Catch Jeera Whole,0.5488231400799707
Hicks N95 Mask White,Durex Extra Time Condom | Personal Care Product,0.5487670391761125
Bebe Solid Jaggery,Rajdhani Masoor Malka Dal (500.0 GRAM),0.5487591031450682
Dabur OTC Honitus Hot Sip Ayurvedic Kaadha,"Maggi Nutri-licious Masala Veg Atta Noodles, Instant Noodles",0.5486893199274641
Pulse Kachcha Aam Candies | Tangy & Sweet,Tata Tea Agni Tea,0.5486233882312315
Parle Hide & Seek Chocolate Biscuits | Rich & Crunchy,Catch Jeera Whole,0.5486100214328443
Badshah Chat Masala,Catch Coriander Powder,0.548588210382891
Parle Hide & Seek Chocolate | Soft & Chocolatey,Cadbury Oreo Vanilla Flavour Creme Sandwich Biscuit Mega Family Pack,0.5484611226099116
Haldiram's Boondi Plain,Sunfeast Dark Fantasy Vanilla Creme | Dark Crunchy Biscuit with Smooth Vanilla Creme,0.5478209501332443
Catch Masala Amchur Powder,Catch Turmeric Powder/Haldi,0.5477276015494372
Cadbury Choclairs Gold Candy | Toffee Candy,Tata Tea Agni Tea,0.5477185357199749
Badshah Chat Masala,Catch Red Chilli Powder,0.5475782110010298
Sunfeast Mom's Magic Rich Butter Cookies,Rajdhani Masoor Malka Dal (500.0 GRAM),0.5475556840592236
Britannia Little Hearts Classic Crunch Biscuits,Parle Hide & Seek Chocolate Biscuits | Rich & Crunchy,0.5474434514354674
Ezee Medium Garbage Bags 19x 21 Inch,Durex Extra Time Condom | Personal Care Product,0.5466196898923797
Cadbury Gems Surprise Ball Chocolate | Colourful & Fun,Catch Compounded Hing,0.546526878758871
Kinder Joy Disney Princess | Single Pack,Winkies Cake Chocolate Cake Slice | Bakery Delight,0.5464689265536724
Electral Ors Pouch,Tata Tea Agni Tea,0.5463818217828913
Badshah Kashmiri Chilli Powder,Cadbury Oreo Vanilla Flavour Creme Sandwich Biscuit Mega Family Pack,0.5463638715128564
Cadbury Choco Bakes Choc Chip Cookies | Chocolatey & Crunchy,Catch Jeera Whole,0.5461777189375755
Rajdhani Masoor Malka Dal (500.0 GRAM),"Maggi Nutri-licious Masala Veg Atta Noodles, Instant Noodles",0.5459049026159574
Catch Sabzi Masala,Catch Jeera Whole,0.5458890414962766
Happy Kitchen Stainless Steel Sharp Vegetable Knife Long Lasting Sharpness Ergonomic Easy To Clean,Durex Extra Time Condom | Personal Care Product,0.5456447439532138
Bongchie Perfect Roll White Pack of 3 (1.0 PIECE),Durex Extra Time Condom | Personal Care Product,0.5456447439532138
Catch Jeera Powder Pouch,Catch Jeera Whole,0.5453556573497707
Gits Mini Gulab Jamun Tin | Authentic Indian Sweet,Kinder Joy | Single Pack | Assorted,0.545152505446623
Britannia Gobbles Fruit Cake | Bakery Delight,"Maggi Nutri-licious Masala Veg Atta Noodles, Instant Noodles",0.5449701339470945
Catch Garlic Paste,"Maggi Nutri-licious Masala Veg Atta Noodles, Instant Noodles",0.5449307375664145
DeHaat HF Pesticide Free Saunf | Fennel,Catch Jeera Whole,0.5448595104445646
Cadbury Oreo Chocolate Flavour Creme Sandwich Biscuit,Catch Compounded Hing,0.544828373039563
Durex Air Condom Ultra Thin Condoms | Lightweight & Comfortable,Durex Extra Time Condom | Personal Care Product,0.5447446629727273
Catch Chicken Masala,Tata Tea Agni Tea,0.5446743785898198
Sunfeast Mom's Magic Rich Butter Cookies,Cadbury Oreo Vanilla Flavour Creme Sandwich Biscuit Mega Family Pack,0.5442886967431384
Britannia Treat Croissant | with Vanilla Creme Filling 100% Veg,Catch Jeera Whole,0.543937755633662
Winkies Cake Chocolate Cake Slice | Bakery Delight,Britannia Pure Magic Choco Stars | Chunky Choco Topped Cookie,0.5437444255972124
Parle Hide & Seek Chocolate Biscuits | Rich & Crunchy,Britannia The Original Bourbon | Creme Biscuit with Chocolate | Chocolatey Indulgence in every layer,0.5436549225281619
Vikram Mills Sooji,Catch Jeera Whole,0.5436422711127203
Parle Rusk Elachi,"Maggi Nutri-licious Masala Veg Atta Noodles, Instant Noodles",0.5436289441178562
Bebe Solid Jaggery,Catch Jeera Whole,0.5436162794187486
Parle Hide & Seek Chocolate | Soft & Chocolatey,Cadbury Oreo Chocolate Flavour Creme Sandwich Biscuit,0.5434644467917442
Unifit Royal Dates | Naturally Sweet and Nutritious |Premium Quality,Catch Jeera Whole,0.543256982472669
Catch Dhania Powder,"Maggi Nutri-licious Masala Veg Atta Noodles, Instant Noodles",0.5431718570011653
Parle Elaichi Rusk,Tata Tea Agni Tea,0.5431440035797334
Pringles Potato Chips | Sour Cream & Onion,Britannia 5050 Maska Chaska Biscuit,0.5430209860776058
MDH Pav Bhaji Masala,Parle Hide & Seek Chocolate Biscuits | Rich & Crunchy,0.5429965791336507
Kinder Schoko-Bons Crispy | Chocolate | Milky & Cocoa Filling,Cadbury Oreo Vanilla Flavour Creme Sandwich Biscuit Mega Family Pack,0.5429116222415745
Cadbury Gems Chocolate Mini Treats Pack | Fun & Enjoyable,"Maggi Nutri-licious Masala Veg Atta Noodles, Instant Noodles",0.5428151283332487
Aashirvaad Turmeric/Haldi Powder,"Maggi Nutri-licious Masala Veg Atta Noodles, Instant Noodles",0.5426851438676517
Alpenliebe Cream Fills Butter Toffee | Creamy & Chewy,"Maggi Nutri-licious Masala Veg Atta Noodles, Instant Noodles",0.5426851438676517
"Colgate MaxFresh Toothpaste, Red Gel Paste with Menthol for Super Fresh Breath (Spicy Fresh)",Vicks Inhaler,0.5424444275595405
Catch Turmeric Powder/Haldi,Britannia Gobbles Bar Cake Fruity Fun | Bakery Delight,0.5423810759097843
Catch Compounded Hing,"Maggi Nutri-licious Masala Veg Atta Noodles, Instant Noodles",0.5420273436932667
Tata Sampann Kashmiri Red Chilli Powder with Natural Oils Kashmiri Lal Mirch Powder,Mangat Ram Unpolished Kala Chana (500.0 GRAM),0.5418366347303043
Tata Sampann Coriander Powder With Natural Oils Dhania Powder,Britannia Gobbles Bar Cake Fruity Fun | Bakery Delight,0.5418276258323254
Badshah Kitchen King Masala,Catch Jeera Whole,0.541580263390963
Kinder Joy | Single Pack | Assorted,Parle-G Original Gluco Biscuits,0.5414421292416935
Vicks Inhaler,Durex Extra Time Condom | Personal Care Product,0.5413787609901316
Fast&Up Nightout Instant Hangover Relief Drink |Fizzy Lemon Flavour,Catch Super Garam Masala,0.5412284817054873
Rajdhani Masoor Malka Dal (500.0 GRAM),Kinder Schoko-Bons Crispy | Chocolate | Milky & Cocoa Filling,0.5411007092450846
Catch Sprinkler Chat Masala,Britannia Gobbles Bar Cake Fruity Fun | Bakery Delight,0.5410698249570354
Pulse Kachcha Aam Candies | Tangy & Sweet,"Maggi Nutri-licious Masala Veg Atta Noodles, Instant Noodles",0.541015343424982
Bebe Solid Jaggery,Cadbury Oreo Chocolate Flavour Creme Sandwich Biscuit,0.5405889735282958
DeHaat HF Pesticide Free Saunf | Fennel,Bebe Solid Jaggery,0.5405492864686572
Catch Sprinklers Black Salt,Catch Coriander Powder,0.5405363511659808
Tops Hakka Noodle Plain,Tata Tea Agni Tea,0.5403456035612898
Winkies Swiss Roll Chocolate | Soft & Tasty,Catch Compounded Hing,0.5402881365975666
Mangat Ram Unpolished Masoor Sabut,Cadbury Oreo Chocolate Flavour Creme Sandwich Biscuit,0.5401059813696822
Bambino Vermicelli Premium,Parle Hide & Seek Chocolate Biscuits | Rich & Crunchy,0.5400586120711908
Vikram Mills Rawa,Catch Red Chilli Powder,0.5399491171521824
TMI COLMAN Jeera Sabut/Cumin Whole,Catch Jeera Whole,0.5398240789499347
"Disano Elbow Pasta, 100% Durum Wheat, No Maida",Cadbury Gems Chocolate Mini Treats Pack | Fun & Enjoyable,0.5396770023516531
MDH Chunky Chat Masala,Britannia The Original Bourbon | Creme Biscuit with Chocolate | Chocolatey Indulgence in every layer,0.5396612900726693
Catch Meat Masala,Catch Jeera Whole,0.5394491064272997
Daily Good Tamarind / Imli,Kinder Creamy Milky And Cocoa | Extruded Rice,0.5393531498339225
MDH Deggi Mirch Powder,Britannia Pure Magic Choco Stars | Chunky Choco Topped Cookie,0.539175144709841
Orbit Sugar-Free Mixed Fruit Chewing Gum Tube,Brooke Bond Red Label Tea,0.5390933375338833
Catch Turmeric Powder/Haldi,Catch Jeera Whole,0.5390180859177945
Cadbury Gems Chocolate Mini Treats Pack | Fun & Enjoyable,Catch Super Garam Masala,0.5389907249376718
Pulse Kachcha Aam Candies | Tangy & Sweet,Catch Red Chilli Powder,0.5388561027449916
Britannia Pure Magic Choco Stars | Chunky Choco Topped Cookie,Sunfeast Dark Fantasy Vanilla Creme | Dark Crunchy Biscuit with Smooth Vanilla Creme,0.5387948395122114
MDH Garam Masala,Parle Hide & Seek Chocolate Biscuits | Rich & Crunchy,0.5387750808132974
Skittles Original Bite-Size Fruit Candy Tube,Catch Jeera Whole,0.5387298409520632
Haldiram's Boondi Plain,Pringles Potato Chips | Sour Cream & Onion,0.5386441838952425
Bevzilla Assorted Instant Coffee Powder Sachets,"Maggi Nutri-licious Masala Veg Atta Noodles, Instant Noodles",0.5385387854650673
Pulse Kachcha Aam Candies | Tangy & Sweet,Catch Compounded Hing,0.5384021922293526
Britannia 5050 Potazos Masti Masala Spicy Flavoured Crisps | Potato and Biscuit ka tasty combination,Parle Hide & Seek Chocolate Biscuits | Rich & Crunchy,0.5383346737874677
TMI COLMAN Green Cardamom | Elaichi ,Britannia Pure Magic Choco Stars | Chunky Choco Topped Cookie,0.5381701584196082
Mother's Recipe Tamarind Paste,"Maggi Nutri-licious Masala Veg Atta Noodles, Instant Noodles",0.5380589754281242
Britannia Treat Jim Jam Naughty Jam creme Biscuits | Trans Fat-free,Tata Tea Agni Tea,0.5378991816273578
Fast&Up Nightout Instant Hangover Relief Drink |Fizzy Lemon Flavour,Cadbury Gems Chocolate Mini Treats Pack | Fun & Enjoyable,0.5378877706820249
"Maggi Nutri-licious Masala Veg Atta Noodles, Instant Noodles",Catch Jeera Whole,0.5378025950984453
Kinder Joy Disney Princess | Single Pack,Sunfeast Dark Fantasy Vanilla Creme | Dark Crunchy Biscuit with Smooth Vanilla Creme,0.5377998351917825
Badshah Pav Bhaji Masala,Tata Tea Agni Tea,0.5377547403863193
Fast&Up Nightout Instant Hangover Relief Drink |Fizzy Lemon Flavour,Catch Compounded Hing,0.5376783943907499
Cadbury Choclairs Gold Candy | Toffee Candy,Nutraj Classic Green Cardamom (Elaichi) - Pouch,0.5374946967908145
Cadbury Gems Chocolate Mini Treats Pack | Fun & Enjoyable,Tata Tea Agni Tea,0.537439045458301
Mangat Ram Unpolished Kala Chana (500.0 GRAM),Catch Jeera Whole,0.5372777389548877
Maggi Masala-ae-Magic Sabzi Masala,"Maggi Nutri-licious Masala Veg Atta Noodles, Instant Noodles",0.5369260362184439
Cadbury Choclairs Gold Candy | Toffee Candy,Catch Super Garam Masala,0.5367655338714151
Parle Hide & Seek Chocolate | Soft & Chocolatey,Kinder Schoko-Bons Crispy | Chocolate | Milky & Cocoa Filling,0.5367612763886183
Gala Steel Scrubber Cleaner,Durex Extra Time Condom | Personal Care Product,0.5367464278417786
Nutrisum Whole Wheat Rusk - No Added Sugar- Elaichi,Catch Jeera Whole,0.5366116371213211
Tops Hakka Noodle Plain,Catch Compounded Hing,0.5365262264027697
Parle Hide & Seek Chocolate Biscuits | Rich & Crunchy,Britannia Pure Magic Choco Stars | Chunky Choco Topped Cookie,0.5360489922546661
Catch Coriander Powder,Catch Jeera Whole,0.5358794185131633
Tops Hakka Noodle Plain,"Maggi Nutri-licious Masala Veg Atta Noodles, Instant Noodles",0.5358628163447442
Marvel Premium Tea,"Maggi Nutri-licious Masala Veg Atta Noodles, Instant Noodles",0.5356827549145208
Parle-G Original Gluco Biscuits,Maggi Masala-ae-Magic Sabzi Masala,0.5356437174426593
Catch Coriander Powder,"Maggi Nutri-licious Masala Veg Atta Noodles, Instant Noodles",0.5354493419494163
Mangat Ram Unpolished Masoor Sabut,Cadbury Oreo Vanilla Flavour Creme Sandwich Biscuit Mega Family Pack,0.5354244909381336
Colgate ZigZag Medium Bristle Toothbrush,Durex Air Condom Ultra Thin Condoms | Lightweight & Comfortable,0.5353848142678858
Parle Hide & Seek Chocolate | Soft & Chocolatey,Catch Super Garam Masala,0.5353679149392995
Britannia Treat Jim Jam Naughty Jam creme Biscuits | Trans Fat-free,"Maggi Nutri-licious Masala Veg Atta Noodles, Instant Noodles",0.5352511008009716
Badshah Amchur Powder,Britannia Gobbles Bar Cake Fruity Fun | Bakery Delight,0.5350335490193809
Nutraj Classic Green Cardamom (Elaichi) - Pouch,Catch Jeera Whole,0.5348165491291669
Britannia Little Hearts Classic Crunch Biscuits,Britannia Pure Magic Choco Stars | Chunky Choco Topped Cookie,0.5347685506318595
Britannia Treat Croissant | with Vanilla Creme Filling 100% Veg,Tata Tea Premium Desh Ki Chai Black Tea,0.5346440621858082
MDH Pav Bhaji Masala,Parle-G Original Gluco Biscuits,0.5345747057065853
Catch Dry Ginger Powder,Gits Mini Gulab Jamun Tin | Authentic Indian Sweet,0.5342790440012661
Rajdhani Rajma Chitra,Tata Tea Agni Tea,0.5342400035210493
Catch Coriander Powder,Tata Tea Agni Tea,0.5342400035210493
Gits Mini Gulab Jamun Tin | Authentic Indian Sweet,Parle-G Original Gluco Biscuits,0.5341906721536351
Britannia The Original Bourbon | Creme Biscuit with Chocolate | Chocolatey Indulgence in every layer,Catch Jeera Whole,0.5338520053700022
Britannia Pure Magic Choco Stars | Chunky Choco Topped Cookie,Britannia The Original Bourbon | Creme Biscuit with Chocolate | Chocolatey Indulgence in every layer,0.5338290843035624
Catch Masala Amchur Powder,Catch Jeera Whole,0.5337645889617216
Continental Speciale Instant Coffee | Sachet,"Maggi Nutri-licious Masala Veg Atta Noodles, Instant Noodles",0.5336845122132614
Badshah Pav Bhaji Masala,Catch Compounded Hing,0.5334777819345721
Sunfeast Mom's Magic Rich Butter Cookies,Catch Jeera Whole,0.5333290405415162
Catch Turmeric Powder/Haldi,Catch Coriander Powder,0.5332778471355251
Fast&Up Nightout Instant Hangover Relief Drink |Fizzy Lemon Flavour,Catch Jeera Whole,0.5332758830571604
TMI COLMAN Green Cardamom | Elaichi ,Sunfeast Dark Fantasy Vanilla Creme | Dark Crunchy Biscuit with Smooth Vanilla Creme,0.533123314885767
Parle-G Original Gluco Biscuits,"Maggi Nutri-licious Masala Veg Atta Noodles, Instant Noodles",0.5330003013001674
Parle-G Original Gluco Biscuits,Catch Jeera Whole,0.5328097328097329
Pringles Potato Chips | Sour Cream & Onion,TMI COLMAN Green Cardamom | Elaichi ,0.5326656978024397
TMI COLMAN Green Cardamom | Elaichi ,Pringles Potato Chips | Sour Cream & Onion,0.5326656978024397
Hicks N95 Mask White,Vicks Inhaler,0.5326598287079917
Daily Good Tamarind / Imli,Tata Tea Agni Tea,0.5326404825524234
Badshah Chat Masala,Tata Tea Agni Tea,0.5324472518313813
Britannia Treat Jim Jam Naughty Jam creme Biscuits | Trans Fat-free,Catch Jeera Whole,0.532404245950669
Farmley Dark Choco| Orange Date Bites- No Added Sugar,Britannia Pure Magic Choco Stars | Chunky Choco Topped Cookie,0.5324003029199827
Tata Sampann Kashmiri Red Chilli Powder with Natural Oils Kashmiri Lal Mirch Powder,Catch Jeera Whole,0.5322564516749356
Tata Sampann Turmeric Powder With Natural Oils,"Maggi Nutri-licious Masala Veg Atta Noodles, Instant Noodles",0.5321643766613832
Mangat Ram Safed Chana - Medium Size,Mangat Ram Unpolished Kala Chana (500.0 GRAM),0.5321516320805355
ENO - Lemon Fruit Salt Sixer Pack,Catch Jeera Whole,0.5319912846794568
Himalaya Koflet Lozenges | Relief from  Cough & Sore Throat,Catch Compounded Hing,0.5316487152536535
Catch Masala Amchur Powder,Catch Coriander Powder,0.5316053807690606
MDH Kashmiri Mirch,MDH Hing Compounded,0.5315696923873123
Cadbury Gems Chocolate Mini Treats Pack | Fun & Enjoyable,Catch Compounded Hing,0.531561095292891
Britannia The Original Bourbon | Creme Biscuit with Chocolate | Chocolatey Indulgence in every layer,Britannia Pure Magic Choco Stars | Chunky Choco Topped Cookie,0.5312219521489324
Mangat Ram Safed Chana - Medium Size,Kinder Creamy Milky And Cocoa | Extruded Rice,0.5311590789918678
Catch Dry Ginger Powder,Vikram Mills Sooji,0.531035945929563
Pulse Kachcha Aam Candies | Tangy & Sweet,Cadbury Oreo Chocolate Flavour Creme Sandwich Biscuit,0.5310359459295629
Uttam Double Refined Sulphurfree Bura Sugar,Catch Super Garam Masala,0.5307800554177367
Cadbury Oreo Vanilla Flavour Creme Sandwich Biscuit Family Pack,Catch Super Garam Masala,0.5307800554177367
MDH Deggi Mirch Powder,Britannia The Original Bourbon | Creme Biscuit with Chocolate | Chocolatey Indulgence in every layer,0.5307353196886475
Continental Xtra Instant Strong Coffee - Pouch,Britannia Pure Magic Choco Stars | Chunky Choco Topped Cookie,0.5306955728860026
Catch Sambhar Masala,Cadbury Oreo Chocolate Flavour Creme Sandwich Biscuit,0.5305442459796281
Nescafe Classic - Instant Coffee Powder - 100% Pure Coffee,"Maggi Nutri-licious Masala Veg Atta Noodles, Instant Noodles",0.5305369626654768
Colgate Visible White Purple Toothpaste | Color-Corrects Yellow Tones,Durex Extra Time Condom | Personal Care Product,0.5304988732666971
Kinder Joy Disney Princess | Single Pack,Britannia Pure Magic Choco Stars | Chunky Choco Topped Cookie,0.5304988732666971
TMI COLMAN Green Cardamom | Elaichi ,Winkies Cake Chocolate Cake Slice | Bakery Delight,0.5304168380342158
Farmley Dark Choco| Orange Date Bites- No Added Sugar,MDH Garam Masala,0.5303656246852879
Mother's Recipe Tamarind Paste,Catch Dhania Powder,0.5303424353560354
Britannia Good Day Pista Badam Cookies | Trans Fat-free,Tata Tea Premium Desh Ki Chai Black Tea,0.5303137454030682
Bambino Vermicelli Premium,Kinder Joy | Single Pack | Assorted,0.5302950996378053
Kinder Joy | Single Pack | Assorted,Britannia The Original Bourbon | Creme Biscuit with Chocolate | Chocolatey Indulgence in every layer,0.53012945745156
Malkist Cheese Crunchy Layered Crackers,"Maggi Nutri-licious Masala Veg Atta Noodles, Instant Noodles",0.5300045801099522
Gits Mini Rasgulla Tin | Soft & Juicy Sweet,Catch Jeera Whole,0.5298982042151441
Nutraj Classic Green Cardamom (Elaichi) - Pouch,Tata Tea Agni Tea,0.5297125458640912
Cadbury Oreo Vanilla Flavour Creme Sandwich Biscuit Mega Family Pack,Catch Super Garam Masala,0.5296788519832599
Mangat Ram Unpolished Masoor Sabut,"Maggi Nutri-licious Masala Veg Atta Noodles, Instant Noodles",0.5295889403958042
Catch Sprinkler Chat Masala,Catch Jeera Whole,0.5295207838417715
Catch Coriander Powder,Catch Turmeric Powder/Haldi,0.5292329033153004
Rajdhani White Lobia | Whole (500.0 GRAM),Catch Super Garam Masala,0.5291908935751685
Parle-G Original Gluco Biscuits,Gits Mini Gulab Jamun Tin | Authentic Indian Sweet,0.5291906721536351
Catch Compounded Hing,Tata Tea Agni Tea,0.5288436398491195
Bebe Solid Jaggery,Cadbury Oreo Vanilla Flavour Creme Sandwich Biscuit Mega Family Pack,0.528661360211998
Kinder Creamy Milky And Cocoa | Extruded Rice,Daily Good Tamarind / Imli,0.528512403580764
Himalaya Koflet Lozenges | Relief from  Cough & Sore Throat,Catch Super Garam Masala,0.5283789075479897
Orbit Sugar Free Spearmint Flavour Chewing Gum Tube,Tata Tea Agni Tea,0.5281690943901283
"Disano Elbow Pasta, 100% Durum Wheat, No Maida","Maggi Nutri-licious Masala Veg Atta Noodles, Instant Noodles",0.5280179778171746
Britannia Treat Croissant | with Vanilla Creme Filling 100% Veg,Sunfeast Dark Fantasy Vanilla Creme | Dark Crunchy Biscuit with Smooth Vanilla Creme,0.5277787202503208
Haldiram's Ready To Eat Dal Makhani | Savoury & Creamy,Catch Jeera Whole,0.5277353544020211
"Disano Elbow Pasta, 100% Durum Wheat, No Maida",Badshah Kashmiri Chilli Powder,0.5276373767457445
Catch Sprinklers Black Salt,"Maggi Nutri-licious Masala Veg Atta Noodles, Instant Noodles",0.5274899598393574
Catch Sambhar Masala,Catch Dhania Powder,0.527460139511709
Marvel Premium Tea,Britannia Gobbles Bar Cake Fruity Fun | Bakery Delight,0.5272094024960867
Badshah Turmeric Powder,Catch Jeera Whole,0.5270183226704966
Uttam Double Refined Sulphurfree Bura Sugar,Catch Jeera Whole,0.526942958974991
Britannia Treat Orange Creme Sandwich Biscuits | Trans Fat-free,Tata Tea Agni Tea,0.5267366326850794
Badshah Chat Masala,Cadbury Oreo Vanilla Flavour Creme Sandwich Biscuit Mega Family Pack,0.5266686126006446
Winkies Swiss Roll Chocolate | Soft & Tasty,Brooke Bond Red Label Tea,0.5266674272715776
Sunfeast Dark Fantasy Creme | Made With Real Chocolate,Britannia Gobbles Bar Cake Fruity Fun | Bakery Delight,0.5266027173378635
Orbit Sugar-Free Mixed Fruit Chewing Gum Tube,Catch Jeera Whole,0.5265780400283324
Fortune Unpolished Kala Chana Whole,"Maggi Nutri-licious Masala Veg Atta Noodles, Instant Noodles",0.5263764711503855
MDH Garam Masala,Sunfeast Dark Fantasy Vanilla Creme | Dark Crunchy Biscuit with Smooth Vanilla Creme,0.526331935078305
MDH Chicken Masala,Parle Hide & Seek Chocolate Biscuits | Rich & Crunchy,0.5263233900567235
MDH Chunky Chat Masala,MDH Deggi Mirch Powder,0.5262626356006284
Eastern Chicken Masala,Britannia Pure Magic Choco Stars | Chunky Choco Topped Cookie,0.5262108215658391
Cadbury Choco Bakes Choc Chip Cookies | Chocolatey & Crunchy,Kinder Schoko-Bons Crispy | Chocolate | Milky & Cocoa Filling,0.5261633757702667
Catch Jeera Powder Pouch,Britannia Gobbles Bar Cake Fruity Fun | Bakery Delight,0.5261045123072695
Orbit Sugar-Free Mixed Fruit Chewing Gum Tube,Cadbury Oreo Chocolate Flavour Creme Sandwich Biscuit,0.5259784607302338
MDH Pav Bhaji Masala,MDH Hing Compounded,0.5259212114670527
Bikaji Manbhawan Soan Papdi | Authentic Indian Sweet,Catch Jeera Whole,0.5258232697846226
Badshah Kashmiri Chilli Powder,"Maggi Nutri-licious Masala Veg Atta Noodles, Instant Noodles",0.5258016060584358
Cadbury Gems Surprise Ball Chocolate | Colourful & Fun,Kinder Schoko-Bons Crispy | Chocolate | Milky & Cocoa Filling,0.5257091340070119
Fast&Up Nightout Instant Hangover Relief Drink |Fizzy Lemon Flavour,Catch Red Chilli Powder,0.5256280464941882
Britannia The Original Bourbon | Creme Biscuit with Chocolate | Chocolatey Indulgence in every layer,Sunfeast Dark Fantasy Vanilla Creme | Dark Crunchy Biscuit with Smooth Vanilla Creme,0.5256145358028689
Continental Speciale Instant Coffee | Sachet,Catch Jeera Whole,0.5255900887337203
Kinder Joy | Single Pack | Assorted,Gits Mini Gulab Jamun Tin | Authentic Indian Sweet,0.5252995642701526
Haldiram's Ready To Eat Dal Makhani | Savoury & Creamy,Britannia The Original Bourbon | Creme Biscuit with Chocolate | Chocolatey Indulgence in every layer,0.52528255955486
Mangat Ram Unpolished Kala Chana (500.0 GRAM),Kinder Schoko-Bons Crispy | Chocolate | Milky & Cocoa Filling,0.5252367987563318
Catch Hing (Bottle),Catch Jeera Whole,0.5251012586660734
Mangat Ram Unpolished Masoor Sabut,Kinder Joy Disney Princess | Single Pack,0.5250924986172195
Catch Chicken Masala,Cadbury Oreo Chocolate Flavour Creme Sandwich Biscuit,0.52495115904912
Bevzilla Assorted Instant Coffee Powder Sachets,Rajdhani Moong Chilka Dal (500.0 GRAM),0.5249353800706863
Annkoot Urad Punjabi Masala Papad,Catch Jeera Whole,0.5247368580701914
Tata Sampann Kashmiri Red Chilli Powder with Natural Oils Kashmiri Lal Mirch Powder,MDH Kashmiri Mirch,0.52467313130097
Nescafe Classic - Instant Coffee Powder - 100% Pure Coffee,Catch Compounded Hing,0.5246680570952855
TMI COLMAN Green Cardamom | Elaichi ,MDH Deggi Mirch Powder,0.524573088494657
Kinder Schoko-Bons Crispy | Chocolate | Milky & Cocoa Filling,Cadbury Oreo Chocolate Flavour Creme Sandwich Biscuit,0.524564540136873
Britannia Good Day Chunkies Choc Chip Cookies,Catch Jeera Whole,0.5245628159945461
Nutraj Classic Green Cardamom (Elaichi) - Pouch,Britannia Gobbles Bar Cake Fruity Fun | Bakery Delight,0.5245626099583462
Catch Black Pepper Sprinkler,Catch Jeera Whole,0.5245414253483776
Catch Dhania Powder,Catch Compounded Hing,0.524387129148243
Malkist Cheese Crunchy Layered Crackers,Britannia Gobbles Bar Cake Fruity Fun | Bakery Delight,0.5243681937848031
Parle Hide & Seek Chocolate | Soft & Chocolatey,Tata Tea Agni Tea,0.5242940460086893
Vikram Mills Roasted Dalia,"Maggi Nutri-licious Masala Veg Atta Noodles, Instant Noodles",0.5242750655693567
Britannia 5050 Potazos Masti Masala Spicy Flavoured Crisps | Potato and Biscuit ka tasty combination,"Maggi Nutri-licious Masala Veg Atta Noodles, Instant Noodles",0.5239891701251591
Winkies Swiss Roll Chocolate | Soft & Tasty,Cadbury Oreo Chocolate Flavour Creme Sandwich Biscuit,0.5238801424028525
Superyou Chocolate Protein Wafer Bar,Sunfeast Dark Fantasy Vanilla Creme | Dark Crunchy Biscuit with Smooth Vanilla Creme,0.5238784019108693
Britannia Gobbles Fruit Cake | Bakery Delight,Maggi Masala-ae-Magic Sabzi Masala,0.5238297463234807
Orbit Sugar Free Spearmint Flavour Chewing Gum Tube,Catch Compounded Hing,0.5237781858993981
Mother's Recipe Tamarind Paste,Cadbury Oreo Vanilla Flavour Creme Sandwich Biscuit Mega Family Pack,0.5235563886222573
TMI COLMAN Green Cardamom | Elaichi ,Britannia 5050 Maska Chaska Biscuit,0.523393721520584
Nutrisum Whole Wheat Rusk - No Added Sugar- Elaichi,"Maggi Nutri-licious Masala Veg Atta Noodles, Instant Noodles",0.5233675442510783
Ferrero Rocher Moments Pack | Premium Chocolate,Kinder Schoko-Bons Crispy | Chocolate | Milky & Cocoa Filling,0.5233133241515111
Tata Sampann Kashmiri Red Chilli Powder with Natural Oils Kashmiri Lal Mirch Powder,TMI COLMAN Green Cardamom | Elaichi ,0.5230700675968697
Cadbury Gems Surprise Ball Chocolate | Colourful & Fun,"Maggi Nutri-licious Masala Veg Atta Noodles, Instant Noodles",0.5228517587536397
Britannia Gobbles Fruit Cake | Bakery Delight,Parle Hide & Seek Chocolate Biscuits | Rich & Crunchy,0.5227707971129023
Cadbury Oreo Vanilla Flavour Creme Sandwich Biscuit Family Pack,"Maggi Nutri-licious Masala Veg Atta Noodles, Instant Noodles",0.5227377980390029
Nescafe Classic - Instant Coffee Powder - 100% Pure Coffee,Catch Jeera Whole,0.5224902782497075
MDH Pav Bhaji Masala,MDH Deggi Mirch Powder,0.52244668029898
Badshah Turmeric Powder,"Maggi Nutri-licious Masala Veg Atta Noodles, Instant Noodles",0.5223934384882526
Catch Kashmiri Mirch Powder,Catch Super Garam Masala,0.5223101609163897
TMI COLMAN Green Cardamom | Elaichi ,Britannia Milk Bikis Biscuits,0.5218510106224333
Fast&Up Nightout Instant Hangover Relief Drink |Fizzy Lemon Flavour,Cadbury Oreo Chocolate Flavour Creme Sandwich Biscuit,0.5218368980473186
Haldiram's Boondi Plain,TMI COLMAN Green Cardamom | Elaichi ,0.5218115531485163
Cadbury Choco Bakes Choc Chip Cookies | Chocolatey & Crunchy,Catch Dhania Powder,0.5217885251083573
Cadbury Oreo Chocolate Flavour Creme Sandwich Biscuit,Tata Tea Agni Tea,0.5217365140769397
Parle Elaichi Rusk,Catch Compounded Hing,0.5216227201138038
Badshah Kitchen King Masala,Brooke Bond Red Label Tea,0.5216227201138037
Britannia Treat Croissant | with Vanilla Creme Filling 100% Veg,Britannia Pure Magic Choco Stars | Chunky Choco Topped Cookie,0.5215349906154934
Tops Hakka Noodle Plain,Cadbury Oreo Vanilla Flavour Creme Sandwich Biscuit Mega Family Pack,0.5214194237707379
TMI COLMAN Green Cardamom | Elaichi ,Kinder Joy | Single Pack | Assorted,0.5213412465880349
UNIBIC Choco Chip Cookies,Britannia Pure Magic Choco Stars | Chunky Choco Topped Cookie,0.5212950205277869
Britannia 5050 Potazos Masti Masala Spicy Flavoured Crisps | Potato and Biscuit ka tasty combination,Britannia Pure Magic Choco Stars | Chunky Choco Topped Cookie,0.5212335253029988
Kinder Creamy Milky And Cocoa | Extruded Rice,Britannia Pure Magic Choco Stars | Chunky Choco Topped Cookie,0.5212335253029988
Tata Tea Gold Natural Black Tea,Catch Jeera Whole,0.5212201031131072
Continental Xtra Instant Strong Coffee - Pouch,Pringles Potato Chips | Sour Cream & Onion,0.5210860087197781
Britannia 5050 Maska Chaska Biscuit,Britannia Gobbles Bar Cake Fruity Fun | Bakery Delight,0.5210302018104785
Sunfeast Mom's Magic Rich Butter Cookies,"Maggi Nutri-licious Masala Veg Atta Noodles, Instant Noodles",0.5209777381129456
Kinder Joy | Single Pack | Assorted,Kinder Joy Disney Princess | Single Pack,0.5208764922473214
Electral Ors Pouch,Catch Super Garam Masala,0.5207274028530069
MDH Hing Compounded,Sunfeast Dark Fantasy Vanilla Creme | Dark Crunchy Biscuit with Smooth Vanilla Creme,0.5207028792343065
Bevzilla Assorted Instant Coffee Powder Sachets,Britannia Gobbles Bar Cake Fruity Fun | Bakery Delight,0.520685832873393
Britannia 5050 Potazos Masti Masala Spicy Flavoured Crisps | Potato and Biscuit ka tasty combination,Catch Jeera Whole,0.5204904326291611
Pringles Potato Chips | Sour Cream & Onion,Britannia Pure Magic Choco Stars | Chunky Choco Topped Cookie,0.5202311531389545
Sunfeast Mom's Magic Rich Butter Cookies,Tata Tea Agni Tea,0.520181056059969
"ACT II Instant Popcorn | Classic Salted, Combo Pack of 3, Hot & Fresh in 3 Mins",Catch Super Garam Masala,0.5200321726756328
Top Ramen Curry Veg Instant Noodles,Catch Jeera Whole,0.520009498988478
"Disano Elbow Pasta, 100% Durum Wheat, No Maida",Catch Red Chilli Powder,0.5197234271308346
Britannia Milk Bikis Biscuits,"Maggi Nutri-licious Masala Veg Atta Noodles, Instant Noodles",0.5194179245257811
UNIBIC Choco Chip Cookies,Catch Jeera Whole,0.5193714505234615
Ezee Small Garbage Bags 17 x 19 Inch,Durex Extra Time Condom | Personal Care Product,0.5192783488291763
Britannia Good Day Pista Badam Cookies | Trans Fat-free,Catch Super Garam Masala,0.5191883070810274
Superyou Chocolate Protein Wafer Bar,MDH Deggi Mirch Powder,0.5191297156841757
Rajdhani Chana Kabuli (500.0 GRAM),"Maggi Nutri-licious Masala Veg Atta Noodles, Instant Noodles",0.5190763595066941
Fast&Up Nightout Instant Hangover Relief Drink |Fizzy Lemon Flavour,Catch Coriander Powder,0.5190477733493191
Electral Orange Flavour Powder 21.80Gm,Britannia Gobbles Bar Cake Fruity Fun | Bakery Delight,0.5189523146646741
Bournvita Chocolate | Cereal Based Drink Mix Jar,Catch Jeera Whole,0.5189397651619874
Badshah Chat Masala,Cadbury Oreo Chocolate Flavour Creme Sandwich Biscuit,0.5189183471633849
Haldiram's Boondi Plain,Kinder Joy Disney Princess | Single Pack,0.5188981224992305
Vikram Mills Sooji,"Maggi Nutri-licious Masala Veg Atta Noodles, Instant Noodles",0.5187608115677841
Cadbury Oreo Vanilla Flavour Creme Sandwich Biscuit Mega Family Pack,Tata Tea Agni Tea,0.5187226590204379
Winkies Cake Chocolate Cake Slice | Bakery Delight,Parle-G Original Gluco Biscuits,0.5181719166653255
Cadbury Gems Surprise Ball Chocolate | Colourful & Fun,Rajdhani Masoor Malka Dal (500.0 GRAM),0.5181628222143179
MDH Chunky Chat Masala,Catch Jeera Whole,0.5181559997841627
Rajdhani White Lobia | Whole (500.0 GRAM),Rajdhani Rajma Chitra,0.5180461930001611
Winkies Swiss Roll Chocolate | Soft & Tasty,Catch Super Garam Masala,0.5179575762420865
MTR Vegetable Upma,Fortune Unpolished Kala Chana Whole,0.5178111229069066
Maggi Special Masala Instant Noodles,Catch Jeera Whole,0.5177403666292555
Catch Black Pepper Powder,Catch Jeera Whole,0.5176776178270946
Fast&Up Nightout Instant Hangover Relief Drink |Fizzy Lemon Flavour,Tata Tea Agni Tea,0.5174135467172367
Catch Masala Amchur Powder,MDH Deggi Mirch Powder,0.517335488556235
MDH Chicken Masala,Catch Jeera Whole,0.5171806473139806
Farmley Dark Choco| Orange Date Bites- No Added Sugar,Parle Hide & Seek Chocolate Biscuits | Rich & Crunchy,0.5171496057460969
Haldiram's Ready To Eat Dal Makhani | Savoury & Creamy,MDH Deggi Mirch Powder,0.5171243312139671
Cadbury Oreo Vanilla Flavour Creme Sandwich Biscuit Mega Family Pack,Catch Compounded Hing,0.5170971363481993
Britannia Good Day Chunkies Choc Chip Cookies,"Maggi Nutri-licious Masala Veg Atta Noodles, Instant Noodles",0.5170898445449386
Cadbury Choco Bakes Choc Chip Cookies | Chocolatey & Crunchy,Cadbury Gems Chocolate Mini Treats Pack | Fun & Enjoyable,0.516999573135688
Britannia Treat Croissant | with Vanilla Creme Filling 100% Veg,Cadbury Brownie,0.5168638181605383
"ACT II Instant Popcorn | Classic Salted, Combo Pack of 3, Hot & Fresh in 3 Mins",Tata Tea Agni Tea,0.516764863218959
Sunfeast Mom's Magic Rich Butter Cookies,Cadbury Oreo Chocolate Flavour Creme Sandwich Biscuit,0.516750768436721
Cadbury Choco Bakes Choc Layered Cakes | Bakery Delight,Kinder Schoko-Bons Crispy | Chocolate | Milky & Cocoa Filling,0.5166818054432551
Cadbury Oreo Strawberry Flavour Creme Sandwich Biscuit,Catch Jeera Whole,0.5164965459286447
Catch Super Garam Masala,"Maggi Nutri-licious Masala Veg Atta Noodles, Instant Noodles",0.5164474969119635
Cadbury Oreo Strawberry Flavour Creme Sandwich Biscuit,Catch Super Garam Masala,0.5164293354008866
Badshah Kashmiri Chilli Powder,Catch Compounded Hing,0.516353803749018
Rajdhani Roasted Chana (200.0 GRAM),Catch Jeera Whole,0.5163233557045089
MDH Pav Bhaji Masala,Kinder Joy | Single Pack | Assorted,0.5162815004852754
Sunfeast Mom's Magic Rich Butter Cookies,Cadbury Gems Chocolate Mini Treats Pack | Fun & Enjoyable,0.5162561167463643
Britannia Gobbles Bar Cake Fruity Fun | Bakery Delight,Catch Jeera Whole,0.5161761963373241
Tata Sampann 100% Pure Premium Cashews/Kaju Whole,Catch Jeera Whole,0.5161483506127551
Britannia 5050 Potazos Masti Masala Spicy Flavoured Crisps | Potato and Biscuit ka tasty combination,Catch Super Garam Masala,0.5155674285885674
Himalaya Koflet Lozenges | Relief from  Cough & Sore Throat,Cadbury Oreo Chocolate Flavour Creme Sandwich Biscuit,0.5154588915156292
Saffola Masala Oats |Classic Masala | Anytime Snack | Ready in 3 mins | Millets Goodness,"Maggi Nutri-licious Masala Veg Atta Noodles, Instant Noodles",0.515435421750042
Cadbury Choclairs Gold Candy | Toffee Candy,Catch Jeera Whole,0.5154295988139005
Cadbury Oreo Chocolate Flavour Creme Sandwich Biscuit,Catch Super Garam Masala,0.5153460254375045
"Disano Elbow Pasta, 100% Durum Wheat, No Maida",Catch Dhania Powder,0.5153164125760041
Orika Coriander Powder | Dhania Powder,Catch Jeera Whole,0.5151961879234607
Haldiram's Ready To Eat Dal Makhani | Savoury & Creamy,Tata Tea Agni Tea,0.5151600033952975
Sunfeast Dark Fantasy Vanilla Creme | Dark Crunchy Biscuit with Smooth Vanilla Creme,"Maggi Nutri-licious Masala Veg Atta Noodles, Instant Noodles",0.5149894882495785
Britannia Gobbles Bar Cake Fruity Fun | Bakery Delight,Britannia The Original Bourbon | Creme Biscuit with Chocolate | Chocolatey Indulgence in every layer,0.5149206679411067
Catch Jeera Powder Pouch,Tata Tea Agni Tea,0.514780930545117
Pringles Potato Chips | Sour Cream & Onion,Haldiram's Boondi Plain,0.514749965590861
Cadbury Oreo Chocolate Flavour Creme Sandwich Biscuit Family Pack,"Maggi Nutri-licious Masala Veg Atta Noodles, Instant Noodles",0.5146243510627878
Dabur OTC Honitus Hot Sip Ayurvedic Kaadha,Catch Compounded Hing,0.5145601300929207
Mangat Ram Unpolished Moong Chilka (500.0 GRAM),"Maggi Nutri-licious Masala Veg Atta Noodles, Instant Noodles",0.5144655163865338
Badshah Kashmiri Chilli Powder,Tata Tea Agni Tea,0.5144533367239734
Mangat Ram Safed Chana - Medium Size,Kinder Joy Disney Princess | Single Pack,0.5143859649122806
Rajdhani Roasted Chana (200.0 GRAM),"Maggi Nutri-licious Masala Veg Atta Noodles, Instant Noodles",0.5143830832001235
Malkist Cheese Crunchy Layered Crackers,Catch Jeera Whole,0.5143460291975145
Fogg Marco Body Spray For Men,Vicks Inhaler,0.5141819326101169
MDH Deggi Mirch Powder,Catch Jeera Whole,0.5141539298402044
MDH Haldi Powder,Parle Hide & Seek Chocolate Biscuits | Rich & Crunchy,0.5140419552343672
Britannia Treat Croissant | with Vanilla Creme Filling 100% Veg,Britannia The Original Bourbon | Creme Biscuit with Chocolate | Chocolatey Indulgence in every layer,0.5138987269948476
TMI COLMAN Green Cardamom | Elaichi ,Kinder Joy Disney Princess | Single Pack,0.5137290224283569
DeHaat HF Pesticide Free Saunf | Fennel,Brooke Bond Red Label Tea,0.5136494041989508
Farmley Dark Choco| Orange Date Bites- No Added Sugar,Gits Mini Gulab Jamun Tin | Authentic Indian Sweet,0.5135238430438235
Catch Sambhar Masala,Rajdhani Masoor Malka Dal (500.0 GRAM),0.5135089524222078
Rajdhani White Lobia | Whole (500.0 GRAM),Tata Tea Agni Tea,0.5134462309289126
TMI COLMAN Ajwain/Bishop Seeds,"Maggi Nutri-licious Masala Veg Atta Noodles, Instant Noodles",0.5131316878401604
Cadbury Gems Surprise Ball Chocolate | Colourful & Fun,Tata Tea Agni Tea,0.5131010105759718
Mother's Recipe Tamarind Paste,Cadbury Oreo Chocolate Flavour Creme Sandwich Biscuit,0.5130445641549001
UNIBIC Choco Chip Cookies,"Maggi Nutri-licious Masala Veg Atta Noodles, Instant Noodles",0.5129872820069188
Mangat Ram Unpolished Kala Chana (500.0 GRAM),MDH Deggi Mirch Powder,0.5129662580149693
Britannia Little Hearts Classic Crunch Biscuits,Britannia The Original Bourbon | Creme Biscuit with Chocolate | Chocolatey Indulgence in every layer,0.5128859651588842
Parle Elaichi Rusk,Catch Red Chilli Powder,0.5127937814357566
Eastern Chicken Masala,Parle Hide & Seek Chocolate Biscuits | Rich & Crunchy,0.5126526526526527
Catch Dry Ginger Powder,Sunfeast Dark Fantasy Vanilla Creme | Dark Crunchy Biscuit with Smooth Vanilla Creme,0.5126185720055453
Bebe Solid Jaggery,DeHaat HF Pesticide Free Saunf | Fennel,0.5126099691488089
UNIBIC Choco Chip Cookies,Sunfeast Dark Fantasy Vanilla Creme | Dark Crunchy Biscuit with Smooth Vanilla Creme,0.5124089120578947
Pulse Kachcha Aam Candies | Tangy & Sweet,Cadbury Oreo Vanilla Flavour Creme Sandwich Biscuit Mega Family Pack,0.5123948568208594
Parle Elaichi Rusk,Brooke Bond Red Label Tea,0.5121386706571892
Britannia Treat Croissant | with Vanilla Creme Filling 100% Veg,Vikram Mills Sooji,0.5121369222899644
Catch Turmeric Powder/Haldi,Parle Hide & Seek Chocolate Biscuits | Rich & Crunchy,0.5120126368565819
Cadbury Gems Chocolate Mini Treats Pack | Fun & Enjoyable,Rajdhani Masoor Malka Dal (500.0 GRAM),0.5117917982924811
TMI COLMAN Ajwain/Bishop Seeds,Tata Tea Agni Tea,0.5117118106014868
Superyou Chocolate Protein Wafer Bar,Catch Jeera Whole,0.5115931602765258
Mangat Ram Safed Chana - Medium Size,Britannia The Original Bourbon | Creme Biscuit with Chocolate | Chocolatey Indulgence in every layer,0.5115795362621245
Parle Rusk Elachi,Catch Jeera Whole,0.5114826351541327
Catch Dry Ginger Powder,MDH Chunky Chat Masala,0.5113515055209226
Tata Sampann Turmeric Powder With Natural Oils,Tata Tea Agni Tea,0.5112971812839491
Nutraj Classic Green Cardamom (Elaichi) - Pouch,"Maggi Nutri-licious Masala Veg Atta Noodles, Instant Noodles",0.5112645938430431
MDH Kashmiri Mirch,Haldiram's Ready To Eat Dal Makhani | Savoury & Creamy,0.5112389131712803
Catch Turmeric Powder/Haldi,Tata Tea Premium Desh Ki Chai Black Tea,0.5109643735157023
Mother's Recipe Tamarind Paste,Catch Compounded Hing,0.510739384671787
Britannia Treat Croissant | with Vanilla Creme Filling 100% Veg,Catch Turmeric Powder/Haldi,0.5106633277603776
Orbit Sugar Free Spearmint Flavour Chewing Gum Tube,"Maggi Nutri-licious Masala Veg Atta Noodles, Instant Noodles",0.5106173853663813
Parle Elaichi Rusk,Catch Dhania Powder,0.5105293202187405
Cadbury Choco Bakes Choc Chip Cookies | Chocolatey & Crunchy,"Maggi Nutri-licious Masala Veg Atta Noodles, Instant Noodles",0.5104741546832491
MDH Garam Masala,Tata Tea Agni Tea,0.510420385529665
Catch Jeera Whole,"Maggi Nutri-licious Masala Veg Atta Noodles, Instant Noodles",0.5104173785566022
Rajdhani Raw Peanuts Premium Quality Groundnuts,Tata Tea Agni Tea,0.5103000033632665
Haldiram's Ready To Eat Dal Makhani | Savoury & Creamy,Gits Mini Gulab Jamun Tin | Authentic Indian Sweet,0.5102910052910052
Britannia Treat Orange Creme Sandwich Biscuits | Trans Fat-free,Catch Super Garam Masala,0.5102794212548324
Annkoot Moong Special Papad,Catch Jeera Whole,0.5101441759219537
Catch Sambhar Masala,"Maggi Nutri-licious Masala Veg Atta Noodles, Instant Noodles",0.5101240352355926
Superyou Chocolate Protein Wafer Bar,Britannia The Original Bourbon | Creme Biscuit with Chocolate | Chocolatey Indulgence in every layer,0.5101009826891126
Rajdhani Masoor Malka Dal (500.0 GRAM),Tata Tea Agni Tea,0.5099563669973652
Badshah Chat Masala,Catch Compounded Hing,0.5098472224663293
Cadbury Oreo Chocolate Flavour Creme Sandwich Biscuit,Cadbury Gems Chocolate Mini Treats Pack | Fun & Enjoyable,0.5098225298811361
Kinder Schoko-Bons Crispy | Chocolate | Milky & Cocoa Filling,"Maggi Nutri-licious Masala Veg Atta Noodles, Instant Noodles",0.5097739157879361
"Disano Elbow Pasta, 100% Durum Wheat, No Maida",Cadbury Oreo Vanilla Flavour Creme Sandwich Biscuit Mega Family Pack,0.5096757430551806
Annkoot Moong Special Papad,Britannia The Original Bourbon | Creme Biscuit with Chocolate | Chocolatey Indulgence in every layer,0.5092150930272996
Vikram Mills Sooji,Britannia Pure Magic Choco Stars | Chunky Choco Topped Cookie,0.5091624051998278
Sunfeast Mom's Magic Rich Butter Cookies,Brooke Bond Red Label Tea,0.5091437076708898
Catch Dhania Powder,Brooke Bond Red Label Tea,0.5090765560344257
MTR Vegetable Upma,"Maggi Nutri-licious Masala Veg Atta Noodles, Instant Noodles",0.5090287074222817
Rajdhani Masoor Malka Dal (500.0 GRAM),Catch Super Garam Masala,0.5089816719615855
MDH Hing Compounded,Catch Jeera Whole,0.5089383290100136
Fortune Unpolished Kala Chana Whole,Catch Super Garam Masala,0.5087788095973124
Gits Mini Rasgulla Tin | Soft & Juicy Sweet,Britannia Gobbles Bar Cake Fruity Fun | Bakery Delight,0.508720423657772
MDH Kashmiri Mirch,Sunfeast Dark Fantasy Vanilla Creme | Dark Crunchy Biscuit with Smooth Vanilla Creme,0.5086563028499468
Mangat Ram Unpolished Kala Chana (500.0 GRAM),Sunfeast Dark Fantasy Vanilla Creme | Dark Crunchy Biscuit with Smooth Vanilla Creme,0.5085348181824403
MyFitness Chocolate Peanut Butter Crunchy Spread | High Protein,Catch Jeera Whole,0.5084950029394474
Britannia 5050 Potazos Masti Masala Spicy Flavoured Crisps | Potato and Biscuit ka tasty combination,Sunfeast Dark Fantasy Vanilla Creme | Dark Crunchy Biscuit with Smooth Vanilla Creme,0.5084702136193733
UNIBIC Choco Chip Cookies,Parle Hide & Seek Chocolate Biscuits | Rich & Crunchy,0.5084591749213426
Pringles Potato Chips | Sour Cream & Onion,Britannia Nutrichoice High-Fibre Digestive Biscuits,0.5084462226441679
Catch Meat Masala,Catch Dhania Powder,0.5082897294567663
Bikaji Manbhawan Soan Papdi | Authentic Indian Sweet,Catch Super Garam Masala,0.5082521234590128
Haldirams Cookie Heaven Kaju Cookies,Britannia Gobbles Bar Cake Fruity Fun | Bakery Delight,0.5082397429425048
Daily Good Tamarind / Imli,Cadbury Oreo Vanilla Flavour Creme Sandwich Biscuit Mega Family Pack,0.5081497677765722
Rajdhani Roasted Chana (200.0 GRAM),Britannia Gobbles Bar Cake Fruity Fun | Bakery Delight,0.5080335437608501
Brooke Bond Red Label Tea,"Maggi Nutri-licious Masala Veg Atta Noodles, Instant Noodles",0.5078217346252449
MDH Kashmiri Mirch,Britannia The Original Bourbon | Creme Biscuit with Chocolate | Chocolatey Indulgence in every layer,0.5078179220249031
MDH Deggi Mirch Powder,Sunfeast Dark Fantasy Vanilla Creme | Dark Crunchy Biscuit with Smooth Vanilla Creme,0.5077364903673971
Fogg Marco Body Spray For Men,Durex Extra Time Condom | Personal Care Product,0.5077331074178987
Vikram Mills Rawa,Brooke Bond Red Label Tea,0.507723682117041
MDH Kashmiri Mirch,Annkoot Moong Special Papad,0.5077013521457966
Saffola Masala Oats |Classic Masala | Anytime Snack | Ready in 3 mins | Millets Goodness,Catch Jeera Whole,0.5076177832679015
"Disano Elbow Pasta, 100% Durum Wheat, No Maida",Brooke Bond Red Label Tea,0.5075248087593767
Haldiram's Ready To Eat Dal Makhani | Savoury & Creamy,MDH Kashmiri Mirch,0.5073879814942617
MDH Hing Compounded,MDH Chunky Chat Masala,0.5073282836049435
Rajdhani Raw Peanuts Premium Quality Groundnuts,Tata Tea Premium Desh Ki Chai Black Tea,0.5070203946463703
Kinder Joy | Single Pack | Assorted,Parle Hide & Seek Chocolate Biscuits | Rich & Crunchy,0.5067889785210047
Cadbury Choco Bakes Choc Layered Cakes | Bakery Delight,"Maggi Nutri-licious Masala Veg Atta Noodles, Instant Noodles",0.5067692543462289
Vikram Mills Sooji,Tata Tea Premium Desh Ki Chai Black Tea,0.5066552735765758
Britannia Gobbles Bar Cake Fruity Fun | Bakery Delight,Kinder Joy | Single Pack | Assorted,0.5065398237919612
Badshah Coriander Powder,Catch Jeera Whole,0.5064557030148428
Catch Sambhar Masala,Tata Tea Agni Tea,0.5064150033376613
Catch Super Garam Masala,Tata Tea Agni Tea,0.5063666120329946
Catch Chicken Masala,Cadbury Oreo Vanilla Flavour Creme Sandwich Biscuit Mega Family Pack,0.5061434640899545
MOM Roasted Masala Cashews | Crunchy Snack Nuts,Catch Jeera Whole,0.5061425790154519
Catch Black Pepper Sprinkler,Parle Hide & Seek Chocolate Biscuits | Rich & Crunchy,0.5059700296199365
Cadbury Gems Chocolate Mini Treats Pack | Fun & Enjoyable,Cadbury Gems Surprise Ball Chocolate | Colourful & Fun,0.5059423386108146
Superyou Chocolate Protein Wafer Bar,"Maggi Nutri-licious Masala Veg Atta Noodles, Instant Noodles",0.5059205780518778
Tata Sampann Turmeric Powder With Natural Oils Haldi Powder,Britannia Gobbles Bar Cake Fruity Fun | Bakery Delight,0.5057057841101704
Alpenliebe Cream Fills Butter Toffee | Creamy & Chewy,Britannia Gobbles Bar Cake Fruity Fun | Bakery Delight,0.5057057841101703
Unifit Royal Dates | Naturally Sweet and Nutritious |Premium Quality,"Maggi Nutri-licious Masala Veg Atta Noodles, Instant Noodles",0.5056548634625649
Rajdhani Chana Kabuli (500.0 GRAM),Catch Jeera Whole,0.5055858778486516
Daily Good Tamarind / Imli,Britannia Gobbles Bar Cake Fruity Fun | Bakery Delight,0.5054304951694462
Vikram Mills Sooji,Parle Hide & Seek Chocolate Biscuits | Rich & Crunchy,0.5053809838207002
Daily Good Tamarind / Imli,"Maggi Nutri-licious Masala Veg Atta Noodles, Instant Noodles",0.5053796022413005
Rajdhani White Lobia | Whole (500.0 GRAM),"Maggi Nutri-licious Masala Veg Atta Noodles, Instant Noodles",0.5053796022413005
Britannia Gobbles Bar Cake Fruity Fun | Bakery Delight,"Maggi Nutri-licious Masala Veg Atta Noodles, Instant Noodles",0.505238229408627
TMI COLMAN Jeera Sabut/Cumin Whole,Tata Tea Agni Tea,0.5051226573575798
Catch Chicken Masala,Catch Super Garam Masala,0.5050358404902487
MDH Garam Masala,Catch Jeera Whole,0.5049060383809145
Britannia Pure Magic Choco Stars | Chunky Choco Topped Cookie,Catch Jeera Whole,0.5048886554008698
Daadi'S Kaju Katli,Parle Hide & Seek Chocolate Biscuits | Rich & Crunchy,0.5048851882185216
Kinder Joy Disney Princess | Single Pack,Daily Good Tamarind / Imli,0.5047325427118473
Britannia Gobbles Choco Chill | Bakery Delight,Catch Jeera Whole,0.5046649563953755
Rajdhani Chana Kabuli (500.0 GRAM),ENO - Lemon Fruit Salt Sixer Pack,0.5046295154292957
Catch Hing (Bottle),Britannia Gobbles Bar Cake Fruity Fun | Bakery Delight,0.5042691199507664
Sunfeast Dark Fantasy Vanilla Creme | Dark Crunchy Biscuit with Smooth Vanilla Creme,Catch Jeera Whole,0.5042299003984829
TMI COLMAN Jeera Sabut/Cumin Whole,Catch Super Garam Masala,0.5041572011373051
MDH Chicken Masala,Kinder Joy | Single Pack | Assorted,0.5039632050351005
"ACT II Instant Popcorn | Classic Salted, Combo Pack of 3, Hot & Fresh in 3 Mins","Maggi Nutri-licious Masala Veg Atta Noodles, Instant Noodles",0.5039364102307465
Catch Sprinkler Chat Masala,Parle Hide & Seek Chocolate Biscuits | Rich & Crunchy,0.503889359444915
Cadbury Choco Bakes Choc Layered Cakes | Bakery Delight,Catch Jeera Whole,0.5037473837473838
Bournvita Chocolate | Cereal Based Drink Mix Jar,Tata Tea Agni Tea,0.5037120033198466
Bambino Vermicelli Premium,Vikram Mills Sooji,0.5036491864539503
Badshah Kashmiri Chilli Powder,Catch Dhania Powder,0.5035833430729073
Rajdhani Moong Chilka Dal (500.0 GRAM),"Maggi Nutri-licious Masala Veg Atta Noodles, Instant Noodles",0.5035506658873364
Catch Garlic Paste,Tata Tea Agni Tea,0.503536555042828
Badshah Chat Masala,"Maggi Nutri-licious Masala Veg Atta Noodles, Instant Noodles",0.5034952636796254
"Pitambari Shining Powder for Copper, Brass, Aluminium, Iron, Silver & Steel",Vicks Inhaler,0.5034793648781191
Tata Sampann Chilli Powder with Natural Oils Lal Mirchi Powder,Catch Jeera Whole,0.5034317525545595
Catch Turmeric Powder/Haldi,"Maggi Nutri-licious Masala Veg Atta Noodles, Instant Noodles",0.503416690760824
Mangat Ram Unpolished Moong Chilka (500.0 GRAM),Britannia Gobbles Bar Cake Fruity Fun | Bakery Delight,0.5034071214551241
Catch Dry Ginger Powder,Catch Jeera Whole,0.503209192098081
Rajdhani Moong Chilka Dal (500.0 GRAM),Bevzilla Assorted Instant Coffee Powder Sachets,0.5031439573772222
Parle Hide & Seek Chocolate | Soft & Chocolatey,"Maggi Nutri-licious Masala Veg Atta Noodles, Instant Noodles",0.5029652099335087
Parle Elaichi Rusk,Catch Coriander Powder,0.5029380683838846
Catch Ajwain Seeds,Parle Hide & Seek Chocolate Biscuits | Rich & Crunchy,0.5028624110221332
Parle Hide & Seek Chocolate Biscuits | Rich & Crunchy,Tata Tea Premium Desh Ki Chai Black Tea,0.5028040088281052
Marvel Premium Tea,Catch Jeera Whole,0.5027317640220865
Badshah Pav Bhaji Masala,Cadbury Oreo Chocolate Flavour Creme Sandwich Biscuit,0.5026208646122793
Maggi Masala-ae-Magic Sabzi Masala,Catch Jeera Whole,0.5026050994304964
Catch Meat Masala,Catch Compounded Hing,0.5025659852243445
Britannia Little Hearts Classic Crunch Biscuits,Maggi Masala-ae-Magic Sabzi Masala,0.5024124590325522
Fortune Unpolished Kala Chana Whole,Tata Tea Agni Tea,0.5024070499433702
"Colgate MaxFresh Toothpaste, Red Gel Paste with Menthol for Super Fresh Breath (Spicy Fresh)",Durex Extra Time Condom | Personal Care Product,0.5024039173616073
MyFitness Chocolate Peanut Butter Crunchy Spread | High Protein,"Maggi Nutri-licious Masala Veg Atta Noodles, Instant Noodles",0.5023713903231976
MDH Chunky Chat Masala,Catch Super Garam Masala,0.5023141283532541
Catch Chicken Masala,Catch Red Chilli Powder,0.50220596340388
Cadbury Oreo Strawberry Flavour Creme Sandwich Biscuit,Tata Tea Agni Tea,0.5021856033097863
Mangat Ram Safed Chana - Medium Size,MDH Deggi Mirch Powder,0.5020403523728332
Daily Good Tamarind / Imli,Nutraj Classic Green Cardamom (Elaichi) - Pouch,0.5019029110642494
MDH Chana Masala,MDH Deggi Mirch Powder,0.5018506167899259
Farmley Dark Choco| Orange Date Bites- No Added Sugar,Kinder Joy | Single Pack | Assorted,0.5015828120288618
Cadbury Oreo Chocolate Flavour Creme Sandwich Biscuit,Catch Red Chilli Powder,0.5014936145196193
MDH Chunky Chat Masala,Sunfeast Dark Fantasy Vanilla Creme | Dark Crunchy Biscuit with Smooth Vanilla Creme,0.5014526229123552
Catch Compounded Hing,Catch Super Garam Masala,0.5014412027473398
Winkies Cake Chocolate Cake Slice | Bakery Delight,Kinder Joy Disney Princess | Single Pack,0.5013083556348499
Nutraj Classic Green Cardamom (Elaichi) - Pouch,Parle Hide & Seek Chocolate Biscuits | Rich & Crunchy,0.5010672819712367
Badshah Chat Masala,Catch Jeera Whole,0.5010239172804423
Maggi Masala-ae-Magic Sabzi Masala,Britannia Gobbles Bar Cake Fruity Fun | Bakery Delight,0.5010146358345657
Kinder Joy Disney Princess | Single Pack,TMI COLMAN Green Cardamom | Elaichi ,0.5007707647151083
DeHaat HF Pesticide Free Saunf | Fennel,Cadbury Oreo Vanilla Flavour Creme Sandwich Biscuit Mega Family Pack,0.5006549334435845
Parle Hide & Seek Chocolate | Soft & Chocolatey,Rajdhani Masoor Malka Dal (500.0 GRAM),0.5005967350498892
Vikram Mills Rawa,Catch Compounded Hing,0.5003653678834608
Happy Kitchen Stainless Steel Sharp Vegetable Knife Long Lasting Sharpness Ergonomic Easy To Clean,Vicks Inhaler,0.5003582219730244
MOM Roasted Masala Cashews | Crunchy Snack Nuts,Parle Hide & Seek Chocolate Biscuits | Rich & Crunchy,0.5003366730093458
Britannia 5050 Potazos Masti Masala Spicy Flavoured Crisps | Potato and Biscuit ka tasty combination,Tata Tea Agni Tea,0.5002709859561271
Dabur OTC Honitus Hot Sip Ayurvedic Kaadha,Tata Tea Agni Tea,0.5001395777643866
Cadbury Gems Chocolate Mini Treats Pack | Fun & Enjoyable,Kinder Schoko-Bons Crispy | Chocolate | Milky & Cocoa Filling,0.5000757545045315
Vikram Mills Rawa,Cadbury Oreo Chocolate Flavour Creme Sandwich Biscuit,0.49990625254748516
Parle Hide & Seek Chocolate Biscuits | Rich & Crunchy,Nutraj Classic Green Cardamom (Elaichi) - Pouch,0.4998785508672514
Mortein Rat Kill Cake | Instantly Kills Rats Outdoors,Vicks Inhaler,0.4998022683930543
Britannia Little Hearts Classic Crunch Biscuits,Catch Super Garam Masala,0.4997913994876591
Badshah Chat Masala,Catch Super Garam Masala,0.49975851414751654
Winkies Swiss Roll Chocolate | Soft & Tasty,Catch Red Chilli Powder,0.4997401403429773
Annkoot Moong Special Papad,Vikram Mills Sooji,0.4996795376937222
Tops Hakka Noodle Plain,Cadbury Oreo Chocolate Flavour Creme Sandwich Biscuit,0.4996795376937222
Colgate ZigZag Medium Bristle Toothbrush,Christmas Non-woven Deer Snowman Santa Claus Headband | Party Propz,0.4993985438429884
Mangat Ram Unpolished Moong Chilka (500.0 GRAM),Mangat Ram Unpolished Masoor Sabut,0.4991407339387138
Bambino Vermicelli Premium,MDH Chicken Masala,0.49913813184253436
Dabur OTC Honitus Hot Sip Ayurvedic Kaadha,Catch Super Garam Masala,0.4990963759867725
Vikram Mills Sooji,Sunfeast Dark Fantasy Vanilla Creme | Dark Crunchy Biscuit with Smooth Vanilla Creme,0.4990941671271011
Nescafe Classic - Instant Coffee Powder - 100% Pure Coffee,Catch Red Chilli Powder,0.4990162289856479
MDH Chunky Chat Masala,Kinder Joy | Single Pack | Assorted,0.4989734703317827
Eastern Chicken Masala,Catch Jeera Whole,0.49892221723639346
Winkies Cake Chocolate Cake Slice | Bakery Delight,"Maggi Nutri-licious Masala Veg Atta Noodles, Instant Noodles",0.49890241022680387
Continental Xtra Instant Strong Coffee - Pouch,Britannia Nutrichoice High-Fibre Digestive Biscuits,0.4987921804420635
Winkies Swiss Roll Chocolate | Soft & Tasty,Tata Tea Agni Tea,0.4987187266911922
Britannia Treat Orange Creme Sandwich Biscuits | Trans Fat-free,Catch Compounded Hing,0.49871181412310556
MAGGI Pazzta Instant Pasta - Mushroom Penne,Britannia Milk Bikis Biscuits,0.49862588961034404
Kinder Schoko-Bons Crispy | Chocolate | Milky & Cocoa Filling,Catch Super Garam Masala,0.4985971548054903
MDH Chicken Masala,MDH Deggi Mirch Powder,0.49853403880070546
Vikram Mills Rawa,"Maggi Nutri-licious Masala Veg Atta Noodles, Instant Noodles",0.49852180112531874
MDH Chicken Masala,MDH Hing Compounded,0.4984230452674897
Catch Black Pepper Sprinkler,Catch Super Garam Masala,0.49828583880347566
Britannia Tiger Krunch Biscuits Loaded With Choco Chips,Catch Jeera Whole,0.4982472517475729
Bevzilla Assorted Instant Coffee Powder Sachets,Tata Tea Agni Tea,0.4982238235083942
TMI COLMAN Ajwain/Bishop Seeds,Tata Tea Premium Desh Ki Chai Black Tea,0.4980923246757669
Tata Tea Gold Natural Black Tea,Catch Super Garam Masala,0.4978988394626255
Mangat Ram Unpolished Moong Chilka (500.0 GRAM),Catch Super Garam Masala,0.4977906005844813
Catch Sprinkler Chat Masala,"Maggi Nutri-licious Masala Veg Atta Noodles, Instant Noodles",0.4976005319155699
Catch Dry Ginger Powder,Catch Turmeric Powder/Haldi,0.49756939627934216
Mother's Recipe Tamarind Paste,Badshah Kashmiri Chilli Powder,0.49752036999557747
Catch Sambhar Masala,Rajdhani Raw Peanuts Premium Quality Groundnuts,0.49751533504154055
Annkoot Moong Special Papad,MDH Deggi Mirch Powder,0.497486698383057
Orbit Sugar Free Spearmint Flavour Chewing Gum Tube,Catch Super Garam Masala,0.4974806437970689
Korean Nongshim Shin Ramyun Noodle Soup Veg,Catch Jeera Whole,0.4974334768372709
MDH Chunky Chat Masala,Catch Sprinkler Chat Masala,0.49742409188687153
Kinder Joy | Single Pack | Assorted,Kinder Creamy Milky And Cocoa | Extruded Rice,0.49735483717500417
Tata Tea Agni Tea,"Maggi Nutri-licious Masala Veg Atta Noodles, Instant Noodles",0.49729693183508444
Maggi Special Masala Instant Noodles,Parle Hide & Seek Chocolate Biscuits | Rich & Crunchy,0.49711772378439045
Mangat Ram Unpolished Masoor Sabut,Mangat Ram Unpolished Moong Chilka (500.0 GRAM),0.4971159405502841
Mother's Recipe Tamarind Paste,Catch Sambhar Masala,0.49705525197328476
Tata Sampann Turmeric Powder With Natural Oils,Catch Super Garam Masala,0.49699574207442976
Kinder Schoko-Bons Crispy | Chocolate | Milky & Cocoa Filling,Tata Tea Agni Tea,0.4969006484362447
MDH Pav Bhaji Masala,"Maggi Nutri-licious Masala Veg Atta Noodles, Instant Noodles",0.49663298399551825
Catch Meat Masala,"Maggi Nutri-licious Masala Veg Atta Noodles, Instant Noodles",0.49663298399551825
Rajdhani Moong Chilka Dal (500.0 GRAM),Tata Tea Agni Tea,0.4966174680618204
Cadbury Oreo Strawberry Flavour Creme Sandwich Biscuit,Britannia Gobbles Bar Cake Fruity Fun | Bakery Delight,0.49651113348998555
Gits Mini Gulab Jamun Tin | Authentic Indian Sweet,MDH Deggi Mirch Powder,0.4963957187813397
Britannia Gobbles Fruit Cake | Bakery Delight,Britannia Pure Magic Choco Stars | Chunky Choco Topped Cookie,0.4962731395075553
Tata Tea Gold Natural Black Tea,"Maggi Nutri-licious Masala Veg Atta Noodles, Instant Noodles",0.4961692743932815
Tata Tea Gold Natural Black Tea,Tata Tea Agni Tea,0.4960800032695457
Britannia Little Hearts Classic Crunch Biscuits,Parle-G Original Gluco Biscuits,0.4960517711016713
"Colgate MaxFresh Toothpaste, Red Gel Paste with Menthol for Super Fresh Breath (Spicy Fresh)",Dabur Herb'l Neem - Germ Protection Toothpaste ,0.49596613148015023
Catch Dhania Powder,Tata Tea Agni Tea,0.49590888219218476
Catch Black Pepper Powder,Tata Tea Agni Tea,0.49590888219218476
Unifit Royal Dates | Naturally Sweet and Nutritious |Premium Quality,Brooke Bond Red Label Tea,0.4958205267391905
Fast&Up Nightout Instant Hangover Relief Drink |Fizzy Lemon Flavour,Cadbury Oreo Vanilla Flavour Creme Sandwich Biscuit Mega Family Pack,0.49575901905761094
Britannia 5050 Maska Chaska Biscuit,"Maggi Nutri-licious Masala Veg Atta Noodles, Instant Noodles",0.49565243139912196
Annkoot Moong Special Papad,Catch Super Garam Masala,0.4956474707972292
Tops Hakka Noodle Plain,Catch Super Garam Masala,0.4956474707972292
Superyou Chocolate Protein Wafer Bar,Tata Tea Agni Tea,0.49563884719727413
Catch Sambhar Masala,Rajdhani Rajma Chitra,0.4954966450803373
Bevzilla Assorted Instant Coffee Powder Sachets,Tata Tea Premium Desh Ki Chai Black Tea,0.4954806046212872
Haldiram's Boondi Plain,Britannia Pure Magic Choco Stars | Chunky Choco Topped Cookie,0.4954582410847186
Sunfeast Dark Fantasy Creme | Made With Real Chocolate,Tata Tea Premium Desh Ki Chai Black Tea,0.49541662210519466
Britannia The Original Bourbon | Creme Biscuit with Chocolate | Chocolatey Indulgence in every layer,"Maggi Nutri-licious Masala Veg Atta Noodles, Instant Noodles",0.4952957369383638
Se7en Self Adhesive Wall Hooks | Strong & Convenient,Vicks Inhaler,0.4952879253236977
Alpenliebe Cream Fills Butter Toffee | Creamy & Chewy,Tata Tea Agni Tea,0.49528500326430613
Daadi'S Kaju Katli,MDH Chunky Chat Masala,0.49525130290806857
Gala Steel Scrubber Cleaner,Vicks Inhaler,0.49519579587330276
Britannia 5050 Potazos Masti Masala Spicy Flavoured Crisps | Potato and Biscuit ka tasty combination,Britannia The Original Bourbon | Creme Biscuit with Chocolate | Chocolatey Indulgence in every layer,0.4950980126100212
MDH Chana Masala,Parle Hide & Seek Chocolate Biscuits | Rich & Crunchy,0.49502174131803767
Santa Design Christmas Goggles for Kids & Adults | Party Propz,Durex Mutual Climax Condom | Long Lasting Dotted Condoms,0.49494879227053135
Britannia Treat Jim Jam Naughty Jam creme Biscuits | Trans Fat-free,Rajdhani Rajma Chitra,0.49481788255283
Electral Ors Pouch,Nutraj Classic Green Cardamom (Elaichi) - Pouch,0.4947921260196556
Catch Black Pepper Sprinkler,Britannia Gobbles Bar Cake Fruity Fun | Bakery Delight,0.49466193001330017
Catch Sambhar Masala,Catch Super Garam Masala,0.4943810759229439
Haldiram's Ready To Eat Pav Bhaji | Convenient & Tasty,Malkist Cheese Crunchy Layered Crackers,0.494252812378012
Badshah Coriander Powder,"Maggi Nutri-licious Masala Veg Atta Noodles, Instant Noodles",0.4940885645329226
Sunfeast Dark Fantasy Creme | Made With Real Chocolate,"Maggi Nutri-licious Masala Veg Atta Noodles, Instant Noodles",0.49406773097901246
Maggi Masala-ae-Magic Sabzi Masala,Parle Hide & Seek Chocolate Biscuits | Rich & Crunchy,0.4940530099260259
Nescafe Classic - Instant Coffee Powder - 100% Pure Coffee,Cadbury Oreo Vanilla Flavour Creme Sandwich Biscuit Mega Family Pack,0.4939133532507217
Superyou Chocolate Protein Wafer Bar,Parle Hide & Seek Chocolate Biscuits | Rich & Crunchy,0.4938850218233648
Sunfeast Dark Fantasy Vanilla Creme | Dark Crunchy Biscuit with Smooth Vanilla Creme,Kinder Joy | Single Pack | Assorted,0.4938631466966429
Mangat Ram Unpolished Masoor Sabut,Rajdhani Rajma Chitra,0.49385863964205523
Electral Ors Pouch,Catch Compounded Hing,0.49379761633613284
Parle Hide & Seek Chocolate Biscuits | Rich & Crunchy,"Maggi Nutri-licious Masala Veg Atta Noodles, Instant Noodles",0.4936968092590583
Orika Coriander Powder | Dhania Powder,Catch Super Garam Masala,0.49367662867882456
MAGGI Pazzta Instant Pasta - Mushroom Penne,Britannia Pure Magic Choco Stars | Chunky Choco Topped Cookie,0.493649999328935
Catch Dry Ginger Powder,Britannia The Original Bourbon | Creme Biscuit with Chocolate | Chocolatey Indulgence in every layer,0.4935913040764372
Bikaji Manbhawan Soan Papdi | Authentic Indian Sweet,Britannia Gobbles Bar Cake Fruity Fun | Bakery Delight,0.49342721340619683
Winkies Cake Chocolate Cake Slice | Bakery Delight,Gits Mini Gulab Jamun Tin | Authentic Indian Sweet,0.49331333844830383
Farmley Dark Choco| Orange Date Bites- No Added Sugar,Britannia The Original Bourbon | Creme Biscuit with Chocolate | Chocolatey Indulgence in every layer,0.49329941093387275
Catch Kashmiri Mirch Powder,"Maggi Nutri-licious Masala Veg Atta Noodles, Instant Noodles",0.49326615629842724
Cadbury Oreo Strawberry Flavour Creme Sandwich Biscuit,Britannia Pure Magic Choco Stars | Chunky Choco Topped Cookie,0.4932562044576755
Catch Sprinklers Black Salt,Rajdhani Moong Chilka Dal (500.0 GRAM),0.4931476264997392
Fast&Up Nightout Instant Hangover Relief Drink |Fizzy Lemon Flavour,Catch Turmeric Powder/Haldi,0.49311727211793077
Britannia Little Hearts Classic Crunch Biscuits,Catch Jeera Whole,0.49310601353182854
Kinder Creamy Milky And Cocoa | Extruded Rice,Sunfeast Dark Fantasy Vanilla Creme | Dark Crunchy Biscuit with Smooth Vanilla Creme,0.493062025327877
MDH Hing Compounded,Britannia The Original Bourbon | Creme Biscuit with Chocolate | Chocolatey Indulgence in every layer,0.4930545973304315
Badshah Kitchen King Masala,Badshah Kashmiri Chilli Powder,0.4929945186765794
MDH Hing Compounded,MDH Deggi Mirch Powder,0.4927004652916524
Pulse Kachcha Aam Candies | Tangy & Sweet,Brooke Bond Red Label Tea,0.49244102947806645
Tata Sampann Turmeric Powder With Natural Oils,Catch Turmeric Powder/Haldi,0.4924355235346865
Tata Tea Premium Desh Ki Chai Black Tea,Tata Tea Agni Tea,0.4924019309561478
Cadbury Oreo Chocolate Flavour Creme Sandwich Biscuit Family Pack,Catch Super Garam Masala,0.4923020974707869
Continental Xtra Instant Strong Coffee - Pouch,TMI COLMAN Green Cardamom | Elaichi ,0.4921367860131237
Tata Sampann Turmeric Powder With Natural Oils Haldi Powder,"Maggi Nutri-licious Masala Veg Atta Noodles, Instant Noodles",0.4920345304400042
Vikram Mills Roasted Dalia,Tata Tea Agni Tea,0.4919741804576751
Winkies Cake Chocolate Cake Slice | Bakery Delight,Sunfeast Dark Fantasy Vanilla Creme | Dark Crunchy Biscuit with Smooth Vanilla Creme,0.4919593677853594
Electral Orange Flavour Powder 21.80Gm,MDH Deggi Mirch Powder,0.49186537975725975
Parle Hide & Seek Chocolate Biscuits | Rich & Crunchy,Maggi Masala-ae-Magic Sabzi Masala,0.49170882901041635
Alpenliebe Cream Fills Butter Toffee | Creamy & Chewy,Catch Jeera Whole,0.49169787071021637
Orbit Sugar Free Spearmint Flavour Chewing Gum Tube,Cadbury Oreo Chocolate Flavour Creme Sandwich Biscuit,0.4916105499438833
Haldiram's Ready To Eat Pav Bhaji | Convenient & Tasty,"Maggi Nutri-licious Masala Veg Atta Noodles, Instant Noodles",0.4915677045097955
Gits Mini Gulab Jamun Tin | Authentic Indian Sweet,Catch Turmeric Powder/Haldi,0.49156181123903764
Daadi'S Kaju Katli,MDH Deggi Mirch Powder,0.49153590055550844
Annkoot Urad Punjabi Masala Papad,Brooke Bond Red Label Tea,0.4914461991154846
MDH Haldi Powder,Sunfeast Dark Fantasy Vanilla Creme | Dark Crunchy Biscuit with Smooth Vanilla Creme,0.49122473458309157
Cadbury Choclairs Gold Candy | Toffee Candy,"Maggi Nutri-licious Masala Veg Atta Noodles, Instant Noodles",0.4911051613862859
Catch Meat Masala,Cadbury Gems Chocolate Mini Treats Pack | Fun & Enjoyable,0.4910981083868954
Britannia Tiger Krunch Biscuits Loaded With Choco Chips,Tata Tea Agni Tea,0.491006708438421
DeHaat HF Pesticide Free Saunf | Fennel,Catch Compounded Hing,0.4909884010725265
Nutraj Classic Green Cardamom (Elaichi) - Pouch,Catch Super Garam Masala,0.49097155126140635
MDH Pav Bhaji Masala,MDH Chunky Chat Masala,0.49095339440486113
Fortune Unpolished Kala Chana Whole,Catch Compounded Hing,0.4909101247232125
Orika Coriander Powder | Dhania Powder,"Maggi Nutri-licious Masala Veg Atta Noodles, Instant Noodles",0.49083853012294054
Catch Chicken Masala,Catch Dhania Powder,0.49083096315672925
Catch Masala Amchur Powder,Bevzilla Assorted Instant Coffee Powder Sachets,0.49082083775209295
Korean Nongshim Shin Ramyun Noodle Soup Veg,"Maggi Nutri-licious Masala Veg Atta Noodles, Instant Noodles",0.49079914962469573
Fake Moustache Christmas Santa Claus Beard | Party Propz,Vicks Inhaler,0.49079255008236355
Catch Sabzi Masala,"Maggi Nutri-licious Masala Veg Atta Noodles, Instant Noodles",0.4906883347342859
Malkist Cheese Crunchy Layered Crackers,Parle Hide & Seek Chocolate Biscuits | Rich & Crunchy,0.49065765435402403
Pulse Kachcha Aam Candies | Tangy & Sweet,Catch Dhania Powder,0.4904928476826832
Catch Coriander Powder,Britannia Gobbles Bar Cake Fruity Fun | Bakery Delight,0.49038136640986213
MDH Garam Masala,MDH Deggi Mirch Powder,0.4903154184532978
Britannia Gobbles Fruit Cake | Bakery Delight,Tata Tea Agni Tea,0.4903057927051735
Catch Coriander Powder,Rajdhani Moong Chilka Dal (500.0 GRAM),0.4902637222512027
Eastern Turmeric Powder,"Maggi Nutri-licious Masala Veg Atta Noodles, Instant Noodles",0.49019268995172605
Britannia Good Day Pista Badam Cookies | Trans Fat-free,Sunfeast Dark Fantasy Creme | Made With Real Chocolate,0.49015885078581
Rajdhani Masoor Malka Dal (500.0 GRAM),Catch Compounded Hing,0.49008485230353027
MDH Pav Bhaji Masala,Sunfeast Dark Fantasy Vanilla Creme | Dark Crunchy Biscuit with Smooth Vanilla Creme,0.48994198720031557
MDH Hing Compounded,Kinder Joy | Single Pack | Assorted,0.4897905425279099
Eastern Turmeric Powder,Catch Jeera Whole,0.489754400865512
Rajdhani White Lobia | Whole (500.0 GRAM),Kinder Schoko-Bons Crispy | Chocolate | Milky & Cocoa Filling,0.4896575096190203
Vikram Mills Sooji,Britannia The Original Bourbon | Creme Biscuit with Chocolate | Chocolatey Indulgence in every layer,0.4896501256025779
MDH Chicken Masala,Mangat Ram Unpolished Kala Chana (500.0 GRAM),0.4895795015140927
Orbit Sugar-Free Mixed Fruit Chewing Gum Tube,Catch Red Chilli Powder,0.48952252765953685
The Baker's Dozen Christmas Cake | Eggless/Veg,Britannia Gobbles Bar Cake Fruity Fun | Bakery Delight,0.48944695069642874
Catch Ajwain Seeds,Cadbury Brownie,0.4893156945189956
Christmas Non-woven Deer Snowman Santa Claus Headband | Party Propz,Colgate ZigZag Medium Bristle Toothbrush,0.489310271459634
Catch Turmeric Powder/Haldi,Britannia The Original Bourbon | Creme Biscuit with Chocolate | Chocolatey Indulgence in every layer,0.4892916196955162
"Disano Elbow Pasta, 100% Durum Wheat, No Maida",Cadbury Oreo Chocolate Flavour Creme Sandwich Biscuit,0.4892547393729427
Gala Steel Scrubber Cleaner,"Pitambari Shining Powder for Copper, Brass, Aluminium, Iron, Silver & Steel",0.4892363797009671
Annkoot Moong Special Papad,MDH Chunky Chat Masala,0.48918700123980663
Sunfeast Dark Fantasy Vanilla Creme | Dark Crunchy Biscuit with Smooth Vanilla Creme,Catch Super Garam Masala,0.48909043420676496
Skittles Original Bite-Size Fruit Candy Tube,Brooke Bond Red Label Tea,0.4888596401727714
Catch Sprinklers Black Salt,Tata Tea Agni Tea,0.48882960322176006
Britannia Pure Magic Choco Stars | Chunky Choco Topped Cookie,Tata Tea Agni Tea,0.4887727691788324
Korean Nongshim Shin Ramyun Noodle Soup Veg,Tata Tea Agni Tea,0.4886341495619354
MDH Chana Masala,Britannia Pure Magic Choco Stars | Chunky Choco Topped Cookie,0.48857687662520866
Happy Kitchen Stainless Steel Sharp Vegetable Knife Long Lasting Sharpness Ergonomic Easy To Clean,Durex Air Condom Ultra Thin Condoms | Lightweight & Comfortable,0.48857161006465943
Cadbury Oreo Vanilla Flavour Creme Sandwich Biscuit Mega Family Pack,Cadbury Gems Chocolate Mini Treats Pack | Fun & Enjoyable,0.4884082764239463
Haldiram's Ready To Eat Pav Bhaji | Convenient & Tasty,Britannia The Original Bourbon | Creme Biscuit with Chocolate | Chocolatey Indulgence in every layer,0.48840313886505016
Sunfeast Mom's Magic Rich Butter Cookies,Kinder Schoko-Bons Crispy | Chocolate | Milky & Cocoa Filling,0.4883780760365891
Marvel Premium Tea,Catch Super Garam Masala,0.48833191926537733
Catch Garlic Paste,Britannia Gobbles Bar Cake Fruity Fun | Bakery Delight,0.4882676536236128
Farmley Dark Choco| Orange Date Bites- No Added Sugar,Annkoot Moong Special Papad,0.48805346700083546
MDH Garam Masala,Kinder Creamy Milky And Cocoa | Extruded Rice,0.48798054218080483
Pringles Potato Chips | Sour Cream & Onion,Kinder Joy | Single Pack | Assorted,0.4879219359093147
Catch Garlic Paste,Tata Tea Premium Desh Ki Chai Black Tea,0.4878633022226554
Haldiram's Ready To Eat Pav Bhaji | Convenient & Tasty,MDH Deggi Mirch Powder,0.4877734606387358
Britannia Pure Magic Choco Stars | Chunky Choco Topped Cookie,"Maggi Nutri-licious Masala Veg Atta Noodles, Instant Noodles",0.48772383993552354
Catch Jeera Powder Pouch,Catch Super Garam Masala,0.4877200840345096
Tata Sampann Chilli Powder with Natural Oils Lal Mirchi Powder,"Maggi Nutri-licious Masala Veg Atta Noodles, Instant Noodles",0.48768216838392275
Winkies Cake Chocolate Cake Slice | Bakery Delight,Haldiram's Boondi Plain,0.4875765475626711
ENO - Lemon Fruit Salt Sixer Pack,Tata Tea Agni Tea,0.48746322901920625
MTR Vegetable Upma,Catch Jeera Whole,0.4871868810706731
Orbit Sugar-Free Mixed Fruit Chewing Gum Tube,Cadbury Oreo Vanilla Flavour Creme Sandwich Biscuit Mega Family Pack,0.4871155143121366
Catch Black Pepper Powder,"Maggi Nutri-licious Masala Veg Atta Noodles, Instant Noodles",0.48710250402039984
Bambino Vermicelli Premium,Catch Sprinkler Chat Masala,0.4870054809956976
Vikram Mills Roasted Dalia,Catch Super Garam Masala,0.48682833141953785
Se7en Self Adhesive Wall Hooks | Strong & Convenient,Ezee Small Garbage Bags 17 x 19 Inch,0.4866161986161986
MDH Garam Masala,Vikram Mills Sooji,0.4866138307074297
Parle Hide & Seek Chocolate Biscuits | Rich & Crunchy,Catch Super Garam Masala,0.4865483841329252
Fortune Unpolished Kala Chana Whole,Brooke Bond Red Label Tea,0.4864875109869673
MDH Haldi Powder,Britannia Pure Magic Choco Stars | Chunky Choco Topped Cookie,0.4863949805770714
Rajdhani Moong Chilka Dal (500.0 GRAM),Tata Tea Premium Desh Ki Chai Black Tea,0.4862012473472398
Superyou Chocolate Protein Wafer Bar,Britannia Pure Magic Choco Stars | Chunky Choco Topped Cookie,0.48615049956145084
Continental Xtra Instant Strong Coffee - Pouch,Parle Hide & Seek Chocolate Biscuits | Rich & Crunchy,0.48613613613613615
Cadbury Choco Bakes Choc Layered Cakes | Bakery Delight,Catch Super Garam Masala,0.4860122426628063
Sunfeast Mom's Magic Rich Butter Cookies,Tata Tea Premium Desh Ki Chai Black Tea,0.4859458627231474
Britannia Good Day Pista Badam Cookies | Trans Fat-free,Catch Ajwain Seeds,0.4858517808996736
Top Ramen Curry Veg Instant Noodles,"Maggi Nutri-licious Masala Veg Atta Noodles, Instant Noodles",0.48577653959180067
Cadbury Oreo Strawberry Flavour Creme Sandwich Biscuit,Sunfeast Dark Fantasy Vanilla Creme | Dark Crunchy Biscuit with Smooth Vanilla Creme,0.48573457578480994
MDH Chicken Masala,Britannia Pure Magic Choco Stars | Chunky Choco Topped Cookie,0.4855490762630243
Nutrisum Whole Wheat Rusk - No Added Sugar- Elaichi,Cadbury Oreo Vanilla Flavour Creme Sandwich Biscuit Mega Family Pack,0.4855419404837603
Bikaji Manbhawan Soan Papdi | Authentic Indian Sweet,"Maggi Nutri-licious Masala Veg Atta Noodles, Instant Noodles",0.4853829858195146
Nescafe Classic - Instant Coffee Powder - 100% Pure Coffee,Tata Tea Agni Tea,0.48522715916132
Nutrisum Whole Wheat Rusk - No Added Sugar- Elaichi,Tata Tea Agni Tea,0.48522715916132
"Colgate MaxFresh Toothpaste, Red Gel Paste with Menthol for Super Fresh Breath (Spicy Fresh)",NIVEA Nourishing Body Lotion Body Milk|48 H Moisturization|2X Almond Oil|For Very Dry Skin,0.48518779054403616
DeHaat HF Pesticide Free Saunf | Fennel,Catch Super Garam Masala,0.4851783766152541
Tata Sampann Coriander Powder With Natural Oils Dhania Powder,Britannia Pure Magic Choco Stars | Chunky Choco Topped Cookie,0.48513619439545363
Daily Good Tamarind / Imli,Catch Super Garam Masala,0.4850916524439045
Tops Hakka Noodle Plain,Catch Red Chilli Powder,0.485061056521374
Fogg Marco Body Spray For Men,Beco Super Soft Facial Tissue paper | Carbox | 2 ply,0.4850101225181509
Sunfeast Dark Fantasy Vanilla Creme | Dark Crunchy Biscuit with Smooth Vanilla Creme,Nutraj Classic Green Cardamom (Elaichi) - Pouch,0.4849883630410504
Orbit Sugar Free Spearmint Flavour Chewing Gum Tube,Brooke Bond Red Label Tea,0.4849798017587019
Haldirams Cookie Heaven Kaju Cookies,Catch Jeera Whole,0.48479625732469134
Marvel Premium Tea,Tata Tea Agni Tea,0.48469355158159716
Badshah Chat Masala,Kinder Schoko-Bons Crispy | Chocolate | Milky & Cocoa Filling,0.4845882293894931
Superyou Chocolate Protein Wafer Bar,Parle-G Original Gluco Biscuits,0.4845482308552316
Britannia 5050 Potazos Masti Masala Spicy Flavoured Crisps | Potato and Biscuit ka tasty combination,Nutraj Classic Green Cardamom (Elaichi) - Pouch,0.48449587368629854
Kinder Creamy Milky And Cocoa | Extruded Rice,Nutraj Classic Green Cardamom (Elaichi) - Pouch,0.48449587368629854
Electral Orange Flavour Powder 21.80Gm,Tata Tea Agni Tea,0.48443796929451083
Britannia Tiger Krunch Biscuits Loaded With Choco Chips,Catch Turmeric Powder/Haldi,0.48436537393982215
Haldiram's Boondi Plain,Mangat Ram Unpolished Kala Chana (500.0 GRAM),0.4843485373111325
"Pitambari Shining Powder for Copper, Brass, Aluminium, Iron, Silver & Steel",Gala Steel Scrubber Cleaner,0.4842865050142503
Gits Mini Gulab Jamun Tin | Authentic Indian Sweet,Vikram Mills Sooji,0.48420152569827496
Vikram Mills Sooji,Bevzilla Assorted Instant Coffee Powder Sachets,0.48419180516080673
Catch Dhania Powder,Catch Red Chilli Powder,0.4841318612369933
Eastern Chicken Masala,Sunfeast Dark Fantasy Vanilla Creme | Dark Crunchy Biscuit with Smooth Vanilla Creme,0.4841004813330528
Britannia Nutrichoice High-Fibre Digestive Biscuits,"Maggi Nutri-licious Masala Veg Atta Noodles, Instant Noodles",0.4840943584235336
Catch Sprinkler Chat Masala,Tata Tea Premium Desh Ki Chai Black Tea,0.48408613879385864
Catch Ajwain Seeds,Sunfeast Dark Fantasy Creme | Made With Real Chocolate,0.4840711406999285
Kinder Creamy Milky And Cocoa | Extruded Rice,Parle Hide & Seek Chocolate Biscuits | Rich & Crunchy,0.4840073213868975
Cadbury Oreo Chocolate Flavour Creme Sandwich Biscuit Family Pack,Tata Tea Premium Desh Ki Chai Black Tea,0.48399995646542815
Bevzilla Assorted Instant Coffee Powder Sachets,Britannia Pure Magic Choco Stars | Chunky Choco Topped Cookie,0.4838604358158816
Tata Sampann Coriander Powder With Natural Oils Dhania Powder,"Maggi Nutri-licious Masala Veg Atta Noodles, Instant Noodles",0.48376504253344954
Britannia Gobbles Bar Cake Fruity Fun | Bakery Delight,Nutraj Classic Green Cardamom (Elaichi) - Pouch,0.4831964365751724
Skittles Original Bite-Size Fruit Candy Tube,"Maggi Nutri-licious Masala Veg Atta Noodles, Instant Noodles",0.48308844806836776
TMI COLMAN Ajwain/Bishop Seeds,Catch Super Garam Masala,0.483084458068452
Catch Kashmiri Mirch Powder,Cadbury Oreo Chocolate Flavour Creme Sandwich Biscuit,0.48307950825932816
UNIBIC Choco Chip Cookies,Britannia The Original Bourbon | Creme Biscuit with Chocolate | Chocolatey Indulgence in every layer,0.483009729969608
Catch Dhania Powder,Cadbury Oreo Vanilla Flavour Creme Sandwich Biscuit Mega Family Pack,0.4828390628190912
Annkoot Urad Punjabi Masala Papad,Britannia Gobbles Bar Cake Fruity Fun | Bakery Delight,0.4827191575597081
Winkies Cake Chocolate Cake Slice | Bakery Delight,Catch Jeera Whole,0.4826393248238823
Britannia Milk Bikis Biscuits,TMI COLMAN Green Cardamom | Elaichi ,0.48260261087021367
MDH Chana Masala,Catch Jeera Whole,0.4825357985851813
Mangat Ram Safed Chana - Medium Size,Britannia Pure Magic Choco Stars | Chunky Choco Topped Cookie,0.4825332434912042
Tata Tea Premium Desh Ki Chai Black Tea,"Maggi Nutri-licious Masala Veg Atta Noodles, Instant Noodles",0.4825320917762975
Mother's Recipe Tamarind Paste,Rajdhani Rajma Chitra,0.4825000117667547
Rajdhani Raw Peanuts Premium Quality Groundnuts,Catch Super Garam Masala,0.48247990493455817
MDH Chicken Masala,Haldiram's Ready To Eat Dal Makhani | Savoury & Creamy,0.4824776014109347
Britannia Tiger Krunch Biscuits Loaded With Choco Chips,Catch Super Garam Masala,0.48245759372508135
Se7en Self Adhesive Wall Hooks | Strong & Convenient,Hicks N95 Mask White,0.4823333645882169
Parle Elaichi Rusk,Tata Tea Premium Desh Ki Chai Black Tea,0.4823194010610343
Vikram Mills Rawa,Cadbury Gems Surprise Ball Chocolate | Colourful & Fun,0.482307334209261
Catch Sprinklers Black Salt,Catch Red Chilli Powder,0.48211772486772486
Rajdhani Rajma Chitra,Catch Super Garam Masala,0.482090928887169
MAGGI Pazzta Instant Pasta - Mushroom Penne,Tata Sampann Turmeric Powder With Natural Oils Haldi Powder,0.4819111382566972
Catch Jeera Whole,Tata Tea Agni Tea,0.48189892209500057
Britannia Gobbles Bar Cake Fruity Fun | Bakery Delight,MDH Deggi Mirch Powder,0.4817449504138681
Centrum Recharge Kids Powder Energy Drink Mix,Catch Jeera Whole,0.4817431511239823
Catch Masala Amchur Powder,Catch Super Garam Masala,0.4817328392753045
Uttam Double Refined Sulphurfree Bura Sugar,Fortune Unpolished Kala Chana Whole,0.48171902472420614
Mangat Ram Unpolished Moong Chilka (500.0 GRAM),Daily Good Tamarind / Imli,0.4816853946428131
MDH Deggi Mirch Powder,Nutraj Classic Green Cardamom (Elaichi) - Pouch,0.4815461903531029
Catch Masala Amchur Powder,Britannia The Original Bourbon | Creme Biscuit with Chocolate | Chocolatey Indulgence in every layer,0.48142595116697795
Catch Sabzi Masala,Brooke Bond Red Label Tea,0.4813706497456137
Continental Xtra Instant Strong Coffee - Pouch,Mangat Ram Unpolished Kala Chana (500.0 GRAM),0.4812865637993955
Daily Good Tamarind / Imli,Cadbury Choclairs Gold Candy | Toffee Candy,0.4812183312613645
Gits Mini Rasgulla Tin | Soft & Juicy Sweet,Tata Tea Premium Desh Ki Chai Black Tea,0.48118984742857285
Catch Red Chilli Powder,Catch Jeera Whole,0.48100878656434215
Britannia Pure Magic Choco Stars | Chunky Choco Topped Cookie,MDH Deggi Mirch Powder,0.48095951803363846
Pringles Potato Chips | Sour Cream & Onion,Winkies Cake Chocolate Cake Slice | Bakery Delight,0.4809112664843556
Christmas Non-woven Deer Snowman Santa Claus Headband | Party Propz,Durex Air Condom Ultra Thin Condoms | Lightweight & Comfortable,0.48084326995722304
Badshah Pav Bhaji Masala,Winkies Swiss Roll Chocolate | Soft & Tasty,0.48054069373591585
Badshah Coriander Powder,Catch Super Garam Masala,0.48041302327729013
Catch Black Pepper Sprinkler,Tata Tea Premium Desh Ki Chai Black Tea,0.48039474263700777
Himalaya Koflet Lozenges | Relief from  Cough & Sore Throat,Catch Red Chilli Powder,0.4803517258755354
Dabur Herb'l Neem - Germ Protection Toothpaste ,"Pitambari Shining Powder for Copper, Brass, Aluminium, Iron, Silver & Steel",0.4801852684893621
Electral Ors Pouch,Catch Red Chilli Powder,0.48017658547961584
Continental Xtra Instant Strong Coffee - Pouch,Britannia Milk Bikis Biscuits,0.48017540907966955
Mangat Ram Unpolished Masoor Sabut,Catch Super Garam Masala,0.4801512415917335
Badshah Kashmiri Chilli Powder,Cadbury Gems Chocolate Mini Treats Pack | Fun & Enjoyable,0.4800635582972145
Catch Compounded Hing,Catch Red Chilli Powder,0.4800504555648588
Catch Ajwain Seeds,Tata Tea Agni Tea,0.47998125316344264
Haldirams Cookie Heaven Kaju Cookies,"Maggi Nutri-licious Masala Veg Atta Noodles, Instant Noodles",0.47995586897019404
Vikram Mills Rawa,Cadbury Oreo Vanilla Flavour Creme Sandwich Biscuit Mega Family Pack,0.4798407197200539
Daadi'S Kaju Katli,Britannia The Original Bourbon | Creme Biscuit with Chocolate | Chocolatey Indulgence in every layer,0.47977679771106996
Himalaya Koflet Lozenges | Relief from  Cough & Sore Throat,Cadbury Oreo Vanilla Flavour Creme Sandwich Biscuit Mega Family Pack,0.4797058698690787
DeHaat HF Pesticide Free Saunf | Fennel,Sunfeast Mom's Magic Rich Butter Cookies,0.47969815284414474
Mangat Ram Unpolished Masoor Sabut,Brooke Bond Red Label Tea,0.47968911301224326
Vikram Mills Sooji,MDH Deggi Mirch Powder,0.4796596274443583
Annkoot Urad Punjabi Masala Papad,Britannia Pure Magic Choco Stars | Chunky Choco Topped Cookie,0.47950598711040004
Badshah Kashmiri Chilli Powder,Brooke Bond Red Label Tea,0.4794713891955167
Haldiram's Ready To Eat Dal Makhani | Savoury & Creamy,MDH Chunky Chat Masala,0.47945885064696947
Britannia Pure Magic Choco Stars | Chunky Choco Topped Cookie,Nutraj Classic Green Cardamom (Elaichi) - Pouch,0.4792014116131598
MDH Hing Compounded,Rajdhani Moong Chilka Dal (500.0 GRAM),0.47910022193428725
Badshah Turmeric Powder,Tata Tea Agni Tea,0.479073916200941
Electral Orange Flavour Powder 21.80Gm,Britannia The Original Bourbon | Creme Biscuit with Chocolate | Chocolatey Indulgence in every layer,0.47902138365521296
Catch Masala Amchur Powder,"Maggi Nutri-licious Masala Veg Atta Noodles, Instant Noodles",0.4789634043941597
Rajdhani Rajma Chitra,Kinder Schoko-Bons Crispy | Chocolate | Milky & Cocoa Filling,0.47879507599808036
MDH Chana Masala,Haldiram's Ready To Eat Dal Makhani | Savoury & Creamy,0.47864841409814957
MOM Roasted Masala Cashews | Crunchy Snack Nuts,Cadbury Brownie | Rich & Fudgy,0.47858037248718255
Catch Turmeric Powder/Haldi,Catch Red Chilli Powder,0.47842919014371366
Britannia Good Day Chunkies Choc Chip Cookies,Tata Tea Agni Tea,0.47842388375019335
Electral Orange Flavour Powder 21.80Gm,Nutraj Classic Green Cardamom (Elaichi) - Pouch,0.4783789247449116
Cadbury Choco Bakes Choc Chip Cookies | Chocolatey & Crunchy,Tata Tea Agni Tea,0.47823097089384253
Fogg Marco Body Spray For Men,Dabur Herb'l Neem - Germ Protection Toothpaste ,0.47809347809347824
Pringles Potato Chips | Sour Cream & Onion,Sunfeast Dark Fantasy Vanilla Creme | Dark Crunchy Biscuit with Smooth Vanilla Creme,0.47797262713896355
Catch Ajwain Seeds,Cadbury Brownie | Rich & Fudgy,0.4779005708217178
Haldiram's Boondi Plain,Britannia 5050 Maska Chaska Biscuit,0.4778919177229769
Rajdhani Moong Chilka Dal (500.0 GRAM),Britannia Gobbles Bar Cake Fruity Fun | Bakery Delight,0.47786282800679347
Badshah Amchur Powder,Catch Jeera Whole,0.47769148458803634
Britannia Milk Bikis Biscuits,Britannia Pure Magic Choco Stars | Chunky Choco Topped Cookie,0.4776573461954473
Badshah Pav Bhaji Masala,Rajdhani Raw Peanuts Premium Quality Groundnuts,0.4776147216398789
MDH Chicken Masala,Britannia The Original Bourbon | Creme Biscuit with Chocolate | Chocolatey Indulgence in every layer,0.47757454355764206
"ACT II Instant Popcorn | Classic Salted, Combo Pack of 3, Hot & Fresh in 3 Mins",Catch Red Chilli Powder,0.47753492997522073
Sunfeast Dark Fantasy Vanilla Creme | Dark Crunchy Biscuit with Smooth Vanilla Creme,MDH Deggi Mirch Powder,0.4775230256711738
Continental Xtra Instant Strong Coffee - Pouch,Britannia The Original Bourbon | Creme Biscuit with Chocolate | Chocolatey Indulgence in every layer,0.47733587561983226
Annkoot Urad Punjabi Masala Papad,Catch Super Garam Masala,0.47733345261525617
Catch Hing (Bottle),Catch Super Garam Masala,0.47733345261525606
Catch Ajwain Seeds,Catch Super Garam Masala,0.47733345261525606
Colgate Visible White Purple Toothpaste | Color-Corrects Yellow Tones,Vicks Inhaler,0.47731540911900355
Sunfeast Dark Fantasy Creme | Made With Real Chocolate,Sunfeast Dark Fantasy Vanilla Creme | Dark Crunchy Biscuit with Smooth Vanilla Creme,0.4773142626387722
Tops Hakka Noodle Plain,Tata Tea Premium Desh Ki Chai Black Tea,0.4772009094579376
Badshah Pav Bhaji Masala,Catch Red Chilli Powder,0.47712955227575116
Rajdhani Masoor Malka Dal (500.0 GRAM),Catch Red Chilli Powder,0.47712955227575105
Badshah Coriander Powder,Kinder Schoko-Bons Crispy | Chocolate | Milky & Cocoa Filling,0.4770547940317085
Tata Tea Agni Tea,Catch Super Garam Masala,0.47696879757124144
Britannia Treat Orange Creme Sandwich Biscuits | Trans Fat-free,Catch Red Chilli Powder,0.4768858701755081
MDH Garam Masala,Cadbury Brownie | Rich & Fudgy,0.4767791145710467
Ezee Medium Garbage Bags 19x 21 Inch,Vicks Inhaler,0.47666976508734493
Britannia Gobbles Bar Cake Fruity Fun | Bakery Delight,Gits Mini Gulab Jamun Tin | Authentic Indian Sweet,0.4766313266942673
Daadi'S Kaju Katli,Sunfeast Dark Fantasy Vanilla Creme | Dark Crunchy Biscuit with Smooth Vanilla Creme,0.4765799330039433
Orbit Sugar-Free Mixed Fruit Chewing Gum Tube,Rajdhani Masoor Malka Dal (500.0 GRAM),0.47655395799440115
MOM Roasted Masala Cashews | Crunchy Snack Nuts,Britannia Pure Magic Choco Stars | Chunky Choco Topped Cookie,0.4764879931152587
Farmley Dark Choco| Orange Date Bites- No Added Sugar,Vikram Mills Sooji,0.47637961465260203
Catch Red Chilli Powder,Catch Coriander Powder,0.4760821521109587
Malkist Cheese Crunchy Layered Crackers,Tata Tea Agni Tea,0.4760554486821232
Orbit Sugar-Free Mixed Fruit Chewing Gum Tube,Tata Tea Agni Tea,0.4759957926108597
Catch Coriander Powder,Catch Super Garam Masala,0.47581810832123944
MDH Deggi Mirch Powder,Vikram Mills Sooji,0.47570110786631437
Cadbury Oreo Chocolate Flavour Creme Sandwich Biscuit Family Pack,Tata Tea Agni Tea,0.47560390557361704
Rajdhani Masoor Malka Dal (500.0 GRAM),Rajdhani Raw Peanuts Premium Quality Groundnuts,0.4753294837372957
Catch Sprinkler Chat Masala,Nutraj Classic Green Cardamom (Elaichi) - Pouch,0.4751575178442724
Orbit Sugar-Free Mixed Fruit Chewing Gum Tube,Catch Compounded Hing,0.47491555925604
Farmley Dark Choco| Orange Date Bites- No Added Sugar,Catch Dry Ginger Powder,0.4748893442850558
Cadbury Oreo Vanilla Flavour Creme Sandwich Biscuit Family Pack,Tata Tea Premium Desh Ki Chai Black Tea,0.4748704527820994
Catch Black Pepper Powder,Tata Tea Premium Desh Ki Chai Black Tea,0.47459487509913423
Bebe Solid Jaggery,Brooke Bond Red Label Tea,0.4742024728307307
Tata Tea Gold Natural Black Tea,Catch Compounded Hing,0.4742024728307307
MDH Deggi Mirch Powder,MDH Chunky Chat Masala,0.47414515494499965
Mangat Ram Unpolished Moong Chilka (500.0 GRAM),Tata Tea Agni Tea,0.4741380031249312
Cadbury Oreo Vanilla Flavour Creme Sandwich Biscuit Mega Family Pack,Rajdhani Rajma Chitra,0.4737030167075092
Bevzilla Assorted Instant Coffee Powder Sachets,Parle Hide & Seek Chocolate Biscuits | Rich & Crunchy,0.4736116890923383
Badshah Coriander Powder,Brooke Bond Red Label Tea,0.4735905986722394
Sunfeast Dark Fantasy Creme | Made With Real Chocolate,Tata Tea Agni Tea,0.4735309122118392
Rajdhani Moong Chilka Dal (500.0 GRAM),Catch Coriander Powder,0.47350315887092104
Catch Chicken Masala,Catch Compounded Hing,0.4734615314669327
Britannia Nutrichoice High-Fibre Digestive Biscuits,Catch Jeera Whole,0.4733466996987155
Britannia Gobbles Fruit Cake | Bakery Delight,Mangat Ram Unpolished Kala Chana (500.0 GRAM),0.4732488833310857
"ACT II Instant Popcorn | Classic Salted, Combo Pack of 3, Hot & Fresh in 3 Mins",Catch Dhania Powder,0.4732352653562998
Haldiram's Sweetness Besan Laddu - Dry Fruits,Catch Jeera Whole,0.47317012485736765
Tops Hakka Noodle Plain,Brooke Bond Red Label Tea,0.47311858146426045
Badshah Kitchen King Masala,Catch Red Chilli Powder,0.473113310253228
Sunfeast Dark Fantasy Creme | Made With Real Chocolate,Parle Hide & Seek Chocolate Biscuits | Rich & Crunchy,0.4731091973516216
Bevzilla Assorted Instant Coffee Powder Sachets,Britannia The Original Bourbon | Creme Biscuit with Chocolate | Chocolatey Indulgence in every layer,0.47308991043407533
Badshah Amchur Powder,Kinder Creamy Milky And Cocoa | Extruded Rice,0.4730296005925533
Aashirvaad Turmeric/Haldi Powder,Tata Tea Agni Tea,0.47302500311759577
Nutrisum Whole Wheat Rusk - No Added Sugar- Elaichi,Catch Super Garam Masala,0.4729542466279602
Orbit Sugar Free Spearmint Flavour Chewing Gum Tube,Catch Red Chilli Powder,0.47293988162043715
Mother's Recipe Tamarind Paste,Tata Tea Agni Tea,0.47293377360879774
Nescafe Classic - Instant Coffee Powder - 100% Pure Coffee,Cadbury Oreo Chocolate Flavour Creme Sandwich Biscuit,0.4728980656106689
Britannia Milk Bikis Biscuits,Winkies Cake Chocolate Cake Slice | Bakery Delight,0.47282267438339476
Britannia Little Hearts Classic Crunch Biscuits,"Maggi Nutri-licious Masala Veg Atta Noodles, Instant Noodles",0.47262351691084586
Badshah Kashmiri Chilli Powder,Kinder Schoko-Bons Crispy | Chocolate | Milky & Cocoa Filling,0.47255100875762557
Himalaya Koflet Lozenges | Relief from  Cough & Sore Throat,Tata Tea Premium Desh Ki Chai Black Tea,0.47247614797815607
Bournvita Chocolate | Cereal Based Drink Mix Jar,Catch Super Garam Masala,0.47226787311811463
Cadbury Gems Surprise Ball Chocolate | Colourful & Fun,Catch Dhania Powder,0.4722265037994517
Brooke Bond Red Label Tea,Tata Tea Agni Tea,0.47218182129385666
Tata Sampann Turmeric Powder With Natural Oils,Britannia Gobbles Bar Cake Fruity Fun | Bakery Delight,0.47214248890152
Catch Red Chilli Powder,"Maggi Nutri-licious Masala Veg Atta Noodles, Instant Noodles",0.47213607516485695
Pulse Kachcha Aam Candies | Tangy & Sweet,Catch Super Garam Masala,0.4720880300590445
Catch Dhania Powder,Kinder Schoko-Bons Crispy | Chocolate | Milky & Cocoa Filling,0.47202124305274035
Britannia 5050 Maska Chaska Biscuit,Britannia Milk Bikis Biscuits,0.47195437656922096
Dabur Herb'l Neem - Germ Protection Toothpaste ,Colgate Visible White Purple Toothpaste | Color-Corrects Yellow Tones,0.47188683960613786
MAGGI Pazzta Instant Pasta - Mushroom Penne,Catch Jeera Whole,0.4718801526587415
MOM Roasted Masala Cashews | Crunchy Snack Nuts,Catch Super Garam Masala,0.4718044937046547
Se7en Self Adhesive Wall Hooks | Strong & Convenient,Dabur Herb'l Neem - Germ Protection Toothpaste ,0.471718898385565
Haldiram's Ready To Eat Pav Bhaji | Convenient & Tasty,Catch Jeera Whole,0.47169893908245164
Se7en Self Adhesive Wall Hooks | Strong & Convenient,Durex Extra Time Condom | Personal Care Product,0.4716762455126521
Catch Hing (Bottle),Tata Tea Agni Tea,0.47163375310842626
MOM Roasted Masala Cashews | Crunchy Snack Nuts,Kinder Joy | Single Pack | Assorted,0.4714832479538362
"ACT II Instant Popcorn | Classic Salted, Combo Pack of 3, Hot & Fresh in 3 Mins",Cadbury Gems Chocolate Mini Treats Pack | Fun & Enjoyable,0.4714541840514196
Catch Sabzi Masala,Catch Compounded Hing,0.4714454817096218
Pringles Potato Chips | Sour Cream & Onion,Parle Hide & Seek Chocolate Biscuits | Rich & Crunchy,0.47140473807140476
"ACT II Instant Popcorn | Classic Salted, Combo Pack of 3, Hot & Fresh in 3 Mins",Tata Tea Premium Desh Ki Chai Black Tea,0.4713722317445621
Electral Ors Pouch,Cadbury Oreo Vanilla Flavour Creme Sandwich Biscuit Mega Family Pack,0.4713243758258219
Mangat Ram Safed Chana - Medium Size,Sunfeast Dark Fantasy Vanilla Creme | Dark Crunchy Biscuit with Smooth Vanilla Creme,0.47131191605843165
Britannia The Original Bourbon | Creme Biscuit with Chocolate | Chocolatey Indulgence in every layer,MDH Deggi Mirch Powder,0.4711187970232433
Rajdhani Raw Peanuts Premium Quality Groundnuts,Rajdhani Masoor Malka Dal (500.0 GRAM),0.47110451307736984
Ezee Medium Garbage Bags 19x 21 Inch,Gala Steel Scrubber Cleaner,0.4709599638746177
Britannia 5050 Maska Chaska Biscuit,Britannia Nutrichoice High-Fibre Digestive Biscuits,0.4709325216180892
Cadbury Oreo Strawberry Flavour Creme Sandwich Biscuit,Parle Hide & Seek Chocolate Biscuits | Rich & Crunchy,0.4708809550291032
Catch Jeera Powder Pouch,Britannia Pure Magic Choco Stars | Chunky Choco Topped Cookie,0.4708493880507094
Winkies Swiss Roll Chocolate | Soft & Tasty,Cadbury Oreo Vanilla Flavour Creme Sandwich Biscuit Mega Family Pack,0.4708029105589507
"ACT II Instant Popcorn | Classic Salted, Combo Pack of 3, Hot & Fresh in 3 Mins",Orbit Sugar Free Spearmint Flavour Chewing Gum Tube,0.47071598644807366
Catch Meat Masala,Brooke Bond Red Label Tea,0.470657033781529
Bebe Solid Jaggery,Tata Tea Agni Tea,0.4706400031018768
Catch Sabzi Masala,Tata Tea Agni Tea,0.47056604961301723
Durex Mutual Climax Condom | Long Lasting Dotted Condoms,Santa Design Christmas Goggles for Kids & Adults | Party Propz,0.47053140096618357
Badshah Coriander Powder,Tata Tea Agni Tea,0.47047587406853697
Badshah Kitchen King Masala,"Maggi Nutri-licious Masala Veg Atta Noodles, Instant Noodles",0.47032712468529814
Catch Garlic Paste,Catch Super Garam Masala,0.47027926366035094
Catch Black Pepper Sprinkler,Tata Tea Agni Tea,0.4700715114780182
Orbit Sugar-Free Mixed Fruit Chewing Gum Tube,"Maggi Nutri-licious Masala Veg Atta Noodles, Instant Noodles",0.47005510205679313
Rajdhani White Lobia | Whole (500.0 GRAM),Cadbury Oreo Vanilla Flavour Creme Sandwich Biscuit Mega Family Pack,0.46990193579338946
Nescafe Classic - Instant Coffee Powder - 100% Pure Coffee,Brooke Bond Red Label Tea,0.469851991428614
Catch Hing (Bottle),Britannia Pure Magic Choco Stars | Chunky Choco Topped Cookie,0.46965312436155615
Electral Ors Pouch,Parle Hide & Seek Chocolate Biscuits | Rich & Crunchy,0.4695785316997439
Catch Sprinkler Chat Masala,Britannia The Original Bourbon | Creme Biscuit with Chocolate | Chocolatey Indulgence in every layer,0.46955876867196633
MDH Deggi Mirch Powder,"Maggi Nutri-licious Masala Veg Atta Noodles, Instant Noodles",0.4695366589295245
Bebe Solid Jaggery,Kinder Schoko-Bons Crispy | Chocolate | Milky & Cocoa Filling,0.46948249571374484
Haldiram's Ready To Eat Pav Bhaji | Convenient & Tasty,Pringles Potato Chips | Sour Cream & Onion,0.46941320259822306
MOM Roasted Masala Cashews | Crunchy Snack Nuts,Tata Tea Premium Desh Ki Chai Black Tea,0.4692837415728982
"Disano Elbow Pasta, 100% Durum Wheat, No Maida",Tata Tea Agni Tea,0.4692648679576785
Gits Mini Rasgulla Tin | Soft & Juicy Sweet,Parle Hide & Seek Chocolate Biscuits | Rich & Crunchy,0.4692312531110346
Catch Sprinkler Chat Masala,Tata Tea Agni Tea,0.46917231078451127
Top Ramen Curry Veg Instant Noodles,Brooke Bond Red Label Tea,0.46907595961093906
Catch Meat Masala,Cadbury Oreo Vanilla Flavour Creme Sandwich Biscuit Mega Family Pack,0.4690338274573226
Ferrero Rocher Moments Pack | Premium Chocolate,Catch Jeera Whole,0.4689835669002336
Britannia The Original Bourbon | Creme Biscuit with Chocolate | Chocolatey Indulgence in every layer,Catch Turmeric Powder/Haldi,0.46897986150592924
Brooke Bond Red Label Tea,Catch Red Chilli Powder,0.46895102306624936
Catch Turmeric Powder/Haldi,Catch Super Garam Masala,0.4689054141260622
Saffola Masala Oats |Classic Masala | Anytime Snack | Ready in 3 mins | Millets Goodness,Kinder Schoko-Bons Crispy | Chocolate | Milky & Cocoa Filling,0.46889490810959744
Bournvita Chocolate | Cereal Based Drink Mix Jar,"Maggi Nutri-licious Masala Veg Atta Noodles, Instant Noodles",0.46887996430165113
Britannia Good Day Pista Badam Cookies | Trans Fat-free,"Maggi Nutri-licious Masala Veg Atta Noodles, Instant Noodles",0.468879964301651
Continental Speciale Instant Coffee | Sachet,Tata Tea Premium Desh Ki Chai Black Tea,0.4688749578258835
Cadbury Choclairs Gold Candy | Toffee Candy,Sunfeast Dark Fantasy Vanilla Creme | Dark Crunchy Biscuit with Smooth Vanilla Creme,0.46872462700201234
Britannia Gobbles Fruit Cake | Bakery Delight,Kinder Joy Disney Princess | Single Pack,0.4684496939229166
Badshah Pav Bhaji Masala,Catch Super Garam Masala,0.4683610192954205
Gala Steel Scrubber Cleaner,Beco Super Soft Facial Tissue paper | Carbox | 2 ply,0.46835455512398355
Aashirvaad Turmeric/Haldi Powder,Brooke Bond Red Label Tea,0.4682749419203466
Mangat Ram Unpolished Moong Chilka (500.0 GRAM),Cadbury Oreo Chocolate Flavour Creme Sandwich Biscuit,0.46790167235793717
Gits Mini Rasgulla Tin | Soft & Juicy Sweet,Vikram Mills Sooji,0.46777592614123253
MAGGI Pazzta Instant Pasta - Mushroom Penne,"Maggi Nutri-licious Masala Veg Atta Noodles, Instant Noodles",0.4677391371379
Ezee Small Garbage Bags 17 x 19 Inch,Vicks Inhaler,0.46773413277478315
MDH Chana Masala,MDH Chicken Masala,0.4676268861454047
Catch Turmeric Powder/Haldi,Britannia Pure Magic Choco Stars | Chunky Choco Topped Cookie,0.4676235084395097
Gits Mini Rasgulla Tin | Soft & Juicy Sweet,"Maggi Nutri-licious Masala Veg Atta Noodles, Instant Noodles",0.46759887150301266
Orbit Sugar-Free Mixed Fruit Chewing Gum Tube,Catch Super Garam Masala,0.4675919535822917
Himalaya Koflet Lozenges | Relief from  Cough & Sore Throat,Kinder Schoko-Bons Crispy | Chocolate | Milky & Cocoa Filling,0.4672731663221508
Badshah Kitchen King Masala,Kinder Schoko-Bons Crispy | Chocolate | Milky & Cocoa Filling,0.46718111093083436
The Baker's Dozen Christmas Cake | Eggless/Veg,"Maggi Nutri-licious Masala Veg Atta Noodles, Instant Noodles",0.46697394818660376
Nutrisum Whole Wheat Rusk - No Added Sugar- Elaichi,Rajdhani Masoor Malka Dal (500.0 GRAM),0.46694868639178955
Haldirams Cookie Heaven Kaju Cookies,Tata Tea Agni Tea,0.46693417630579903
Catch Sprinkler Chat Masala,Britannia Pure Magic Choco Stars | Chunky Choco Topped Cookie,0.46687411179136945
Malkist Cheese Crunchy Layered Crackers,Britannia The Original Bourbon | Creme Biscuit with Chocolate | Chocolatey Indulgence in every layer,0.4668498461739758
TMI COLMAN Jeera Sabut/Cumin Whole,Britannia Gobbles Bar Cake Fruity Fun | Bakery Delight,0.46670477792502574
Britannia Gobbles Fruit Cake | Bakery Delight,Britannia Nutrichoice High-Fibre Digestive Biscuits,0.46661203976838195
Maggi Special Masala Instant Noodles,Britannia Gobbles Bar Cake Fruity Fun | Bakery Delight,0.4664195496421075
Britannia Pure Magic Choco Stars | Chunky Choco Topped Cookie,Bevzilla Assorted Instant Coffee Powder Sachets,0.466050251737469
Catch Kashmiri Mirch Powder,Tata Tea Agni Tea,0.4660391520077238
Catch Black Pepper Powder,Catch Super Garam Masala,0.46601933490432434
NIVEA Nourishing Body Lotion Body Milk|48 H Moisturization|2X Almond Oil|For Very Dry Skin,Ezee Small Garbage Bags 17 x 19 Inch,0.4660134966586579
Mangat Ram Safed Chana - Medium Size,Gits Mini Gulab Jamun Tin | Authentic Indian Sweet,0.4659178743961352
MyFitness Chocolate Peanut Butter Crunchy Spread | High Protein,Britannia 5050 Maska Chaska Biscuit,0.46585546084002877
Bevzilla Assorted Instant Coffee Powder Sachets,Catch Super Garam Masala,0.4658406728572644
Sunfeast Dark Fantasy Creme | Made With Real Chocolate,Britannia Pure Magic Choco Stars | Chunky Choco Topped Cookie,0.4657716935817087
TMI COLMAN Jeera Sabut/Cumin Whole,Parle Hide & Seek Chocolate Biscuits | Rich & Crunchy,0.46567973977136695
Brooke Bond Red Label Tea,Catch Compounded Hing,0.46558060968835374
Catch Compounded Hing,Brooke Bond Red Label Tea,0.46558060968835374
Vikram Mills Rawa,Catch Super Garam Masala,0.46557647102374744
Catch Ajwain Seeds,Britannia Gobbles Bar Cake Fruity Fun | Bakery Delight,0.46547918764686125
Haldirams Cookie Heaven Kaju Cookies,Catch Turmeric Powder/Haldi,0.4653360173507235
Catch Masala Amchur Powder,Tata Tea Agni Tea,0.4653058095183333
Catch Red Chilli Powder,Tata Tea Agni Tea,0.46507500306519906
Britannia Nutrichoice High-Fibre Digestive Biscuits,Britannia Gobbles Bar Cake Fruity Fun | Bakery Delight,0.46502148933059106
Cadbury Oreo Chocolate Flavour Creme Sandwich Biscuit Family Pack,Brooke Bond Red Label Tea,0.46494974165354575
Catch Compounded Hing,Cadbury Oreo Chocolate Flavour Creme Sandwich Biscuit,0.4648799526656107
Catch Garlic Paste,Parle Hide & Seek Chocolate Biscuits | Rich & Crunchy,0.4648574500426353
Rajdhani Raw Peanuts Premium Quality Groundnuts,Cadbury Oreo Vanilla Flavour Creme Sandwich Biscuit Mega Family Pack,0.46485033534278036
Parle Rusk Elachi,ENO - Lemon Fruit Salt Sixer Pack,0.4646988211938456
Badshah Kitchen King Masala,Cadbury Oreo Vanilla Flavour Creme Sandwich Biscuit Mega Family Pack,0.46469092164753256
MAGGI 2-Minute Instant Noodles | Masala Noodles | Made With Quality Spices,Catch Jeera Whole,0.4646726390961192
Rajdhani Raw Peanuts Premium Quality Groundnuts,Cadbury Oreo Chocolate Flavour Creme Sandwich Biscuit,0.4645729564704542
Nutrisum Whole Wheat Rusk - No Added Sugar- Elaichi,Catch Dhania Powder,0.4645520494782024
Nutraj Classic Green Cardamom (Elaichi) - Pouch,Britannia Pure Magic Choco Stars | Chunky Choco Topped Cookie,0.4643871310505922
Catch Black Pepper Powder,MDH Deggi Mirch Powder,0.4643757120851995
Electral Ors Pouch,Rajdhani Rajma Chitra,0.4643745417529773
Badshah Coriander Powder,Tata Tea Premium Desh Ki Chai Black Tea,0.4640935066430596
TMI COLMAN Ajwain/Bishop Seeds,Rajdhani Moong Chilka Dal (500.0 GRAM),0.463856888168218
Catch Black Pepper Powder,Britannia Gobbles Bar Cake Fruity Fun | Bakery Delight,0.46385569272233323
Catch Sprinkler Chat Masala,Sunfeast Dark Fantasy Vanilla Creme | Dark Crunchy Biscuit with Smooth Vanilla Creme,0.4632553021087149
Tata Tea Premium Desh Ki Chai Black Tea,Parle Hide & Seek Chocolate Biscuits | Rich & Crunchy,0.4632403487825175
Badshah Kitchen King Masala,Winkies Swiss Roll Chocolate | Soft & Tasty,0.4632305013182345
Catch Turmeric Powder,Catch Super Garam Masala,0.46318070873717576
MTR Vegetable Upma,Tata Tea Agni Tea,0.4631713791994418
Rajdhani Raw Peanuts Premium Quality Groundnuts,Brooke Bond Red Label Tea,0.4630184522451003
Rajdhani White Lobia | Whole (500.0 GRAM),Cadbury Oreo Chocolate Flavour Creme Sandwich Biscuit,0.4629870283074513
Ezee Medium Garbage Bags 19x 21 Inch,Ezee Small Garbage Bags 17 x 19 Inch,0.46281431933605843
The Baker's Dozen Christmas Cake | Eggless/Veg,Britannia 5050 Maska Chaska Biscuit,0.46275664402734573
Cadbury Choclairs Gold Candy | Toffee Candy,Tata Tea Premium Desh Ki Chai Black Tea,0.46272319996943256
Tata Sampann Turmeric Powder With Natural Oils Haldi Powder,Britannia 5050 Maska Chaska Biscuit,0.46261381790264583
Catch Jeera Whole,Catch Super Garam Masala,0.46258956218698577
Dabur Herb'l Neem - Germ Protection Toothpaste ,Se7en Self Adhesive Wall Hooks | Strong & Convenient,0.46248812915479587
Electral Orange Flavour Powder 21.80Gm,Parle-G Original Gluco Biscuits,0.4624545062712044
MOM Roasted Masala Cashews | Crunchy Snack Nuts,MDH Deggi Mirch Powder,0.46233946364665324
Tata Tea Gold Natural Black Tea,Catch Red Chilli Powder,0.4622120819063793
Marvel Premium Tea,Nutraj Classic Green Cardamom (Elaichi) - Pouch,0.46212900525821976
Malkist Cheese Crunchy Layered Crackers,Sunfeast Dark Fantasy Vanilla Creme | Dark Crunchy Biscuit with Smooth Vanilla Creme,0.46186425794559033
Marvel Premium Tea,Parle Hide & Seek Chocolate Biscuits | Rich & Crunchy,0.4616630070931146
Catch Masala Amchur Powder,Parle Hide & Seek Chocolate Biscuits | Rich & Crunchy,0.4616630070931146
Skittles Original Bite-Size Fruit Candy Tube,Unifit Royal Dates | Naturally Sweet and Nutritious |Premium Quality,0.46149600580973127
Marvel Premium Tea,Britannia Pure Magic Choco Stars | Chunky Choco Topped Cookie,0.46149537778455646
Catch Jeera Powder Pouch,Bevzilla Assorted Instant Coffee Powder Sachets,0.46147239913806537
Orbit Sugar Free Spearmint Flavour Chewing Gum Tube,Cadbury Oreo Vanilla Flavour Creme Sandwich Biscuit Mega Family Pack,0.4614265639334796
Eastern Chicken Masala,MDH Deggi Mirch Powder,0.46137151156758993
Parle Elaichi Rusk,Cadbury Oreo Vanilla Flavour Creme Sandwich Biscuit Mega Family Pack,0.46131135130827766
Bikaji Manbhawan Soan Papdi | Authentic Indian Sweet,Brooke Bond Red Label Tea,0.46124290214467356
Cadbury Choclairs Gold Candy | Toffee Candy,Catch Red Chilli Powder,0.461211969214008
Cadbury Choco Bakes Choc Chip Cookies | Chocolatey & Crunchy,Catch Compounded Hing,0.4612001469627913
"Colgate MaxFresh Toothpaste, Red Gel Paste with Menthol for Super Fresh Breath (Spicy Fresh)",Colgate Visible White Purple Toothpaste | Color-Corrects Yellow Tones,0.46070394053670005
Beco Super Soft Facial Tissue paper | Carbox | 2 ply,Gala Steel Scrubber Cleaner,0.4605097987243139
Electral Orange Flavour Powder 21.80Gm,Britannia Pure Magic Choco Stars | Chunky Choco Topped Cookie,0.46046825230754923
Badshah Kitchen King Masala,Cadbury Oreo Chocolate Flavour Creme Sandwich Biscuit,0.4602311531389546
NIVEA Nourishing Body Lotion Body Milk|48 H Moisturization|2X Almond Oil|For Very Dry Skin,Hicks N95 Mask White,0.460175481047946
UNIBIC Choco Chip Cookies,Catch Turmeric Powder/Haldi,0.45996724725767413
Catch Ajwain Seeds,"Maggi Nutri-licious Masala Veg Atta Noodles, Instant Noodles",0.4599256594278348
Tata Sampann Coriander Powder With Natural Oils Dhania Powder,TMI COLMAN Green Cardamom | Elaichi ,0.4597412272699629
Britannia Treat Jim Jam Naughty Jam creme Biscuits | Trans Fat-free,Catch Super Garam Masala,0.45958524204834844
"Maggi Nutri-licious Masala Veg Atta Noodles, Instant Noodles",Tata Tea Agni Tea,0.45957513555907137
Centrum Recharge Kids Powder Energy Drink Mix,"Maggi Nutri-licious Masala Veg Atta Noodles, Instant Noodles",0.4593353339850781
TMI COLMAN Jeera Sabut/Cumin Whole,"Maggi Nutri-licious Masala Veg Atta Noodles, Instant Noodles",0.4592505179573833
Catch Garlic Paste,Maggi Masala-ae-Magic Sabzi Masala,0.4592385367183155
Daadi'S Kaju Katli,Maggi Masala-ae-Magic Sabzi Masala,0.4592087160341129
Electral Orange Flavour Powder 21.80Gm,"Maggi Nutri-licious Masala Veg Atta Noodles, Instant Noodles",0.4591668200317487
Rajdhani Chana Kabuli (500.0 GRAM),Nutraj Arabian Premium Dates,0.45902696424459066
Rajdhani Raw Peanuts Premium Quality Groundnuts,Catch Compounded Hing,0.4589922048342734
MDH Chana Masala,"Maggi Nutri-licious Masala Veg Atta Noodles, Instant Noodles",0.4589565788137855
Skittles Original Bite-Size Fruit Candy Tube,Kinder Schoko-Bons Crispy | Chocolate | Milky & Cocoa Filling,0.45868690891391006
Cadbury Choco Bakes Choc Chip Cookies | Chocolatey & Crunchy,Catch Red Chilli Powder,0.45859006087500703
Electral Orange Flavour Powder 21.80Gm,Parle Hide & Seek Chocolate Biscuits | Rich & Crunchy,0.45858758947271194
Tata Sampann 100% Pure Premium Cashews/Kaju Whole,"Maggi Nutri-licious Masala Veg Atta Noodles, Instant Noodles",0.45858519462636527
Cadbury Choclairs Gold Candy | Toffee Candy,Parle Hide & Seek Chocolate Biscuits | Rich & Crunchy,0.45856544618012507
Parle Hide & Seek Chocolate | Soft & Chocolatey,Catch Compounded Hing,0.45856388064163206
Eastern Chicken Masala,Catch Hing (Bottle),0.45847984958138216
Cadbury Oreo Vanilla Flavour Creme Sandwich Biscuit Family Pack,Kinder Schoko-Bons Crispy | Chocolate | Milky & Cocoa Filling,0.45847316850901076
Catch Jeera Powder Pouch,Rajdhani Moong Chilka Dal (500.0 GRAM),0.45836888718460717
Tata Sampann Coriander Powder With Natural Oils Dhania Powder,Rajdhani Moong Chilka Dal (500.0 GRAM),0.45833478235669156
Catch Jeera Powder Pouch,Parle Hide & Seek Chocolate Biscuits | Rich & Crunchy,0.4583318417755503
Catch Coriander Powder,Britannia The Original Bourbon | Creme Biscuit with Chocolate | Chocolatey Indulgence in every layer,0.45822034171190834
Catch Jeera Whole,Tata Tea Premium Desh Ki Chai Black Tea,0.45811031915449585
Cadbury Oreo Chocolate Flavour Creme Sandwich Biscuit Family Pack,Catch Compounded Hing,0.458010193270657
Eastern Chicken Masala,Cadbury Brownie | Rich & Fudgy,0.4579519081558384
Catch Garlic Paste,Catch Compounded Hing,0.4578506634227746
Rajdhani Chana Kabuli (500.0 GRAM),Britannia Gobbles Choco Chill | Bakery Delight,0.45776936709621224
Britannia Tiger Krunch Biscuits Loaded With Choco Chips,Kinder Schoko-Bons Crispy | Chocolate | Milky & Cocoa Filling,0.4575897905350051
Britannia Nutrichoice High-Fibre Digestive Biscuits,Britannia 5050 Maska Chaska Biscuit,0.45753527481376277
Haldirams Cookie Heaven Kaju Cookies,Catch Super Garam Masala,0.45746693096535235
Parle Rusk Elachi,Cadbury Oreo Chocolate Flavour Creme Sandwich Biscuit,0.45737257454802943
Korean Nongshim Shin Ramyun Noodle Soup Veg,Catch Red Chilli Powder,0.4572932349693868
Unifit Royal Dates | Naturally Sweet and Nutritious |Premium Quality,Catch Super Garam Masala,0.4572774251944471
Haldiram's Sweetness Besan Laddu - Dry Fruits,Tata Tea Agni Tea,0.4570720030124532
MAGGI Pazzta Instant Pasta - Mushroom Penne,Britannia 5050 Maska Chaska Biscuit,0.4570144082985392
Vicks Inhaler,Hicks N95 Mask White,0.45691422821401206
Dabur OTC Honitus Hot Sip Ayurvedic Kaadha,Kinder Schoko-Bons Crispy | Chocolate | Milky & Cocoa Filling,0.4565555684225028
Catch Hing (Bottle),Tata Tea Premium Desh Ki Chai Black Tea,0.4564808617184788
Mangat Ram Unpolished Moong Chilka (500.0 GRAM),Kinder Joy Disney Princess | Single Pack,0.45643816330950837
MOM Roasted Masala Cashews | Crunchy Snack Nuts,Sunfeast Dark Fantasy Vanilla Creme | Dark Crunchy Biscuit with Smooth Vanilla Creme,0.45627671093826916
Aashirvaad Turmeric/Haldi Powder,Cadbury Oreo Vanilla Flavour Creme Sandwich Biscuit Mega Family Pack,0.4562419957993955
Britannia Milk Bikis Biscuits,Catch Jeera Whole,0.4562382742023461
Continental Speciale Instant Coffee | Sachet,ENO - Lemon Fruit Salt Sixer Pack,0.45619823300127527
Maggi Special Masala Instant Noodles,Rajdhani Moong Chilka Dal (500.0 GRAM),0.45618121749577145
Beco Super Soft Facial Tissue paper | Carbox | 2 ply,Durex Extra Time Condom | Personal Care Product,0.45607933464012407
Haldiram's Sweetness Besan Laddu - Dry Fruits,Britannia Pure Magic Choco Stars | Chunky Choco Topped Cookie,0.45600508485019475
Haldiram's Patisa,Tata Tea Premium Desh Ki Chai Black Tea,0.4559174044742487
Uttam Double Refined Sulphurfree Bura Sugar,Vikram Mills Roasted Dalia,0.4558733135385738
Fogg Marco Body Spray For Men,Hicks N95 Mask White,0.4558733135385738
Tata Sampann Chilli Powder with Natural Oils Lal Mirchi Powder,ENO - Lemon Fruit Salt Sixer Pack,0.4557206294452636
Se7en Self Adhesive Wall Hooks | Strong & Convenient,Colgate Visible White Purple Toothpaste | Color-Corrects Yellow Tones,0.45570786224821314
Korean Nongshim Shin Ramyun Noodle Soup Veg,Catch Coriander Powder,0.4555382693744633
Gits Mini Rasgulla Tin | Soft & Juicy Sweet,Bevzilla Assorted Instant Coffee Powder Sachets,0.4554873348205454
"Colgate MaxFresh Toothpaste, Red Gel Paste with Menthol for Super Fresh Breath (Spicy Fresh)",Happy Kitchen Stainless Steel Sharp Vegetable Knife Long Lasting Sharpness Ergonomic Easy To Clean,0.45532041871068624
Annkoot Urad Punjabi Masala Papad,Tata Tea Agni Tea,0.45531818481907615
MAGGI Pazzta Instant Pasta - Mushroom Penne,Parle Hide & Seek Chocolate Biscuits | Rich & Crunchy,0.4552754701173193
MTR Vegetable Upma,MyFitness Chocolate Peanut Butter Crunchy Spread | High Protein,0.4552618804912383
Britannia Treat Orange Creme Sandwich Biscuits | Trans Fat-free,Cadbury Oreo Chocolate Flavour Creme Sandwich Biscuit,0.45506001658683143
Eastern Chilli Powder,Catch Jeera Whole,0.4550272900637865
Catch Turmeric Powder,Catch Jeera Whole,0.45499195911495005
Parle Hide & Seek Chocolate | Soft & Chocolatey,Nutraj Classic Green Cardamom (Elaichi) - Pouch,0.45493804899983525
Haldiram's Ready To Eat Pav Bhaji | Convenient & Tasty,Winkies Cake Chocolate Cake Slice | Bakery Delight,0.4548466971314915
Uttam Double Refined Sulphurfree Bura Sugar,Tata Tea Agni Tea,0.45482594894359596
Rajdhani Chana Kabuli (500.0 GRAM),Catch Compounded Hing,0.4548190140872848
MAGGI Pazzta Instant Pasta - Mushroom Penne,MDH Hing Compounded,0.4547655522513593
Bebe Solid Jaggery,Catch Super Garam Masala,0.45460328820500584
Cadbury Choclairs Gold Candy | Toffee Candy,Cadbury Oreo Strawberry Flavour Creme Sandwich Biscuit,0.4544896238406262
Nutraj Arabian Premium Dates,Catch Jeera Whole,0.4542860761996565
Catch Sprinklers Black Salt,Britannia The Original Bourbon | Creme Biscuit with Chocolate | Chocolatey Indulgence in every layer,0.45421491914449663
Continental Speciale Instant Coffee | Sachet,Britannia Gobbles Bar Cake Fruity Fun | Bakery Delight,0.45412603672864527
Tata Sampann Turmeric Powder With Natural Oils Haldi Powder,Britannia Milk Bikis Biscuits,0.4541141767676353
Catch Dhania Powder,Cadbury Oreo Chocolate Flavour Creme Sandwich Biscuit,0.454039702648296
Catch Kashmiri Mirch Powder,Brooke Bond Red Label Tea,0.4540236441996359
Catch Kashmiri Mirch Powder,Catch Compounded Hing,0.4540236441996359
Cadbury Oreo Chocolate Flavour Creme Sandwich Biscuit Family Pack,TMI COLMAN Ajwain/Bishop Seeds,0.4540189060971377
MAGGI Pazzta Instant Pasta - Mushroom Penne,Sunfeast Dark Fantasy Vanilla Creme | Dark Crunchy Biscuit with Smooth Vanilla Creme,0.45399795671537335
Tata Sampann Chilli Powder with Natural Oils Lal Mirchi Powder,Continental Speciale Instant Coffee | Sachet,0.4539424441863467
Kinder Schoko-Bons Crispy | Chocolate | Milky & Cocoa Filling,Rajdhani Rajma Chitra,0.453938861944567
Dabur Herb'l Neem - Germ Protection Toothpaste ,Vicks Inhaler,0.4539147152155282
Bikaji Manbhawan Soan Papdi | Authentic Indian Sweet,Kinder Schoko-Bons Crispy | Chocolate | Milky & Cocoa Filling,0.4538731032731344
Rajdhani Moong Chilka Dal (500.0 GRAM),Catch Compounded Hing,0.45383180322321337
Orbit Sugar Free Spearmint Flavour Chewing Gum Tube,Cadbury Gems Chocolate Mini Treats Pack | Fun & Enjoyable,0.45381929743207194
Vikram Mills Roasted Dalia,Brooke Bond Red Label Tea,0.4537937588101676
Skittles Original Bite-Size Fruit Candy Tube,Catch Super Garam Masala,0.4537767367719058
Marvel Premium Tea,Catch Coriander Powder,0.45363659158959835
Marvel Premium Tea,Britannia The Original Bourbon | Creme Biscuit with Chocolate | Chocolatey Indulgence in every layer,0.4535172003746894
Britannia The Original Bourbon | Creme Biscuit with Chocolate | Chocolatey Indulgence in every layer,Bevzilla Assorted Instant Coffee Powder Sachets,0.45345072701897793
Catch Coriander Powder,Tata Tea Premium Desh Ki Chai Black Tea,0.45322711972719415
Haldiram's Patisa,Catch Jeera Whole,0.45313724939893163
Dabur OTC Honitus Hot Sip Ayurvedic Kaadha,Himalaya Koflet Lozenges | Relief from  Cough & Sore Throat,0.45305514903623656
Malkist Cheese Crunchy Layered Crackers,Nutraj Classic Green Cardamom (Elaichi) - Pouch,0.453046227409935
Catch Kashmiri Mirch Powder,Cadbury Oreo Vanilla Flavour Creme Sandwich Biscuit Mega Family Pack,0.4530062369639389
Parle Rusk Elachi,Tata Tea Agni Tea,0.4529426116808897
Tata Sampann Turmeric Powder With Natural Oils,Catch Coriander Powder,0.452940829946056
Rajdhani Rajma Chitra,Cadbury Oreo Vanilla Flavour Creme Sandwich Biscuit Mega Family Pack,0.45270523614203584
Rajdhani Chana Kabuli (500.0 GRAM),Tata Tea Premium Desh Ki Chai Black Tea,0.452645944687102
Cadbury Oreo Chocolate Flavour Creme Sandwich Biscuit Family Pack,Catch Sprinklers Black Salt,0.4525444143330323
Orika Coriander Powder | Dhania Powder,Cadbury Oreo Vanilla Flavour Creme Sandwich Biscuit Mega Family Pack,0.452471400792789
Bournvita Chocolate | Cereal Based Drink Mix Jar,Kinder Schoko-Bons Crispy | Chocolate | Milky & Cocoa Filling,0.45236019292889074
Britannia Tiger Krunch Biscuits Loaded With Choco Chips,Cadbury Oreo Chocolate Flavour Creme Sandwich Biscuit,0.4522502660903023
Britannia The Original Bourbon | Creme Biscuit with Chocolate | Chocolatey Indulgence in every layer,Maggi Masala-ae-Magic Sabzi Masala,0.4521928750634318
NIVEA Nourishing Body Lotion Body Milk|48 H Moisturization|2X Almond Oil|For Very Dry Skin,"Colgate MaxFresh Toothpaste, Red Gel Paste with Menthol for Super Fresh Breath (Spicy Fresh)",0.45213081134596567
Saffola Masala Oats |Classic Masala | Anytime Snack | Ready in 3 mins | Millets Goodness,Britannia Gobbles Bar Cake Fruity Fun | Bakery Delight,0.4519072964388756
Catch Black Pepper Sprinkler,Cadbury Brownie | Rich & Fudgy,0.45190480322335913
Catch Sabzi Masala,Tata Tea Premium Desh Ki Chai Black Tea,0.4518739903628294
Brooke Bond Red Label Tea,Catch Super Garam Masala,0.4518481167613391
Ferrero Rocher Moments Pack | Premium Chocolate,"Maggi Nutri-licious Masala Veg Atta Noodles, Instant Noodles",0.45178538226982
Korean Nongshim Shin Ramyun Noodle Soup Veg,Bevzilla Assorted Instant Coffee Powder Sachets,0.45178418575696366
Vicks Inhaler,"Pitambari Shining Powder for Copper, Brass, Aluminium, Iron, Silver & Steel",0.451686468001782
Cadbury Choco Bakes Choc Layered Cakes | Bakery Delight,Tata Tea Agni Tea,0.45167563934052346
Bikaji Manbhawan Soan Papdi | Authentic Indian Sweet,Vikram Mills Sooji,0.45165541736617904
Sunfeast Dark Fantasy Creme | Made With Real Chocolate,Catch Garlic Paste,0.4516127254197614
Dabur Herb'l Neem - Germ Protection Toothpaste ,Gala Steel Scrubber Cleaner,0.4515606204495093
Cadbury Oreo Chocolate Flavour Creme Sandwich Biscuit Family Pack,Parle Hide & Seek Chocolate Biscuits | Rich & Crunchy,0.4515233390572144
Unifit Royal Dates | Naturally Sweet and Nutritious |Premium Quality,Fortune Unpolished Kala Chana Whole,0.4514148050315886
Dabur Herb'l Neem - Germ Protection Toothpaste ,"Colgate MaxFresh Toothpaste, Red Gel Paste with Menthol for Super Fresh Breath (Spicy Fresh)",0.45132199057432704
Tata Sampann Turmeric Powder With Natural Oils Haldi Powder,Catch Jeera Whole,0.45131688615913584
Tata Sampann Chilli Powder with Natural Oils Lal Mirchi Powder,Catch Dhania Powder,0.45122738751878866
Catch Meat Masala,Catch Super Garam Masala,0.4512043851156227
Badshah Amchur Powder,Kinder Joy | Single Pack | Assorted,0.45116069416272264
Tata Tea Premium Desh Ki Chai Black Tea,Catch Super Garam Masala,0.4510431419720751
Annkoot Urad Punjabi Masala Papad,Catch Hing (Bottle),0.45101477740366636
Annkoot Urad Punjabi Masala Papad,Catch Garlic Paste,0.45100078405740385
Tata Tea Agni Tea,Tata Tea Premium Desh Ki Chai Black Tea,0.4509999594336943
Maggi Special Masala Instant Noodles,Nutraj Classic Green Cardamom (Elaichi) - Pouch,0.4509676805722003
Centrum Recharge Kids Powder Energy Drink Mix,Catch Dhania Powder,0.4509582872161177
Centrum Recharge Kids Powder Energy Drink Mix,Parle Elaichi Rusk,0.450886396716196
Britannia Milk Bikis Biscuits,Rajdhani Moong Chilka Dal (500.0 GRAM),0.45071796938204967
Parle Rusk Elachi,Catch Compounded Hing,0.45063961703789934
Britannia Treat Jim Jam Naughty Jam creme Biscuits | Trans Fat-free,Parle Hide & Seek Chocolate Biscuits | Rich & Crunchy,0.4506193408019892
Britannia Good Day Chunkies Choc Chip Cookies,Parle Hide & Seek Chocolate Biscuits | Rich & Crunchy,0.4505902253829285
Rajdhani Roasted Chana (200.0 GRAM),Catch Super Garam Masala,0.4505751578031893
Kinder Schoko-Bons Crispy | Chocolate | Milky & Cocoa Filling,Tata Tea Premium Desh Ki Chai Black Tea,0.4504611303304283
Nutraj Arabian Premium Dates,"Maggi Nutri-licious Masala Veg Atta Noodles, Instant Noodles",0.45042866941015086
Tata Sampann Chilli Powder with Natural Oils Lal Mirchi Powder,Tata Sampann 100% Pure Premium Cashews/Kaju Whole,0.45040712226340973
Catch Kashmiri Mirch Powder,Kinder Schoko-Bons Crispy | Chocolate | Milky & Cocoa Filling,0.45038589857895545
Orika Coriander Powder | Dhania Powder,Catch Coriander Powder,0.45035616169173975
Britannia Treat Jim Jam Naughty Jam creme Biscuits | Trans Fat-free,Catch Garlic Paste,0.4503553116614927
Badshah Amchur Powder,MDH Deggi Mirch Powder,0.45031123560535335
Cadbury Oreo Vanilla Flavour Creme Sandwich Biscuit Family Pack,Parle Hide & Seek Chocolate Biscuits | Rich & Crunchy,0.45030300570841103
Catch Super Garam Masala,Catch Compounded Hing,0.45028617420100703
Catch Jeera Powder Pouch,"Maggi Nutri-licious Masala Veg Atta Noodles, Instant Noodles",0.45024897234264505
Britannia Treat Jim Jam Naughty Jam creme Biscuits | Trans Fat-free,Catch Compounded Hing,0.45016755297492655
Rajdhani Rajma Chitra,Catch Compounded Hing,0.44994095096497233
Catch Sprinklers Black Salt,Catch Turmeric Powder/Haldi,0.4498479678180052
Rajdhani White Lobia | Whole (500.0 GRAM),Brooke Bond Red Label Tea,0.44978246524783083
Gits Mini Rasgulla Tin | Soft & Juicy Sweet,Kinder Creamy Milky And Cocoa | Extruded Rice,0.4497658497437391
MDH Chana Masala,Annkoot Moong Special Papad,0.44974944710394454
Malkist Cheese Crunchy Layered Crackers,Catch Super Garam Masala,0.4496521632839613
Centrum Recharge Kids Powder Energy Drink Mix,Brooke Bond Red Label Tea,0.44958738263799053
"Maggi Nutri-licious Masala Veg Atta Noodles, Instant Noodles",Catch Super Garam Masala,0.4495643119983962
MyFitness Chocolate Peanut Butter Crunchy Spread | High Protein,MTR Vegetable Upma,0.4495115528372409
Catch Meat Masala,Tata Tea Agni Tea,0.44936075062518166
Badshah Amchur Powder,Parle Hide & Seek Chocolate Biscuits | Rich & Crunchy,0.44930764097430764
Daadi'S Kaju Katli,Britannia Pure Magic Choco Stars | Chunky Choco Topped Cookie,0.44929054134727897
Britannia Tiger Krunch Biscuits Loaded With Choco Chips,Tata Tea Premium Desh Ki Chai Black Tea,0.44926200197922933
Gits Mini Rasgulla Tin | Soft & Juicy Sweet,Kinder Schoko-Bons Crispy | Chocolate | Milky & Cocoa Filling,0.44922276410025397
Rajdhani Roasted Chana (200.0 GRAM),Rajdhani Moong Chilka Dal (500.0 GRAM),0.44901293996200997
Tata Tea Gold Natural Black Tea,Cadbury Oreo Vanilla Flavour Creme Sandwich Biscuit Mega Family Pack,0.44900005935813525
Britannia 5050 Maska Chaska Biscuit,Catch Jeera Whole,0.4489415341267192
Britannia Good Day Chunkies Choc Chip Cookies,Britannia Gobbles Bar Cake Fruity Fun | Bakery Delight,0.4487538437015623
Parle Rusk Elachi,Rajdhani Rajma Chitra,0.4487168375944919
Catch Compounded Hing,Cadbury Oreo Vanilla Flavour Creme Sandwich Biscuit Mega Family Pack,0.448561154119271
Saffola Masala Oats |Classic Masala | Anytime Snack | Ready in 3 mins | Millets Goodness,TMI COLMAN Ajwain/Bishop Seeds,0.44836873103129626
Maggi Masala-ae-Magic Sabzi Masala,Britannia Pure Magic Choco Stars | Chunky Choco Topped Cookie,0.44827174193379304
Badshah Amchur Powder,Catch Dry Ginger Powder,0.44803353309100447
Britannia Treat Jim Jam Naughty Jam creme Biscuits | Trans Fat-free,Britannia Gobbles Bar Cake Fruity Fun | Bakery Delight,0.44776688979119694
Britannia Good Day Pista Badam Cookies | Trans Fat-free,Tata Tea Agni Tea,0.4476562788124654
Top Ramen Curry Veg Instant Noodles,Tata Tea Agni Tea,0.44760648943655484
Catch Dhania Powder,Parle Elaichi Rusk,0.447539783596917
Rajdhani Rajma Chitra,Nutraj Classic Green Cardamom (Elaichi) - Pouch,0.4475320807603031
Eastern Chicken Masala,Rajdhani Moong Chilka Dal (500.0 GRAM),0.4475023833935927
Britannia Milk Bikis Biscuits,MAGGI Pazzta Instant Pasta - Mushroom Penne,0.4474872908953653
Kinder Schoko-Bons Crispy | Chocolate | Milky & Cocoa Filling,Rajdhani Masoor Malka Dal (500.0 GRAM),0.4474648600914085
UNIBIC Choco Chip Cookies,Tata Tea Agni Tea,0.44738503362345544
Nescafe Classic - Instant Coffee Powder - 100% Pure Coffee,Catch Dhania Powder,0.4473464180160468
Tata Tea Agni Tea,Catch Compounded Hing,0.44732254656332027
Happy Kitchen Stainless Steel Sharp Vegetable Knife Long Lasting Sharpness Ergonomic Easy To Clean,Dabur Herb'l Neem - Germ Protection Toothpaste ,0.44731964502079447
Top Ramen Curry Veg Instant Noodles,Britannia Gobbles Bar Cake Fruity Fun | Bakery Delight,0.4473073274684554
Nutraj Arabian Premium Dates,Rajdhani Chana Kabuli (500.0 GRAM),0.44710482312536914
TMI COLMAN Ajwain/Bishop Seeds,Catch Sprinklers Black Salt,0.4470920719916704
Dabur OTC Honitus Hot Sip Ayurvedic Kaadha,Winkies Swiss Roll Chocolate | Soft & Tasty,0.44706671361266204
Bournvita Chocolate | Cereal Based Drink Mix Jar,Catch Coriander Powder,0.44699405578417917
Nescafe Classic - Instant Coffee Powder - 100% Pure Coffee,Kinder Schoko-Bons Crispy | Chocolate | Milky & Cocoa Filling,0.4469331475655941
Nutrisum Whole Wheat Rusk - No Added Sugar- Elaichi,Kinder Schoko-Bons Crispy | Chocolate | Milky & Cocoa Filling,0.4469331475655941
Gits Mini Rasgulla Tin | Soft & Juicy Sweet,Tata Tea Agni Tea,0.44665967507497556
Dabur OTC Honitus Hot Sip Ayurvedic Kaadha,Orbit Sugar-Free Mixed Fruit Chewing Gum Tube,0.4466414262606872
Rajdhani Roasted Chana (200.0 GRAM),MDH Deggi Mirch Powder,0.446611143285256
Malkist Cheese Crunchy Layered Crackers,Britannia Pure Magic Choco Stars | Chunky Choco Topped Cookie,0.44640296969019205
MTR Vegetable Upma,Catch Compounded Hing,0.4463593918571832
Cadbury Choco Bakes Choc Layered Cakes | Bakery Delight,Britannia Gobbles Bar Cake Fruity Fun | Bakery Delight,0.4463584937435223
Britannia Milk Bikis Biscuits,Tata Sampann Turmeric Powder With Natural Oils Haldi Powder,0.4463519234964
MDH Chana Masala,Rajdhani Moong Chilka Dal (500.0 GRAM),0.44631851465445627
Catch Garlic Paste,Bevzilla Assorted Instant Coffee Powder Sachets,0.4460967001125137
Britannia Treat Orange Creme Sandwich Biscuits | Trans Fat-free,Cadbury Oreo Vanilla Flavour Creme Sandwich Biscuit Mega Family Pack,0.445989366680308
Tata Tea Agni Tea,Nutraj Classic Green Cardamom (Elaichi) - Pouch,0.44593660097149623
Eastern Chicken Masala,Catch Super Garam Masala,0.44582474195001265
The Baker's Dozen Christmas Cake | Eggless/Veg,Catch Jeera Whole,0.44581302169378056
Nutraj Classic Green Cardamom (Elaichi) - Pouch,Sunfeast Dark Fantasy Vanilla Creme | Dark Crunchy Biscuit with Smooth Vanilla Creme,0.4457754271361215
Catch Red Chilli Powder,Catch Super Garam Masala,0.44567358075812175
Catch Jeera Powder Pouch,Catch Sprinkler Chat Masala,0.44565378570774694
Catch Kashmiri Mirch Powder,Catch Dhania Powder,0.445577044567811
Brooke Bond Red Label Tea,Tata Tea Premium Desh Ki Chai Black Tea,0.44543205869994507
Cadbury Oreo Strawberry Flavour Creme Sandwich Biscuit,Cadbury Choclairs Gold Candy | Toffee Candy,0.4454131712412378
Cadbury Oreo Vanilla Flavour Creme Sandwich Biscuit Family Pack,Britannia Pure Magic Choco Stars | Chunky Choco Topped Cookie,0.44524287881261876
Ferrero Rocher Moments Pack | Premium Chocolate,Kinder Joy Disney Princess | Single Pack,0.44502720922677064
Rajdhani Rajma Chitra,Electral Ors Pouch,0.4450011033520547
ENO - Lemon Fruit Salt Sixer Pack,Catch Super Garam Masala,0.4449665364734712
Rajdhani Chana Kabuli (500.0 GRAM),Tata Sampann 100% Pure Premium Cashews/Kaju Whole,0.44492771688307625
Badshah Turmeric Powder,Tata Tea Premium Desh Ki Chai Black Tea,0.44487224259356273
Rajdhani Roasted Chana (200.0 GRAM),Tata Tea Premium Desh Ki Chai Black Tea,0.44481536083386525
Badshah Amchur Powder,Gits Mini Gulab Jamun Tin | Authentic Indian Sweet,0.4447938839222365
Ezee Medium Garbage Bags 19x 21 Inch,Hicks N95 Mask White,0.44469788078300276
Tata Sampann 100% Pure Premium Cashews/Kaju Whole,Catch Compounded Hing,0.4446713008700145
Continental Speciale Instant Coffee | Sachet,Tata Tea Agni Tea,0.4446570761013612
Aashirvaad Turmeric/Haldi Powder,Catch Compounded Hing,0.4445648182788101
MAGGI 2-Minute Instant Noodles | Masala Noodles | Made With Quality Spices,Britannia Gobbles Fruit Cake | Bakery Delight,0.4443813061654837
Maggi Masala-ae-Magic Sabzi Masala,Tata Tea Agni Tea,0.44429143149964806
Maggi Special Masala Instant Noodles,Catch Garlic Paste,0.4442694290714725
Rajdhani Rajma Chitra,Catch Garlic Paste,0.4442694290714725
Haldiram's Ready To Eat Pav Bhaji | Convenient & Tasty,Sunfeast Dark Fantasy Vanilla Creme | Dark Crunchy Biscuit with Smooth Vanilla Creme,0.4442694290714725
Winkies Swiss Roll Chocolate | Soft & Tasty,Kinder Schoko-Bons Crispy | Chocolate | Milky & Cocoa Filling,0.4442162287354082
Tata Sampann Coriander Powder With Natural Oils Dhania Powder,Britannia Milk Bikis Biscuits,0.444151467787529
Fortune Unpolished Kala Chana Whole,Catch Red Chilli Powder,0.4440923199702705
Bournvita Chocolate | Cereal Based Drink Mix Jar,Brooke Bond Red Label Tea,0.44385351456956407
Catch Sprinklers Black Salt,Catch Compounded Hing,0.44385351456956396
Daadi'S Kaju Katli,Vikram Mills Sooji,0.44349547484299257
Britannia Treat Jim Jam Naughty Jam creme Biscuits | Trans Fat-free,Electral Ors Pouch,0.4431142754513448
Centrum Recharge Kids Powder Energy Drink Mix,Catch Compounded Hing,0.44307162346932394
Vikram Mills Roasted Dalia,Catch Compounded Hing,0.44298914550516366
TMI COLMAN Jeera Sabut/Cumin Whole,Britannia The Original Bourbon | Creme Biscuit with Chocolate | Chocolatey Indulgence in every layer,0.44283648176579216
Dabur OTC Honitus Hot Sip Ayurvedic Kaadha,Nutraj Classic Green Cardamom (Elaichi) - Pouch,0.44280636769317294
Haldirams Cookie Heaven Kaju Cookies,Britannia The Original Bourbon | Creme Biscuit with Chocolate | Chocolatey Indulgence in every layer,0.44280419564142914
Bongchie Perfect Roll White Pack of 3 (1.0 PIECE),Gala Steel Scrubber Cleaner,0.4428019015183766
Colgate Visible White Purple Toothpaste | Color-Corrects Yellow Tones,Beco Super Soft Facial Tissue paper | Carbox | 2 ply,0.44273127960127256
Catch Sprinklers Black Salt,Britannia Gobbles Bar Cake Fruity Fun | Bakery Delight,0.44272242736190365
Badshah Kitchen King Masala,Catch Compounded Hing,0.4425889746420153
Dabur Herb'l Neem - Germ Protection Toothpaste ,Fogg Marco Body Spray For Men,0.4425425425425426
Maggi Masala-ae-Magic Sabzi Masala,Catch Super Garam Masala,0.4425423846403833
Britannia Good Day Pista Badam Cookies | Trans Fat-free,Britannia Pure Magic Choco Stars | Chunky Choco Topped Cookie,0.4424954635894556
Parle Rusk Elachi,Catch Super Garam Masala,0.4421793474093412
Tata Sampann 100% Pure Premium Cashews/Kaju Whole,Britannia Gobbles Choco Chill | Bakery Delight,0.4421625884034401
Britannia Good Day Chunkies Choc Chip Cookies,Catch Garlic Paste,0.44205913340445024
Britannia Good Day Pista Badam Cookies | Trans Fat-free,Parle Hide & Seek Chocolate Biscuits | Rich & Crunchy,0.441941941941942
Tata Sampann Coriander Powder With Natural Oils Dhania Powder,MDH Deggi Mirch Powder,0.4418467386954782
Catch Black Pepper Sprinkler,Catch Garlic Paste,0.44178747695375475
Cadbury Oreo Vanilla Flavour Creme Sandwich Biscuit Family Pack,Britannia Gobbles Bar Cake Fruity Fun | Bakery Delight,0.4417159858750997
Le Fraiche Premium Christmas Plum Cake,Catch Jeera Whole,0.44148403355983035
Maggi Masala-ae-Magic Sabzi Masala,Britannia The Original Bourbon | Creme Biscuit with Chocolate | Chocolatey Indulgence in every layer,0.44141391559231935
Tata Sampann Turmeric Powder With Natural Oils,Tata Tea Premium Desh Ki Chai Black Tea,0.4413159112249954
Fortune Unpolished Kala Chana Whole,Tata Tea Premium Desh Ki Chai Black Tea,0.441263345456283
UNIBIC Choco Chip Cookies,Maggi Masala-ae-Magic Sabzi Masala,0.44120708496986616
Cadbury Oreo Strawberry Flavour Creme Sandwich Biscuit,Nutraj Classic Green Cardamom (Elaichi) - Pouch,0.44094617655948476
Eastern Chilli Powder,Britannia Gobbles Bar Cake Fruity Fun | Bakery Delight,0.44094054434025476
Daadi'S Kaju Katli,MDH Haldi Powder,0.4408237752411194
Rajdhani Chana Kabuli (500.0 GRAM),Continental Speciale Instant Coffee | Sachet,0.44068865019550446
Catch Black Pepper Powder,Parle Hide & Seek Chocolate Biscuits | Rich & Crunchy,0.44062074032178666
Fogg Marco Body Spray For Men,"Pitambari Shining Powder for Copper, Brass, Aluminium, Iron, Silver & Steel",0.4405303288993998
Bikaji Manbhawan Soan Papdi | Authentic Indian Sweet,Parle Hide & Seek Chocolate Biscuits | Rich & Crunchy,0.4404779520721549
Maggi Special Masala Instant Noodles,"Maggi Nutri-licious Masala Veg Atta Noodles, Instant Noodles",0.44046299676821765
Badshah Amchur Powder,Britannia The Original Bourbon | Creme Biscuit with Chocolate | Chocolatey Indulgence in every layer,0.44004401033703294
Tata Sampann Turmeric Powder With Natural Oils Haldi Powder,MAGGI Pazzta Instant Pasta - Mushroom Penne,0.4400079211709983
Nutrisum Whole Wheat Rusk - No Added Sugar- Elaichi,Tata Tea Premium Desh Ki Chai Black Tea,0.4399663212824113
Nutraj Classic Green Cardamom (Elaichi) - Pouch,Britannia The Original Bourbon | Creme Biscuit with Chocolate | Chocolatey Indulgence in every layer,0.4399175972343793
Tata Sampann Turmeric Powder With Natural Oils,Brooke Bond Red Label Tea,0.4398737048589355
Catch Compounded Hing,Rajdhani Moong Chilka Dal (500.0 GRAM),0.4398682237666762
Unifit Royal Dates | Naturally Sweet and Nutritious |Premium Quality,Parle Hide & Seek Chocolate Biscuits | Rich & Crunchy,0.4397755598735992
Vicks Inhaler,Gala Steel Scrubber Cleaner,0.4397602558036163
Vikram Mills Roasted Dalia,Tata Tea Premium Desh Ki Chai Black Tea,0.4395822389417021
Alpenliebe Cream Fills Butter Toffee | Creamy & Chewy,Britannia Pure Magic Choco Stars | Chunky Choco Topped Cookie,0.4395471548512
Catch Red Chilli Powder,Catch Compounded Hing,0.43948407749848073
Britannia Good Day Pista Badam Cookies | Trans Fat-free,Britannia Gobbles Bar Cake Fruity Fun | Bakery Delight,0.4394408882612515
Catch Black Pepper Powder,Britannia Pure Magic Choco Stars | Chunky Choco Topped Cookie,0.439358148764588
Ferrero Rocher Moments Pack | Premium Chocolate,Mangat Ram Unpolished Masoor Sabut,0.43929477859402105
Rajdhani White Lobia | Whole (500.0 GRAM),Catch Red Chilli Powder,0.43920853179003544
Cadbury Oreo Vanilla Flavour Creme Sandwich Biscuit Family Pack,Nutraj Classic Green Cardamom (Elaichi) - Pouch,0.4391996516290302
Nutrisum Whole Wheat Rusk - No Added Sugar- Elaichi,Cadbury Oreo Chocolate Flavour Creme Sandwich Biscuit,0.4391196323527641
Durex Extra Time Condom | Personal Care Product,Vicks Inhaler,0.43908504018058314
Korean Nongshim Shin Ramyun Noodle Soup Veg,Catch Super Garam Masala,0.43908024909556664
Nutraj Classic Green Cardamom (Elaichi) - Pouch,Cadbury Choclairs Gold Candy | Toffee Candy,0.4390745444039385
Britannia Good Day Cashew Cookies| Trans Fat-free,Maggi Masala-ae-Magic Sabzi Masala,0.4390522274120158
Hicks N95 Mask White,Beco Super Soft Facial Tissue paper | Carbox | 2 ply,0.43902389011288795
"Colgate MaxFresh Toothpaste, Red Gel Paste with Menthol for Super Fresh Breath (Spicy Fresh)",Durex Mutual Climax Condom | Long Lasting Dotted Condoms,0.4390122119048933
Kinder Schoko-Bons Crispy | Chocolate | Milky & Cocoa Filling,Britannia Gobbles Bar Cake Fruity Fun | Bakery Delight,0.43897041670560244
Top Ramen Curry Veg Instant Noodles,Kinder Schoko-Bons Crispy | Chocolate | Milky & Cocoa Filling,0.4388802980599078
Catch Super Garam Masala,Nutraj Classic Green Cardamom (Elaichi) - Pouch,0.4387976382179281
Nutraj Arabian Premium Dates,Catch Compounded Hing,0.4386372873684259
Alpenliebe Cream Fills Butter Toffee | Creamy & Chewy,Rajdhani Moong Chilka Dal (500.0 GRAM),0.4385937711315906
Catch Super Garam Masala,Tata Tea Premium Desh Ki Chai Black Tea,0.4385811199710274
Catch Black Pepper Sprinkler,Catch Turmeric Powder/Haldi,0.438563579097409
Tata Tea Premium Desh Ki Chai Black Tea,Catch Turmeric Powder/Haldi,0.4383706277461072
Happy Kitchen Stainless Steel Sharp Vegetable Knife Long Lasting Sharpness Ergonomic Easy To Clean,"Colgate MaxFresh Toothpaste, Red Gel Paste with Menthol for Super Fresh Breath (Spicy Fresh)",0.438352967856674
Haldiram's Patisa,"Maggi Nutri-licious Masala Veg Atta Noodles, Instant Noodles",0.43820557411369265
Annkoot Urad Punjabi Masala Papad,"Maggi Nutri-licious Masala Veg Atta Noodles, Instant Noodles",0.43809491614043156
Tata Sampann Turmeric Powder With Natural Oils Haldi Powder,The Baker's Dozen Christmas Cake | Eggless/Veg,0.43806379901933457
TMI COLMAN Ajwain/Bishop Seeds,Cadbury Oreo Chocolate Flavour Creme Sandwich Biscuit,0.43805133852984834
Rajdhani Roasted Chana (200.0 GRAM),Parle Hide & Seek Chocolate Biscuits | Rich & Crunchy,0.4380260006842285
Bikaji Manbhawan Soan Papdi | Authentic Indian Sweet,Tata Tea Agni Tea,0.4380104376694317
Bournvita Chocolate | Cereal Based Drink Mix Jar,Cadbury Oreo Vanilla Flavour Creme Sandwich Biscuit Mega Family Pack,0.4379923159674198
Catch Black Pepper Sprinkler,Catch Ajwain Seeds,0.4379126721383084
The Baker's Dozen Christmas Cake | Eggless/Veg,Rajdhani Moong Chilka Dal (500.0 GRAM),0.43786107188145434
Catch Sabzi Masala,Catch Super Garam Masala,0.4376878170159824
Alpenliebe Cream Fills Butter Toffee | Creamy & Chewy,Catch Super Garam Masala,0.4375556648973181
TMI COLMAN Jeera Sabut/Cumin Whole,Catch Red Chilli Powder,0.4374544107034891
Britannia Treat Orange Creme Sandwich Biscuits | Trans Fat-free,Rajdhani Moong Chilka Dal (500.0 GRAM),0.4374461500589053
Catch Turmeric Powder,"Maggi Nutri-licious Masala Veg Atta Noodles, Instant Noodles",0.4374247046420015
Haldirams Cookie Heaven Kaju Cookies,Parle Hide & Seek Chocolate Biscuits | Rich & Crunchy,0.4373021315278534
Tata Tea Gold Natural Black Tea,Kinder Schoko-Bons Crispy | Chocolate | Milky & Cocoa Filling,0.4372631087529977
Catch Super Garam Masala,Catch Red Chilli Powder,0.43714873603762483
Bongchie Perfect Roll White Pack of 3 (1.0 PIECE),Durex Air Condom Ultra Thin Condoms | Lightweight & Comfortable,0.4371430195315373
Catch Hing (Bottle),Britannia The Original Bourbon | Creme Biscuit with Chocolate | Chocolatey Indulgence in every layer,0.43709173766881115
TMI COLMAN Ajwain/Bishop Seeds,Brooke Bond Red Label Tea,0.43706613459699883
NIVEA Nourishing Body Lotion Body Milk|48 H Moisturization|2X Almond Oil|For Very Dry Skin,Vicks Inhaler,0.4368719099377374
Mortein Rat Kill Cake | Instantly Kills Rats Outdoors,Gala Steel Scrubber Cleaner,0.43677738585146
"Colgate MaxFresh Toothpaste, Red Gel Paste with Menthol for Super Fresh Breath (Spicy Fresh)",Durex Air Condom Ultra Thin Condoms | Lightweight & Comfortable,0.43674248533735416
ENO - Lemon Fruit Salt Sixer Pack,Brooke Bond Red Label Tea,0.43661591738055305
Badshah Amchur Powder,Sunfeast Dark Fantasy Vanilla Creme | Dark Crunchy Biscuit with Smooth Vanilla Creme,0.436609611328861
Alpenliebe Cream Fills Butter Toffee | Creamy & Chewy,Tata Tea Premium Desh Ki Chai Black Tea,0.4363842200076024
Eastern Turmeric Powder,Britannia Gobbles Bar Cake Fruity Fun | Bakery Delight,0.4363279657942296
Hicks N95 Mask White,Ezee Small Garbage Bags 17 x 19 Inch,0.43631199243013585
Haldirams Cookie Heaven Kaju Cookies,Tata Tea Premium Desh Ki Chai Black Tea,0.4362033728381008
Beco Super Soft Facial Tissue paper | Carbox | 2 ply,Vicks Inhaler,0.436150403893249
Unifit Royal Dates | Naturally Sweet and Nutritious |Premium Quality,Tata Tea Agni Tea,0.43603412052085644
Catch Super Garam Masala,Parle Hide & Seek Chocolate Biscuits | Rich & Crunchy,0.43587858389790757
Britannia Gobbles Choco Chill | Bakery Delight,"Maggi Nutri-licious Masala Veg Atta Noodles, Instant Noodles",0.43557155153705296
Catch Hing (Bottle),"Maggi Nutri-licious Masala Veg Atta Noodles, Instant Noodles",0.4355048279537905
Rajdhani Roasted Chana (200.0 GRAM),Catch Turmeric Powder/Haldi,0.4354447938670192
Parle Rusk Elachi,Rajdhani Masoor Malka Dal (500.0 GRAM),0.43542841879989097
"Colgate MaxFresh Toothpaste, Red Gel Paste with Menthol for Super Fresh Breath (Spicy Fresh)",Beco Super Soft Facial Tissue paper | Carbox | 2 ply,0.4354107767753709
Tata Tea Premium Desh Ki Chai Black Tea,Rajdhani Moong Chilka Dal (500.0 GRAM),0.4351915748544517
Vicks Inhaler,Ezee Small Garbage Bags 17 x 19 Inch,0.4351852182746492
The Baker's Dozen Christmas Cake | Eggless/Veg,Tata Sampann Turmeric Powder With Natural Oils Haldi Powder,0.4350376020906986
Badshah Coriander Powder,Sunfeast Dark Fantasy Creme | Made With Real Chocolate,0.43502104788517304
Unifit Royal Dates | Naturally Sweet and Nutritious |Premium Quality,Catch Sabzi Masala,0.4349774535137052
Rajdhani Moong Chilka Dal (500.0 GRAM),Catch Turmeric Powder/Haldi,0.43481576563463653
Korean Nongshim Shin Ramyun Noodle Soup Veg,Catch Sprinklers Black Salt,0.43468081903041256
Tata Sampann Turmeric Powder With Natural Oils,Catch Compounded Hing,0.4346371131344244
Maggi Special Masala Instant Noodles,Brooke Bond Red Label Tea,0.4345419023757968
Colgate Visible White Purple Toothpaste | Color-Corrects Yellow Tones,Dabur Herb'l Neem - Germ Protection Toothpaste ,0.43447793272354673
Catch Jeera Whole,Catch Compounded Hing,0.43447199537734515
Happy Kitchen Stainless Steel Sharp Vegetable Knife Long Lasting Sharpness Ergonomic Easy To Clean,Colgate Visible White Purple Toothpaste | Color-Corrects Yellow Tones,0.43440321749456656
Catch Hing (Bottle),MDH Deggi Mirch Powder,0.4343462539336722
Catch Compounded Hing,Tata Tea Premium Desh Ki Chai Black Tea,0.4342962572324464
Fogg Marco Body Spray For Men,Colgate Visible White Purple Toothpaste | Color-Corrects Yellow Tones,0.43423306347282953
Bournvita Chocolate | Cereal Based Drink Mix Jar,Catch Compounded Hing,0.4340984922713318
TMI COLMAN Jeera Sabut/Cumin Whole,Nutraj Classic Green Cardamom (Elaichi) - Pouch,0.4337219807431604
Bongchie Perfect Roll White Pack of 3 (1.0 PIECE),Vicks Inhaler,0.4336437923766212
Beco Super Soft Facial Tissue paper | Carbox | 2 ply,Ezee Small Garbage Bags 17 x 19 Inch,0.4336416028130865
Catch Hing (Bottle),TMI COLMAN Jeera Sabut/Cumin Whole,0.43360120092446314
Vikram Mills Roasted Dalia,Catch Sabzi Masala,0.4335284946412412
Rajdhani Moong Chilka Dal (500.0 GRAM),Britannia Pure Magic Choco Stars | Chunky Choco Topped Cookie,0.43352596094912876
Dabur Herb'l Neem - Germ Protection Toothpaste ,Durex Extra Time Condom | Personal Care Product,0.43352596094912876
Britannia Treat Orange Creme Sandwich Biscuits | Trans Fat-free,Catch Sprinklers Black Salt,0.4334096268553197
Ferrero Rocher Moments Pack | Premium Chocolate,Britannia Gobbles Bar Cake Fruity Fun | Bakery Delight,0.43315424406027375
Britannia Good Day Chunkies Choc Chip Cookies,Catch Compounded Hing,0.4331521095110554
Maggi Special Masala Instant Noodles,Bevzilla Assorted Instant Coffee Powder Sachets,0.4330087390761548
TMI COLMAN Jeera Sabut/Cumin Whole,Kinder Schoko-Bons Crispy | Chocolate | Milky & Cocoa Filling,0.4329002939986649
Rajdhani Chana Kabuli (500.0 GRAM),Tata Tea Agni Tea,0.4328513897141348
Eastern Chilli Powder,Tata Tea Agni Tea,0.4328513897141348
Se7en Self Adhesive Wall Hooks | Strong & Convenient,"Pitambari Shining Powder for Copper, Brass, Aluminium, Iron, Silver & Steel",0.43280698866507833
MyFitness Chocolate Peanut Butter Crunchy Spread | High Protein,Vikram Mills Roasted Dalia,0.43257735583684953
Britannia Tiger Krunch Biscuits Loaded With Choco Chips,Cadbury Oreo Vanilla Flavour Creme Sandwich Biscuit Mega Family Pack,0.4325068630699472
Maggi Masala-ae-Magic Sabzi Masala,Sunfeast Dark Fantasy Vanilla Creme | Dark Crunchy Biscuit with Smooth Vanilla Creme,0.4321804650151059
MDH Haldi Powder,MDH Deggi Mirch Powder,0.43213435931433697
Top Ramen Curry Veg Instant Noodles,Tata Tea Premium Desh Ki Chai Black Tea,0.4320390001782237
Saffola Masala Oats |Classic Masala | Anytime Snack | Ready in 3 mins | Millets Goodness,Tata Tea Agni Tea,0.4319387262510611
TMI COLMAN Ajwain/Bishop Seeds,Catch Compounded Hing,0.4319241800723283
Aashirvaad Turmeric/Haldi Powder,Catch Super Garam Masala,0.43187312379475556
Tata Sampann Turmeric Powder With Natural Oils Haldi Powder,Continental Speciale Instant Coffee | Sachet,0.4315255333623295
Aashirvaad Turmeric/Haldi Powder,Parle Elaichi Rusk,0.43139765279682973
Britannia Good Day Chunkies Choc Chip Cookies,Britannia Pure Magic Choco Stars | Chunky Choco Topped Cookie,0.43136911537226746
Centrum Recharge Kids Powder Energy Drink Mix,Catch Super Garam Masala,0.4310055602676468
Parle Rusk Elachi,Catch Dhania Powder,0.43099572476319087
Tata Sampann Chilli Powder with Natural Oils Lal Mirchi Powder,Rajdhani Raw Peanuts Premium Quality Groundnuts,0.43093057591568024
Annkoot Urad Punjabi Masala Papad,Sunfeast Dark Fantasy Vanilla Creme | Dark Crunchy Biscuit with Smooth Vanilla Creme,0.43080671909960977
Catch Sabzi Masala,Catch Turmeric Powder/Haldi,0.4307709678147793
Haldiram's Sweetness Besan Laddu - Dry Fruits,Parle Hide & Seek Chocolate Biscuits | Rich & Crunchy,0.4303750664244491
Eastern Chilli Powder,Parle Hide & Seek Chocolate Biscuits | Rich & Crunchy,0.43032886901500045
Britannia 5050 Maska Chaska Biscuit,Pringles Potato Chips | Sour Cream & Onion,0.43012826577109253
Haldirams Cookie Heaven Kaju Cookies,Britannia Pure Magic Choco Stars | Chunky Choco Topped Cookie,0.4301123707054349
Sunfeast Dark Fantasy Creme | Made With Real Chocolate,Catch Turmeric Powder/Haldi,0.43009285531133223
Dabur Herb'l Neem - Germ Protection Toothpaste ,Beco Super Soft Facial Tissue paper | Carbox | 2 ply,0.43005187490736624
The Baker's Dozen Christmas Cake | Eggless/Veg,TMI COLMAN Green Cardamom | Elaichi ,0.4300018689842071
Eastern Chilli Powder,Vikram Mills Sooji,0.42999698979405976
Tata Tea Agni Tea,Catch Red Chilli Powder,0.42969494194984387
Badshah Coriander Powder,Catch Compounded Hing,0.4295356592608683
Saffola Masala Oats |Classic Masala | Anytime Snack | Ready in 3 mins | Millets Goodness,Catch Super Garam Masala,0.4294550211979204
Continental Speciale Instant Coffee | Sachet,Britannia Milk Bikis Biscuits,0.4293515047592259
Catch Red Chilli Powder,Brooke Bond Red Label Tea,0.4293225959378223
MDH Haldi Powder,Britannia The Original Bourbon | Creme Biscuit with Chocolate | Chocolatey Indulgence in every layer,0.42906868087981875
Tata Sampann Chilli Powder with Natural Oils Lal Mirchi Powder,Tata Tea Premium Desh Ki Chai Black Tea,0.42895860803279956
Maggi Special Masala Instant Noodles,Nutraj Arabian Premium Dates,0.42877291432846987
Tata Tea Premium Desh Ki Chai Black Tea,Britannia Gobbles Bar Cake Fruity Fun | Bakery Delight,0.42871443253151365
Top Ramen Curry Veg Instant Noodles,Britannia The Original Bourbon | Creme Biscuit with Chocolate | Chocolatey Indulgence in every layer,0.4286884693770453
Catch Super Garam Masala,Kinder Schoko-Bons Crispy | Chocolate | Milky & Cocoa Filling,0.42865793086907145
Continental Speciale Instant Coffee | Sachet,Tata Sampann Turmeric Powder With Natural Oils Haldi Powder,0.42854450355203144
Nutraj Arabian Premium Dates,Britannia Gobbles Choco Chill | Bakery Delight,0.42849222679469595
Badshah Turmeric Powder,Cadbury Gems Chocolate Mini Treats Pack | Fun & Enjoyable,0.42837633910922124
Dabur Herb'l Neem - Germ Protection Toothpaste ,Durex Air Condom Ultra Thin Condoms | Lightweight & Comfortable,0.4283078514143086
Fortune Unpolished Kala Chana Whole,Kinder Schoko-Bons Crispy | Chocolate | Milky & Cocoa Filling,0.42820066090319475
Tata Sampann Turmeric Powder With Natural Oils Haldi Powder,Britannia Pure Magic Choco Stars | Chunky Choco Topped Cookie,0.42817378859173216
Unifit Royal Dates | Naturally Sweet and Nutritious |Premium Quality,Catch Turmeric Powder/Haldi,0.42805602474031645
Hicks N95 Mask White,"Pitambari Shining Powder for Copper, Brass, Aluminium, Iron, Silver & Steel",0.4280132403729019
Skittles Original Bite-Size Fruit Candy Tube,MyFitness Chocolate Peanut Butter Crunchy Spread | High Protein,0.42798861632194973
Top Ramen Curry Veg Instant Noodles,Catch Super Garam Masala,0.42757282241984335
Nutraj Arabian Premium Dates,ENO - Lemon Fruit Salt Sixer Pack,0.42748533437004166
Aashirvaad Turmeric/Haldi Powder,ENO - Lemon Fruit Salt Sixer Pack,0.42748533437004166
Maggi Masala-ae-Magic Sabzi Masala,Tata Tea Premium Desh Ki Chai Black Tea,0.42747841959928407
Aashirvaad Turmeric/Haldi Powder,Rajdhani Rajma Chitra,0.4273658563817909
Rajdhani Roasted Chana (200.0 GRAM),Catch Compounded Hing,0.42678222554765766
"Maggi Nutri-licious Masala Veg Atta Noodles, Instant Noodles",Britannia Gobbles Bar Cake Fruity Fun | Bakery Delight,0.4267204119150879
Badshah Turmeric Powder,Catch Turmeric Powder/Haldi,0.4266460905349795
Hicks N95 Mask White,Se7en Self Adhesive Wall Hooks | Strong & Convenient,0.4261915924363182
Vikram Mills Roasted Dalia,Fortune Unpolished Kala Chana Whole,0.426162118919164
Tata Sampann Coriander Powder With Natural Oils Dhania Powder,Catch Jeera Whole,0.42603635381413163
Tata Sampann Chilli Powder with Natural Oils Lal Mirchi Powder,Rajdhani Masoor Malka Dal (500.0 GRAM),0.42601035638893436
NIVEA Nourishing Body Lotion Body Milk|48 H Moisturization|2X Almond Oil|For Very Dry Skin,Beco Super Soft Facial Tissue paper | Carbox | 2 ply,0.42581301234107494
Tata Tea Gold Natural Black Tea,Maggi Masala-ae-Magic Sabzi Masala,0.4258109697599074
Alpenliebe Cream Fills Butter Toffee | Creamy & Chewy,Catch Garlic Paste,0.42575820286016114
Britannia Good Day Chunkies Choc Chip Cookies,Nutraj Classic Green Cardamom (Elaichi) - Pouch,0.425514195084423
MDH Haldi Powder,Kinder Joy | Single Pack | Assorted,0.4254848822998034
Britannia Tiger Krunch Biscuits Loaded With Choco Chips,Cadbury Gems Chocolate Mini Treats Pack | Fun & Enjoyable,0.42523986495004007
Fortune Unpolished Kala Chana Whole,Rajdhani Rajma Chitra,0.42515152551970914
Badshah Turmeric Powder,Catch Coriander Powder,0.4251302160990835
Tata Tea Premium Desh Ki Chai Black Tea,Bevzilla Assorted Instant Coffee Powder Sachets,0.4250866693295585
Catch Turmeric Powder,Catch Red Chilli Powder,0.42502449539486575
Badshah Coriander Powder,Nutraj Classic Green Cardamom (Elaichi) - Pouch,0.4248827869239752
Mortein Rat Kill Cake | Instantly Kills Rats Outdoors,"Pitambari Shining Powder for Copper, Brass, Aluminium, Iron, Silver & Steel",0.42483057781628286
ENO - Lemon Fruit Salt Sixer Pack,Catch Compounded Hing,0.42481548718107864
MTR Vegetable Upma,Vikram Mills Roasted Dalia,0.42472834774929
Skittles Original Bite-Size Fruit Candy Tube,Britannia The Original Bourbon | Creme Biscuit with Chocolate | Chocolatey Indulgence in every layer,0.4247204438753734
Hicks N95 Mask White,Gala Steel Scrubber Cleaner,0.4246139649796471
Bikaji Manbhawan Soan Papdi | Authentic Indian Sweet,Britannia The Original Bourbon | Creme Biscuit with Chocolate | Chocolatey Indulgence in every layer,0.4245250353435698
MyFitness Chocolate Peanut Butter Crunchy Spread | High Protein,Skittles Original Bite-Size Fruit Candy Tube,0.4243847202180535
Korean Nongshim Shin Ramyun Noodle Soup Veg,Kinder Schoko-Bons Crispy | Chocolate | Milky & Cocoa Filling,0.42435290143423143
Uttam Double Refined Sulphurfree Bura Sugar,MyFitness Chocolate Peanut Butter Crunchy Spread | High Protein,0.424132863021752
Eastern Chilli Powder,Britannia Pure Magic Choco Stars | Chunky Choco Topped Cookie,0.4240326917312647
Saffola Masala Oats |Classic Masala | Anytime Snack | Ready in 3 mins | Millets Goodness,Brooke Bond Red Label Tea,0.4237554012529935
Tata Tea Gold Natural Black Tea,Cadbury Oreo Chocolate Flavour Creme Sandwich Biscuit,0.4237048711437994
"Maggi Nutri-licious Masala Veg Atta Noodles, Instant Noodles",Catch Compounded Hing,0.4236970528328553
Haldiram's Patisa,Fast&Up Nightout Instant Hangover Relief Drink |Fizzy Lemon Flavour,0.42367564905892474
Tata Sampann Coriander Powder With Natural Oils Dhania Powder,Britannia 5050 Maska Chaska Biscuit,0.42350496440002616
ENO - Lemon Fruit Salt Sixer Pack,Catch Dhania Powder,0.42348054211692765
Durex Extra Time Condom | Personal Care Product,Durex Air Condom Ultra Thin Condoms | Lightweight & Comfortable,0.42310046112355726
Tata Tea Agni Tea,Catch Coriander Powder,0.42301005699698513
Haldiram's Sweetness Besan Laddu - Dry Fruits,Britannia Gobbles Bar Cake Fruity Fun | Bakery Delight,0.4229539285285061
The Baker's Dozen Christmas Cake | Eggless/Veg,Britannia Milk Bikis Biscuits,0.4229432733449091
ENO - Lemon Fruit Salt Sixer Pack,Tata Tea Premium Desh Ki Chai Black Tea,0.4229423582707687
Uttam Double Refined Sulphurfree Bura Sugar,Brooke Bond Red Label Tea,0.4229373406328139
Top Ramen Curry Veg Instant Noodles,Vikram Mills Sooji,0.4229151136952556
Gala Steel Scrubber Cleaner,Ezee Medium Garbage Bags 19x 21 Inch,0.42282331791188477
Christmas Non-woven Deer Snowman Santa Claus Headband | Party Propz,Durex Mutual Climax Condom | Long Lasting Dotted Condoms,0.42259972017634173
Vikram Mills Roasted Dalia,Catch Red Chilli Powder,0.42249849306811327
MyFitness Chocolate Peanut Butter Crunchy Spread | High Protein,Uttam Double Refined Sulphurfree Bura Sugar,0.4223471487360376
MTR Vegetable Upma,Uttam Double Refined Sulphurfree Bura Sugar,0.4222424259121508
Saffola Masala Oats |Classic Masala | Anytime Snack | Ready in 3 mins | Millets Goodness,Tata Tea Premium Desh Ki Chai Black Tea,0.42221272798047993
Catch Super Garam Masala,Britannia Gobbles Bar Cake Fruity Fun | Bakery Delight,0.4221543936919683
Korean Nongshim Shin Ramyun Noodle Soup Veg,Rajdhani Moong Chilka Dal (500.0 GRAM),0.42203476807851026
Continental Speciale Instant Coffee | Sachet,Rajdhani Moong Chilka Dal (500.0 GRAM),0.42203476807851026
Tata Sampann Turmeric Powder With Natural Oils Haldi Powder,Pringles Potato Chips | Sour Cream & Onion,0.4214911520005886
Colgate ZigZag Medium Bristle Toothbrush,Santa Design Christmas Goggles for Kids & Adults | Party Propz,0.42137807322992504
Skittles Original Bite-Size Fruit Candy Tube,Britannia Gobbles Bar Cake Fruity Fun | Bakery Delight,0.42128217387029065
Tata Sampann 100% Pure Premium Cashews/Kaju Whole,Catch Dhania Powder,0.4211258598895881
Ezee Small Garbage Bags 17 x 19 Inch,Beco Super Soft Facial Tissue paper | Carbox | 2 ply,0.42095024792519975
Colgate Visible White Purple Toothpaste | Color-Corrects Yellow Tones,Gala Steel Scrubber Cleaner,0.4206855874253535
Nutraj Arabian Premium Dates,Rajdhani Moong Chilka Dal (500.0 GRAM),0.4205693695782376
"Colgate MaxFresh Toothpaste, Red Gel Paste with Menthol for Super Fresh Breath (Spicy Fresh)",Fake Moustache Christmas Santa Claus Beard | Party Propz,0.4205220613686804
Unifit Royal Dates | Naturally Sweet and Nutritious |Premium Quality,Catch Compounded Hing,0.42050601634842744
ENO - Lemon Fruit Salt Sixer Pack,Cadbury Oreo Vanilla Flavour Creme Sandwich Biscuit Mega Family Pack,0.420499535298982
MTR Vegetable Upma,Catch Super Garam Masala,0.4204037747804091
MAGGI 2-Minute Instant Noodles | Masala Noodles | Made With Quality Spices,"Maggi Nutri-licious Masala Veg Atta Noodles, Instant Noodles",0.42022260951563073
Britannia Good Day Chunkies Choc Chip Cookies,Sunfeast Dark Fantasy Vanilla Creme | Dark Crunchy Biscuit with Smooth Vanilla Creme,0.4199561767342277
Brooke Bond Red Label Tea,Catch Dhania Powder,0.41991589108900745
ENO - Lemon Fruit Salt Sixer Pack,Electral Ors Pouch,0.4199044863756496
Ferrero Rocher Moments Pack | Premium Chocolate,Tata Tea Premium Desh Ki Chai Black Tea,0.41987626431652536
Catch Sabzi Masala,Kinder Schoko-Bons Crispy | Chocolate | Milky & Cocoa Filling,0.41978864057578175
Tata Sampann Coriander Powder With Natural Oils Dhania Powder,Tata Tea Agni Tea,0.41976000276653874
MDH Haldi Powder,Gits Mini Gulab Jamun Tin | Authentic Indian Sweet,0.4194804108534913
Happy Kitchen Stainless Steel Sharp Vegetable Knife Long Lasting Sharpness Ergonomic Easy To Clean,Beco Super Soft Facial Tissue paper | Carbox | 2 ply,0.4194790797707548
Britannia Gobbles Choco Chill | Bakery Delight,Tata Sampann 100% Pure Premium Cashews/Kaju Whole,0.4192314015967257
Saffola Masala Oats |Classic Masala | Anytime Snack | Ready in 3 mins | Millets Goodness,Bevzilla Assorted Instant Coffee Powder Sachets,0.41913244115987147
Uttam Double Refined Sulphurfree Bura Sugar,Dabur OTC Honitus Hot Sip Ayurvedic Kaadha,0.4189032215824966
Uttam Double Refined Sulphurfree Bura Sugar,MTR Vegetable Upma,0.4186718828920664
Catch Turmeric Powder,Tata Tea Agni Tea,0.418320002757048
MDH Haldi Powder,Daadi'S Kaju Katli,0.4177639082788134
Catch Black Pepper Powder,Catch Sprinkler Chat Masala,0.41751126517776577
Orika Coriander Powder | Dhania Powder,Tata Tea Agni Tea,0.41723702754329883
MDH Haldi Powder,Nutraj Classic Green Cardamom (Elaichi) - Pouch,0.41721147908277584
Orika Coriander Powder | Dhania Powder,Kinder Schoko-Bons Crispy | Chocolate | Milky & Cocoa Filling,0.41698809901264555
Beco Super Soft Facial Tissue paper | Carbox | 2 ply,Hicks N95 Mask White,0.4169634525625843
Durex Extra Time Condom | Personal Care Product,"Pitambari Shining Powder for Copper, Brass, Aluminium, Iron, Silver & Steel",0.4168984393681282
"Maggi Nutri-licious Masala Veg Atta Noodles, Instant Noodles",Maggi Masala-ae-Magic Sabzi Masala,0.4167293310303446
Fake Moustache Christmas Santa Claus Beard | Party Propz,Durex Air Condom Ultra Thin Condoms | Lightweight & Comfortable,0.4167228438786801
Centrum Recharge Kids Powder Energy Drink Mix,Tata Tea Premium Desh Ki Chai Black Tea,0.41657248161432847
Badshah Turmeric Powder,Catch Red Chilli Powder,0.41654541446208115
Ferrero Rocher Moments Pack | Premium Chocolate,Sunfeast Dark Fantasy Vanilla Creme | Dark Crunchy Biscuit with Smooth Vanilla Creme,0.4165025897545055
Gala Steel Scrubber Cleaner,Ezee Small Garbage Bags 17 x 19 Inch,0.41637546756594374
Britannia 5050 Maska Chaska Biscuit,Maggi Masala-ae-Magic Sabzi Masala,0.41618492390097334
Alpenliebe Cream Fills Butter Toffee | Creamy & Chewy,Maggi Masala-ae-Magic Sabzi Masala,0.4161849239009733
Britannia Gobbles Choco Chill | Bakery Delight,Rajdhani Moong Chilka Dal (500.0 GRAM),0.4160386456905095
Nutraj Arabian Premium Dates,Tata Sampann 100% Pure Premium Cashews/Kaju Whole,0.4160010226460659
Centrum Recharge Kids Powder Energy Drink Mix,Tata Tea Agni Tea,0.4159731325125727
Brooke Bond Red Label Tea,Kinder Schoko-Bons Crispy | Chocolate | Milky & Cocoa Filling,0.4159229953114638
Bournvita Chocolate | Cereal Based Drink Mix Jar,Tata Tea Premium Desh Ki Chai Black Tea,0.4157790102207773
Ferrero Rocher Moments Pack | Premium Chocolate,Catch Super Garam Masala,0.41553581812488816
Orika Coriander Powder | Dhania Powder,Catch Turmeric Powder/Haldi,0.4155134364872193
Durex Air Condom Ultra Thin Condoms | Lightweight & Comfortable,Vicks Inhaler,0.41530605649279295
Skittles Original Bite-Size Fruit Candy Tube,Tata Tea Agni Tea,0.4152501845549974
Centrum Recharge Kids Powder Energy Drink Mix,Catch Red Chilli Powder,0.415211976789585
Happy Kitchen Stainless Steel Sharp Vegetable Knife Long Lasting Sharpness Ergonomic Easy To Clean,Durex Mutual Climax Condom | Long Lasting Dotted Condoms,0.4148277712995354
Cadbury Choco Bakes Choc Layered Cakes | Bakery Delight,Nutraj Classic Green Cardamom (Elaichi) - Pouch,0.41468292466409234
Britannia 5050 Maska Chaska Biscuit,TMI COLMAN Green Cardamom | Elaichi ,0.4145814609841856
"Pitambari Shining Powder for Copper, Brass, Aluminium, Iron, Silver & Steel",Dabur Herb'l Neem - Germ Protection Toothpaste ,0.41378850735575884
MAGGI 2-Minute Instant Noodles | Masala Noodles | Made With Quality Spices,Britannia Gobbles Bar Cake Fruity Fun | Bakery Delight,0.41375927790832123
Tata Tea Agni Tea,Britannia Gobbles Bar Cake Fruity Fun | Bakery Delight,0.41375927790832123
Catch Jeera Whole,Britannia Gobbles Bar Cake Fruity Fun | Bakery Delight,0.41375927790832123
Durex Mutual Climax Condom | Long Lasting Dotted Condoms,Vicks Inhaler,0.41358111970813755
Hicks N95 Mask White,Ezee Medium Garbage Bags 19x 21 Inch,0.4133274900290127
The Baker's Dozen Christmas Cake | Eggless/Veg,Britannia Gobbles Choco Chill | Bakery Delight,0.4132440028103985
Catch Sabzi Masala,Vikram Mills Roasted Dalia,0.41312814138837095
Badshah Turmeric Powder,Catch Compounded Hing,0.4128654138450167
Bongchie Perfect Roll White Pack of 3 (1.0 PIECE),"Pitambari Shining Powder for Copper, Brass, Aluminium, Iron, Silver & Steel",0.41257297493769907
The Baker's Dozen Christmas Cake | Eggless/Veg,Britannia Pure Magic Choco Stars | Chunky Choco Topped Cookie,0.41237835309795184
Haldiram's Patisa,Rajdhani Moong Chilka Dal (500.0 GRAM),0.412371355164563
Tata Sampann Chilli Powder with Natural Oils Lal Mirchi Powder,Catch Super Garam Masala,0.4122192222370204
Tata Tea Premium Desh Ki Chai Black Tea,Catch Garlic Paste,0.41215356672895653
MTR Vegetable Upma,Alpenliebe Cream Fills Butter Toffee | Creamy & Chewy,0.41210153408590383
MAGGI 2-Minute Instant Noodles | Masala Noodles | Made With Quality Spices,Maggi Special Masala Instant Noodles,0.41204921330707495
Beco Super Soft Facial Tissue paper | Carbox | 2 ply,Colgate Visible White Purple Toothpaste | Color-Corrects Yellow Tones,0.4115858582444122
Colgate Visible White Purple Toothpaste | Color-Corrects Yellow Tones,Se7en Self Adhesive Wall Hooks | Strong & Convenient,0.41137102014295
Eastern Turmeric Powder,Kinder Schoko-Bons Crispy | Chocolate | Milky & Cocoa Filling,0.4112365390262642
Continental Speciale Instant Coffee | Sachet,Catch Compounded Hing,0.41116824168615806
Haldiram's Sweetness Besan Laddu - Dry Fruits,"Maggi Nutri-licious Masala Veg Atta Noodles, Instant Noodles",0.4109935489557682
Se7en Self Adhesive Wall Hooks | Strong & Convenient,Gala Steel Scrubber Cleaner,0.41092016460905345
Santa Design Christmas Goggles for Kids & Adults | Party Propz,Gala Steel Scrubber Cleaner,0.41092016460905345
Eastern Chilli Powder,"Maggi Nutri-licious Masala Veg Atta Noodles, Instant Noodles",0.4106977789503513
Durex Mutual Climax Condom | Long Lasting Dotted Condoms,Durex Air Condom Ultra Thin Condoms | Lightweight & Comfortable,0.4106833823731919
Bongchie Perfect Roll White Pack of 3 (1.0 PIECE),Beco Super Soft Facial Tissue paper | Carbox | 2 ply,0.4105539929671217
Durex Air Condom Ultra Thin Condoms | Lightweight & Comfortable,Colgate ZigZag Medium Bristle Toothbrush,0.4102136503532664
Tata Tea Agni Tea,Rajdhani Rajma Chitra,0.41017583239805466
Gala Steel Scrubber Cleaner,Hicks N95 Mask White,0.41014741886753137
Catch Jeera Whole,Kinder Schoko-Bons Crispy | Chocolate | Milky & Cocoa Filling,0.4094909923862533
Catch Jeera Whole,Brooke Bond Red Label Tea,0.40948024343086076
Britannia 5050 Maska Chaska Biscuit,Britannia Pure Magic Choco Stars | Chunky Choco Topped Cookie,0.4094411853408439
"Pitambari Shining Powder for Copper, Brass, Aluminium, Iron, Silver & Steel",Hicks N95 Mask White,0.40924797277352365
Eastern Turmeric Powder,Britannia The Original Bourbon | Creme Biscuit with Chocolate | Chocolatey Indulgence in every layer,0.40899005706517444
Tata Sampann 100% Pure Premium Cashews/Kaju Whole,Brooke Bond Red Label Tea,0.4088931502253008
Cadbury Choco Bakes Choc Layered Cakes | Bakery Delight,Brooke Bond Red Label Tea,0.40867631294866613
Orika Coriander Powder | Dhania Powder,Catch Red Chilli Powder,0.408660923812439
Le Fraiche Premium Christmas Plum Cake,Cadbury Brownie,0.40854946246849777
Catch Red Chilli Powder,Tata Tea Premium Desh Ki Chai Black Tea,0.40849500293944735
"Maggi Nutri-licious Masala Veg Atta Noodles, Instant Noodles",Tata Tea Premium Desh Ki Chai Black Tea,0.40843570623412884
Happy Kitchen Stainless Steel Sharp Vegetable Knife Long Lasting Sharpness Ergonomic Easy To Clean,Hicks N95 Mask White,0.40837954206206795
Haldiram's Patisa,Rajdhani Chana Kabuli (500.0 GRAM),0.4083040040290421
Badshah Turmeric Powder,Brooke Bond Red Label Tea,0.40822647661080297
MAGGI 2-Minute Instant Noodles | Masala Noodles | Made With Quality Spices,Rajdhani Moong Chilka Dal (500.0 GRAM),0.40809965781176705
Santa Design Christmas Goggles for Kids & Adults | Party Propz,Colgate ZigZag Medium Bristle Toothbrush,0.40792166297351484
Haldiram's Patisa,ENO - Lemon Fruit Salt Sixer Pack,0.40714059739283337
Colgate ZigZag Medium Bristle Toothbrush,Beco Super Soft Facial Tissue paper | Carbox | 2 ply,0.4070449844802232
Catch Red Chilli Powder,Catch Turmeric Powder/Haldi,0.40690029768785496
Catch Jeera Whole,Parle Hide & Seek Chocolate Biscuits | Rich & Crunchy,0.40604245386527676
Brooke Bond Red Label Tea,Cadbury Oreo Chocolate Flavour Creme Sandwich Biscuit,0.4059951586613
Le Fraiche Premium Christmas Plum Cake,"Maggi Nutri-licious Masala Veg Atta Noodles, Instant Noodles",0.40587800527403906
Britannia Gobbles Choco Chill | Bakery Delight,Catch Compounded Hing,0.40579293576662534
Santa Design Christmas Goggles for Kids & Adults | Party Propz,Durex Air Condom Ultra Thin Condoms | Lightweight & Comfortable,0.4056687221252666
Mortein Rat Kill Cake | Instantly Kills Rats Outdoors,Ezee Small Garbage Bags 17 x 19 Inch,0.4055134988468322
Le Fraiche Premium Christmas Plum Cake,Parle-G Original Gluco Biscuits,0.4051821914009683
Ezee Medium Garbage Bags 19x 21 Inch,Beco Super Soft Facial Tissue paper | Carbox | 2 ply,0.4051213314344755
Hicks N95 Mask White,NIVEA Nourishing Body Lotion Body Milk|48 H Moisturization|2X Almond Oil|For Very Dry Skin,0.4049896909295303
Bongchie Perfect Roll White Pack of 3 (1.0 PIECE),Ezee Medium Garbage Bags 19x 21 Inch,0.4049509196019274
Britannia Nutrichoice High-Fibre Digestive Biscuits,Tata Tea Agni Tea,0.40422584337212136
MAGGI 2-Minute Instant Noodles | Masala Noodles | Made With Quality Spices,Electral Ors Pouch,0.40401942042879735
Christmas Non-woven Deer Snowman Santa Claus Headband | Party Propz,Gala Steel Scrubber Cleaner,0.40384007478725154
Colgate Visible White Purple Toothpaste | Color-Corrects Yellow Tones,"Pitambari Shining Powder for Copper, Brass, Aluminium, Iron, Silver & Steel",0.40384002295103144
Haldiram's Sweetness Besan Laddu - Dry Fruits,Rajdhani Moong Chilka Dal (500.0 GRAM),0.4037465947951081
Colgate Visible White Purple Toothpaste | Color-Corrects Yellow Tones,Hicks N95 Mask White,0.4037388654477262
Mortein Rat Kill Cake | Instantly Kills Rats Outdoors,Hicks N95 Mask White,0.4037388654477262
Eastern Turmeric Powder,Badshah Turmeric Powder,0.4037144390767579
Cadbury Choco Bakes Choc Layered Cakes | Bakery Delight,Catch Compounded Hing,0.40350319506323995
MyFitness Chocolate Peanut Butter Crunchy Spread | High Protein,Britannia Milk Bikis Biscuits,0.40348971369430464
Britannia 5050 Maska Chaska Biscuit,ENO - Lemon Fruit Salt Sixer Pack,0.4033707770466034
Orika Coriander Powder | Dhania Powder,Tata Tea Premium Desh Ki Chai Black Tea,0.40316663040284806
"Maggi Nutri-licious Masala Veg Atta Noodles, Instant Noodles",Catch Red Chilli Powder,0.4031300510684714
Fogg Marco Body Spray For Men,Durex Air Condom Ultra Thin Condoms | Lightweight & Comfortable,0.40308895282717283
NIVEA Nourishing Body Lotion Body Milk|48 H Moisturization|2X Almond Oil|For Very Dry Skin,"Pitambari Shining Powder for Copper, Brass, Aluminium, Iron, Silver & Steel",0.40273603163623917
MAGGI 2-Minute Instant Noodles | Masala Noodles | Made With Quality Spices,Nutraj Arabian Premium Dates,0.40257654579806923
Mortein Rat Kill Cake | Instantly Kills Rats Outdoors,NIVEA Nourishing Body Lotion Body Milk|48 H Moisturization|2X Almond Oil|For Very Dry Skin,0.4024425859551307
Santa Design Christmas Goggles for Kids & Adults | Party Propz,Vicks Inhaler,0.4024214393255044
Ezee Small Garbage Bags 17 x 19 Inch,Hicks N95 Mask White,0.40225996850469425
Cadbury Choco Bakes Choc Layered Cakes | Bakery Delight,Britannia Tiger Krunch Biscuits Loaded With Choco Chips,0.4015748147283151
Ferrero Rocher Moments Pack | Premium Chocolate,Kinder Joy | Single Pack | Assorted,0.4012928165093197
Britannia Good Day Cashew Cookies| Trans Fat-free,Catch Jeera Whole,0.40125177409128027
Mortein Rat Kill Cake | Instantly Kills Rats Outdoors,Se7en Self Adhesive Wall Hooks | Strong & Convenient,0.4008230452674897
MAGGI 2-Minute Instant Noodles | Masala Noodles | Made With Quality Spices,Britannia Gobbles Choco Chill | Bakery Delight,0.400791986955509
Vicks Inhaler,Colgate Visible White Purple Toothpaste | Color-Corrects Yellow Tones,0.4007749726620074
Haldiram's Sweetness Besan Laddu - Dry Fruits,Catch Super Garam Masala,0.4000508936204052
"Maggi Nutri-licious Masala Veg Atta Noodles, Instant Noodles",Rajdhani Rajma Chitra,0.3997404259587878
Tata Sampann 100% Pure Premium Cashews/Kaju Whole,Continental Speciale Instant Coffee | Sachet,0.3995780796131315
Tata Sampann 100% Pure Premium Cashews/Kaju Whole,Rajdhani Chana Kabuli (500.0 GRAM),0.3992963518758644
Eastern Chilli Powder,Bevzilla Assorted Instant Coffee Powder Sachets,0.39917810225728245
Britannia Good Day Cashew Cookies| Trans Fat-free,Continental Speciale Instant Coffee | Sachet,0.39833126156522725
Eastern Chilli Powder,Tata Tea Premium Desh Ki Chai Black Tea,0.3983284313246498
Tata Sampann 100% Pure Premium Cashews/Kaju Whole,Tata Tea Agni Tea,0.39828072118784813
Haldiram's Sweetness Besan Laddu - Dry Fruits,Tata Tea Premium Desh Ki Chai Black Tea,0.3981049024630759
Tata Sampann 100% Pure Premium Cashews/Kaju Whole,Tata Sampann Chilli Powder with Natural Oils Lal Mirchi Powder,0.39805468428222923
Eastern Chilli Powder,Rajdhani Moong Chilka Dal (500.0 GRAM),0.39785248392218686
"Maggi Nutri-licious Masala Veg Atta Noodles, Instant Noodles",Nutraj Classic Green Cardamom (Elaichi) - Pouch,0.39775836554000055
Gala Steel Scrubber Cleaner,Colgate Visible White Purple Toothpaste | Color-Corrects Yellow Tones,0.39775325659828586
Vicks Inhaler,Durex Air Condom Ultra Thin Condoms | Lightweight & Comfortable,0.39771443345614377
Mortein Rat Kill Cake | Instantly Kills Rats Outdoors,Durex Air Condom Ultra Thin Condoms | Lightweight & Comfortable,0.39771443345614377
Se7en Self Adhesive Wall Hooks | Strong & Convenient,Beco Super Soft Facial Tissue paper | Carbox | 2 ply,0.3975590665810319
Ezee Small Garbage Bags 17 x 19 Inch,Gala Steel Scrubber Cleaner,0.3974194236098998
Durex Mutual Climax Condom | Long Lasting Dotted Condoms,Christmas Non-woven Deer Snowman Santa Claus Headband | Party Propz,0.3969404186795492
Haldiram's Patisa,Tata Tea Agni Tea,0.3969353297189105
Fogg Marco Body Spray For Men,Gala Steel Scrubber Cleaner,0.39664108552997446
Ezee Small Garbage Bags 17 x 19 Inch,Ezee Medium Garbage Bags 19x 21 Inch,0.3965935835501052
Beco Super Soft Facial Tissue paper | Carbox | 2 ply,Durex Air Condom Ultra Thin Condoms | Lightweight & Comfortable,0.39656496977563466
Ezee Small Garbage Bags 17 x 19 Inch,Se7en Self Adhesive Wall Hooks | Strong & Convenient,0.3964183964183964
NIVEA Nourishing Body Lotion Body Milk|48 H Moisturization|2X Almond Oil|For Very Dry Skin,Mortein Rat Kill Cake | Instantly Kills Rats Outdoors,0.39599097305190495
Nutraj Arabian Premium Dates,Britannia Gobbles Fruit Cake | Bakery Delight,0.39557974153490727
Catch Jeera Whole,Rajdhani Moong Chilka Dal (500.0 GRAM),0.3955625421979099
Hicks N95 Mask White,Colgate Visible White Purple Toothpaste | Color-Corrects Yellow Tones,0.39519456165025785
Nutraj Arabian Premium Dates,Tata Tea Agni Tea,0.3951150026041093
Vicks Inhaler,Beco Super Soft Facial Tissue paper | Carbox | 2 ply,0.39392285560620544
MyFitness Chocolate Peanut Butter Crunchy Spread | High Protein,Tata Tea Agni Tea,0.3935250025936301
Gala Steel Scrubber Cleaner,Dabur Herb'l Neem - Germ Protection Toothpaste ,0.39309908198797083
Se7en Self Adhesive Wall Hooks | Strong & Convenient,Mortein Rat Kill Cake | Instantly Kills Rats Outdoors,0.39282304526748973
Fogg Marco Body Spray For Men,Ezee Small Garbage Bags 17 x 19 Inch,0.39272703717148166
Catch Turmeric Powder,Catch Coriander Powder,0.39247411088392525
MyFitness Chocolate Peanut Butter Crunchy Spread | High Protein,Catch Jeera Powder Pouch,0.3924045458261794
Durex Extra Time Condom | Personal Care Product,Ezee Small Garbage Bags 17 x 19 Inch,0.3918525831055382
Britannia Gobbles Choco Chill | Bakery Delight,Catch Red Chilli Powder,0.39180086930542307
Catch Red Chilli Powder,Cadbury Oreo Chocolate Flavour Creme Sandwich Biscuit,0.39174437439803866
Eastern Turmeric Powder,MDH Deggi Mirch Powder,0.3915624970526931
Britannia Nutrichoice High-Fibre Digestive Biscuits,Pringles Potato Chips | Sour Cream & Onion,0.3912841841943663
Haldiram's Patisa,Brooke Bond Red Label Tea,0.39088465517449017
Britannia Gobbles Choco Chill | Bakery Delight,Rajdhani Chana Kabuli (500.0 GRAM),0.389515208905474
MAGGI 2-Minute Instant Noodles | Masala Noodles | Made With Quality Spices,Britannia Treat Jim Jam Naughty Jam creme Biscuits | Trans Fat-free,0.38948176228265835
NIVEA Nourishing Body Lotion Body Milk|48 H Moisturization|2X Almond Oil|For Very Dry Skin,Colgate Visible White Purple Toothpaste | Color-Corrects Yellow Tones,0.38870862939906514
Happy Kitchen Stainless Steel Sharp Vegetable Knife Long Lasting Sharpness Ergonomic Easy To Clean,Gala Steel Scrubber Cleaner,0.3885812605161265
Christmas Non-woven Deer Snowman Santa Claus Headband | Party Propz,Vicks Inhaler,0.38852952646102057
Eastern Turmeric Powder,Parle Hide & Seek Chocolate Biscuits | Rich & Crunchy,0.388373221706555
Vicks Inhaler,Fake Moustache Christmas Santa Claus Beard | Party Propz,0.3883320048886764
Haldiram's Sweetness Besan Laddu - Dry Fruits,Sunfeast Dark Fantasy Vanilla Creme | Dark Crunchy Biscuit with Smooth Vanilla Creme,0.3883243898550648
Britannia Gobbles Choco Chill | Bakery Delight,The Baker's Dozen Christmas Cake | Eggless/Veg,0.38779418273842736
Bongchie Perfect Roll White Pack of 3 (1.0 PIECE),Happy Kitchen Stainless Steel Sharp Vegetable Knife Long Lasting Sharpness Ergonomic Easy To Clean,0.38768661646188407
Durex Extra Time Condom | Personal Care Product,Gala Steel Scrubber Cleaner,0.386594452157888
Eastern Turmeric Powder,Tata Tea Agni Tea,0.3861098207265765
Le Fraiche Premium Christmas Plum Cake,Tata Tea Agni Tea,0.3851497699802914
Le Fraiche Premium Christmas Plum Cake,Britannia Gobbles Bar Cake Fruity Fun | Bakery Delight,0.38489235154262436
Beco Super Soft Facial Tissue paper | Carbox | 2 ply,Fogg Marco Body Spray For Men,0.3842758622463183
Durex Mutual Climax Condom | Long Lasting Dotted Condoms,Beco Super Soft Facial Tissue paper | Carbox | 2 ply,0.3826145907992268
Durex Extra Time Condom | Personal Care Product,Durex Mutual Climax Condom | Long Lasting Dotted Condoms,0.3819049323075088
Durex Extra Time Condom | Personal Care Product,Hicks N95 Mask White,0.38178616117988295
Catch Turmeric Powder,Brooke Bond Red Label Tea,0.3811514215582854
Britannia Good Day Cashew Cookies| Trans Fat-free,"Maggi Nutri-licious Masala Veg Atta Noodles, Instant Noodles",0.3807145009286911
Haldiram's Patisa,Parle Elaichi Rusk,0.38070330628309174
Britannia Good Day Cashew Cookies| Trans Fat-free,Catch Red Chilli Powder,0.38036901370234705
Durex Mutual Climax Condom | Long Lasting Dotted Condoms,Happy Kitchen Stainless Steel Sharp Vegetable Knife Long Lasting Sharpness Ergonomic Easy To Clean,0.38019508764136456
Vicks Inhaler,Ezee Medium Garbage Bags 19x 21 Inch,0.3800419814182039
Colgate Visible White Purple Toothpaste | Color-Corrects Yellow Tones,Durex Air Condom Ultra Thin Condoms | Lightweight & Comfortable,0.37939863717855815
Ezee Small Garbage Bags 17 x 19 Inch,NIVEA Nourishing Body Lotion Body Milk|48 H Moisturization|2X Almond Oil|For Very Dry Skin,0.37811913295784266
Colgate Visible White Purple Toothpaste | Color-Corrects Yellow Tones,Happy Kitchen Stainless Steel Sharp Vegetable Knife Long Lasting Sharpness Ergonomic Easy To Clean,0.378051130380229
"Pitambari Shining Powder for Copper, Brass, Aluminium, Iron, Silver & Steel",Colgate Visible White Purple Toothpaste | Color-Corrects Yellow Tones,0.37796282996857533
Britannia Nutrichoice High-Fibre Digestive Biscuits,ENO - Lemon Fruit Salt Sixer Pack,0.3771415883890905
Eastern Turmeric Powder,Britannia Tiger Krunch Biscuits Loaded With Choco Chips,0.3764763888077954
Durex Extra Time Condom | Personal Care Product,Fake Moustache Christmas Santa Claus Beard | Party Propz,0.37639745154694393
Durex Air Condom Ultra Thin Condoms | Lightweight & Comfortable,Christmas Non-woven Deer Snowman Santa Claus Headband | Party Propz,0.37601964966711915
Britannia Nutrichoice High-Fibre Digestive Biscuits,Britannia Pure Magic Choco Stars | Chunky Choco Topped Cookie,0.3759782670178285
Catch Turmeric Powder,Rajdhani Rajma Chitra,0.37582953079678416
Catch Turmeric Powder,Catch Compounded Hing,0.3757830916771828
Bongchie Perfect Roll White Pack of 3 (1.0 PIECE),Durex Mutual Climax Condom | Long Lasting Dotted Condoms,0.37532036450910355
Britannia Gobbles Choco Chill | Bakery Delight,Tata Tea Premium Desh Ki Chai Black Tea,0.37501180597719763
Britannia Good Day Cashew Cookies| Trans Fat-free,Britannia Gobbles Bar Cake Fruity Fun | Bakery Delight,0.37485883297676964
Bongchie Perfect Roll White Pack of 3 (1.0 PIECE),NIVEA Nourishing Body Lotion Body Milk|48 H Moisturization|2X Almond Oil|For Very Dry Skin,0.374687924854777
Britannia Gobbles Choco Chill | Bakery Delight,Nutraj Arabian Premium Dates,0.3743255601280293
Durex Air Condom Ultra Thin Condoms | Lightweight & Comfortable,Beco Super Soft Facial Tissue paper | Carbox | 2 ply,0.37401253809570245
Ezee Medium Garbage Bags 19x 21 Inch,Colgate Visible White Purple Toothpaste | Color-Corrects Yellow Tones,0.3730885856616851
Mortein Rat Kill Cake | Instantly Kills Rats Outdoors,Ezee Medium Garbage Bags 19x 21 Inch,0.37235730899982106
Colgate ZigZag Medium Bristle Toothbrush,Durex Mutual Climax Condom | Long Lasting Dotted Condoms,0.37211249814577785
Colgate ZigZag Medium Bristle Toothbrush,Vicks Inhaler,0.37206124197994117
NIVEA Nourishing Body Lotion Body Milk|48 H Moisturization|2X Almond Oil|For Very Dry Skin,Dabur Herb'l Neem - Germ Protection Toothpaste ,0.37090800477897257
Catch Turmeric Powder,Cadbury Oreo Chocolate Flavour Creme Sandwich Biscuit,0.3705005509546301
Le Fraiche Premium Christmas Plum Cake,Malkist Cheese Crunchy Layered Crackers,0.3695188984876093
Ezee Medium Garbage Bags 19x 21 Inch,"Pitambari Shining Powder for Copper, Brass, Aluminium, Iron, Silver & Steel",0.3694178937532894
Britannia Nutrichoice High-Fibre Digestive Biscuits,Britannia Gobbles Fruit Cake | Bakery Delight,0.36838195127280676
Beco Super Soft Facial Tissue paper | Carbox | 2 ply,Dabur Herb'l Neem - Germ Protection Toothpaste ,0.3681043426708167
Santa Design Christmas Goggles for Kids & Adults | Party Propz,Colgate Visible White Purple Toothpaste | Color-Corrects Yellow Tones,0.36807173489278755
Britannia Nutrichoice High-Fibre Digestive Biscuits,Parle Hide & Seek Chocolate Biscuits | Rich & Crunchy,0.36672055536362325
Ezee Medium Garbage Bags 19x 21 Inch,Se7en Self Adhesive Wall Hooks | Strong & Convenient,0.36596886741814283
"Pitambari Shining Powder for Copper, Brass, Aluminium, Iron, Silver & Steel",Se7en Self Adhesive Wall Hooks | Strong & Convenient,0.36566312901595555
Durex Mutual Climax Condom | Long Lasting Dotted Condoms,Colgate Visible White Purple Toothpaste | Color-Corrects Yellow Tones,0.36515053064760666
Britannia Good Day Cashew Cookies| Trans Fat-free,ENO - Lemon Fruit Salt Sixer Pack,0.3642478588715148
Fake Moustache Christmas Santa Claus Beard | Party Propz,Hicks N95 Mask White,0.36415662373716484
Britannia Good Day Cashew Cookies| Trans Fat-free,Britannia Gobbles Choco Chill | Bakery Delight,0.363110689036615
Fake Moustache Christmas Santa Claus Beard | Party Propz,Durex Mutual Climax Condom | Long Lasting Dotted Condoms,0.36224806079168115
Durex Extra Time Condom | Personal Care Product,Colgate Visible White Purple Toothpaste | Color-Corrects Yellow Tones,0.3612659505343343
Le Fraiche Premium Christmas Plum Cake,Sunfeast Dark Fantasy Creme | Made With Real Chocolate,0.36023898842785385
Durex Mutual Climax Condom | Long Lasting Dotted Condoms,Fake Moustache Christmas Santa Claus Beard | Party Propz,0.3594987001778705
Britannia Good Day Cashew Cookies| Trans Fat-free,Britannia Milk Bikis Biscuits,0.35929912887109605
Beco Super Soft Facial Tissue paper | Carbox | 2 ply,Ezee Medium Garbage Bags 19x 21 Inch,0.35762195973304295
Britannia Good Day Cashew Cookies| Trans Fat-free,Britannia 5050 Maska Chaska Biscuit,0.3567576862501417
"Pitambari Shining Powder for Copper, Brass, Aluminium, Iron, Silver & Steel",Ezee Small Garbage Bags 17 x 19 Inch,0.3557135954796773
Durex Extra Time Condom | Personal Care Product,Ezee Medium Garbage Bags 19x 21 Inch,0.3534652033058858
Le Fraiche Premium Christmas Plum Cake,Maggi Masala-ae-Magic Sabzi Masala,0.35175230777544053
Le Fraiche Premium Christmas Plum Cake,Winkies Cake Chocolate Cake Slice | Bakery Delight,0.34977358415072834
Durex Mutual Climax Condom | Long Lasting Dotted Condoms,Gala Steel Scrubber Cleaner,0.34942190868116796
Gala Steel Scrubber Cleaner,Durex Air Condom Ultra Thin Condoms | Lightweight & Comfortable,0.3491838031832214
Fake Moustache Christmas Santa Claus Beard | Party Propz,Gala Steel Scrubber Cleaner,0.3468526299408653
"Pitambari Shining Powder for Copper, Brass, Aluminium, Iron, Silver & Steel",Durex Air Condom Ultra Thin Condoms | Lightweight & Comfortable,0.3430577715484281
Ezee Small Garbage Bags 17 x 19 Inch,"Pitambari Shining Powder for Copper, Brass, Aluminium, Iron, Silver & Steel",0.3429894774924015
Fake Moustache Christmas Santa Claus Beard | Party Propz,Colgate Visible White Purple Toothpaste | Color-Corrects Yellow Tones,0.33830122692351794
Ezee Small Garbage Bags 17 x 19 Inch,Colgate Visible White Purple Toothpaste | Color-Corrects Yellow Tones,0.33706202829009846
Durex Air Condom Ultra Thin Condoms | Lightweight & Comfortable,Colgate Visible White Purple Toothpaste | Color-Corrects Yellow Tones,0.3326502216370867
Ezee Medium Garbage Bags 19x 21 Inch,Durex Air Condom Ultra Thin Condoms | Lightweight & Comfortable,0.3314286945467865
Durex Air Condom Ultra Thin Condoms | Lightweight & Comfortable,Gala Steel Scrubber Cleaner,0.3238098316050614
Durex Air Condom Ultra Thin Condoms | Lightweight & Comfortable,"Pitambari Shining Powder for Copper, Brass, Aluminium, Iron, Silver & Steel",0.3213805418249046
"Pitambari Shining Powder for Copper, Brass, Aluminium, Iron, Silver & Steel",Beco Super Soft Facial Tissue paper | Carbox | 2 ply,0.32088557701015297
Fake Moustache Christmas Santa Claus Beard | Party Propz,Ezee Small Garbage Bags 17 x 19 Inch,0.31308027484498074
