sku1,sku2,association_composite_score
Parle Melody Chocolaty Toffee (176.0 GRAM),Parle Hide & Seek Milano Chocolate Flavoured Biscuits,0.802127659574468
Parle Hide & Seek Milano Chocolate Flavoured Biscuits,Parle Melody Chocolaty Toffee (176.0 GRAM),0.7516279069767442
Nescafe Cafe Style Iced Latte Cold Coffee (170.0 MILLILITRE),Sunfeast Nice Biscuit Coconut Flavoured Biscuits | Trans Fat-free,0.7234339882815004
Balaji Cream & Onion Wafers (135.0 GRAM),Balaji Tomato Wafers (135.0 GRAM),0.7122358396975144
Lay's India's Magic Masala Potato Chips (67.0 GRAM),Lay's American Cream & Onion Potato Chips,0.7024323464428331
Parle Hide & Seek Milano Chocolate Flavoured Biscuits,Lal Sweets Motichoor Laddu,0.7016289786732398
The Healthy Binge Ragi Baked Chips Chatpata Chaat- High Protein & Fibre (40.0 GRAM),Modern Kitchens Potato Chips Salted (70.0 GRAM),0.6991571236709249
The Healthy Binge Ragi Baked Chips Chatpata Chaat- High Protein & Fibre (40.0 GRAM),The Healthy Binge Quinoa Baked Chips Smokey Bbq -High Protein And Fibre (40.0 GRAM),0.6947369709922304
Bhagirathi Jowar Atta (500.0 GRAM),Let's Try Kerala Garlic Mix (180.0 GRAM),0.6904180871139085
Parle Melody Chocolaty Toffee (176.0 GRAM),Lal Sweets Motichoor Laddu,0.6894651981131048
Modern Kitchens Potato Chips Salted (70.0 GRAM),The Healthy Binge Ragi Baked Chips Chatpata Chaat- High Protein & Fibre (40.0 GRAM),0.6822493120165861
Lay's India's Magic Masala Potato Chips (67.0 GRAM),Kurkure Playz Puffcorn Yummy Cheese,0.6750900619044269
The Healthy Binge Ragi Baked Chips Chatpata Chaat- High Protein & Fibre (40.0 GRAM),Crax Crunchy Pipes Salted Puff Snacks,0.6721671538644974
The Healthy Binge Quinoa Baked Chips Smokey Bbq -High Protein And Fibre (40.0 GRAM),The Healthy Binge Ragi Baked Chips Chatpata Chaat- High Protein & Fibre (40.0 GRAM),0.6676612346668449
Sunfeast Nice Biscuit Coconut Flavoured Biscuits | Trans Fat-free,Nescafe Cafe Style Iced Latte Cold Coffee (170.0 MILLILITRE),0.6665975662765391
Heka Bites Roasted Jowar Puffs Majestic Masala - Low Calorie & Healthy Snacks,The Whole Truth Double Cocoa Protein Bar,0.6611318362470436
"Ritebite Max Protein Peri Peri 10G Multigrain Protein Chips, Healthy Snacks & Munchies",Parle Hide & Seek Milano Chocolate Flavoured Biscuits,0.6607473544973544
Lay's Potato Chips - Chile Lemon Flavour,Lay's American Cream & Onion Potato Chips (48.0 GRAM),0.6590830679056219
Piknik Classic Tomato Chilli,Lal Sweets Motichoor Laddu,0.6578295591563021
Lal Sweets Motichoor Laddu,Piknik Classic Tomato Chilli,0.6578295591563021
ACT II Ready to Eat Caramel Popcorn - Classic Caramel Bliss (35.0 GRAM),Society Natural Tea (250.0 GRAM),0.6536996016040849
Lal Sweets Motichoor Laddu,Parle Hide & Seek Milano Chocolate Flavoured Biscuits,0.6514976958525347
Modern Kitchens Potato Chips Salted (70.0 GRAM),The Healthy Binge Quinoa Baked Chips Smokey Bbq -High Protein And Fibre (40.0 GRAM),0.6491173277413407
Bhagirathi Jowar Atta (500.0 GRAM),Lets Try Lite Mixture (180.0 GRAM),0.6472110677154961
Lay's India's Magic Masala Potato Chips (67.0 GRAM),Haldirams Soya Sticks,0.6413519553579119
The Healthy Binge Quinoa Baked Chips Smokey Bbq -High Protein And Fibre (40.0 GRAM),Modern Kitchens Potato Chips Salted (70.0 GRAM),0.6392792873183719
Daily Good Till - Sesame White (100.0 GRAM),Uncle Chipps - Spicy Treat,0.6383648221489111
Modern Kitchens Potato Chips Salted (70.0 GRAM),Crax Crunchy Pipes Salted Puff Snacks,0.6377793060436889
Heka Bites Roasted Jowar Puffs Majestic Masala - Low Calorie & Healthy Snacks,Britannia Nutrichoice High-Fibre Digestive Biscuits,0.637662255998419
Bhagirathi Jowar Atta (500.0 GRAM),Society Natural Tea (250.0 GRAM),0.6375986261951174
Haldirams Soya Sticks,Tata Sampann 100% Chana Dal Fine Besan,0.6349279869428086
Heka Bites Roasted Jowar Puffs Majestic Masala - Low Calorie & Healthy Snacks,Maggi Special Masala Instant Noodles,0.6346097473416562
Heka Bites Roasted Jowar Puffs Majestic Masala - Low Calorie & Healthy Snacks,Haldiram's Salted Peanut,0.6327483127354337
Let's Try Soya Sticks (160.0 GRAM),Society Natural Tea (250.0 GRAM),0.6319159289919525
Bhagirathi Jowar Atta (500.0 GRAM),ACT II Ready to Eat Caramel Popcorn - Classic Caramel Bliss (35.0 GRAM),0.6316827163765939
Crax Corn Rings Masala Mania Puff Snacks,Chheda's Yellow Banana Chips (170.0 GRAM),0.6312133318936041
The Healthy Binge Quinoa Baked Chips Smokey Bbq -High Protein And Fibre (40.0 GRAM),Crax Crunchy Pipes Salted Puff Snacks,0.6305875429574404
Britannia Nutrichoice High-Fibre Digestive Biscuits,Maggi Special Masala Instant Noodles,0.6295134249328092
Parle Melody Chocolaty Toffee (176.0 GRAM),"Ritebite Max Protein Peri Peri 10G Multigrain Protein Chips, Healthy Snacks & Munchies",0.6274136693684566
Too Yumm! Karare Chilli Achari Flavour | Tangy | No Palm Oil Crisps,Uncle Chipps - Spicy Treat,0.6270733012306046
Piknik Classic Tomato Chilli,Kotton Multipurpose Napkin | 100% Virgin Pulp-Paper | 25 cm X 25 cm | 100Pcs,0.626318256610416
Haldiram Aloo Bhujia ,Everest Chhole Masala,0.6260626896015469
Parle Hide & Seek Milano Chocolate Flavoured Biscuits,"Ritebite Max Protein Peri Peri 10G Multigrain Protein Chips, Healthy Snacks & Munchies",0.6253113079857266
Daily Good Till - Sesame White (100.0 GRAM),Haldirams Namkeen - Khara Boondi,0.6227534218012927
Britannia Nutrichoice High-Fibre Digestive Biscuits,Heka Bites Roasted Jowar Puffs Majestic Masala - Low Calorie & Healthy Snacks,0.621787892670745
"Ritebite Max Protein Peri Peri 10G Multigrain Protein Chips, Healthy Snacks & Munchies",Parle Melody Chocolaty Toffee (176.0 GRAM),0.6212301587301587
Piknik Classic Tomato Chilli,Crax Crunchy Pipes Salted Puff Snacks,0.6197774707924557
Let's Try Soya Sticks (160.0 GRAM),Let's Try Lite Snacks Sticks | Vrat | Fasting Special,0.6197494772988508
Too Yumm! Noodles Masala | Spicy No Palm Oil Crisps (67.0 GRAM),ACT II Ready to Eat Popcorn - Sour Cream & Cheese Popcorn (50.0 GRAM),0.6188180415725326
Let's Try Lite Snacks Sticks | Vrat | Fasting Special,YiPPee! Magic Masala Noodles with Added Veggies - The Better Noodles,0.615977439286782
Lay's India's Magic Masala Potato Chips (67.0 GRAM),YiPPee! Magic Masala Noodles with Added Veggies - The Better Noodles,0.6148479043334
Lay's American Cream & Onion Potato Chips,Lay's India's Magic Masala Potato Chips (67.0 GRAM),0.6147912011793275
Daily Good Till - Sesame White (100.0 GRAM),Daily Good Chilli With Stem / Guntur With Stem,0.6136735263619686
Heka Bites Roasted Jowar Puffs Majestic Masala - Low Calorie & Healthy Snacks,Crax Crunchy Pipes Salted Puff Snacks,0.6136002866981787
Daily Good Sooji / Rava (1.0 KILOGRAM),Parle Krack Jack Sweet and Salty Plain Crackers | Artificial Colour-free,0.6127011998829381
Chheda's Farali Potato Chivda (170.0 GRAM),Daily Good Raw Peanut - Singdana,0.6125844459695651
Daily Good Till - Sesame White (100.0 GRAM),YiPPee! 100% Suji Cheese Pasta Treat,0.6122109666498277
Let's Try Soya Sticks (160.0 GRAM),YiPPee! Magic Masala Noodles with Added Veggies - The Better Noodles,0.6120463317540874
Lay's Potato Chips - Chile Lemon Flavour,Kurkure Yummy PuffCorn Yummy Cheese Chips,0.6117797774204063
"Ritebite Max Protein Peri Peri 10G Multigrain Protein Chips, Healthy Snacks & Munchies",Lal Sweets Motichoor Laddu,0.6110831093189963
Lay's Potato Chips - Chile Lemon Flavour,Sunfeast Dark Fantasy Choco Centre Fills | Preservative-free,0.6108872803078665
Lets Try Lite Mixture (180.0 GRAM),Society Natural Tea (250.0 GRAM),0.6095282464255211
Bhagirathi Jowar Atta (500.0 GRAM),Too Yumm! Noodles Masala | Spicy No Palm Oil Crisps (67.0 GRAM),0.6090919629517679
Bhagirathi Jowar Atta (500.0 GRAM),YiPPee! Magic Masala Noodles with Added Veggies - The Better Noodles,0.6090194342826607
Everest Coriander Powder (100.0 GRAM),Haldiram Aloo Bhujia ,0.6082551383064745
Let's Try Kerala Garlic Mix (180.0 GRAM),Bhagirathi Jowar Atta (500.0 GRAM),0.6074248898349969
Haldiram Aloo Bhujia ,Everest Coriander Powder (100.0 GRAM),0.6068335245115555
Britannia Nutrichoice High-Fibre Digestive Biscuits,YiPPee! Magic Masala Noodles with Added Veggies - The Better Noodles,0.6066939730784853
Britannia Nutrichoice High-Fibre Digestive Biscuits,Colombian Brew Original Instant Coffee Sachets | 40 Sachets,0.606341958396753
Crax Corn Rings Masala Mania Puff Snacks,Chheda's Golden Plain Salted Chips (170.0 GRAM),0.6056635227865845
Lay's India's Magic Masala Potato Chips (67.0 GRAM),Britannia Marie Gold Biscuits Plain | Trans Fat-free,0.605097511732979
Haldirams Namkeen - Mini Samosa,Haldiram's Mini Bhakarwadi,0.603746172271063
Heka Bites Roasted Jowar Puffs Majestic Masala - Low Calorie & Healthy Snacks,Colombian Brew Original Instant Coffee Sachets | 40 Sachets,0.6035477558234961
Haldirams Soya Sticks,Daily Good Chilli With Stem / Guntur With Stem,0.6029597862767154
Let's Try Lite Snacks Sticks | Vrat | Fasting Special,Society Natural Tea (250.0 GRAM),0.6015370913802311
Lal Sweets Motichoor Laddu,Om Shanthi Havan Samagri | Cycle,0.6004800307219663
Lal Sweets Motichoor Laddu,Parle Melody Chocolaty Toffee (176.0 GRAM),0.5998975934459806
"Ritebite Max Protein Peri Peri 10G Multigrain Protein Chips, Healthy Snacks & Munchies",Haldiram Aloo Bhujia ,0.59980715027444
Britannia Nutrichoice High-Fibre Digestive Biscuits,Crax Crunchy Pipes Salted Puff Snacks,0.5996745295733614
Parle Hide & Seek Milano Chocolate Flavoured Biscuits,Kotton Multipurpose Napkin | 100% Virgin Pulp-Paper | 25 cm X 25 cm | 100Pcs,0.5995850394559326
"Ritebite Max Protein Peri Peri 10G Multigrain Protein Chips, Healthy Snacks & Munchies",Piknik Classic Tomato Chilli,0.5994434310462537
Britannia Nutrichoice High-Fibre Digestive Biscuits,Britannia Marie Gold Biscuits Plain | Trans Fat-free,0.598833441129706
Kurkure Playz Puffcorn Yummy Cheese,YiPPee! Magic Masala Noodles with Added Veggies - The Better Noodles,0.5987100143919823
Orbit Sugar Free Spearmint Chewing Gum Tube (19800.0 MILLIGRAM),YiPPee! Magic Masala Noodles with Added Veggies - The Better Noodles,0.5981393485285914
Parle Hide & Seek Milano Chocolate Flavoured Biscuits,Piknik Classic Tomato Chilli,0.5976839447957228
Haldirams Soya Sticks,MAGGI 2-Minute Instant Noodles | Masala Noodles | Made With Quality Spices,0.5975047979629724
Let's Try Soya Sticks (160.0 GRAM),Lets Try Lite Mixture (180.0 GRAM),0.5971889499081509
Pintola High Protein Oats Dark Chocolate With Almonds Raisin Pumpkin And Chia Seeds,Society Natural Tea (250.0 GRAM),0.5969673411924874
Lay's Potato Chips - Chile Lemon Flavour,MAGGI Pazzta Instant Pasta - Cheese Macaroni,0.5962814581912913
Orbit Sugar Free Spearmint Chewing Gum Tube (19800.0 MILLIGRAM),Crax Crunchy Pipes Salted Puff Snacks,0.5957550882036009
Yu 100% Whole Wheat Hakka Noodles,Haldiram's Mini Bhakarwadi,0.595401882296706
Haldiram Aloo Bhujia ,"Paper Boat Mango | Juicy Sips, Chewy Bites | Refreshing Summer Juice Drink",0.5952553225088649
Haldiram Aloo Bhujia ,Lal Sweets Motichoor Laddu,0.5952553225088649
Balaji Simply Salted Chips (135.0 GRAM),YiPPee! Magic Masala Noodles with Added Veggies - The Better Noodles,0.5951153882225823
Piknik Classic Tomato Chilli,Palekar Knot Premium Salty Khari | Preservative-free,0.5948120108258357
Haldirams Namkeen - Mini Samosa,Haldiram's All In One Mixture,0.5947834615002711
Parle Melody Chocolaty Toffee (176.0 GRAM),Piknik Classic Tomato Chilli,0.5943665500975042
Too Yumm! Karare Chilli Achari Flavour | Tangy | No Palm Oil Crisps,Society Natural Tea (250.0 GRAM),0.5942095616674221
Lay's American Cream & Onion Potato Chips,Tata Sampann 100% Chana Dal Fine Besan,0.5918942344534095
Cadbury Oreo Chocolate Flavour Creme Sandwich Biscuit Family Pack,Daily Good Cashew | W320 (100.0 GRAM),0.5917583363311655
Palekar Jeeo Butter | Toasted Buns With Jeera And Khari | Trans Fat-free,YiPPee! Magic Masala Noodles with Added Veggies - The Better Noodles,0.5911686524005126
ACT II Ready to Eat Caramel Popcorn - Classic Caramel Bliss (35.0 GRAM),YiPPee! Magic Masala Noodles with Added Veggies - The Better Noodles,0.5904557402965046
Let's Try Lite Snacks Sticks | Vrat | Fasting Special,Uncle Chipps - Spicy Treat,0.5900978598824703
Heka Bites Roasted Jowar Puffs Majestic Masala - Low Calorie & Healthy Snacks,Britannia Marie Gold Biscuits Plain | Trans Fat-free,0.5896174147772186
Colombian Brew Original Instant Coffee Sachets | 40 Sachets,YiPPee! Magic Masala Noodles with Added Veggies - The Better Noodles,0.5891441022210587
Daily Good Till - Sesame White (100.0 GRAM),Haldirams Soya Sticks,0.58869249384028
Amul Taaza Homogenised Toned Milk (Tetra Pack),Daily Good Raw Peanut - Singdana,0.5884720794792736
Crax Corn Rings Masala Mania Puff Snacks,Bingo! Mad Angles Masala Madness Crisps,0.5883719632521167
Heka Bites Roasted Jowar Puffs Majestic Masala - Low Calorie & Healthy Snacks,Beyond Snack Kerala Banana Chips - with Coconut Oil & Rock Salt,0.5881264664674803
Yu 100% Whole Wheat Hakka Noodles,Haldiram's Salted Peanut,0.5880950671402431
Nescafe Cafe Style Iced Latte Cold Coffee (170.0 MILLILITRE),Cheetos Cheese Puffs (28.0 GRAM),0.5880361873442168
Let'S Try Special Makhana Mixture | Fasting Snacks (90.0 GRAM),Haldiram's Ratlami Sev (200.0 GRAM),0.5878636615097741
"Ching's Secret Veg Hakka Noodles, Cooks In 5-7 mins, Just Soak & Drain",Palekar Knot Premium Salty Khari | Preservative-free,0.5877166414268888
Bhagirathi Jowar Atta (500.0 GRAM),ACT II Ready to Eat Popcorn - Sour Cream & Cheese Popcorn (50.0 GRAM),0.5874975995530806
Haldirams Namkeen - Mini Samosa,Haldiram's Panchratan Mixture,0.586627298667926
Nescafe Cafe Style Iced Latte Cold Coffee (170.0 MILLILITRE),Kurkure Red Chilli Chataka Chips (68.0 GRAM),0.5865417327979883
Haldirams Soya Sticks,YiPPee! Magic Masala Noodles with Added Veggies - The Better Noodles,0.5860577937311975
Pintola High Protein Oats Dark Chocolate With Almonds Raisin Pumpkin And Chia Seeds,YiPPee! Magic Masala Noodles with Added Veggies - The Better Noodles,0.5859968137998299
Crax Corn Rings Masala Mania Puff Snacks,YiPPee! Magic Masala Noodles with Added Veggies - The Better Noodles,0.585932423048416
Haldirams Namkeen - Mini Samosa,YiPPee! Magic Masala Noodles with Added Veggies - The Better Noodles,0.585911334205087
Lay's American Cream & Onion Potato Chips,Haldirams Soya Sticks,0.5856169373250655
Daily Good Till - Sesame White (100.0 GRAM),Let's Try Namkeen Combo Pack Of 6 (Crunchy Party Mix Peanut Party Mix Aloo Bhujia),0.5846145080890235
Kotton Multipurpose Napkin | 100% Virgin Pulp-Paper | 25 cm X 25 cm | 100Pcs,Piknik Classic Tomato Chilli,0.5845520988788122
Society Natural Tea (250.0 GRAM),YiPPee! Magic Masala Noodles with Added Veggies - The Better Noodles,0.5844519492487608
Modern Kitchens Potato Chips Salted (70.0 GRAM),Piknik Classic Tomato Chilli,0.5842055949672067
Haldirams Soya Sticks,Maggi Special Masala Instant Noodles,0.5841654159224334
Haldirams Soya Sticks,Lay's Spanish Tomato Tango Potato Chips,0.5841323772884554
Peppy Cheese Balls (55.0 GRAM),YiPPee! Magic Masala Noodles with Added Veggies - The Better Noodles,0.5838339490269052
Nescafe Cafe Style Iced Latte Cold Coffee (170.0 MILLILITRE),Britannia 50-50 Maska Chaska Biscuits Butter Flavoured Crackers | Trans Fat-free,0.5832865134914045
The Healthy Binge Quinoa Baked Chips Smokey Bbq -High Protein And Fibre (40.0 GRAM),Palekar Knot Premium Salty Khari | Preservative-free,0.5828359300709531
Yu 100% Whole Wheat Hakka Noodles,YiPPee! Magic Masala Noodles with Added Veggies - The Better Noodles,0.5825123895301839
Heka Bites Roasted Jowar Puffs Majestic Masala - Low Calorie & Healthy Snacks,YiPPee! Magic Masala Noodles with Added Veggies - The Better Noodles,0.582439838479053
Let's Try Kerala Garlic Mix (180.0 GRAM),YiPPee! Magic Masala Noodles with Added Veggies - The Better Noodles,0.5823499557879297
Colombian Brew Original Instant Coffee Sachets | 40 Sachets,Britannia Marie Gold Biscuits Plain | Trans Fat-free,0.5822722681648886
Tulips Paper Stick Cotton Buds Jar (100.0 PIECE),YiPPee! Magic Masala Noodles with Added Veggies - The Better Noodles,0.5822288095520679
The Healthy Binge Ragi Baked Chips Chatpata Chaat- High Protein & Fibre (40.0 GRAM),The Whole Truth Double Cocoa Protein Bar,0.5821792807300052
Haldirams Soya Sticks,Lay's American Cream & Onion Potato Chips,0.5818618788189325
Heka Bites Roasted Jowar Puffs Majestic Masala - Low Calorie & Healthy Snacks,Haldiram's Mini Bhakarwadi,0.581702267363612
Peppy Tomato Disc (55.0 GRAM),YiPPee! Magic Masala Noodles with Added Veggies - The Better Noodles,0.5812903527953917
Open Secret Arabian Dates (Khajur) With Seed,YiPPee! Magic Masala Noodles with Added Veggies - The Better Noodles,0.5809267054054664
Haldiram Aloo Bhujia ,Om Shanthi Havan Samagri | Cycle,0.5799028334075063
ACT II Ready to Eat Popcorn - Sour Cream & Cheese Popcorn (50.0 GRAM),Too Yumm! Noodles Masala | Spicy No Palm Oil Crisps (67.0 GRAM),0.5792850673871242
Beyond Snack Kerala Banana Chips - Peri Peri (70.0 GRAM),YiPPee! Magic Masala Noodles with Added Veggies - The Better Noodles,0.5789267092945762
Too Yumm! Karare Munchy Masala | Spicy | No Palm Oil Crisps,Lay's Spanish Tomato Tango Potato Chips,0.5785014971551786
Let's Try Potato Wafers | Vrat | Fasting Chips,YiPPee! Magic Masala Noodles with Added Veggies - The Better Noodles,0.5781730847038865
The Healthy Binge Ragi Baked Chips Chatpata Chaat- High Protein & Fibre (40.0 GRAM),Piknik Classic Tomato Chilli,0.5781377590774504
Daily Good Till - Sesame White (100.0 GRAM),Haldiram's Mini Bhakarwadi,0.5779346814890065
Haldiram Aloo Bhujia ,Kotton Multipurpose Napkin | 100% Virgin Pulp-Paper | 25 cm X 25 cm | 100Pcs,0.5776988535128691
"Ritebite Max Protein Peri Peri 10G Multigrain Protein Chips, Healthy Snacks & Munchies",Palekar Knot Premium Salty Khari | Preservative-free,0.5775132275132274
Nescafe Cafe Style Iced Latte Cold Coffee (170.0 MILLILITRE),Kurkure Green Chutney Style (68.0 GRAM),0.5774258791467831
Beyond Snack Kerala Banana Chips - with Coconut Oil & Rock Salt,YiPPee! Magic Masala Noodles with Added Veggies - The Better Noodles,0.5770818111750058
Mr Makhana Super Snack - Himalayan Salt And Pepper,Haldiram's Salted Peanut,0.5768676037234989
Daily Good Till - Sesame White (100.0 GRAM),Haldirams Namkeen - Mini Samosa,0.5768237804179099
Let's Try Kerala Garlic Mix (180.0 GRAM),Lets Try Lite Mixture (180.0 GRAM),0.5765279976421036
The Healthy Binge Quinoa Baked Chips Smokey Bbq -High Protein And Fibre (40.0 GRAM),Haldiram's Lite Chiwda (200.0 GRAM),0.5765096672450537
Crax Corn Rings Masala Mania Puff Snacks,Cheetos Cheese Puffs (28.0 GRAM),0.5759643333394786
Too Yumm! Karare Chilli Achari Flavour | Tangy | No Palm Oil Crisps,YiPPee! Magic Masala Noodles with Added Veggies - The Better Noodles,0.5758227307408539
Daily Good Chilli With Stem / Guntur With Stem,Haldiram's Mini Bhakarwadi,0.5756294034149778
Piknik Classic Tomato Chilli,Om Shanthi Havan Samagri | Cycle,0.5754600294418843
Piknik Classic Tomato Chilli,Modern Kitchens Potato Chips Salted (70.0 GRAM),0.5753513585865346
Bingo! Mad Angles Masala Madness Crisps,YiPPee! Magic Masala Noodles with Added Veggies - The Better Noodles,0.5749258867969593
Haldiram's Panchratan Mixture,YiPPee! Magic Masala Noodles with Added Veggies - The Better Noodles,0.5748282182525277
Korean Nongshim Shin Ramyun Noodle Soup Veg,YiPPee! Magic Masala Noodles with Added Veggies - The Better Noodles,0.5744974770452478
Too Yumm! Karare Munchy Masala | Spicy | No Palm Oil Crisps,YiPPee! Magic Masala Noodles with Added Veggies - The Better Noodles,0.5741650132275131
Bhagirathi Jowar Atta (500.0 GRAM),Pintola High Protein Oats Dark Chocolate With Almonds Raisin Pumpkin And Chia Seeds,0.574154661864746
Moov Fast Pain Relief Spray (50.0 GRAM),YiPPee! Magic Masala Noodles with Added Veggies - The Better Noodles,0.5734335928284972
Lay's India's Magic Masala Potato Chips (67.0 GRAM),MAGGI 2-Minute Instant Noodles | Masala Noodles | Made With Quality Spices,0.5731643031420974
Chheda's Farali Potato Chivda (170.0 GRAM),Cadbury Oreo Vanilla Flavour Creme Sandwich Biscuit Mega Family Pack,0.5730873785028331
"Ritebite Max Protein Peri Peri 10G Multigrain Protein Chips, Healthy Snacks & Munchies",The Healthy Binge Ragi Baked Chips Chatpata Chaat- High Protein & Fibre (40.0 GRAM),0.5729202610996089
"Ritebite Max Protein Peri Peri 10G Multigrain Protein Chips, Healthy Snacks & Munchies",Crax Crunchy Pipes Salted Puff Snacks,0.5724834050706475
Lay's India's Magic Masala Potato Chips (67.0 GRAM),Tata Sampann 100% Chana Dal Fine Besan,0.5722626183461296
Rajam Banana Chips (150.0 GRAM),Daily Good Raw Peanut - Singdana,0.5722297503216718
Let'S Try Roasted Chana (450.0 GRAM),YiPPee! Magic Masala Noodles with Added Veggies - The Better Noodles,0.5721332898969135
Haldiram's All In One Mixture,YiPPee! Magic Masala Noodles with Added Veggies - The Better Noodles,0.5718451341226012
Catch Turmeric Powder/Haldi (100.0 GRAM),Britannia Marie Gold Biscuits Plain | Trans Fat-free,0.5712087582415848
Orbit Sugar Free Spearmint Chewing Gum Tube (19800.0 MILLIGRAM),Palekar Knot Premium Salty Khari | Preservative-free,0.5709654584938032
Nutrela Soya Granules (200.0 GRAM),Crax Crunchy Pipes Salted Puff Snacks,0.5706861859772117
Nescafe Cafe Style Iced Latte Cold Coffee (170.0 MILLILITRE),Daily Good Cashew | W320 (100.0 GRAM),0.570492443436977
Palekar Knot Premium Salty Khari | Preservative-free,Crax Crunchy Pipes Salted Puff Snacks,0.5704038078545113
Rajdhani Roasted Chana (200.0 GRAM),YiPPee! Magic Masala Noodles with Added Veggies - The Better Noodles,0.5703227415111636
Let's Try Namkeen Combo Pack Of 6 (Crunchy Party Mix Peanut Party Mix Aloo Bhujia),YiPPee! Magic Masala Noodles with Added Veggies - The Better Noodles,0.5702185581075481
Yu 100% Whole Wheat Hakka Noodles,Daily Good Chilli With Stem / Guntur With Stem,0.570071713289202
Let's Try Soya Sticks (160.0 GRAM),Uncle Chipps - Spicy Treat,0.5700666374823679
Nescafe Cafe Style Iced Latte Cold Coffee (170.0 MILLILITRE),Daily Good Tamarind / Imli (200.0 GRAM),0.5698632166949706
Yu 100% Whole Wheat Hakka Noodles,Snapin Oregano Pizza Seasoning Sachet Pouch,0.5698515307740164
Lal Sweets Motichoor Laddu,Crax Crunchy Pipes Salted Puff Snacks,0.5693304673558606
Haldiram Aloo Bhujia ,"Ritebite Max Protein Peri Peri 10G Multigrain Protein Chips, Healthy Snacks & Munchies",0.568966028779113
Kurkure Yummy PuffCorn Yummy Cheese Chips,Lay's American Cream & Onion Potato Chips (48.0 GRAM),0.5686874433489387
YiPPee! Suji Tricolor Creamy Corn Pasta,YiPPee! Magic Masala Noodles with Added Veggies - The Better Noodles,0.5685429012052264
Modern Kitchens Butter Murukku,YiPPee! Magic Masala Noodles with Added Veggies - The Better Noodles,0.5681484905904466
Snapin Oregano Pizza Seasoning Sachet Pouch,Haldiram's Mini Bhakarwadi,0.5676983238900434
Lay's India's Magic Masala Potato Chips (67.0 GRAM),Catch Turmeric Powder/Haldi (100.0 GRAM),0.5675433400251368
Crax Corn Rings Masala Mania Puff Snacks,MAGGI 2-Minute Instant Noodles | Masala Noodles | Made With Quality Spices,0.5674504120054699
Lets Try Lite Mixture (180.0 GRAM),YiPPee! Magic Masala Noodles with Added Veggies - The Better Noodles,0.5670302142408861
The Healthy Binge Quinoa Baked Chips Smokey Bbq -High Protein And Fibre (40.0 GRAM),The Whole Truth Double Cocoa Protein Bar,0.5669205495818399
Kurkure Yummy PuffCorn Yummy Cheese Chips,Kurkure Green Chutney Style (68.0 GRAM),0.5667814075482345
Vim Lemon Dishwash Bar,Kurkure Yummy PuffCorn Yummy Cheese Chips,0.5666219545375809
Nutrela Soya Granules (200.0 GRAM),YiPPee! Magic Masala Noodles with Added Veggies - The Better Noodles,0.5665973467228433
Lets Try Lite Mixture (180.0 GRAM),Uncle Chipps - Spicy Treat,0.5665350925897884
Haldiram's Mini Bhakarwadi,YiPPee! Magic Masala Noodles with Added Veggies - The Better Noodles,0.5664975121777769
"Ritebite Max Protein Peri Peri 10G Multigrain Protein Chips, Healthy Snacks & Munchies",Modern Kitchens Potato Chips Salted (70.0 GRAM),0.5662187973391293
Too Yumm! Noodles Masala | Spicy No Palm Oil Crisps (67.0 GRAM),YiPPee! Magic Masala Noodles with Added Veggies - The Better Noodles,0.5659579381816988
Nescafe Cafe Style Iced Latte Cold Coffee (170.0 MILLILITRE),MAGGI 2-Minute Instant Noodles | Masala Noodles | Made With Quality Spices,0.5658865249255309
Parle Melody Chocolaty Toffee (176.0 GRAM),Om Shanthi Havan Samagri | Cycle,0.5658018526559561
Daily Good Till - Sesame White (100.0 GRAM),Scotch-Brite Scrub Sponge (Pack of 3),0.565222940097312
Bingo! Mad Angles Masala Madness Crisps,Cheetos Cheese Puffs (28.0 GRAM),0.5647988915651381
Lay's American Cream & Onion Potato Chips,Britannia Marie Gold Biscuits Plain | Trans Fat-free,0.5644870594427207
Lay's India's Magic Masala Potato Chips (67.0 GRAM),Let's Try Namkeen Combo Pack Of 6 (Crunchy Party Mix Peanut Party Mix Aloo Bhujia),0.5643948452238607
Nescafe Cafe Style Iced Latte Cold Coffee (170.0 MILLILITRE),Haldiram's Moong Dal,0.5643943114160138
"Aashirvaad Chilli Powder, Red Hot Chilli Powder with No Added Flavours and Colours",YiPPee! Magic Masala Noodles with Added Veggies - The Better Noodles,0.5638586348777431
Haldiram Aloo Bhujia ,Crax Crunchy Pipes Salted Puff Snacks,0.5637402119683605
Parle Hide & Seek Milano Chocolate Flavoured Biscuits,"Ching's Secret Veg Hakka Noodles, Cooks In 5-7 mins, Just Soak & Drain",0.5634564538829475
"Ritebite Max Protein Peri Peri 10G Multigrain Protein Chips, Healthy Snacks & Munchies",Om Shanthi Havan Samagri | Cycle,0.5632478859599395
Let's Try Salted Peanuts,YiPPee! Magic Masala Noodles with Added Veggies - The Better Noodles,0.5632248315145727
Crax Corn Rings Masala Mania Puff Snacks,Haldiram's Moong Dal,0.5631856060375718
Satyam Singdana,YiPPee! Magic Masala Noodles with Added Veggies - The Better Noodles,0.5630557033934032
Hindalco Fresh wrapp Aluminium Foil - 9 m,YiPPee! Magic Masala Noodles with Added Veggies - The Better Noodles,0.5630557033934032
Haldiram's Ratlami Sev (200.0 GRAM),YiPPee! Magic Masala Noodles with Added Veggies - The Better Noodles,0.5628603521006316
Modern Kitchens Potato Chips Salted (70.0 GRAM),Palekar Knot Premium Salty Khari | Preservative-free,0.5627929733442479
Nescafe Cafe Style Iced Latte Cold Coffee (170.0 MILLILITRE),Kurkure Masala Munch,0.5626999863615858
Fevikwik Instant Adhesive (3 gm),YiPPee! Magic Masala Noodles with Added Veggies - The Better Noodles,0.5624961673522044
Lal Sweets Motichoor Laddu,Kotton Multipurpose Napkin | 100% Virgin Pulp-Paper | 25 cm X 25 cm | 100Pcs,0.5624082304256797
The Healthy Binge Quinoa Baked Chips Smokey Bbq -High Protein And Fibre (40.0 GRAM),Kotton Multipurpose Napkin | 100% Virgin Pulp-Paper | 25 cm X 25 cm | 100Pcs,0.5624082304256797
Haldiram's All In One Mixture,Haldiram's Mini Bhakarwadi,0.5620555672080664
Scotch-Brite Scrub Sponge (Pack of 3),YiPPee! Magic Masala Noodles with Added Veggies - The Better Noodles,0.561992867781203
Parle Marie Butter Marie Biscuits | Trans Fat-free,Daily Good Raw Peanut - Singdana,0.5619293344202525
Sunfeast Nice Biscuit Coconut Flavoured Biscuits | Trans Fat-free,Cheetos Cheese Puffs (28.0 GRAM),0.561867304201799
The Healthy Binge Ragi Baked Chips Chatpata Chaat- High Protein & Fibre (40.0 GRAM),YiPPee! Magic Masala Noodles with Added Veggies - The Better Noodles,0.5617308664442422
Palekar Knot Premium Salty Khari | Preservative-free,YiPPee! Magic Masala Noodles with Added Veggies - The Better Noodles,0.5613040192812907
Lay's India's Magic Masala Potato Chips (67.0 GRAM),Sunfeast Dark Fantasy Bourbon Chocolate Cream Biscuits | Trans Fat-free,0.5611288058602569
Daily Good Till - Sesame White (100.0 GRAM),YiPPee! Magic Masala Noodles with Added Veggies - The Better Noodles,0.5610251744009704
Lets Try Lite Mixture (180.0 GRAM),Let's Try Kerala Garlic Mix (180.0 GRAM),0.560876605009579
The Healthy Binge Quinoa Baked Chips Smokey Bbq -High Protein And Fibre (40.0 GRAM),YiPPee! Magic Masala Noodles with Added Veggies - The Better Noodles,0.5605983445360886
The Theatre Project Gourmet Popcorn - Cheddar Cheese (60.0 GRAM),YiPPee! Magic Masala Noodles with Added Veggies - The Better Noodles,0.5605507595819644
Crax Corn Rings Masala Mania Puff Snacks,Kurkure Solid Masti Masala Twisteez (61.0 GRAM),0.5604753589083873
YiPPee! Suji Tricolor Creamy Corn Pasta,Uncle Chipps - Spicy Treat,0.5601932818518429
Too Yumm! Noodles Masala | Spicy No Palm Oil Crisps (67.0 GRAM),Society Natural Tea (250.0 GRAM),0.5601200863341723
Let's Try Kerala Garlic Mix (180.0 GRAM),Society Natural Tea (250.0 GRAM),0.5600072589861878
Uncle Chipps - Spicy Treat,Society Natural Tea (250.0 GRAM),0.5597495055435788
Haldirams Soya Sticks,Uncle Chipps - Spicy Treat,0.5595929722267863
Britannia The Original Bourbon Chocolate Cream Biscuits | Trans Fat-free,Parle Marie Butter Marie Biscuits | Trans Fat-free,0.5595078491976181
Let'S Try Special Makhana Mixture | Fasting Snacks (90.0 GRAM),Haldiram's Panchratan Mixture,0.5594571922033063
Balaji Simply Salted Chips (135.0 GRAM),Cheetos Cheese Puffs (28.0 GRAM),0.5589635972033401
YiPPee! 100% Suji Masala Pasta Treat,YiPPee! Magic Masala Noodles with Added Veggies - The Better Noodles,0.5588890576763962
Uncle Chipps - Spicy Treat,YiPPee! Magic Masala Noodles with Added Veggies - The Better Noodles,0.558575075059724
"Paper Boat Mango | Juicy Sips, Chewy Bites | Refreshing Summer Juice Drink",Crax Crunchy Pipes Salted Puff Snacks,0.5585203951908759
Garden Sabudana Chivda Namkeen,YiPPee! Magic Masala Noodles with Added Veggies - The Better Noodles,0.558333300719781
Parle Melody Chocolaty Toffee (176.0 GRAM),Palekar Knot Premium Salty Khari | Preservative-free,0.5582042746176485
Daily Good Mustard / Rai / Sarso Small (100.0 GRAM),YiPPee! Magic Masala Noodles with Added Veggies - The Better Noodles,0.5581300275567791
The Whole Truth Double Cocoa Protein Bar,YiPPee! Magic Masala Noodles with Added Veggies - The Better Noodles,0.5578299576494906
Haldirams Soya Sticks,Britannia Marie Gold Biscuits Plain | Trans Fat-free,0.5578198894493027
Haldirams Soya Sticks,Lay's India's Magic Masala Potato Chips (67.0 GRAM),0.5577323559943608
Haldiram's Mini Bhakarwadi,Haldiram's Panchratan Mixture,0.5575095605507273
ACT II Ready to Eat Popcorn - Sour Cream & Cheese Popcorn (50.0 GRAM),YiPPee! Magic Masala Noodles with Added Veggies - The Better Noodles,0.5571058368552552
Bingo! Original Style Chilli Sprinkled - Flat Cut Spicy Potato Chips Pack for Snacks,Daily Good Raw Peanut - Singdana,0.5570686970476652
Daily Good Saunf / Fennel,YiPPee! Magic Masala Noodles with Added Veggies - The Better Noodles,0.5567025850310585
Maggi Special Masala Instant Noodles,YiPPee! Magic Masala Noodles with Added Veggies - The Better Noodles,0.5564696983867674
Nestle EveryDay Dairy Whitener,Crax Crunchy Pipes Salted Puff Snacks,0.5562407201084641
Haldiram's Bhujia Sev (200.0 GRAM),YiPPee! Magic Masala Noodles with Added Veggies - The Better Noodles,0.5562207810628963
Modern Kitchens Potato Chips Salted (70.0 GRAM),The Whole Truth Double Cocoa Protein Bar,0.5556067824394243
Piknik Classic Tomato Chilli,The Healthy Binge Ragi Baked Chips Chatpata Chaat- High Protein & Fibre (40.0 GRAM),0.5556062022752065
Maggi Pazzta Instant Pasta - Masala Penne (69.0 GRAM),Daily Good Raw Peanut - Singdana,0.5553053761269798
The Healthy Binge Ragi Baked Chips Chatpata Chaat- High Protein & Fibre (40.0 GRAM),Palekar Knot Premium Salty Khari | Preservative-free,0.555273587695948
Piknik Classic Tomato Chilli,Parle Hide & Seek Milano Chocolate Flavoured Biscuits,0.5549795186891961
Sunfeast Nice Biscuit Coconut Flavoured Biscuits | Trans Fat-free,Haldiram's Moong Dal,0.5549521086050766
Lal Sweets Motichoor Laddu,Palekar Knot Premium Salty Khari | Preservative-free,0.5548917416428938
Let's Try Potato Wafers | Vrat | Fasting Chips,Chheda's Yellow Banana Chips (170.0 GRAM),0.554839594187003
Parle Melody Chocolaty Toffee (176.0 GRAM),"Ching's Secret Veg Hakka Noodles, Cooks In 5-7 mins, Just Soak & Drain",0.5547257456474809
Haldiram's Panchratan Mixture,Haldiram's Mini Bhakarwadi,0.554721373481097
Haldiram's Mini Bhakarwadi,Rajdhani Roasted Chana (200.0 GRAM),0.5547094353783715
"Aashirvaad Chilli Powder, Red Hot Chilli Powder with No Added Flavours and Colours",Rajdhani Roasted Chana (200.0 GRAM),0.5540894173805566
Snapin Oregano Pizza Seasoning Sachet Pouch,YiPPee! Magic Masala Noodles with Added Veggies - The Better Noodles,0.5539797100079175
Lets Try Lite Mixture (180.0 GRAM),Bhagirathi Jowar Atta (500.0 GRAM),0.553953462786732
Kurkure Yummy PuffCorn Yummy Cheese Chips,Britannia Treat Jimjam Naughty Jam Cream Biscuits | Trans Fat-free,0.5533721609293368
Bhagirathi Jowar Atta (500.0 GRAM),Let's Try Lite Snacks Sticks | Vrat | Fasting Special,0.5533187385320297
Daily Good Saunf - Fennel,YiPPee! Magic Masala Noodles with Added Veggies - The Better Noodles,0.5533178465551004
YiPPee! 100% Suji Cheese Pasta Treat,Daily Good Till - Sesame White (100.0 GRAM),0.5532494926129767
Too Yumm! Karare Chilli Achari Flavour | Tangy | No Palm Oil Crisps,Lay's Spanish Tomato Tango Potato Chips,0.5530994025329713
Lal Milk Cake Signature,YiPPee! Magic Masala Noodles with Added Veggies - The Better Noodles,0.5527670760222597
Nutrela Soya Granules (200.0 GRAM),Britannia Nutrichoice High-Fibre Digestive Biscuits,0.5526158630900685
Parle Hide & Seek Milano Chocolate Flavoured Biscuits,Om Shanthi Havan Samagri | Cycle,0.552468227601118
Modern Kitchens Potato Chips Salted (70.0 GRAM),Kotton Multipurpose Napkin | 100% Virgin Pulp-Paper | 25 cm X 25 cm | 100Pcs,0.5524372055935383
Haldiram's All In One Mixture,Rajdhani Roasted Chana (200.0 GRAM),0.5523352759721497
Sunfeast Nice Biscuit Coconut Flavoured Biscuits | Trans Fat-free,MAGGI 2-Minute Instant Noodles | Masala Noodles | Made With Quality Spices,0.5518771588457999
"Paper Boat Mango | Juicy Sips, Chewy Bites | Refreshing Summer Juice Drink",Haldiram Aloo Bhujia ,0.5514356058974691
Lal Sweets Motichoor Laddu,Haldiram Aloo Bhujia ,0.5514356058974691
Catch Sprinkler Chat Masala (100.0 GRAM),YiPPee! Magic Masala Noodles with Added Veggies - The Better Noodles,0.5507796912956733
Uncle Chipps - Spicy Treat,Lay's Spanish Tomato Tango Potato Chips,0.5507792851890128
"Taali Roasted Bharuchi Peanuts | Masala | Protein Rich, No Palm Oil ,Restaurant-Style Crunch",YiPPee! Magic Masala Noodles with Added Veggies - The Better Noodles,0.5498423824983325
Beyond Snack Kerala Banana Chips - with Coconut Oil & Rock Salt,Heka Bites Roasted Jowar Puffs Majestic Masala - Low Calorie & Healthy Snacks,0.5498421701186678
Modern Kitchens Potato Chips Salted (70.0 GRAM),Haldiram's Lite Chiwda (200.0 GRAM),0.5495795641624308
Lay's Spanish Tomato Tango Potato Chips,YiPPee! Magic Masala Noodles with Added Veggies - The Better Noodles,0.5494670504388243
Mr Makhana Super Snack - Himalayan Salt And Pepper,Crax Crunchy Pipes Salted Puff Snacks,0.5494633077012939
The Healthy Binge Ragi Baked Chips Chatpata Chaat- High Protein & Fibre (40.0 GRAM),Haldiram's Lite Chiwda (200.0 GRAM),0.5491681311457817
Let'S Try Special Makhana Mixture | Fasting Snacks (90.0 GRAM),YiPPee! Magic Masala Noodles with Added Veggies - The Better Noodles,0.5489642558432366
Maggi Special Masala Instant Noodles,Let's Try Namkeen Combo Pack Of 6 (Crunchy Party Mix Peanut Party Mix Aloo Bhujia),0.5488158701003493
Colombian Brew Original Instant Coffee Sachets | 40 Sachets,Haldiram's Salted Peanut,0.548598565665025
Bingo! Mad Angles Masala Madness Crisps,Kurkure Masala Munch,0.5484915517288197
Sunfeast Dark Fantasy Choco Centre Fills | Preservative-free,Lay's American Cream & Onion Potato Chips (48.0 GRAM),0.5484411858324504
Let's Try Lite Snacks Sticks | Vrat | Fasting Special,Let's Try Namkeen Combo Pack Of 6 (Crunchy Party Mix Peanut Party Mix Aloo Bhujia),0.5483995690287594
Cadbury Oreo Chocolate Flavour Creme Sandwich Biscuit Family Pack,Daily Good Raw Peanut - Singdana,0.5480867406914804
Lets Try Lite Mixture (180.0 GRAM),Let's Try Namkeen Combo Pack Of 6 (Crunchy Party Mix Peanut Party Mix Aloo Bhujia),0.5480664408966295
Parle Hide & Seek Milano Chocolate Flavoured Biscuits,Palekar Knot Premium Salty Khari | Preservative-free,0.5479660391288299
Snapin Oregano Pizza Seasoning Sachet Pouch,Scotch-Brite Scrub Sponge (Pack of 3),0.5477891156462585
Let's Try Potato Wafers | Vrat | Fasting Chips,Let's Try Namkeen Combo Pack Of 6 (Crunchy Party Mix Peanut Party Mix Aloo Bhujia),0.5475780351020274
Sunfeast Dark Fantasy Choco Centre Fills | Preservative-free,Lay's Potato Chips - Chile Lemon Flavour,0.5475198638116157
Let's Try Lite Snacks Sticks | Vrat | Fasting Special,Palekar Jeeo Butter | Toasted Buns With Jeera And Khari | Trans Fat-free,0.5474290671382736
Let's Try Soya Sticks (160.0 GRAM),Palekar Jeeo Butter | Toasted Buns With Jeera And Khari | Trans Fat-free,0.5472560171973958
Everest Coriander Powder (100.0 GRAM),YiPPee! Magic Masala Noodles with Added Veggies - The Better Noodles,0.5472260788130529
Bingo! Mad Angles Masala Madness Crisps,Sunfeast Dark Fantasy Bourbon Chocolate Cream Biscuits | Trans Fat-free,0.5472067283618046
Catch Turmeric Powder/Haldi (100.0 GRAM),Maggi Special Masala Instant Noodles,0.5468424750934366
Sunfeast Nice Biscuit Coconut Flavoured Biscuits | Trans Fat-free,Kurkure Masala Munch,0.546707571917656
Let's Try Lite Snacks Sticks | Vrat | Fasting Special,Too Yumm! Karare Chilli Achari Flavour | Tangy | No Palm Oil Crisps,0.5465008400188843
Chheda's Golden Plain Salted Chips (170.0 GRAM),Chheda's Yellow Banana Chips (170.0 GRAM),0.5464441511785622
Kurkure Yummy PuffCorn Yummy Cheese Chips,Britannia 50-50 Maska Chaska Biscuits Butter Flavoured Crackers | Trans Fat-free,0.5463321053330608
ACT II Ready to Eat Caramel Popcorn - Classic Caramel Bliss (35.0 GRAM),Lets Try Lite Mixture (180.0 GRAM),0.5462152976303919
Lets Try Lite Mixture (180.0 GRAM),Pintola High Protein Oats Dark Chocolate With Almonds Raisin Pumpkin And Chia Seeds,0.5459885841128904
Kurkure Playz Puffcorn Yummy Cheese,Let's Try Namkeen Combo Pack Of 6 (Crunchy Party Mix Peanut Party Mix Aloo Bhujia),0.5458837823369843
Catch Turmeric Powder/Haldi (100.0 GRAM),Haldirams Soya Sticks,0.5452904290047443
Lets Try Lite Mixture (180.0 GRAM),ACT II Ready to Eat Caramel Popcorn - Classic Caramel Bliss (35.0 GRAM),0.5450746458293627
Haldiram's Mini Bhakarwadi,Haldiram's Salted Peanut,0.5446477367555503
Let's Try Soya Sticks (160.0 GRAM),Pintola High Protein Oats Dark Chocolate With Almonds Raisin Pumpkin And Chia Seeds,0.5444746526061406
Catch Turmeric Powder/Haldi (100.0 GRAM),YiPPee! Magic Masala Noodles with Added Veggies - The Better Noodles,0.5444087692411158
Kurkure Yummy PuffCorn Yummy Cheese Chips,Daily Good Raw Peanut - Singdana,0.5443252954812152
Haldiram's Salted Peanut,YiPPee! Magic Masala Noodles with Added Veggies - The Better Noodles,0.544253432280857
Parle Marie Butter Marie Biscuits | Trans Fat-free,Daily Good Cashew | W320 (100.0 GRAM),0.5441718775052108
Doritos Nacho Cheese Flavoured Corn Chips (45.0 GRAM),Lay's Potato Chips - Sizzling Hot Spicy Flavour,0.5433771209633279
Haldiram Aloo Bhujia ,Piknik Classic Tomato Chilli,0.5430399433414206
Beyond Snack Kerala Banana Chips - with Coconut Oil & Rock Salt,Let's Try Namkeen Combo Pack Of 6 (Crunchy Party Mix Peanut Party Mix Aloo Bhujia),0.5430060075519879
Britannia Nutrichoice High-Fibre Digestive Biscuits,Let's Try Namkeen Combo Pack Of 6 (Crunchy Party Mix Peanut Party Mix Aloo Bhujia),0.54275600478608
Lay's American Cream & Onion Potato Chips,YiPPee! Magic Masala Noodles with Added Veggies - The Better Noodles,0.5427081080188396
Catch Turmeric Powder/Haldi (100.0 GRAM),Tata Sampann 100% Chana Dal Fine Besan,0.542523969940399
Tata Sampann 100% Chana Dal Fine Besan,Lay's Spanish Tomato Tango Potato Chips,0.5424628755611833
Daily Good Chilli With Stem / Guntur With Stem,Daily Good Saunf / Fennel,0.542403812974465
Moov Fast Pain Relief Spray (50.0 GRAM),Scotch-Brite Scrub Sponge (Pack of 3),0.5421113677643529
Haldirams Namkeen - Mini Samosa,Rajdhani Roasted Chana (200.0 GRAM),0.5420325994053885
ACT II Ready to Eat Caramel Popcorn - Classic Caramel Bliss (35.0 GRAM),Bhagirathi Jowar Atta (500.0 GRAM),0.5417940336307683
Haldiram's Lite Chiwda (200.0 GRAM),YiPPee! Magic Masala Noodles with Added Veggies - The Better Noodles,0.5414090694400499
Haldiram's Mini Bhakarwadi,Haldiram's All In One Mixture,0.5413385279423192
Lay's West Indies Hot 'n' Sweet Chilli Potato Chips,Kurkure Solid Masti Masala Twisteez (61.0 GRAM),0.5413165639402521
Bingo! Original Style Chilli Sprinkled - Flat Cut Spicy Potato Chips Pack for Snacks,Britannia 50-50 Maska Chaska Biscuits Butter Flavoured Crackers | Trans Fat-free,0.5411454081305317
Lay's Potato Chips - Chile Lemon Flavour,Catch Jeera Whole (100.0 GRAM),0.5410542078466607
Vim Lemon Dishwash Bar,Catch Jeera Whole (100.0 GRAM),0.5407603163703724
Britannia 50-50 Maska Chaska Biscuits Butter Flavoured Crackers | Trans Fat-free,Kurkure Solid Masti Masala Twisteez (61.0 GRAM),0.540515148588171
The Whole Truth Double Cocoa Protein Bar,Haldiram's Salted Peanut,0.540326047611346
"Ching's Secret Veg Hakka Noodles, Cooks In 5-7 mins, Just Soak & Drain",Crax Crunchy Pipes Salted Puff Snacks,0.5399688343612141
Crax Crunchy Pipes Salted Puff Snacks,YiPPee! Magic Masala Noodles with Added Veggies - The Better Noodles,0.5398786359418346
Lay's Potato Chips - Sizzling Hot Spicy Flavour,Doritos Nacho Cheese Flavoured Corn Chips (45.0 GRAM),0.5397454261724255
YiPPee! 100% Suji Cheese Pasta Treat,Lay's Spanish Tomato Tango Potato Chips,0.5397344386013421
Crax Corn Rings Masala Mania Puff Snacks,Sunfeast Dark Fantasy Bourbon Chocolate Cream Biscuits | Trans Fat-free,0.5396357661106808
Everest Chhole Masala,YiPPee! Magic Masala Noodles with Added Veggies - The Better Noodles,0.5395820822807529
Lal Sweets Motichoor Laddu,"Ching's Secret Veg Hakka Noodles, Cooks In 5-7 mins, Just Soak & Drain",0.5394522606337266
Haldiram's Panchratan Mixture,Rajdhani Roasted Chana (200.0 GRAM),0.5391195700568037
Tata Sampann 100% Chana Dal Fine Besan,YiPPee! Magic Masala Noodles with Added Veggies - The Better Noodles,0.5390138093453942
Let'S Try Special Makhana Mixture | Fasting Snacks (90.0 GRAM),The Theatre Project Gourmet Popcorn - Cheddar Cheese (60.0 GRAM),0.538713101402177
Cadbury Oreo Vanilla Flavour Creme Sandwich Biscuit Mega Family Pack,Daily Good Raw Peanut - Singdana,0.5386704699896634
The Whole Truth Double Cocoa Protein Bar,Crax Crunchy Pipes Salted Puff Snacks,0.5386618922507557
"Ching's Secret Veg Hakka Noodles, Cooks In 5-7 mins, Just Soak & Drain",YiPPee! Magic Masala Noodles with Added Veggies - The Better Noodles,0.5384081184558329
Open Secret Arabian Dates (Khajur) With Seed,Society Natural Tea (250.0 GRAM),0.538212749210267
Pintola High Protein Oats Dark Chocolate With Almonds Raisin Pumpkin And Chia Seeds,Lets Try Lite Mixture (180.0 GRAM),0.5381223244014587
Vim Lemon Dishwash Bar,Britannia Treat Jimjam Naughty Jam Cream Biscuits | Trans Fat-free,0.5380685100402645
Palekar Knot Premium Salty Khari | Preservative-free,"Ching's Secret Veg Hakka Noodles, Cooks In 5-7 mins, Just Soak & Drain",0.5379158745672541
Parle G Original Milk Glucose Biscuits,Kurkure Yummy PuffCorn Yummy Cheese Chips,0.5377433633320243
Daily Good Chilli With Stem / Guntur With Stem,YiPPee! Magic Masala Noodles with Added Veggies - The Better Noodles,0.5375939932767162
The Healthy Binge Quinoa Baked Chips Smokey Bbq -High Protein And Fibre (40.0 GRAM),Mr Makhana Super Snack - Himalayan Salt And Pepper,0.5375892597666792
Bingo! Mad Angles Masala Madness Crisps,Haldiram's Moong Dal,0.5375213980797627
Haldiram's All In One Mixture,Haldiram's Panchratan Mixture,0.5372442104260743
Vim Lemon Dishwash Bar,Daily Good Raw Peanut - Singdana,0.5370087417301357
Lal Sweets Motichoor Laddu,"Ritebite Max Protein Peri Peri 10G Multigrain Protein Chips, Healthy Snacks & Munchies",0.5369903673835126
"Maggi Nutri-licious Masala Veg Atta Noodles, Instant Noodles",YiPPee! Magic Masala Noodles with Added Veggies - The Better Noodles,0.5368708375149772
Mr Makhana Super Snack - Himalayan Salt And Pepper,The Whole Truth Double Cocoa Protein Bar,0.5363804280470947
Mr Makhana Super Snack - Himalayan Salt And Pepper,Haldiram's Lite Chiwda (200.0 GRAM),0.5363614231324816
Tata Sampann 100% Chana Dal Fine Besan,Haldirams Soya Sticks,0.5363406780034848
The Whole Truth Double Cocoa Protein Bar,Haldiram's Lite Chiwda (200.0 GRAM),0.5360321650458441
Daily Good Chilli With Stem / Guntur With Stem,Rajdhani Roasted Chana (200.0 GRAM),0.5360320390462795
Let'S Try Roasted Chana (450.0 GRAM),Cheetos Cheese Puffs (28.0 GRAM),0.5359344235324837
Let'S Try Special Makhana Mixture | Fasting Snacks (90.0 GRAM),Let's Try Salted Peanuts,0.5356421356421357
Everest Coriander Powder (100.0 GRAM),Lal Sweets Motichoor Laddu,0.5350973222849642
Lay's American Cream & Onion Potato Chips,Kurkure Playz Puffcorn Yummy Cheese,0.5350652522516789
ACT II Ready to Eat Caramel Popcorn - Classic Caramel Bliss (35.0 GRAM),Uncle Chipps - Spicy Treat,0.5350312920537639
Haldiram's Bhujia Sev (200.0 GRAM),Cheetos Cheese Puffs (28.0 GRAM),0.5350069218386473
Sunfeast Nice Biscuit Coconut Flavoured Biscuits | Trans Fat-free,Kurkure Red Chilli Chataka Chips (68.0 GRAM),0.5349455799635872
Crax Corn Rings Masala Mania Puff Snacks,Kurkure Masala Munch,0.5348876764109525
Bauli Moonfils Croissants Choco Cream (Egg) (50.0 GRAM),YiPPee! Magic Masala Noodles with Added Veggies - The Better Noodles,0.5346864033512995
Sunfeast Nice Biscuit Coconut Flavoured Biscuits | Trans Fat-free,Aashirvaad 100% Chana Dal Besan (500.0 GRAM),0.534587147536916
ACT II Ready to Eat Popcorn - Sour Cream & Cheese Popcorn (50.0 GRAM),Society Natural Tea (250.0 GRAM),0.5345138183671643
Let'S Try Roasted Chana (450.0 GRAM),Let's Try Namkeen Combo Pack Of 6 (Crunchy Party Mix Peanut Party Mix Aloo Bhujia),0.5344503573409171
Haldirams Namkeen - Mini Samosa,Haldiram's Lite Chiwda (200.0 GRAM),0.5344185823696073
Let's Try Kerala Garlic Mix (180.0 GRAM),ACT II Ready to Eat Caramel Popcorn - Classic Caramel Bliss (35.0 GRAM),0.5344060407552471
Chheda's Golden Plain Salted Chips (170.0 GRAM),YiPPee! Magic Masala Noodles with Added Veggies - The Better Noodles,0.5343254055813447
"Aashirvaad Chilli Powder, Red Hot Chilli Powder with No Added Flavours and Colours",Lay's Spanish Tomato Tango Potato Chips,0.5340610936501348
Daily Good Tamarind / Imli (200.0 GRAM),Kurkure Green Chutney Style (68.0 GRAM),0.5340179670716578
"Ritebite Max Protein Cheese & Jalapeno 10G Multigrain Protein Chips, Healthy Snacks & Munchies",Kurkure Green Chutney Style (68.0 GRAM),0.5339938531454503
Parle Melody Chocolaty Toffee (176.0 GRAM),Kotton Multipurpose Napkin | 100% Virgin Pulp-Paper | 25 cm X 25 cm | 100Pcs,0.5339433393306339
Haldiram's All In One Mixture,Haldirams Namkeen - Mini Samosa,0.5337389016866554
Too Yumm! Karare Chilli Achari Flavour | Tangy | No Palm Oil Crisps,Let's Try Lite Snacks Sticks | Vrat | Fasting Special,0.5334594799199498
Britannia Nutrichoice High-Fibre Digestive Biscuits,Daily Good Saunf / Fennel,0.5332950520660845
Let's Try Lite Snacks Sticks | Vrat | Fasting Special,Sunfeast Dark Fantasy Bourbon Chocolate Cream Biscuits | Trans Fat-free,0.5329104357341012
Moov Fast Pain Relief Spray (50.0 GRAM),Lay's Spanish Tomato Tango Potato Chips,0.5328190911067624
Let's Try Lite Snacks Sticks | Vrat | Fasting Special,Lay's Spanish Tomato Tango Potato Chips,0.5326711269048443
Everest Tandoori Chicken Masala,Rajdhani Roasted Chana (200.0 GRAM),0.5326163472541064
Daily Good Chilli With Stem / Guntur With Stem,Let's Try Namkeen Combo Pack Of 6 (Crunchy Party Mix Peanut Party Mix Aloo Bhujia),0.5325996424210709
Too Yumm! Karare Chilli Achari Flavour | Tangy | No Palm Oil Crisps,Kurkure Masala Munch,0.5324218114773784
The Healthy Binge Quinoa Baked Chips Smokey Bbq -High Protein And Fibre (40.0 GRAM),Haldiram's Salted Peanut,0.5323603592726005
Lay's American Cream & Onion Potato Chips,Lay's Spanish Tomato Tango Potato Chips,0.5323292175936394
YiPPee! Suji Tricolor Creamy Corn Pasta,Lay's Spanish Tomato Tango Potato Chips,0.5322073585107729
Haldirams Namkeen - Khara Boondi,YiPPee! Magic Masala Noodles with Added Veggies - The Better Noodles,0.5321660839998085
Haldirams Namkeen - Mini Samosa,The Theatre Project Gourmet Popcorn - Cheddar Cheese (60.0 GRAM),0.5318594840438015
Bhagirathi Jowar Atta (500.0 GRAM),Sunfeast Dark Fantasy Bourbon Chocolate Cream Biscuits | Trans Fat-free,0.5314239174959531
Balaji Simply Salted Chips (135.0 GRAM),Chheda's Yellow Banana Chips (170.0 GRAM),0.5311677125630614
Let's Try Potato Wafers | Vrat | Fasting Chips,Cheetos Cheese Puffs (28.0 GRAM),0.5303838102817551
Let'S Try Special Makhana Mixture | Fasting Snacks (90.0 GRAM),Scotch-Brite Scrub Sponge (Pack of 3),0.5303470741530443
Modern Kitchens Potato Chips Salted (70.0 GRAM),YiPPee! Magic Masala Noodles with Added Veggies - The Better Noodles,0.5302646145894818
Lay's American Cream & Onion Potato Chips,Colombian Brew Original Instant Coffee Sachets | 40 Sachets,0.5300747001123577
Bingo! Mad Angles Masala Madness Crisps,MAGGI 2-Minute Instant Noodles | Masala Noodles | Made With Quality Spices,0.5296539175499959
Colombian Brew Original Instant Coffee Sachets | 40 Sachets,Britannia Nutrichoice High-Fibre Digestive Biscuits,0.5296296296296297
Maggi Special Masala Instant Noodles,Britannia Marie Gold Biscuits Plain | Trans Fat-free,0.5295757210882246
Colombian Brew Original Instant Coffee Sachets | 40 Sachets,Crax Crunchy Pipes Salted Puff Snacks,0.5294467307836794
Kurkure Red Chilli Chataka Chips (68.0 GRAM),MAGGI 2-Minute Instant Noodles | Masala Noodles | Made With Quality Spices,0.5294104509786881
Snapin Oregano Pizza Seasoning Sachet Pouch,Let's Try Namkeen Combo Pack Of 6 (Crunchy Party Mix Peanut Party Mix Aloo Bhujia),0.5292915701078967
Too Yumm! Karare Munchy Masala | Spicy | No Palm Oil Crisps,Scotch-Brite Scrub Sponge (Pack of 3),0.5289957701571507
Britannia Nutrichoice High-Fibre Digestive Biscuits,Haldiram's Salted Peanut,0.5288735545802886
Catch Turmeric Powder/Haldi (100.0 GRAM),Lay's American Cream & Onion Potato Chips,0.5286885184247276
Yu 100% Whole Wheat Hakka Noodles,Daily Good Saunf / Fennel,0.528603413809795
Daily Good Chilli With Stem / Guntur With Stem,Haldirams Soya Sticks,0.5284174634420697
Kotton Multipurpose Napkin | 100% Virgin Pulp-Paper | 25 cm X 25 cm | 100Pcs,Crax Crunchy Pipes Salted Puff Snacks,0.5279110923939381
Sunfeast Nice Biscuit Coconut Flavoured Biscuits | Trans Fat-free,"Uncle Chipps Potato Chips, Plain Salted Flavour, Crispy Chips & Snacks (48.0 GRAM)",0.5276911295880256
Let's Try Soya Sticks (160.0 GRAM),Sunfeast Dark Fantasy Bourbon Chocolate Cream Biscuits | Trans Fat-free,0.5274905110166297
Everest Coriander Powder (100.0 GRAM),Everest Chhole Masala,0.5273939435769477
Beyond Snack Kerala Banana Chips - with Coconut Oil & Rock Salt,Haldiram's Salted Peanut,0.5273887888459251
Piknik Classic Tomato Chilli,"Ritebite Max Protein Peri Peri 10G Multigrain Protein Chips, Healthy Snacks & Munchies",0.5267619794333505
Parle Hide & Seek Black Bourbon Chocolate Cream Biscuits | Trans Fat-free,YiPPee! Magic Masala Noodles with Added Veggies - The Better Noodles,0.5266226872914771
Tulips Paper Stick Cotton Buds Jar (100.0 PIECE),Scotch-Brite Scrub Sponge (Pack of 3),0.5265790244282875
Cadbury Oreo Chocolate Flavour Creme Sandwich Biscuit,Kurkure Green Chutney Style (68.0 GRAM),0.5264972383664525
Let's Try Lite Snacks Sticks | Vrat | Fasting Special,Haldiram's Moong Dal,0.5263888180229278
Everest Tandoori Chicken Masala,Everest Chhole Masala,0.5262615341724296
Yu 100% Whole Wheat Hakka Noodles,Maggi Special Masala Instant Noodles,0.52620944028137
Maggi Pazzta Instant Pasta - Masala Penne (69.0 GRAM),Britannia Treat Jimjam Naughty Jam Cream Biscuits | Trans Fat-free,0.5261669240965308
Pintola High Protein Oats Dark Chocolate With Almonds Raisin Pumpkin And Chia Seeds,Let's Try Namkeen Combo Pack Of 6 (Crunchy Party Mix Peanut Party Mix Aloo Bhujia),0.525788905305712
Cadbury Oreo Vanilla Flavour Creme Sandwich Biscuit Family Pack,Daily Good Raw Peanut - Singdana,0.5255192523721886
Lay's West Indies Hot 'n' Sweet Chilli Potato Chips,MAGGI 2-Minute Instant Noodles | Masala Noodles | Made With Quality Spices,0.5254385993036702
Britannia Nutrichoice High-Fibre Digestive Biscuits,Beyond Snack Kerala Banana Chips - with Coconut Oil & Rock Salt,0.525381210561266
Colombian Brew Original Instant Coffee Sachets | 40 Sachets,Let's Try Namkeen Combo Pack Of 6 (Crunchy Party Mix Peanut Party Mix Aloo Bhujia),0.5253037569084535
Hindalco Fresh wrapp Aluminium Foil - 9 m,Scotch-Brite Scrub Sponge (Pack of 3),0.5252838085702068
Peppy Tomato Disc (55.0 GRAM),Cheetos Cheese Puffs (28.0 GRAM),0.5252632476581864
YiPPee! 100% Suji Cheese Pasta Treat,Scotch-Brite Scrub Sponge (Pack of 3),0.5250556935097197
Society Natural Tea (250.0 GRAM),Cheetos Cheese Puffs (28.0 GRAM),0.5250525063033977
Yu 100% Whole Wheat Hakka Noodles,Let's Try Namkeen Combo Pack Of 6 (Crunchy Party Mix Peanut Party Mix Aloo Bhujia),0.5250192614702545
Kotton Multipurpose Napkin | 100% Virgin Pulp-Paper | 25 cm X 25 cm | 100Pcs,The Healthy Binge Quinoa Baked Chips Smokey Bbq -High Protein And Fibre (40.0 GRAM),0.5249039255238314
Kotton Multipurpose Napkin | 100% Virgin Pulp-Paper | 25 cm X 25 cm | 100Pcs,Lal Sweets Motichoor Laddu,0.5249039255238314
Maggi Pazzta Instant Pasta - Masala Penne (69.0 GRAM),Kurkure Yummy PuffCorn Yummy Cheese Chips,0.5247543932032315
Balaji Tomato Wafers (135.0 GRAM),Balaji Cream & Onion Wafers (135.0 GRAM),0.5246473963012879
Mr Makhana Super Snack - Himalayan Salt And Pepper,YiPPee! Magic Masala Noodles with Added Veggies - The Better Noodles,0.5242505130243984
Kurkure Yummy PuffCorn Yummy Cheese Chips,Kurkure Solid Masti Masala Twisteez (61.0 GRAM),0.5239589198881942
Daily Good Tamarind / Imli (200.0 GRAM),Britannia 50-50 Maska Chaska Biscuits Butter Flavoured Crackers | Trans Fat-free,0.5239184660353454
The Healthy Binge Ragi Baked Chips Chatpata Chaat- High Protein & Fibre (40.0 GRAM),"Ritebite Max Protein Peri Peri 10G Multigrain Protein Chips, Healthy Snacks & Munchies",0.5238713480561306
Let'S Try Special Makhana Mixture | Fasting Snacks (90.0 GRAM),RiteBite Max Protein 10g Protein Bar Choco Almond,0.5238149059294432
Catch Turmeric Powder/Haldi (100.0 GRAM),Lay's India's Magic Masala Potato Chips (67.0 GRAM),0.5237735105302612
Parle Hide & Seek Milano Chocolate Flavoured Biscuits,Crax Crunchy Pipes Salted Puff Snacks,0.5237102868394444
Sunfeast Nice Biscuit Coconut Flavoured Biscuits | Trans Fat-free,Cadbury Oreo Chocolate Flavour Creme Sandwich Biscuit,0.5236815578825265
Everest Chhole Masala,Haldiram Aloo Bhujia ,0.5233216747360886
Yu 100% Whole Wheat Hakka Noodles,Rajdhani Roasted Chana (200.0 GRAM),0.5232080725297503
Let's Try Kerala Garlic Mix (180.0 GRAM),Pintola High Protein Oats Dark Chocolate With Almonds Raisin Pumpkin And Chia Seeds,0.523118691921213
Lay's West Indies Hot 'n' Sweet Chilli Potato Chips,Lay's American Cream & Onion Potato Chips (48.0 GRAM),0.523103255290147
Lay's Potato Chips - Chile Lemon Flavour,Daily Good Raw Peanut - Singdana,0.5230862928704655
Let's Try Soya Sticks (160.0 GRAM),Let's Try Namkeen Combo Pack Of 6 (Crunchy Party Mix Peanut Party Mix Aloo Bhujia),0.5230646104595684
YiPPee! 100% Suji Cheese Pasta Treat,YiPPee! Magic Masala Noodles with Added Veggies - The Better Noodles,0.523010734703744
Chheda's Golden Plain Salted Chips (170.0 GRAM),Cheetos Cheese Puffs (28.0 GRAM),0.522949318201529
Parle Melody Chocolaty Toffee (176.0 GRAM),Crax Crunchy Pipes Salted Puff Snacks,0.5228701571999688
Yu 100% Whole Wheat Hakka Noodles,Haldiram's All In One Mixture,0.5227125716896285
Piknik Classic Tomato Chilli,The Healthy Binge Quinoa Baked Chips Smokey Bbq -High Protein And Fibre (40.0 GRAM),0.5226591017954182
Haldirams Namkeen - Mini Samosa,Scotch-Brite Scrub Sponge (Pack of 3),0.522539305992899
Let'S Try Special Makhana Mixture | Fasting Snacks (90.0 GRAM),Snapin Oregano Pizza Seasoning Sachet Pouch,0.5221704990536159
Nestle Milkmaid Partly Skimmed Sweetened Condensed Milk,MAGGI 2-Minute Instant Noodles | Masala Noodles | Made With Quality Spices,0.5220082382608223
The Whole Truth Double Cocoa Protein Bar,The Theatre Project Gourmet Popcorn - Cheddar Cheese (60.0 GRAM),0.5219767660150479
Haldiram's Mini Bhakarwadi,Haldirams Namkeen - Mini Samosa,0.5218119824486431
Haldiram Aloo Bhujia ,"Ching's Secret Veg Hakka Noodles, Cooks In 5-7 mins, Just Soak & Drain",0.5217867770821769
Lay's American Cream & Onion Potato Chips,Maggi Special Masala Instant Noodles,0.5216007111939234
ZOFF Green Cardamom Whole - Elaichi,Cheetos Cheese Puffs (28.0 GRAM),0.5213772927486687
Sunfeast Nice Biscuit Coconut Flavoured Biscuits | Trans Fat-free,Kurkure Green Chutney Style (68.0 GRAM),0.5211317354406032
ACT II Ready to Eat Caramel Popcorn - Classic Caramel Bliss (35.0 GRAM),Let's Try Kerala Garlic Mix (180.0 GRAM),0.5209861273353337
ACT II Ready to Eat Caramel Popcorn - Classic Caramel Bliss (35.0 GRAM),Cheetos Cheese Puffs (28.0 GRAM),0.5207090137730381
Kotton Multipurpose Napkin | 100% Virgin Pulp-Paper | 25 cm X 25 cm | 100Pcs,Om Shanthi Havan Samagri | Cycle,0.5204974338489845
YiPPee! Suji Tricolor Creamy Corn Pasta,Society Natural Tea (250.0 GRAM),0.5202297248557177
Haldirams Namkeen - Mini Samosa,Let's Try Namkeen Combo Pack Of 6 (Crunchy Party Mix Peanut Party Mix Aloo Bhujia),0.5201779404239196
Daily Good Chilli With Stem / Guntur With Stem,Lay's Spanish Tomato Tango Potato Chips,0.5200109398782343
Catch Turmeric Powder/Haldi (100.0 GRAM),Lay's Spanish Tomato Tango Potato Chips,0.5199996551634956
Crax Crunchy Pipes Salted Puff Snacks,Haldiram's Lite Chiwda (200.0 GRAM),0.5198631066036457
Parle Hide & Seek Milano Chocolate Flavoured Biscuits,The Healthy Binge Quinoa Baked Chips Smokey Bbq -High Protein And Fibre (40.0 GRAM),0.5197251693875851
Orbit Sugar Free Spearmint Chewing Gum Tube (19800.0 MILLIGRAM),Scotch-Brite Scrub Sponge (Pack of 3),0.5196274861520065
Kotton Multipurpose Napkin | 100% Virgin Pulp-Paper | 25 cm X 25 cm | 100Pcs,Parle Hide & Seek Milano Chocolate Flavoured Biscuits,0.5196181438174321
Doritos Nacho Cheese Flavoured Corn Chips (45.0 GRAM),Kurkure Solid Masti Masala Twisteez (61.0 GRAM),0.5193387501651473
Balaji Simply Salted Chips (135.0 GRAM),Palekar Jeeo Butter | Toasted Buns With Jeera And Khari | Trans Fat-free,0.5192217777227145
Parle Melody Chocolaty Toffee (176.0 GRAM),YiPPee! Magic Masala Noodles with Added Veggies - The Better Noodles,0.5191528619398249
The Healthy Binge Ragi Baked Chips Chatpata Chaat- High Protein & Fibre (40.0 GRAM),Kotton Multipurpose Napkin | 100% Virgin Pulp-Paper | 25 cm X 25 cm | 100Pcs,0.5191346590727683
Peppy Cheese Balls (55.0 GRAM),Haldiram's Moong Dal,0.5190812546171129
Maggi Special Masala Instant Noodles,MAGGI 2-Minute Instant Noodles | Masala Noodles | Made With Quality Spices,0.5190083943420155
Balaji Simply Salted Chips (135.0 GRAM),Bingo! Mad Angles Masala Madness Crisps,0.5188163629451804
"Paper Boat Mango | Juicy Sips, Chewy Bites | Refreshing Summer Juice Drink",Om Shanthi Havan Samagri | Cycle,0.5182714550874113
Palekar Jeeo Butter | Toasted Buns With Jeera And Khari | Trans Fat-free,Cheetos Cheese Puffs (28.0 GRAM),0.5179568231617515
Too Yumm! Karare Chilli Achari Flavour | Tangy | No Palm Oil Crisps,Let's Try Namkeen Combo Pack Of 6 (Crunchy Party Mix Peanut Party Mix Aloo Bhujia),0.5179365260432982
Lets Try Lite Mixture (180.0 GRAM),Let's Try Lite Snacks Sticks | Vrat | Fasting Special,0.5175771729575966
Britannia 50-50 Maska Chaska Biscuits Butter Flavoured Crackers | Trans Fat-free,MAGGI 2-Minute Instant Noodles | Masala Noodles | Made With Quality Spices,0.5173328117988909
Kurkure Solid Masti Masala Twisteez (61.0 GRAM),MAGGI 2-Minute Instant Noodles | Masala Noodles | Made With Quality Spices,0.5172843990039713
Daily Good Chilli With Stem / Guntur With Stem,Haldiram's Salted Peanut,0.5170993623067859
Crax Curls Chatpata Masala Puff Snacks,Chheda's Yellow Banana Chips (170.0 GRAM),0.5170321760427767
Orbit Sugar Free Spearmint Chewing Gum Tube (19800.0 MILLIGRAM),Britannia Nutrichoice High-Fibre Digestive Biscuits,0.5167981682601566
Lets Try Lite Mixture (180.0 GRAM),Too Yumm! Noodles Masala | Spicy No Palm Oil Crisps (67.0 GRAM),0.5165194954530474
ACT II Ready to Eat Caramel Popcorn - Classic Caramel Bliss (35.0 GRAM),Let's Try Namkeen Combo Pack Of 6 (Crunchy Party Mix Peanut Party Mix Aloo Bhujia),0.5164602593174022
Pintola High Protein Oats Dark Chocolate With Almonds Raisin Pumpkin And Chia Seeds,Palekar Jeeo Butter | Toasted Buns With Jeera And Khari | Trans Fat-free,0.5162981038157913
Let'S Try Special Makhana Mixture | Fasting Snacks (90.0 GRAM),Palekar Jeeo Butter | Toasted Buns With Jeera And Khari | Trans Fat-free,0.5160983753423616
Pintola High Protein Oats Dark Chocolate With Almonds Raisin Pumpkin And Chia Seeds,Uncle Chipps - Spicy Treat,0.5160290708043516
Open Secret Arabian Dates (Khajur) With Seed,Palekar Jeeo Butter | Toasted Buns With Jeera And Khari | Trans Fat-free,0.5159029575554088
Kurkure Red Chilli Chataka Chips (68.0 GRAM),Kurkure Green Chutney Style (68.0 GRAM),0.5158612596848572
Let's Try Soya Sticks (160.0 GRAM),MAGGI 2-Minute Instant Noodles | Masala Noodles | Made With Quality Spices,0.5158067563068588
Bingo! Mad Angles Masala Madness Crisps,Kurkure Solid Masti Masala Twisteez (61.0 GRAM),0.5156779845935133
Parle Hide & Seek Chocolate Chip Biscuits | Trans Fat-free,Kurkure Green Chutney Style (68.0 GRAM),0.5154663601364555
YiPPee! 100% Suji Cheese Pasta Treat,Uncle Chipps - Spicy Treat,0.515464575805816
Kurkure Playz Puffcorn Yummy Cheese,Lay's India's Magic Masala Potato Chips (67.0 GRAM),0.5154590907672916
Everest Tandoori Chicken Masala,YiPPee! Magic Masala Noodles with Added Veggies - The Better Noodles,0.5154179492639988
Haldirams Namkeen - Khara Boondi,Daily Good Till - Sesame White (100.0 GRAM),0.5153955799605099
Mysore Sandal Soap,Cheetos Cheese Puffs (28.0 GRAM),0.5153230933833546
Lay's Potato Chips - Chile Lemon Flavour,Britannia Treat Jimjam Naughty Jam Cream Biscuits | Trans Fat-free,0.5152851263962375
Parle G Original Milk Glucose Biscuits,Lay's American Cream & Onion Potato Chips (48.0 GRAM),0.5152741713403749
Haldiram's Mini Bhakarwadi,Daily Good Chilli With Stem / Guntur With Stem,0.514870591404534
Haldiram's Panchratan Mixture,Haldiram's All In One Mixture,0.5148539014111044
ZOFF Green Cardamom Whole - Elaichi,Chheda's Yellow Banana Chips (170.0 GRAM),0.5144434461415592
Colombian Brew Original Instant Coffee Sachets | 40 Sachets,Heka Bites Roasted Jowar Puffs Majestic Masala - Low Calorie & Healthy Snacks,0.5140647686383435
Parle Krack Jack Sweet and Salty Plain Crackers | Artificial Colour-free,MAGGI 2-Minute Instant Noodles | Masala Noodles | Made With Quality Spices,0.513822884167217
Kurkure Playz Puffcorn Yummy Cheese,MAGGI 2-Minute Instant Noodles | Masala Noodles | Made With Quality Spices,0.5138166651322965
Snapin Oregano Pizza Seasoning Sachet Pouch,Lay's Spanish Tomato Tango Potato Chips,0.5136567661518738
Let'S Try Roasted Chana (450.0 GRAM),Peppy Tomato Disc (55.0 GRAM),0.513579772379615
ZOFF Green Cardamom Whole - Elaichi,Bingo! Mad Angles Masala Madness Crisps,0.5128827302310903
Bingo! Original Style Chilli Sprinkled - Flat Cut Spicy Potato Chips Pack for Snacks,Kurkure Green Chutney Style (68.0 GRAM),0.512880005677653
Let'S Try Roasted Chana (450.0 GRAM),Haldiram's Moong Dal,0.5127009511301037
Let's Try Potato Wafers | Vrat | Fasting Chips,Chheda's Golden Plain Salted Chips (170.0 GRAM),0.512663365736821
Catch Turmeric Powder/Haldi (100.0 GRAM),Let's Try Namkeen Combo Pack Of 6 (Crunchy Party Mix Peanut Party Mix Aloo Bhujia),0.5125034674436814
Cadbury Oreo Chocolate Flavour Creme Sandwich Biscuit,Daily Good Cashew | W320 (100.0 GRAM),0.5123516575493976
Mr Makhana Super Snack - Himalayan Salt And Pepper,Lay's Spanish Tomato Tango Potato Chips,0.5123260491411177
Lay's American Cream & Onion Potato Chips (48.0 GRAM),Kurkure Green Chutney Style (68.0 GRAM),0.512227874289124
ACT II Ready to Eat Caramel Popcorn - Classic Caramel Bliss (35.0 GRAM),Palekar Jeeo Butter | Toasted Buns With Jeera And Khari | Trans Fat-free,0.5121370939526725
Haldiram's Ratlami Sev (200.0 GRAM),Lay's Spanish Tomato Tango Potato Chips,0.5120513434847418
Daily Good Chilli With Stem / Guntur With Stem,The Theatre Project Gourmet Popcorn - Cheddar Cheese (60.0 GRAM),0.511688842203548
Let's Try Kerala Garlic Mix (180.0 GRAM),Let's Try Namkeen Combo Pack Of 6 (Crunchy Party Mix Peanut Party Mix Aloo Bhujia),0.5116485177709669
Daily Good Chilli With Stem / Guntur With Stem,Scotch-Brite Scrub Sponge (Pack of 3),0.5115083066808813
Let's Try Lite Snacks Sticks | Vrat | Fasting Special,MAGGI 2-Minute Instant Noodles | Masala Noodles | Made With Quality Spices,0.5113663204708374
Haldiram's Mini Bhakarwadi,Daily Good Saunf / Fennel,0.5113459104457615
Lay's Potato Chips - Chile Lemon Flavour,Kurkure Green Chutney Style (68.0 GRAM),0.5110409455015974
Kurkure Yummy PuffCorn Yummy Cheese Chips,Maggi Pazzta Instant Pasta - Masala Penne (69.0 GRAM),0.5109207067981741
Tata Sampann 100% Chana Dal Fine Besan,Haldiram's Lite Chiwda (200.0 GRAM),0.5108071219848631
Bingo! Mad Angles Masala Madness Crisps,Chheda's Yellow Banana Chips (170.0 GRAM),0.510647349170839
Let'S Try Special Makhana Mixture | Fasting Snacks (90.0 GRAM),Haldiram's Moong Dal,0.5105559399166705
Balaji Simply Salted Chips (135.0 GRAM),YiPPee! 100% Suji Masala Pasta Treat,0.5105055335365021
Let's Try Kerala Garlic Mix (180.0 GRAM),Too Yumm! Noodles Masala | Spicy No Palm Oil Crisps (67.0 GRAM),0.5104937428953993
Snapin Oregano Pizza Seasoning Sachet Pouch,Daily Good Chilli With Stem / Guntur With Stem,0.510245954442383
Haldirams Namkeen - Mini Samosa,Haldiram's Salted Peanut,0.5100317790823589
Lay's Potato Chips - Chile Lemon Flavour,Kurkure Solid Masti Masala Twisteez (61.0 GRAM),0.5099961483103246
Daily Good Saunf / Fennel,Rajdhani Roasted Chana (200.0 GRAM),0.5099566102965372
Cadbury Oreo Chocolate Flavour Creme Sandwich Biscuit,Britannia 50-50 Maska Chaska Biscuits Butter Flavoured Crackers | Trans Fat-free,0.5099263260280209
Palekar Jeeo Butter | Toasted Buns With Jeera And Khari | Trans Fat-free,Haldiram's Moong Dal,0.5098548713062252
YiPPee! 100% Suji Masala Pasta Treat,Cheetos Cheese Puffs (28.0 GRAM),0.5095255885707497
Peppy Cheese Balls (55.0 GRAM),Cheetos Cheese Puffs (28.0 GRAM),0.5092075525002355
Amul Taaza Homogenised Toned Milk (Tetra Pack),Parle Hide & Seek Chocolate Chip Biscuits | Trans Fat-free,0.5091642418071153
Tulips Paper Stick Cotton Buds Jar (100.0 PIECE),Lay's Spanish Tomato Tango Potato Chips,0.5091438997675704
Chheda's Golden Plain Salted Chips (170.0 GRAM),Haldiram's Moong Dal,0.5091424690230937
YiPPee! 100% Suji Masala Pasta Treat,Chheda's Yellow Banana Chips (170.0 GRAM),0.5091383602344817
Parle G Original Milk Glucose Biscuits,Daily Good Raw Peanut - Singdana,0.5088438443022102
ZOFF Green Cardamom Whole - Elaichi,YiPPee! Magic Masala Noodles with Added Veggies - The Better Noodles,0.5087373884778044
Snapin Oregano Pizza Seasoning Sachet Pouch,Haldiram's Salted Peanut,0.5086691709898198
Vim Lemon Dishwash Bar,Maggi Pazzta Instant Pasta - Masala Penne (69.0 GRAM),0.5086007482106011
Lay's American Cream & Onion Potato Chips,Haldiram's Salted Peanut,0.5084642369041888
"Uncle Chipps Potato Chips, Plain Salted Flavour, Crispy Chips & Snacks (48.0 GRAM)",Kurkure Solid Masti Masala Twisteez (61.0 GRAM),0.5082788804665859
Colombian Brew Original Instant Coffee Sachets | 40 Sachets,Maggi Special Masala Instant Noodles,0.5081438891928016
Nutrela Soya Granules (200.0 GRAM),Haldiram's Lite Chiwda (200.0 GRAM),0.5080484876627127
Catch Turmeric Powder/Haldi (100.0 GRAM),Haldiram's Salted Peanut,0.5079390118075842
Kotton Multipurpose Napkin | 100% Virgin Pulp-Paper | 25 cm X 25 cm | 100Pcs,Modern Kitchens Potato Chips Salted (70.0 GRAM),0.5077834054429202
Let's Try Kerala Garlic Mix (180.0 GRAM),ACT II Ready to Eat Popcorn - Sour Cream & Cheese Popcorn (50.0 GRAM),0.5077139749224152
Cadbury Oreo Chocolate Flavour Creme Sandwich Biscuit,Daily Good Tamarind / Imli (200.0 GRAM),0.5075440603795182
Let's Try Potato Wafers | Vrat | Fasting Chips,MAGGI 2-Minute Instant Noodles | Masala Noodles | Made With Quality Spices,0.5075057174116206
Society Natural Tea (250.0 GRAM),Uncle Chipps - Spicy Treat,0.50738338424783
Haldiram's Mini Bhakarwadi,Haldiram's Masala Tasty Nuts (200.0 GRAM),0.5073496846342799
Maggi Special Masala Instant Noodles,Haldiram's Salted Peanut,0.5073020906805183
Bingo! Original Style Chilli Sprinkled - Flat Cut Spicy Potato Chips Pack for Snacks,Britannia Treat Jimjam Naughty Jam Cream Biscuits | Trans Fat-free,0.5072578141852255
Society Natural Tea (250.0 GRAM),Sunfeast Dark Fantasy Bourbon Chocolate Cream Biscuits | Trans Fat-free,0.5069255788132523
ACT II Ready to Eat Popcorn - Sour Cream & Cheese Popcorn (50.0 GRAM),The Theatre Project Gourmet Popcorn - Cheddar Cheese (60.0 GRAM),0.5065821671316564
Balaji Simply Salted Chips (135.0 GRAM),Haldiram's Moong Dal,0.506565365137923
Open Secret Arabian Dates (Khajur) With Seed,Let's Try Namkeen Combo Pack Of 6 (Crunchy Party Mix Peanut Party Mix Aloo Bhujia),0.5064444519737428
Snapin Oregano Pizza Seasoning Sachet Pouch,Daily Good Saunf / Fennel,0.506278717020405
Palekar Knot Premium Salty Khari | Preservative-free,Piknik Classic Tomato Chilli,0.5060606626544464
Snapin Oregano Pizza Seasoning Sachet Pouch,Rajdhani Roasted Chana (200.0 GRAM),0.5060306413832635
Nutrela Soya Granules (200.0 GRAM),"Ching's Secret Veg Hakka Noodles, Cooks In 5-7 mins, Just Soak & Drain",0.5058495198333564
Kurkure Playz Puffcorn Yummy Cheese,Palekar Jeeo Butter | Toasted Buns With Jeera And Khari | Trans Fat-free,0.5057951409888843
The Belgian Crisps Double Choco Waffle Wafers | Artificial Colour-free,YiPPee! Magic Masala Noodles with Added Veggies - The Better Noodles,0.505686617154507
YiPPee! 100% Suji Cheese Pasta Treat,Haldirams Namkeen - Khara Boondi,0.5056695236032469
Chheda's Golden Plain Salted Chips (170.0 GRAM),MAGGI 2-Minute Instant Noodles | Masala Noodles | Made With Quality Spices,0.5054979518860874
Bauli Moonfils Croissants Choco Cream (Egg) (50.0 GRAM),Cheetos Cheese Puffs (28.0 GRAM),0.5054756295922375
"Paper Boat Mango | Juicy Sips, Chewy Bites | Refreshing Summer Juice Drink","Ching's Secret Veg Hakka Noodles, Cooks In 5-7 mins, Just Soak & Drain",0.5054710158693974
ZOFF Green Cardamom Whole - Elaichi,Chheda's Golden Plain Salted Chips (170.0 GRAM),0.5053694078035008
Modern Kitchens Potato Chips Salted (70.0 GRAM),"Ritebite Max Protein Peri Peri 10G Multigrain Protein Chips, Healthy Snacks & Munchies",0.5052229467167229
Nestle EveryDay Dairy Whitener,YiPPee! Magic Masala Noodles with Added Veggies - The Better Noodles,0.5051278837285597
Daily Good Mustard / Rai / Sarso Small (100.0 GRAM),Haldiram's Salted Peanut,0.504968826257036
Daily Good Saunf / Fennel,Haldiram's Mini Bhakarwadi,0.504582773814108
Haldiram's Panchratan Mixture,Haldirams Namkeen - Mini Samosa,0.5044806425240835
Chheda's Farali Potato Chivda (170.0 GRAM),Cadbury Oreo Vanilla Flavour Creme Sandwich Biscuit Family Pack,0.5044244054210831
Nutrela Soya Granules (200.0 GRAM),Colombian Brew Original Instant Coffee Sachets | 40 Sachets,0.504284401042844
ZOFF Green Cardamom Whole - Elaichi,Haldiram's Moong Dal,0.5041537969926011
Bauli Moonfils Croissants Choco Cream (Egg) (50.0 GRAM),Haldiram's Moong Dal,0.5041351916434609
Satyam Sabudana (500.0 GRAM),Kotton Multipurpose Napkin | 100% Virgin Pulp-Paper | 25 cm X 25 cm | 100Pcs,0.5040878884882933
Too Yumm! Karare Chilli Achari Flavour | Tangy | No Palm Oil Crisps,Palekar Jeeo Butter | Toasted Buns With Jeera And Khari | Trans Fat-free,0.5040206770667299
Sunfeast Dark Fantasy Choco Centre Fills | Preservative-free,Kurkure Yummy PuffCorn Yummy Cheese Chips,0.5039350293802061
Palekar Knot Premium Salty Khari | Preservative-free,Haldiram's Lite Chiwda (200.0 GRAM),0.5038909713970603
Let'S Try Roasted Chana (450.0 GRAM),Palekar Jeeo Butter | Toasted Buns With Jeera And Khari | Trans Fat-free,0.5038141008907941
Beyond Snack Kerala Banana Chips - with Coconut Oil & Rock Salt,Britannia Nutrichoice High-Fibre Digestive Biscuits,0.5037212915329259
Society Natural Tea (250.0 GRAM),Haldiram's Bhujia Sev (200.0 GRAM),0.5036293455448448
Lay's American Cream & Onion Potato Chips (48.0 GRAM),Daily Good Raw Peanut - Singdana,0.5035681476141048
Parle Hide & Seek Black Bourbon Chocolate Cream Biscuits | Trans Fat-free,Maggi Special Masala Instant Noodles,0.5031934184508813
Haldiram's Mini Bhakarwadi,Let's Try Namkeen Combo Pack Of 6 (Crunchy Party Mix Peanut Party Mix Aloo Bhujia),0.503034285951108
Cadbury Oreo Chocolate Flavour Creme Sandwich Biscuit Family Pack,Daily Good Tamarind / Imli (200.0 GRAM),0.5028539175322114
YiPPee! 100% Suji Cheese Pasta Treat,Tata Sampann 100% Chana Dal Fine Besan,0.5027799871663343
Snapin Oregano Pizza Seasoning Sachet Pouch,Haldiram's Panchratan Mixture,0.5025427159401993
Britannia The Original Bourbon Chocolate Cream Biscuits | Trans Fat-free,Daily Good Cashew | W320 (100.0 GRAM),0.5025038594562404
Beyond Snack Kerala Banana Chips - with Coconut Oil & Rock Salt,MAGGI 2-Minute Instant Noodles | Masala Noodles | Made With Quality Spices,0.5024738504291044
Kurkure Yummy PuffCorn Yummy Cheese Chips,Catch Jeera Whole (100.0 GRAM),0.5021384759597779
Maggi Masala-ae-Magic Sabzi Masala,Aashirvaad 100% Chana Dal Besan (500.0 GRAM),0.501853907007051
Doritos Nacho Chips - Sweet Chilli Flavour,Haldiram's Soan Papdi,0.5018511256393405
Let's Try Salted Peanuts,Cheetos Cheese Puffs (28.0 GRAM),0.5018242436223754
Tata Sampann 100% Chana Dal Fine Besan,Chheda's Yellow Banana Chips (170.0 GRAM),0.5017289137877372
Chheda's Mix Farsan (170.0 GRAM),MAGGI 2-Minute Instant Noodles | Masala Noodles | Made With Quality Spices,0.5016866699037146
Tulips Paper Stick Cotton Buds Jar (100.0 PIECE),Let's Try Namkeen Combo Pack Of 6 (Crunchy Party Mix Peanut Party Mix Aloo Bhujia),0.5016763577544412
YiPPee! 100% Suji Cheese Pasta Treat,Rajdhani Roasted Chana (200.0 GRAM),0.5016447400153187
Orbit Sugar Free Spearmint Chewing Gum Tube (19800.0 MILLIGRAM),"Ching's Secret Veg Hakka Noodles, Cooks In 5-7 mins, Just Soak & Drain",0.5016278989020029
Pintola High Protein Oats Dark Chocolate With Almonds Raisin Pumpkin And Chia Seeds,Let's Try Kerala Garlic Mix (180.0 GRAM),0.5015850784758348
"Ching's Secret Veg Hakka Noodles, Cooks In 5-7 mins, Just Soak & Drain",Lal Sweets Motichoor Laddu,0.5014521466476328
Fevikwik Instant Adhesive (3 gm),The Theatre Project Gourmet Popcorn - Cheddar Cheese (60.0 GRAM),0.5013979676036325
Cadbury Oreo Chocolate Flavour Creme Sandwich Biscuit Family Pack,Britannia 50-50 Maska Chaska Biscuits Butter Flavoured Crackers | Trans Fat-free,0.5013362358518068
Beyond Snack Kerala Banana Chips - Peri Peri (70.0 GRAM),The Theatre Project Gourmet Popcorn - Cheddar Cheese (60.0 GRAM),0.5012462127708226
Parle Marie Butter Marie Biscuits | Trans Fat-free,Britannia Treat Jimjam Naughty Jam Cream Biscuits | Trans Fat-free,0.5011457608345868
"Paper Boat Mango | Juicy Sips, Chewy Bites | Refreshing Summer Juice Drink",YiPPee! Magic Masala Noodles with Added Veggies - The Better Noodles,0.5011409443580186
Open Secret Arabian Dates (Khajur) With Seed,Let's Try Salted Peanuts,0.5007194244604316
"Ritebite Max Protein Cheese & Jalapeno 10G Multigrain Protein Chips, Healthy Snacks & Munchies",Britannia 50-50 Maska Chaska Biscuits Butter Flavoured Crackers | Trans Fat-free,0.5006819094822801
Haldiram's Ratlami Sev (200.0 GRAM),Haldiram's Salted Peanut,0.5002569838984137
Cadbury Oreo Chocolate Flavour Creme Sandwich Biscuit Family Pack,Cadbury Oreo Chocolate Flavour Creme Sandwich Biscuit,0.5000367943787685
Britannia Little Hearts Classic Crunch Flavoured Biscuits | Cholesterol-free,Kurkure Solid Masti Masala Twisteez (61.0 GRAM),0.49995832680935115
Lay's West Indies Hot 'n' Sweet Chilli Potato Chips,Kurkure Green Chutney Style (68.0 GRAM),0.4999313597298235
Haldiram's Lite Chiwda (200.0 GRAM),Crax Crunchy Pipes Salted Puff Snacks,0.4998938483090689
Parle Hide & Seek Black Bourbon Chocolate Cream Biscuits | Trans Fat-free,Let's Try Namkeen Combo Pack Of 6 (Crunchy Party Mix Peanut Party Mix Aloo Bhujia),0.4998310015830232
Daily Good Saunf / Fennel,Haldiram's Salted Peanut,0.49973796999338943
Fevikwik Instant Adhesive (3 gm),Let's Try Salted Peanuts,0.49970157000129756
Too Yumm! Karare Chilli Achari Flavour | Tangy | No Palm Oil Crisps,Scotch-Brite Scrub Sponge (Pack of 3),0.49957265903142056
Vim Lemon Dishwash Bar,Chheda's Farali Potato Chivda (170.0 GRAM),0.4994938913461456
Kotton Multipurpose Napkin | 100% Virgin Pulp-Paper | 25 cm X 25 cm | 100Pcs,Haldiram Aloo Bhujia ,0.49948353439223836
Unibic Choco Chip Flavoured Biscuits | Trans Fat-free,Daily Good Raw Peanut - Singdana,0.4994706588808283
Open Secret Arabian Dates (Khajur) With Seed,Haldiram's Moong Dal,0.4993998625843834
Tata Sampann 100% Chana Dal Fine Besan,Scotch-Brite Scrub Sponge (Pack of 3),0.49870131137031926
Palekar Jeeo Butter | Toasted Buns With Jeera And Khari | Trans Fat-free,Sunfeast Dark Fantasy Bourbon Chocolate Cream Biscuits | Trans Fat-free,0.4985805543814773
Britannia Treat Jimjam Naughty Jam Cream Biscuits | Trans Fat-free,Kurkure Green Chutney Style (68.0 GRAM),0.49856686746333195
Cadbury Oreo Chocolate Flavour Creme Sandwich Biscuit Family Pack,Parle Hide & Seek Chocolate Chip Biscuits | Trans Fat-free,0.4984627809726736
Balaji Simply Salted Chips (135.0 GRAM),Chheda's Long Masala Banana Chips (170.0 GRAM),0.49843429647178056
The Whole Truth Double Cocoa Protein Bar,Haldiram's Masala Tasty Nuts (200.0 GRAM),0.49840248979137863
Peppy Cheese Balls (55.0 GRAM),Chheda's Golden Plain Salted Chips (170.0 GRAM),0.49838523679034485
Malkist Double Chocolatey Crunchy Layered Crackers,Daily Good Raw Peanut - Singdana,0.4983212374343349
Let's Try Kerala Garlic Mix (180.0 GRAM),Sunfeast Dark Fantasy Bourbon Chocolate Cream Biscuits | Trans Fat-free,0.49818548262681683
Haldiram's Panchratan Mixture,Scotch-Brite Scrub Sponge (Pack of 3),0.49798497028796307
Colombian Brew Original Instant Coffee Sachets | 40 Sachets,Rajdhani Roasted Chana (200.0 GRAM),0.49797566522900316
Kurkure Masala Munch,MAGGI 2-Minute Instant Noodles | Masala Noodles | Made With Quality Spices,0.497951907050083
Doritos Nacho Chips - Sweet Chilli Flavour,Lay's Potato Chips - Chile Lemon Flavour,0.49789894672215423
Let's Try Potato Wafers | Vrat | Fasting Chips,Sunfeast Dark Fantasy Bourbon Chocolate Cream Biscuits | Trans Fat-free,0.4978177094962789
Peppy Cheese Balls (55.0 GRAM),RiteBite Max Protein 10g Protein Bar Choco Almond,0.4977581068278141
Let'S Try Roasted Chana (450.0 GRAM),Sunfeast Dark Fantasy Bourbon Chocolate Cream Biscuits | Trans Fat-free,0.49751316753555264
"Uncle Chipps Potato Chips, Plain Salted Flavour, Crispy Chips & Snacks (48.0 GRAM)",Aashirvaad 100% Chana Dal Besan (500.0 GRAM),0.49744874684938756
Vim Lemon Dishwash Bar,Kurkure Solid Masti Masala Twisteez (61.0 GRAM),0.4973916807665333
ACT II Ready to Eat Popcorn - Sour Cream & Cheese Popcorn (50.0 GRAM),Uncle Chipps - Spicy Treat,0.4973717626277674
Let's Try Namkeen Combo Pack Of 6 (Crunchy Party Mix Peanut Party Mix Aloo Bhujia),MAGGI 2-Minute Instant Noodles | Masala Noodles | Made With Quality Spices,0.4973632856460134
Garden Sabudana Chivda Namkeen,Haldiram's Moong Dal,0.49735984369361885
Kurkure Playz Puffcorn Yummy Cheese,Sunfeast Dark Fantasy Bourbon Chocolate Cream Biscuits | Trans Fat-free,0.49734456187003184
Pintola High Protein Oats Dark Chocolate With Almonds Raisin Pumpkin And Chia Seeds,Sunfeast Dark Fantasy Bourbon Chocolate Cream Biscuits | Trans Fat-free,0.49705836615028554
Scotch-Brite Scrub Sponge (Pack of 3),Lay's Spanish Tomato Tango Potato Chips,0.4970327342413827
Chheda's Farali Potato Chivda (170.0 GRAM),Amul Taaza Homogenised Toned Milk (Tetra Pack),0.4968201233981965
Tata Sampann 100% Chana Dal Fine Besan,Lay's American Cream & Onion Potato Chips,0.4967829150252398
The Belgian Crisps Double Choco Waffle Wafers | Artificial Colour-free,Scotch-Brite Scrub Sponge (Pack of 3),0.4967081369039469
Orbit Sugar Free Spearmint Chewing Gum Tube (19800.0 MILLIGRAM),Haldiram's Lite Chiwda (200.0 GRAM),0.49658391047537065
Palekar Jeeo Butter | Toasted Buns With Jeera And Khari | Trans Fat-free,Let's Try Namkeen Combo Pack Of 6 (Crunchy Party Mix Peanut Party Mix Aloo Bhujia),0.4965518853589546
Lay's Potato Chips - Chile Lemon Flavour,Parle Hide & Seek Chocolate Chip Biscuits | Trans Fat-free,0.49648102896629565
The Whole Truth Double Cocoa Protein Bar,Heka Bites Roasted Jowar Puffs Majestic Masala - Low Calorie & Healthy Snacks,0.4963852924682418
Vim Lemon Dishwash Bar,Cadbury Oreo Vanilla Flavour Creme Sandwich Biscuit Mega Family Pack,0.49634985366579765
Crax Curls Chatpata Masala Puff Snacks,YiPPee! Magic Masala Noodles with Added Veggies - The Better Noodles,0.4962286806044543
Chheda's Golden Plain Salted Chips (170.0 GRAM),RiteBite Max Protein 10g Protein Bar Choco Almond,0.49620964613283336
Too Yumm! Noodles Masala | Spicy No Palm Oil Crisps (67.0 GRAM),Uncle Chipps - Spicy Treat,0.4961708757507487
"Aashirvaad Chilli Powder, Red Hot Chilli Powder with No Added Flavours and Colours",Scotch-Brite Scrub Sponge (Pack of 3),0.4960080549632788
Maggi Special Masala Instant Noodles,Britannia Nutrichoice High-Fibre Digestive Biscuits,0.49594752170211
Orbit Sugar Free Spearmint Chewing Gum Tube (19800.0 MILLIGRAM),The Whole Truth Double Cocoa Protein Bar,0.4959304983996342
Palekar Knot Premium Salty Khari | Preservative-free,The Healthy Binge Quinoa Baked Chips Smokey Bbq -High Protein And Fibre (40.0 GRAM),0.49587152179563204
RiteBite Max Protein 10g Protein Bar Choco Almond,MAGGI 2-Minute Instant Noodles | Masala Noodles | Made With Quality Spices,0.4957349809145949
Bingo! Mad Angles Masala Madness Crisps,RiteBite Max Protein 10g Protein Bar Choco Almond,0.4957329715370101
Open Secret Arabian Dates (Khajur) With Seed,Too Yumm! Karare Chilli Achari Flavour | Tangy | No Palm Oil Crisps,0.4957146294827707
Nutrela Soya Granules (200.0 GRAM),Rajdhani Roasted Chana (200.0 GRAM),0.4957023429889703
"Paper Boat Mango | Juicy Sips, Chewy Bites | Refreshing Summer Juice Drink",Lal Sweets Motichoor Laddu,0.49562501032324147
"Ching's Secret Veg Hakka Noodles, Cooks In 5-7 mins, Just Soak & Drain",Rajdhani Roasted Chana (200.0 GRAM),0.4953520233119464
Britannia 50-50 Maska Chaska Biscuits Butter Flavoured Crackers | Trans Fat-free,Kurkure Green Chutney Style (68.0 GRAM),0.4953378450661319
Let'S Try Roasted Chana (450.0 GRAM),Let's Try Salted Peanuts,0.49531235496147774
Bingo! Mad Angles Masala Madness Crisps,Let's Try Salted Peanuts,0.4952892297858741
Mysore Sandal Soap,Aashirvaad 100% Chana Dal Besan (500.0 GRAM),0.49525653997215674
Let's Try Salted Peanuts,Chheda's Yellow Banana Chips (170.0 GRAM),0.49507373635033214
Parle G Original Milk Glucose Biscuits,Lay's Potato Chips - Chile Lemon Flavour,0.4950407739186617
Let's Try Salted Peanuts,Haldiram's Moong Dal,0.49503752229002396
Daily Good Mustard / Rai / Sarso Small (100.0 GRAM),Scotch-Brite Scrub Sponge (Pack of 3),0.4950297353282428
"Paper Boat Mango | Juicy Sips, Chewy Bites | Refreshing Summer Juice Drink",Palekar Knot Premium Salty Khari | Preservative-free,0.4950113378684807
Namaskaram Methi Khakhra,Kurkure Solid Masti Masala Twisteez (61.0 GRAM),0.49488650632666864
Britannia Treat Jimjam Naughty Jam Cream Biscuits | Trans Fat-free,Britannia 50-50 Maska Chaska Biscuits Butter Flavoured Crackers | Trans Fat-free,0.4948829067906486
Amul Taaza Homogenised Toned Milk (Tetra Pack),Kurkure Green Chutney Style (68.0 GRAM),0.4948600272091548
Kotton Multipurpose Napkin | 100% Virgin Pulp-Paper | 25 cm X 25 cm | 100Pcs,YiPPee! Magic Masala Noodles with Added Veggies - The Better Noodles,0.4947629517613878
Fevikwik Instant Adhesive (3 gm),Let's Try Namkeen Combo Pack Of 6 (Crunchy Party Mix Peanut Party Mix Aloo Bhujia),0.49467849740329306
Lay's West Indies Hot 'n' Sweet Chilli Potato Chips,Kurkure Yummy PuffCorn Yummy Cheese Chips,0.49439670103444944
ACT II Ready to Eat Caramel Popcorn - Classic Caramel Bliss (35.0 GRAM),Too Yumm! Karare Chilli Achari Flavour | Tangy | No Palm Oil Crisps,0.4943205743378754
"Ritebite Max Protein Cheese & Jalapeno 10G Multigrain Protein Chips, Healthy Snacks & Munchies",MAGGI 2-Minute Instant Noodles | Masala Noodles | Made With Quality Spices,0.49393729964939054
Daily Good Saunf / Fennel,Scotch-Brite Scrub Sponge (Pack of 3),0.49376367462407855
Palekar Jeeo Butter | Toasted Buns With Jeera And Khari | Trans Fat-free,MAGGI 2-Minute Instant Noodles | Masala Noodles | Made With Quality Spices,0.49371828299950726
Peppy Tomato Disc (55.0 GRAM),Haldiram's Moong Dal,0.4934892705538907
Britannia Good Day Cashew Dry Fruit Biscuits| Trans Fat-free,Kurkure Green Chutney Style (68.0 GRAM),0.4932794959065326
Haldiram's Panchratan Mixture,Haldiram's Lite Chiwda (200.0 GRAM),0.49310919375154655
Haldiram's All In One Mixture,Scotch-Brite Scrub Sponge (Pack of 3),0.4929430147770579
Let's Try Potato Wafers | Vrat | Fasting Chips,Haldiram's Moong Dal,0.49277677776437623
Everest Coriander Powder (100.0 GRAM),Palekar Knot Premium Salty Khari | Preservative-free,0.49268734097707945
Haldiram's Panchratan Mixture,Haldiram's Salted Peanut,0.4925298743612205
Chheda's Mix Farsan (170.0 GRAM),Kurkure Solid Masti Masala Twisteez (61.0 GRAM),0.49248204570820847
Cadbury Oreo Chocolate Flavour Creme Sandwich Biscuit Family Pack,Haldiram's Moong Dal,0.4924617030982865
Doritos Nacho Cheese Flavoured Corn Chips (45.0 GRAM),Britannia Marie Gold Biscuits Plain | Trans Fat-free,0.4922745952292671
Chheda's Small Bhakarwadi,MAGGI 2-Minute Instant Noodles | Masala Noodles | Made With Quality Spices,0.49221476329490266
Balaji Masala Masti Chips (135.0 GRAM),Parle Hide & Seek Chocolate Chip Biscuits | Trans Fat-free,0.49204816263623935
Cadbury Oreo Vanilla Flavour Creme Sandwich Biscuit Mega Family Pack,Chheda's Farali Potato Chivda (170.0 GRAM),0.49188138122261005
Doritos Nacho Chips - Sweet Chilli Flavour,Kurkure Solid Masti Masala Twisteez (61.0 GRAM),0.4917820001563844
Beyond Snack Kerala Banana Chips - with Coconut Oil & Rock Salt,The Whole Truth Double Cocoa Protein Bar,0.4917714514205742
YiPPee! Suji Tricolor Creamy Corn Pasta,Scotch-Brite Scrub Sponge (Pack of 3),0.49173703267599456
Maggi Special Masala Instant Noodles,Lay's Spanish Tomato Tango Potato Chips,0.4913605451128644
Daily Good Saunf - Fennel,Scotch-Brite Scrub Sponge (Pack of 3),0.49126072512137575
Doritos Nacho Chips - Sweet Chilli Flavour,Cheetos Masala Balls (28.0 GRAM),0.4911451841112936
Everest Coriander Powder (100.0 GRAM),Om Shanthi Havan Samagri | Cycle,0.4910699647621177
Daily Good Saunf / Fennel,Let's Try Namkeen Combo Pack Of 6 (Crunchy Party Mix Peanut Party Mix Aloo Bhujia),0.4908468627138704
Daily Good Tamarind / Imli (200.0 GRAM),Kurkure Solid Masti Masala Twisteez (61.0 GRAM),0.49081929477271774
Let's Try Namkeen Combo Pack Of 6 (Crunchy Party Mix Peanut Party Mix Aloo Bhujia),Cheetos Cheese Puffs (28.0 GRAM),0.4907625088809758
Orbit Sugar Free Spearmint Chewing Gum Tube (19800.0 MILLIGRAM),The Healthy Binge Quinoa Baked Chips Smokey Bbq -High Protein And Fibre (40.0 GRAM),0.49071405543499763
Haldiram's Bhujia Sev (200.0 GRAM),MAGGI 2-Minute Instant Noodles | Masala Noodles | Made With Quality Spices,0.49068752688233847
Maggi Pazzta Instant Pasta - Masala Penne (69.0 GRAM),Lay's American Cream & Onion Potato Chips (48.0 GRAM),0.4906627433341688
Namaskaram Methi Khakhra,MAGGI 2-Minute Instant Noodles | Masala Noodles | Made With Quality Spices,0.49064545112115837
Haldiram's Bhujia Sev (200.0 GRAM),Haldiram's Moong Dal,0.49050334531820317
Maggi Special Masala Instant Noodles,Haldiram's Mini Bhakarwadi,0.49042052187551466
Nutrela Soya Granules (200.0 GRAM),Palekar Knot Premium Salty Khari | Preservative-free,0.4901102355133472
Orbit Sugar Free Spearmint Chewing Gum Tube (19800.0 MILLIGRAM),Lay's Spanish Tomato Tango Potato Chips,0.49009814647996874
ZOFF Green Cardamom Whole - Elaichi,RiteBite Max Protein 10g Protein Bar Choco Almond,0.4898782730151693
The Belgian Crisps Double Choco Waffle Wafers | Artificial Colour-free,Modern Kitchens Butter Murukku,0.48980804251594423
Peppy Tomato Disc (55.0 GRAM),Palekar Jeeo Butter | Toasted Buns With Jeera And Khari | Trans Fat-free,0.4898067317257525
Kotton Multipurpose Napkin | 100% Virgin Pulp-Paper | 25 cm X 25 cm | 100Pcs,Palekar Knot Premium Salty Khari | Preservative-free,0.4897265193147248
Cadbury Oreo Chocolate Flavour Creme Sandwich Biscuit,Catch Jeera Whole (100.0 GRAM),0.4896344072220083
Aashirvaad Jeera (100.0 GRAM),Haldiram's Moong Dal,0.4894394898040787
Kurkure Red Chilli Chataka Chips (68.0 GRAM),Chheda's Yellow Banana Chips (170.0 GRAM),0.48943310657596373
Garden Sabudana Chivda Namkeen,Let's Try Salted Peanuts,0.48942140296979014
Lay's American Cream & Onion Potato Chips (48.0 GRAM),Kurkure Yummy PuffCorn Yummy Cheese Chips,0.489056595269152
Beyond Snack Kerala Banana Chips - with Coconut Oil & Rock Salt,RiteBite Max Protein 10g Protein Bar Choco Almond,0.4890404028822763
Peppy Tomato Disc (55.0 GRAM),Sunfeast Dark Fantasy Bourbon Chocolate Cream Biscuits | Trans Fat-free,0.4890098020150554
Too Yumm! Karare Chilli Achari Flavour | Tangy | No Palm Oil Crisps,Bingo! Mad Angles Masala Madness Crisps,0.4889951243031756
"Taali Roasted Bharuchi Peanuts | Masala | Protein Rich, No Palm Oil ,Restaurant-Style Crunch",Haldiram's Salted Peanut,0.4889828485170552
Mysore Sandal Soap,Haldiram's Moong Dal,0.488941666517563
Cheetos Cheese Puffs (28.0 GRAM),MAGGI 2-Minute Instant Noodles | Masala Noodles | Made With Quality Spices,0.4889216597803111
Bingo! Original Style Chilli Sprinkled - Flat Cut Spicy Potato Chips Pack for Snacks,Kurkure Solid Masti Masala Twisteez (61.0 GRAM),0.4888153337981324
Rajam Banana Chips (150.0 GRAM),Britannia Treat Jimjam Naughty Jam Cream Biscuits | Trans Fat-free,0.48865346563253753
Beyond Snack Kerala Banana Chips - with Coconut Oil & Rock Salt,Haldiram's Moong Dal,0.4886403066167545
Lay's Classic Salted Potato Chips (67.0 GRAM),YiPPee! Magic Masala Noodles with Added Veggies - The Better Noodles,0.48861898820858696
Palekar Jeeo Butter | Toasted Buns With Jeera And Khari | Trans Fat-free,Let's Try Salted Peanuts,0.4884743358970164
Colombian Brew Original Instant Coffee Sachets | 40 Sachets,Lay's Spanish Tomato Tango Potato Chips,0.4884642879482437
Haldiram's All In One Mixture,Haldiram's Lite Chiwda (200.0 GRAM),0.4883818617818846
Daily Good Mustard / Rai / Sarso Small (100.0 GRAM),Rajdhani Roasted Chana (200.0 GRAM),0.48838009544760597
Haldiram's Ratlami Sev (200.0 GRAM),Scotch-Brite Scrub Sponge (Pack of 3),0.4883362454928218
"Ritebite Max Protein Cheese & Jalapeno 10G Multigrain Protein Chips, Healthy Snacks & Munchies",Kurkure Solid Masti Masala Twisteez (61.0 GRAM),0.4879097009425546
Nestle EveryDay Dairy Whitener,Haldiram's Lite Chiwda (200.0 GRAM),0.48779921512984503
Chheda's Farali Potato Chivda (170.0 GRAM),Daily Good Cashew | W320 (100.0 GRAM),0.48779184862083136
Maggi Pazzta Instant Pasta - Masala Penne (69.0 GRAM),Britannia 50-50 Maska Chaska Biscuits Butter Flavoured Crackers | Trans Fat-free,0.4877708695270503
Let's Try Potato Wafers | Vrat | Fasting Chips,Let's Try Salted Peanuts,0.4877067909697469
Maggi Special Masala Instant Noodles,Heka Bites Roasted Jowar Puffs Majestic Masala - Low Calorie & Healthy Snacks,0.48751616044143176
Sunfeast Dark Fantasy Vanilla Cream Dark Crunchy Biscuits | Artificial Colour-free,Aashirvaad 100% Chana Dal Besan (500.0 GRAM),0.4874282627084358
Maggi Special Masala Instant Noodles,Haldirams Soya Sticks,0.48730140720882514
Hindalco Fresh wrapp Aluminium Foil - 9 m,Lay's Spanish Tomato Tango Potato Chips,0.48719307314551563
Fortune Besan (500.0 GRAM),Kurkure Solid Masti Masala Twisteez (61.0 GRAM),0.4870734490910573
Chheda's Golden Plain Salted Chips (170.0 GRAM),Haldiram's Bhujia Sev (200.0 GRAM),0.48703257105584696
Parle Hide & Seek Black Bourbon Chocolate Cream Biscuits | Trans Fat-free,Scotch-Brite Scrub Sponge (Pack of 3),0.4870093602070509
Beyond Snack Kerala Banana Chips - Peri Peri (70.0 GRAM),Let's Try Salted Peanuts,0.48699708454810503
Lay's West Indies Hot 'n' Sweet Chilli Potato Chips,Lay's Potato Chips - Chile Lemon Flavour,0.48697910010309364
Mr Makhana Super Snack - Himalayan Salt And Pepper,The Healthy Binge Quinoa Baked Chips Smokey Bbq -High Protein And Fibre (40.0 GRAM),0.48697897205961727
The Belgian Crisps Double Choco Waffle Wafers | Artificial Colour-free,Piknik Classic Tomato Chilli,0.48694433874960663
Haldiram's Lite Chiwda (200.0 GRAM),Lay's Spanish Tomato Tango Potato Chips,0.4868757270455546
Too Yumm! Noodles Masala | Spicy No Palm Oil Crisps (67.0 GRAM),Bhagirathi Jowar Atta (500.0 GRAM),0.4867658418678827
Uncle Chipps - Spicy Treat,Sunfeast Dark Fantasy Bourbon Chocolate Cream Biscuits | Trans Fat-free,0.4867319529484475
Beyond Snack Kerala Banana Chips - with Coconut Oil & Rock Salt,Britannia Marie Gold Biscuits Plain | Trans Fat-free,0.4867151335742167
Chheda's Farali Potato Chivda (170.0 GRAM),Maggi Pazzta Instant Pasta - Masala Penne (69.0 GRAM),0.4867150650096387
Let'S Try Roasted Chana (450.0 GRAM),MAGGI 2-Minute Instant Noodles | Masala Noodles | Made With Quality Spices,0.48649340188486156
Chheda's Golden Plain Salted Chips (170.0 GRAM),Let's Try Salted Peanuts,0.48646944536090037
Sunfeast Dark Fantasy Choco Centre Fills | Preservative-free,MAGGI Pazzta Instant Pasta - Cheese Macaroni,0.4864449503250734
Vim Lemon Dishwash Bar,Parle Hide & Seek Chocolate Chip Biscuits | Trans Fat-free,0.4863949939400384
ZOFF Green Cardamom Whole - Elaichi,Let's Try Salted Peanuts,0.4863731656184486
Balaji Simply Salted Chips (135.0 GRAM),Let's Try Namkeen Combo Pack Of 6 (Crunchy Party Mix Peanut Party Mix Aloo Bhujia),0.48634646596994335
"Ching's Secret Veg Hakka Noodles, Cooks In 5-7 mins, Just Soak & Drain",Parle Hide & Seek Milano Chocolate Flavoured Biscuits,0.48634247574176914
Chheda's Small Bhakarwadi,Haldiram's Moong Dal,0.4862738248943487
Nutrela Soya Granules (200.0 GRAM),Scotch-Brite Scrub Sponge (Pack of 3),0.4861861132808377
Uncle Chipps - Spicy Treat,Cheetos Cheese Puffs (28.0 GRAM),0.48610991487121935
Satyam Singdana,Haldiram's Bhujia Sev (200.0 GRAM),0.4860863785011927
"Ritebite Max Protein Cheese & Jalapeno 10G Multigrain Protein Chips, Healthy Snacks & Munchies",Aashirvaad 100% Chana Dal Besan (500.0 GRAM),0.4859478045986839
The Theatre Project Gourmet Popcorn - Cheddar Cheese (60.0 GRAM),Cheetos Cheese Puffs (28.0 GRAM),0.48572557749387013
The Theatre Project Gourmet Popcorn - Cheddar Cheese (60.0 GRAM),Let's Try Namkeen Combo Pack Of 6 (Crunchy Party Mix Peanut Party Mix Aloo Bhujia),0.48570285256959933
Britannia Treat Jimjam Naughty Jam Cream Biscuits | Trans Fat-free,Kurkure Solid Masti Masala Twisteez (61.0 GRAM),0.4855039320692816
Chheda's Farali Potato Chivda (170.0 GRAM),Malkist Double Chocolatey Crunchy Layered Crackers,0.4853962237633296
Britannia Little Hearts Classic Crunch Flavoured Biscuits | Cholesterol-free,Kurkure Green Chutney Style (68.0 GRAM),0.4853881741241908
Haldiram's Lite Chiwda (200.0 GRAM),Rajdhani Roasted Chana (200.0 GRAM),0.485191535490904
Lay's American Cream & Onion Potato Chips (48.0 GRAM),Britannia 50-50 Maska Chaska Biscuits Butter Flavoured Crackers | Trans Fat-free,0.4851852030517526
Vim Lemon Dishwash Bar,Lay's American Cream & Onion Potato Chips (48.0 GRAM),0.4851275038892086
Haldiram's Moong Dal,MAGGI 2-Minute Instant Noodles | Masala Noodles | Made With Quality Spices,0.4850975026384315
Peppy Cheese Balls (55.0 GRAM),Peppy Tomato Disc (55.0 GRAM),0.4850692093442715
Catch Sprinkler Chat Masala (100.0 GRAM),Lay's Spanish Tomato Tango Potato Chips,0.4850646630400306
Palekar Knot Premium Salty Khari | Preservative-free,Om Shanthi Havan Samagri | Cycle,0.484973016562248
Mr Makhana Super Snack - Himalayan Salt And Pepper,Scotch-Brite Scrub Sponge (Pack of 3),0.48492263585547163
Society Natural Tea (250.0 GRAM),Palekar Jeeo Butter | Toasted Buns With Jeera And Khari | Trans Fat-free,0.48488466935443486
Catch Jeera Whole (100.0 GRAM),Kurkure Green Chutney Style (68.0 GRAM),0.48481984192512917
Balaji Simply Salted Chips (135.0 GRAM),Sunfeast Dark Fantasy Bourbon Chocolate Cream Biscuits | Trans Fat-free,0.48481735697493455
Haldiram's Panchratan Mixture,The Theatre Project Gourmet Popcorn - Cheddar Cheese (60.0 GRAM),0.4847977187420738
Let'S Try Roasted Chana (450.0 GRAM),Bingo! Mad Angles Masala Madness Crisps,0.4847187153400113
Pintola High Protein Oats Dark Chocolate With Almonds Raisin Pumpkin And Chia Seeds,Let's Try Lite Snacks Sticks | Vrat | Fasting Special,0.48471232054795443
Hindalco Fresh wrapp Aluminium Foil - 9 m,Let's Try Namkeen Combo Pack Of 6 (Crunchy Party Mix Peanut Party Mix Aloo Bhujia),0.48468460759565885
Haldiram's Panchratan Mixture,Let's Try Salted Peanuts,0.4846451188420101
Sunfeast Dark Fantasy Vanilla Cream Dark Crunchy Biscuits | Artificial Colour-free,Haldiram's Moong Dal,0.4843652569253604
Pintola High Protein Oats Dark Chocolate With Almonds Raisin Pumpkin And Chia Seeds,Bhagirathi Jowar Atta (500.0 GRAM),0.484343737494998
Lay's West Indies Hot 'n' Sweet Chilli Potato Chips,Cheetos Masala Balls (28.0 GRAM),0.48421644770269284
Mysore Sandal Soap,MAGGI 2-Minute Instant Noodles | Masala Noodles | Made With Quality Spices,0.4840149977510933
Cadbury Oreo Chocolate Flavour Creme Sandwich Biscuit Family Pack,Kurkure Green Chutney Style (68.0 GRAM),0.48398967096292855
Society Natural Tea (250.0 GRAM),Let's Try Namkeen Combo Pack Of 6 (Crunchy Party Mix Peanut Party Mix Aloo Bhujia),0.4838942424573168
Tata Sampann 100% Chana Dal Fine Besan,The Theatre Project Gourmet Popcorn - Cheddar Cheese (60.0 GRAM),0.4838827818709183
YiPPee! 100% Suji Cheese Pasta Treat,Kurkure Masala Munch,0.48386762112252313
Haldiram's Salted Peanut,Haldiram's Mini Bhakarwadi,0.4838487127323823
Sunfeast Dark Fantasy Bourbon Chocolate Cream Biscuits | Trans Fat-free,MAGGI 2-Minute Instant Noodles | Masala Noodles | Made With Quality Spices,0.4838204623269104
Peppy Cheese Balls (55.0 GRAM),MAGGI 2-Minute Instant Noodles | Masala Noodles | Made With Quality Spices,0.4836358567451005
Peppy Cheese Balls (55.0 GRAM),Let's Try Salted Peanuts,0.4835894718247659
Sunfeast Dark Fantasy Vanilla Cream Dark Crunchy Biscuits | Artificial Colour-free,MAGGI 2-Minute Instant Noodles | Masala Noodles | Made With Quality Spices,0.48353895644521566
Let's Try Cheese Balls (60.0 GRAM),MAGGI 2-Minute Instant Noodles | Masala Noodles | Made With Quality Spices,0.48340351135937665
Tata Sampann 100% Chana Dal Fine Besan,Uncle Chipps - Spicy Treat,0.4833690030319243
Daily Good Pistachios California Salted,Lay's American Cream & Onion Potato Chips (48.0 GRAM),0.48319603878341555
Chheda's Yellow Banana Chips (170.0 GRAM),Haldiram's Moong Dal,0.48303886170478355
Britannia Treat Jimjam Naughty Jam Cream Biscuits | Trans Fat-free,Daily Good Raw Peanut - Singdana,0.48294061233861374
Uncle Chipps - Spicy Treat,Let's Try Namkeen Combo Pack Of 6 (Crunchy Party Mix Peanut Party Mix Aloo Bhujia),0.48290421901978875
Haldiram's Salted Peanut,Rajdhani Roasted Chana (200.0 GRAM),0.48288391520938095
Modern Kitchens Butter Murukku,Scotch-Brite Scrub Sponge (Pack of 3),0.48287963663505307
The Theatre Project Gourmet Popcorn - Cheddar Cheese (60.0 GRAM),Haldiram's Moong Dal,0.4826906375606221
The Whole Truth Double Cocoa Protein Bar,Scotch-Brite Scrub Sponge (Pack of 3),0.48265399194503666
Tulips Paper Stick Cotton Buds Jar (100.0 PIECE),Let's Try Salted Peanuts,0.48261855466824405
Kurkure Red Chilli Chataka Chips (68.0 GRAM),Kurkure Solid Masti Masala Twisteez (61.0 GRAM),0.48252492721226425
Haldiram's All In One Mixture,Let's Try Namkeen Combo Pack Of 6 (Crunchy Party Mix Peanut Party Mix Aloo Bhujia),0.4823737577991634
Satyam Singdana,Let's Try Namkeen Combo Pack Of 6 (Crunchy Party Mix Peanut Party Mix Aloo Bhujia),0.48235439313606426
Too Yumm! Noodles Masala | Spicy No Palm Oil Crisps (67.0 GRAM),Lets Try Lite Mixture (180.0 GRAM),0.4822770520883728
Cadbury Oreo Chocolate Flavour Creme Sandwich Biscuit,Aashirvaad 100% Chana Dal Besan (500.0 GRAM),0.4820889552640683
YiPPee! 100% Suji Cheese Pasta Treat,Let's Try Namkeen Combo Pack Of 6 (Crunchy Party Mix Peanut Party Mix Aloo Bhujia),0.4818077996208508
Kurkure Green Chutney Style (68.0 GRAM),MAGGI 2-Minute Instant Noodles | Masala Noodles | Made With Quality Spices,0.4815632582725236
Balaji Masala Masti Chips (135.0 GRAM),Kurkure Green Chutney Style (68.0 GRAM),0.48154527868533814
Unibic Choco Chip Flavoured Biscuits | Trans Fat-free,Kurkure Green Chutney Style (68.0 GRAM),0.4815066539766629
Bauli Moonfils Croissants Choco Cream (Egg) (50.0 GRAM),MAGGI 2-Minute Instant Noodles | Masala Noodles | Made With Quality Spices,0.4814570266805527
Open Secret Arabian Dates (Khajur) With Seed,Sunfeast Dark Fantasy Bourbon Chocolate Cream Biscuits | Trans Fat-free,0.4813679317467749
Rajdhani Roasted Chana (200.0 GRAM),Haldiram's Mini Bhakarwadi,0.48132476406264296
Haldirams Namkeen - Khara Boondi,Kurkure Masala Munch,0.48132094943240455
The Theatre Project Gourmet Popcorn - Cheddar Cheese (60.0 GRAM),Palekar Jeeo Butter | Toasted Buns With Jeera And Khari | Trans Fat-free,0.4812505121687214
Maggi Pazzta Instant Pasta - Masala Penne (69.0 GRAM),Kurkure Green Chutney Style (68.0 GRAM),0.4812264449100002
Namaskaram Methi Khakhra,Britannia 50-50 Maska Chaska Biscuits Butter Flavoured Crackers | Trans Fat-free,0.4810903502776235
Tulips Paper Stick Cotton Buds Jar (100.0 PIECE),Haldiram's Salted Peanut,0.48108623108758725
Mysore Sandal Soap,Kurkure Solid Masti Masala Twisteez (61.0 GRAM),0.48108214073875594
Cheetos Cheese Puffs (28.0 GRAM),Sunfeast Dark Fantasy Bourbon Chocolate Cream Biscuits | Trans Fat-free,0.4810691193048589
Aashirvaad Jeera (100.0 GRAM),MAGGI 2-Minute Instant Noodles | Masala Noodles | Made With Quality Spices,0.4810505467286387
Society Natural Tea (250.0 GRAM),Lay's Spanish Tomato Tango Potato Chips,0.48096730071415644
Maggi Pazzta Instant Pasta - Masala Penne (69.0 GRAM),Kurkure Solid Masti Masala Twisteez (61.0 GRAM),0.4806159354185342
Haldirams Namkeen - Khara Boondi,Lay's Spanish Tomato Tango Potato Chips,0.4803281415105496
Let's Try Potato Wafers | Vrat | Fasting Chips,Palekar Jeeo Butter | Toasted Buns With Jeera And Khari | Trans Fat-free,0.48030672621896214
Let's Try Namkeen Combo Pack Of 6 (Crunchy Party Mix Peanut Party Mix Aloo Bhujia),Palekar Jeeo Butter | Toasted Buns With Jeera And Khari | Trans Fat-free,0.48020431540313724
Chheda's Long Masala Banana Chips (170.0 GRAM),Kurkure Solid Masti Masala Twisteez (61.0 GRAM),0.48020333534257587
Let's Try Salted Peanuts,Sunfeast Dark Fantasy Bourbon Chocolate Cream Biscuits | Trans Fat-free,0.47992139946668483
Cadbury Oreo Vanilla Flavour Creme Sandwich Biscuit Mega Family Pack,Britannia Treat Jimjam Naughty Jam Cream Biscuits | Trans Fat-free,0.4798902635320104
Haldiram's Bhujia Sev (200.0 GRAM),Chheda's Yellow Banana Chips (170.0 GRAM),0.4798745420166417
Daily Good Tamarind / Imli (200.0 GRAM),Britannia Treat Jimjam Naughty Jam Cream Biscuits | Trans Fat-free,0.4798600244883162
Haldiram's Bhujia Sev (200.0 GRAM),Sunfeast Dark Fantasy Bourbon Chocolate Cream Biscuits | Trans Fat-free,0.4798575886171347
Beyond Snack Kerala Banana Chips - Peri Peri (70.0 GRAM),Haldiram's Moong Dal,0.479815152559538
Kurkure Red Chilli Chataka Chips (68.0 GRAM),Cheetos Cheese Puffs (28.0 GRAM),0.47966622421326255
Open Secret Arabian Dates (Khajur) With Seed,The Theatre Project Gourmet Popcorn - Cheddar Cheese (60.0 GRAM),0.47960968560085904
Kurkure Masala Munch,Cheetos Cheese Puffs (28.0 GRAM),0.4795684927087367
Mr Makhana Super Snack - Himalayan Salt And Pepper,Rajdhani Roasted Chana (200.0 GRAM),0.4794798867583677
YiPPee! Magic Masala Noodles with Added Veggies - The Better Noodles,Cheetos Cheese Puffs (28.0 GRAM),0.47946173504614936
Garden Sabudana Chivda Namkeen,Cheetos Cheese Puffs (28.0 GRAM),0.4794581506874977
Peppy Tomato Disc (55.0 GRAM),Peppy Cheese Balls (55.0 GRAM),0.47938166595995924
Crax Crunchy Pipes Salted Puff Snacks,Haldiram's Salted Peanut,0.4793598450908614
Namaskaram Mini Bhakarwadi,Aashirvaad 100% Chana Dal Besan (500.0 GRAM),0.4792158423212367
Bauli Moonfils Croissants Choco Cream (Egg) (50.0 GRAM),Chheda's Yellow Banana Chips (170.0 GRAM),0.4792005534055004
Haldiram's All In One Mixture,Lay's Spanish Tomato Tango Potato Chips,0.479117103019505
Nutrela Soya Granules (200.0 GRAM),Lay's Spanish Tomato Tango Potato Chips,0.4788473172170446
"Ritebite Max Protein Cheese & Jalapeno 10G Multigrain Protein Chips, Healthy Snacks & Munchies",Catch Jeera Whole (100.0 GRAM),0.4787731273033818
Kurkure Playz Puffcorn Yummy Cheese,RiteBite Max Protein 10g Protein Bar Choco Almond,0.4787672592624742
Daily Good Saunf / Fennel,Daily Good Chilli With Stem / Guntur With Stem,0.47873533471359553
Cadbury Oreo Chocolate Flavour Creme Sandwich Biscuit,MAGGI 2-Minute Instant Noodles | Masala Noodles | Made With Quality Spices,0.47873524725677324
Chheda's Golden Plain Salted Chips (170.0 GRAM),Kurkure Solid Masti Masala Twisteez (61.0 GRAM),0.4786072398750586
ACT II Ready to Eat Popcorn - Sour Cream & Cheese Popcorn (50.0 GRAM),Palekar Jeeo Butter | Toasted Buns With Jeera And Khari | Trans Fat-free,0.4786068293239517
Uncle Chipps - Spicy Treat,Too Yumm! Karare Chilli Achari Flavour | Tangy | No Palm Oil Crisps,0.4786000692411796
Haldiram's All In One Mixture,Haldiram's Masala Tasty Nuts (200.0 GRAM),0.4784608906492563
Cadbury Oreo Chocolate Flavour Creme Sandwich Biscuit Family Pack,Aashirvaad 100% Chana Dal Besan (500.0 GRAM),0.4780377875727736
Kurkure Playz Puffcorn Yummy Cheese,Lay's Spanish Tomato Tango Potato Chips,0.47795684082882955
Daily Good Tamarind / Imli (200.0 GRAM),Catch Jeera Whole (100.0 GRAM),0.47788288225095404
"Ritebite Max Protein Cheese & Jalapeno 10G Multigrain Protein Chips, Healthy Snacks & Munchies",Britannia Treat Jimjam Naughty Jam Cream Biscuits | Trans Fat-free,0.47784146029365376
Peppy Tomato Disc (55.0 GRAM),Let's Try Namkeen Combo Pack Of 6 (Crunchy Party Mix Peanut Party Mix Aloo Bhujia),0.47777054403479624
Peppy Tomato Disc (55.0 GRAM),Chheda's Golden Plain Salted Chips (170.0 GRAM),0.4777064405077286
Let's Try Namkeen Combo Pack Of 6 (Crunchy Party Mix Peanut Party Mix Aloo Bhujia),Haldiram's Moong Dal,0.4776247158895561
"Paper Boat Mango | Juicy Sips, Chewy Bites | Refreshing Summer Juice Drink",Piknik Classic Tomato Chilli,0.47760228267512356
The Theatre Project Gourmet Popcorn - Cheddar Cheese (60.0 GRAM),Let's Try Salted Peanuts,0.47759548263749946
Rajdhani Roasted Chana (200.0 GRAM),Haldiram's Lite Chiwda (200.0 GRAM),0.4774325612721326
Lal Milk Cake Signature,Haldiram's Ratlami Sev (200.0 GRAM),0.4770286739227472
Amul Taaza Homogenised Toned Milk (Tetra Pack),Britannia Treat Jimjam Naughty Jam Cream Biscuits | Trans Fat-free,0.4770068027210884
Haldiram's Salted Peanut,Haldiram's Lite Chiwda (200.0 GRAM),0.4768749828772276
Kurkure Playz Puffcorn Yummy Cheese,Haldiram's Moong Dal,0.4767667376390412
Britannia Treat Jimjam Naughty Jam Cream Biscuits | Trans Fat-free,MAGGI 2-Minute Instant Noodles | Masala Noodles | Made With Quality Spices,0.47667201409933585
The Whole Truth Double Cocoa Protein Bar,Mr Makhana Super Snack - Himalayan Salt And Pepper,0.47656060822727486
"Uncle Chipps Potato Chips, Plain Salted Flavour, Crispy Chips & Snacks (48.0 GRAM)",MAGGI 2-Minute Instant Noodles | Masala Noodles | Made With Quality Spices,0.47653264203034207
Bauli Moonfils Croissants Choco Cream (Egg) (50.0 GRAM),Sunfeast Dark Fantasy Bourbon Chocolate Cream Biscuits | Trans Fat-free,0.4765193567175235
Maggi Masala-ae-Magic Sabzi Masala,MAGGI 2-Minute Instant Noodles | Masala Noodles | Made With Quality Spices,0.4764339387945827
Palekar Jeeo Butter | Toasted Buns With Jeera And Khari | Trans Fat-free,Haldiram's Bhujia Sev (200.0 GRAM),0.47638215035896636
Chheda's Yellow Banana Chips (170.0 GRAM),Cheetos Cheese Puffs (28.0 GRAM),0.4763371148782409
Uncle Chipps - Spicy Treat,Kurkure Masala Munch,0.4762562203408205
Chheda's Farali Potato Chivda (170.0 GRAM),Parle Marie Butter Marie Biscuits | Trans Fat-free,0.4760418456020575
Let's Try Namkeen Combo Pack Of 6 (Crunchy Party Mix Peanut Party Mix Aloo Bhujia),Sunfeast Dark Fantasy Bourbon Chocolate Cream Biscuits | Trans Fat-free,0.476034547389141
Kurkure Red Chilli Chataka Chips (68.0 GRAM),RiteBite Max Protein 10g Protein Bar Choco Almond,0.4760314463524029
ACT II Ready to Eat Popcorn - Sour Cream & Cheese Popcorn (50.0 GRAM),Kurkure Masala Munch,0.4758997411339786
The Whole Truth Double Cocoa Protein Bar,Lay's Spanish Tomato Tango Potato Chips,0.47589397453552706
Chheda's Salt & Pepper Banana Chips,Chheda's Yellow Banana Chips (170.0 GRAM),0.47583774250440913
Crax Crunchy Pipes Salted Puff Snacks,Palekar Knot Premium Salty Khari | Preservative-free,0.47575460390105695
Daily Good Mustard / Rai / Sarso Small (100.0 GRAM),Lay's Spanish Tomato Tango Potato Chips,0.47554366612585797
Malkist Double Chocolatey Crunchy Layered Crackers,Britannia Treat Jimjam Naughty Jam Cream Biscuits | Trans Fat-free,0.4755379596026246
Cadbury Oreo Chocolate Flavour Creme Sandwich Biscuit,Kurkure Solid Masti Masala Twisteez (61.0 GRAM),0.475528188286809
Uncle Chipps - Spicy Treat,Scotch-Brite Scrub Sponge (Pack of 3),0.4753446251886634
Lay's American Cream & Onion Potato Chips (48.0 GRAM),Kurkure Solid Masti Masala Twisteez (61.0 GRAM),0.47526693298695355
Amul Taaza Homogenised Toned Milk (Tetra Pack),Kurkure Yummy PuffCorn Yummy Cheese Chips,0.4752637017684104
Namaskaram Mini Bhakarwadi,MAGGI 2-Minute Instant Noodles | Masala Noodles | Made With Quality Spices,0.47516548899274
Parle Marie Butter Marie Biscuits | Trans Fat-free,Britannia The Original Bourbon Chocolate Cream Biscuits | Trans Fat-free,0.4750722056332617
Crax Crunchy Pipes Salted Puff Snacks,The Whole Truth Double Cocoa Protein Bar,0.4749357290165833
Peppy Tomato Disc (55.0 GRAM),Let's Try Salted Peanuts,0.47486896688774627
Peppy Cheese Balls (55.0 GRAM),Sunfeast Dark Fantasy Bourbon Chocolate Cream Biscuits | Trans Fat-free,0.4748511253018725
Mysore Sandal Soap,Sunfeast Dark Fantasy Bourbon Chocolate Cream Biscuits | Trans Fat-free,0.47477541488831826
Satyam Singdana,Chheda's Yellow Banana Chips (170.0 GRAM),0.47471548367774785
Garden Sabudana Chivda Namkeen,Palekar Jeeo Butter | Toasted Buns With Jeera And Khari | Trans Fat-free,0.47469659565657785
Ezee Small Garbage Bags 17 x 19 Inch (30.0 PIECE),Kurkure Solid Masti Masala Twisteez (61.0 GRAM),0.4746254477017053
Tulips Paper Stick Cotton Buds Jar (100.0 PIECE),The Theatre Project Gourmet Popcorn - Cheddar Cheese (60.0 GRAM),0.47460994059459527
Daily Good Tamarind / Imli (200.0 GRAM),MAGGI 2-Minute Instant Noodles | Masala Noodles | Made With Quality Spices,0.4742522403639546
Fevikwik Instant Adhesive (3 gm),Palekar Jeeo Butter | Toasted Buns With Jeera And Khari | Trans Fat-free,0.4742435594444546
Parle Marie Butter Marie Biscuits | Trans Fat-free,Chheda's Farali Potato Chivda (170.0 GRAM),0.4741998009324742
Open Secret Arabian Dates (Khajur) With Seed,Haldiram's Bhujia Sev (200.0 GRAM),0.4739467084111835
Kurkure Masala Munch,Kurkure Solid Masti Masala Twisteez (61.0 GRAM),0.47384642132715166
Parle Hide & Seek Chocolate Chip Biscuits | Trans Fat-free,MAGGI 2-Minute Instant Noodles | Masala Noodles | Made With Quality Spices,0.47381950119102534
"Ritebite Max Protein Cheese & Jalapeno 10G Multigrain Protein Chips, Healthy Snacks & Munchies",Max Protein Choco Chips Flavoured Biscuits | Maida-free,0.47378807014785657
"Aashirvaad Chilli Powder, Red Hot Chilli Powder with No Added Flavours and Colours",Haldiram's Masala Tasty Nuts (200.0 GRAM),0.4737737737737737
Too Yumm! Karare Munchy Masala | Spicy | No Palm Oil Crisps,Society Natural Tea (250.0 GRAM),0.47377120140887197
Daily Good Tamarind / Imli (200.0 GRAM),Daily Good Raw Peanut - Singdana,0.47359362568206903
Fevikwik Instant Adhesive (3 gm),Scotch-Brite Scrub Sponge (Pack of 3),0.473448057493769
Palekar Jeeo Butter | Toasted Buns With Jeera And Khari | Trans Fat-free,Chheda's Yellow Banana Chips (170.0 GRAM),0.4733849706358298
Haldiram's Lite Chiwda (200.0 GRAM),Haldiram's Salted Peanut,0.4733522952599226
Britannia Marie Gold Biscuits Plain | Trans Fat-free,MAGGI 2-Minute Instant Noodles | Masala Noodles | Made With Quality Spices,0.4732494991177693
Lay's American Cream & Onion Potato Chips (48.0 GRAM),Britannia Treat Jimjam Naughty Jam Cream Biscuits | Trans Fat-free,0.47315040444038314
Beyond Snack Kerala Banana Chips - Original Style (70.0 GRAM),Cheetos Cheese Puffs (28.0 GRAM),0.47310421052089824
Chheda's Yellow Banana Chips (170.0 GRAM),YiPPee! Magic Masala Noodles with Added Veggies - The Better Noodles,0.47308893893796994
Cadbury Oreo Chocolate Flavour Creme Sandwich Biscuit,Haldiram's Moong Dal,0.47298581653507743
Fevikwik Instant Adhesive (3 gm),RiteBite Max Protein 10g Protein Bar Choco Almond,0.4728968160290107
YiPPee! Magic Masala Noodles with Added Veggies - The Better Noodles,Sunfeast Dark Fantasy Bourbon Chocolate Cream Biscuits | Trans Fat-free,0.4728612573340525
Haldiram's Ratlami Sev (200.0 GRAM),Haldiram's Lite Chiwda (200.0 GRAM),0.4726698447808587
Nestle EveryDay Dairy Whitener,Lay's Spanish Tomato Tango Potato Chips,0.4725946412485411
Chheda's Golden Plain Salted Chips (170.0 GRAM),Let's Try Namkeen Combo Pack Of 6 (Crunchy Party Mix Peanut Party Mix Aloo Bhujia),0.47232855124640005
Daily Good Mustard / Rai / Sarso Small (100.0 GRAM),Haldiram's Lite Chiwda (200.0 GRAM),0.47230806150892546
Chheda's Salt & Pepper Banana Chips,MAGGI 2-Minute Instant Noodles | Masala Noodles | Made With Quality Spices,0.47225186595863267
Tata Sampann 100% Chana Dal Fine Besan,Let's Try Salted Peanuts,0.4722315592903828
Everest Coriander Powder (100.0 GRAM),Piknik Classic Tomato Chilli,0.47214469613379195
Palekar Knot Premium Salty Khari | Preservative-free,Lal Sweets Motichoor Laddu,0.4720968597917319
Kurkure Masala Munch,Sunfeast Dark Fantasy Bourbon Chocolate Cream Biscuits | Trans Fat-free,0.4720363803712917
ZOFF Green Cardamom Whole - Elaichi,Aashirvaad 100% Chana Dal Besan (500.0 GRAM),0.4719985899282939
Modern Kitchens Butter Murukku,Korean Nongshim Shin Ramyun Noodle Soup Veg,0.4716637518480837
Rajdhani Roasted Chana (200.0 GRAM),Haldiram's Salted Peanut,0.4716518108480963
Satyam Sabudana (500.0 GRAM),Lal Sweets Motichoor Laddu,0.47156714910488223
Palekar Knot Premium Salty Khari | Preservative-free,Modern Kitchens Potato Chips Salted (70.0 GRAM),0.4715621594860834
"Aashirvaad Chilli Powder, Red Hot Chilli Powder with No Added Flavours and Colours",Let's Try Namkeen Combo Pack Of 6 (Crunchy Party Mix Peanut Party Mix Aloo Bhujia),0.47155067155067154
Aashirvaad Jeera (100.0 GRAM),Cheetos Cheese Puffs (28.0 GRAM),0.47151284086668854
YiPPee! Suji Tricolor Creamy Corn Pasta,Haldiram's Moong Dal,0.47117682227407576
ZOFF Green Cardamom Whole - Elaichi,Sunfeast Dark Fantasy Bourbon Chocolate Cream Biscuits | Trans Fat-free,0.47114319372951213
Haldiram's Lite Chiwda (200.0 GRAM),Haldiram's Masala Tasty Nuts (200.0 GRAM),0.4711425093714511
Cheetos Cheese Puffs (28.0 GRAM),Haldiram's Moong Dal,0.4711292030021844
Kurkure Yummy PuffCorn Yummy Cheese Chips,MAGGI 2-Minute Instant Noodles | Masala Noodles | Made With Quality Spices,0.4710660667539169
Beyond Snack Kerala Banana Chips - Peri Peri (70.0 GRAM),Palekar Jeeo Butter | Toasted Buns With Jeera And Khari | Trans Fat-free,0.47105756653831554
Nestle EveryDay Dairy Whitener,Haldiram's Soan Papdi,0.4710455319896043
Tulips Paper Stick Cotton Buds Jar (100.0 PIECE),Palekar Jeeo Butter | Toasted Buns With Jeera And Khari | Trans Fat-free,0.47092500496056444
Too Yumm! Noodles Masala | Spicy No Palm Oil Crisps (67.0 GRAM),Kurkure Masala Munch,0.4709213302563686
Garden Sabudana Chivda Namkeen,Let's Try Namkeen Combo Pack Of 6 (Crunchy Party Mix Peanut Party Mix Aloo Bhujia),0.47089875817986415
Palekar Jeeo Butter | Toasted Buns With Jeera And Khari | Trans Fat-free,RiteBite Max Protein 10g Protein Bar Choco Almond,0.470760384136206
Haldiram's Salted Peanut,Lay's Spanish Tomato Tango Potato Chips,0.47071354034624946
Haldirams Namkeen - Khara Boondi,Uncle Chipps - Spicy Treat,0.4706716854558368
Let's Try Salted Peanuts,Haldiram's Bhujia Sev (200.0 GRAM),0.47061730742852553
Cadbury Oreo Chocolate Flavour Creme Sandwich Biscuit Family Pack,Britannia Treat Jimjam Naughty Jam Cream Biscuits | Trans Fat-free,0.4705765639589168
Haldirams Namkeen - Khara Boondi,The Theatre Project Gourmet Popcorn - Cheddar Cheese (60.0 GRAM),0.4705656453614584
Mysore Sandal Soap,RiteBite Max Protein 10g Protein Bar Choco Almond,0.47055409707428947
Cadbury Oreo Vanilla Flavour Creme Sandwich Biscuit Mega Family Pack,Kurkure Green Chutney Style (68.0 GRAM),0.4705391808136999
Haldiram's Moong Dal,Cheetos Cheese Puffs (28.0 GRAM),0.4705124862185783
Let's Try Cheese Balls (60.0 GRAM),Kurkure Solid Masti Masala Twisteez (61.0 GRAM),0.47047144681627434
Rajdhani Roasted Chana (200.0 GRAM),Lay's Spanish Tomato Tango Potato Chips,0.47038881136332156
Parle Hide & Seek Chocolate Chip Biscuits | Trans Fat-free,Kurkure Solid Masti Masala Twisteez (61.0 GRAM),0.47027846638499277
Daily Good Pistachios California Salted,Kurkure Green Chutney Style (68.0 GRAM),0.47018922747690084
Rajdhani Roasted Chana (200.0 GRAM),Haldiram's Panchratan Mixture,0.4701486249528487
Chheda's Farali Potato Chivda (170.0 GRAM),Britannia Treat Jimjam Naughty Jam Cream Biscuits | Trans Fat-free,0.4701395951514603
RiteBite Max Protein 10g Protein Bar Choco Almond,Kurkure Solid Masti Masala Twisteez (61.0 GRAM),0.4701175948631516
Chheda's Farali Potato Chivda (170.0 GRAM),Kurkure Green Chutney Style (68.0 GRAM),0.4701029241367498
MAGGI Pazzta Instant Pasta - Cheese Macaroni,Kurkure Green Chutney Style (68.0 GRAM),0.4700730350566464
Haldirams Namkeen - Khara Boondi,Haldiram's Bhujia Sev (200.0 GRAM),0.4700540558418551
Haldiram's Ratlami Sev (200.0 GRAM),Haldiram's Panchratan Mixture,0.4699640399205611
"Ching's Secret Veg Hakka Noodles, Cooks In 5-7 mins, Just Soak & Drain","Paper Boat Mango | Juicy Sips, Chewy Bites | Refreshing Summer Juice Drink",0.4698646098509316
Haldirams Namkeen - Khara Boondi,Tata Sampann 100% Chana Dal Fine Besan,0.4698399593755631
Haldiram's Lite Chiwda (200.0 GRAM),Scotch-Brite Scrub Sponge (Pack of 3),0.46955539079261716
Bingo! Original Style Chilli Sprinkled - Flat Cut Spicy Potato Chips Pack for Snacks,MAGGI 2-Minute Instant Noodles | Masala Noodles | Made With Quality Spices,0.4695010632098839
YiPPee! 100% Suji Masala Pasta Treat,Let's Try Salted Peanuts,0.46947723440134903
Haldiram's Bhujia Sev (200.0 GRAM),Let's Try Salted Peanuts,0.4693968927266912
"Uncle Chipps Potato Chips, Plain Salted Flavour, Crispy Chips & Snacks (48.0 GRAM)",RiteBite Max Protein 10g Protein Bar Choco Almond,0.4692770823317314
Kurkure Yummy PuffCorn Yummy Cheese Chips,Parle Hide & Seek Chocolate Chip Biscuits | Trans Fat-free,0.4691967881301631
Society Natural Tea (250.0 GRAM),Haldiram's Moong Dal,0.46918256801030706
Haldirams Namkeen - Khara Boondi,Haldiram's Mini Bhakarwadi,0.46915667468642597
Cheetos Masala Balls (28.0 GRAM),MAGGI 2-Minute Instant Noodles | Masala Noodles | Made With Quality Spices,0.46900857044185357
Let's Try Salted Peanuts,RiteBite Max Protein 10g Protein Bar Choco Almond,0.46896271698502456
Too Yumm! Karare Munchy Masala | Spicy | No Palm Oil Crisps,Sunfeast Dark Fantasy Bourbon Chocolate Cream Biscuits | Trans Fat-free,0.4688452318471125
Cadbury Oreo Chocolate Flavour Creme Sandwich Biscuit,"Uncle Chipps Potato Chips, Plain Salted Flavour, Crispy Chips & Snacks (48.0 GRAM)",0.46882083726030915
Too Yumm! Noodles Masala | Spicy No Palm Oil Crisps (67.0 GRAM),Lay's Spanish Tomato Tango Potato Chips,0.46880403693983197
Doritos Nacho Chips - Sweet Chilli Flavour,Lay's Potato Chips - Sizzling Hot Spicy Flavour,0.46857455625928535
Lay's Classic Salted Potato Chips (67.0 GRAM),Tata Sampann 100% Chana Dal Fine Besan,0.46854948164832944
"Taali Roasted Bharuchi Peanuts | Masala | Protein Rich, No Palm Oil ,Restaurant-Style Crunch",Lay's Spanish Tomato Tango Potato Chips,0.4684123877861648
Too Yumm! Noodles Masala | Spicy No Palm Oil Crisps (67.0 GRAM),Sunfeast Dark Fantasy Bourbon Chocolate Cream Biscuits | Trans Fat-free,0.4683225504292227
Haldiram's Salted Peanut,Haldiram's Masala Tasty Nuts (200.0 GRAM),0.4681582393372787
YiPPee! Suji Tricolor Creamy Corn Pasta,Let's Try Lite Snacks Sticks | Vrat | Fasting Special,0.46814295378873216
Hindalco Fresh wrapp Aluminium Foil - 9 m,Let's Try Salted Peanuts,0.4678446640710792
Mr Makhana Super Snack - Himalayan Salt And Pepper,Haldiram's Masala Tasty Nuts (200.0 GRAM),0.46782873607197933
Too Yumm! Karare Munchy Masala | Spicy | No Palm Oil Crisps,Haldiram's Bhujia Sev (200.0 GRAM),0.46771347074236785
Catch Jeera Whole (100.0 GRAM),Kurkure Solid Masti Masala Twisteez (61.0 GRAM),0.4676568454317316
Cadbury Oreo Vanilla Flavour Creme Sandwich Biscuit Mega Family Pack,Max Protein Choco Chips Flavoured Biscuits | Maida-free,0.4676509189801383
Parle Hide & Seek Black Bourbon Chocolate Cream Biscuits | Trans Fat-free,Haldiram's Mini Bhakarwadi,0.4675162667329769
Rajam Banana Chips (150.0 GRAM),Britannia 50-50 Maska Chaska Biscuits Butter Flavoured Crackers | Trans Fat-free,0.467502016321799
Bauli Moonfils Croissants Choco Cream (Egg) (50.0 GRAM),RiteBite Max Protein 10g Protein Bar Choco Almond,0.4673056049108726
Peppy Tomato Disc (55.0 GRAM),RiteBite Max Protein 10g Protein Bar Choco Almond,0.4671539689360761
Let's Try Cheese Balls (60.0 GRAM),RiteBite Max Protein 10g Protein Bar Choco Almond,0.4671471789074578
Lay's Spanish Tomato Tango Potato Chips,Scotch-Brite Scrub Sponge (Pack of 3),0.4671308736811701
YiPPee! 100% Suji Masala Pasta Treat,Haldiram's Moong Dal,0.46706352363832715
Too Yumm! Karare Munchy Masala | Spicy | No Palm Oil Crisps,Haldiram's Moong Dal,0.4669195270912356
Nestle EveryDay Dairy Whitener,Scotch-Brite Scrub Sponge (Pack of 3),0.4668082087134783
Too Yumm! Noodles Masala | Spicy No Palm Oil Crisps (67.0 GRAM),The Theatre Project Gourmet Popcorn - Cheddar Cheese (60.0 GRAM),0.4667866998155636
Kurkure Playz Puffcorn Yummy Cheese,Lay's American Cream & Onion Potato Chips,0.4667841447069363
Kurkure Masala Munch,YiPPee! Magic Masala Noodles with Added Veggies - The Better Noodles,0.4667322640308778
Ezee Small Garbage Bags 17 x 19 Inch (30.0 PIECE),MAGGI 2-Minute Instant Noodles | Masala Noodles | Made With Quality Spices,0.4666010387214788
Bingo! Original Style Chilli Sprinkled - Flat Cut Spicy Potato Chips Pack for Snacks,Kurkure Yummy PuffCorn Yummy Cheese Chips,0.4665646239582642
Peppy Cheese Balls (55.0 GRAM),Let's Try Namkeen Combo Pack Of 6 (Crunchy Party Mix Peanut Party Mix Aloo Bhujia),0.46651708500447997
The Belgian Crisps Double Choco Waffle Wafers | Artificial Colour-free,Lal Sweets Motichoor Laddu,0.4664414192233074
Parle G Original Milk Glucose Biscuits,Parle Hide & Seek Chocolate Chip Biscuits | Trans Fat-free,0.4664253174532016
Catch Sprinkler Chat Masala (100.0 GRAM),Tata Sampann 100% Chana Dal Fine Besan,0.4662846178226643
Daily Good Tamarind / Imli (200.0 GRAM),Daily Good Cashew | W320 (100.0 GRAM),0.4662301306129473
Britannia Pure Magic Choco Stars Chocolate Cream Biscuits | Trans Fat-free,Kurkure Solid Masti Masala Twisteez (61.0 GRAM),0.4658472280088338
Lay's Potato Chips - Sizzling Hot Spicy Flavour,Kurkure Solid Masti Masala Twisteez (61.0 GRAM),0.4658326520630262
Everest Coriander Powder (100.0 GRAM),Modern Kitchens Butter Murukku,0.4658152018442795
Lay's American Cream & Onion Potato Chips (48.0 GRAM),Catch Jeera Whole (100.0 GRAM),0.46577960856735445
The Theatre Project Gourmet Popcorn - Cheddar Cheese (60.0 GRAM),MAGGI 2-Minute Instant Noodles | Masala Noodles | Made With Quality Spices,0.4657376023063761
Parle Hide & Seek Black Bourbon Chocolate Cream Biscuits | Trans Fat-free,Haldirams Namkeen - Khara Boondi,0.4656709908944269
"Maggi Nutri-licious Masala Veg Atta Noodles, Instant Noodles",Palekar Jeeo Butter | Toasted Buns With Jeera And Khari | Trans Fat-free,0.4656343999954254
Namaskaram Mini Bhakarwadi,Kurkure Solid Masti Masala Twisteez (61.0 GRAM),0.4655005329415493
Ezee Biodegradable Medium Garbage Bags 19 x 21 Inch (30.0 PIECE),Max Protein Choco Chips Flavoured Biscuits | Maida-free,0.46548435440793995
Namaskaram Methi Khakhra,Origami Luncheon Tissue Paper Napkins - 32 X 32 cm - 50 Serviettes,0.4654543517054007
Daily Good Saunf / Fennel,Lay's Spanish Tomato Tango Potato Chips,0.46541742366988487
"Uncle Chipps Potato Chips, Plain Salted Flavour, Crispy Chips & Snacks (48.0 GRAM)",Haldiram's Moong Dal,0.46539821052014047
"Paper Boat Mango | Juicy Sips, Chewy Bites | Refreshing Summer Juice Drink","Ritebite Max Protein Peri Peri 10G Multigrain Protein Chips, Healthy Snacks & Munchies",0.46539165173237756
Aashirvaad 100% Chana Dal Besan (500.0 GRAM),MAGGI 2-Minute Instant Noodles | Masala Noodles | Made With Quality Spices,0.46537715528421114
"Taali Roasted Bharuchi Peanuts | Masala | Protein Rich, No Palm Oil ,Restaurant-Style Crunch",Rajdhani Roasted Chana (200.0 GRAM),0.4653010904835968
Lay's India's Magic Masala Potato Chips,Kurkure Solid Masti Masala Twisteez (61.0 GRAM),0.4647716539771169
Daily Good Sooji / Rava (1.0 KILOGRAM),Daily Good Pistachios California Salted,0.46464759317102766
Everest Chhole Masala,Rajdhani Roasted Chana (200.0 GRAM),0.4645744923291435
YiPPee! Suji Tricolor Creamy Corn Pasta,Let's Try Namkeen Combo Pack Of 6 (Crunchy Party Mix Peanut Party Mix Aloo Bhujia),0.4645126018260346
Everest Coriander Powder (100.0 GRAM),"Ritebite Max Protein Peri Peri 10G Multigrain Protein Chips, Healthy Snacks & Munchies",0.46445525001863025
Haldiram's Salted Peanut,Crax Crunchy Pipes Salted Puff Snacks,0.4643767827263875
Namaskaram Methi Khakhra,Aashirvaad 100% Chana Dal Besan (500.0 GRAM),0.46435059747259877
Rajdhani Roasted Chana (200.0 GRAM),Scotch-Brite Scrub Sponge (Pack of 3),0.46397118286406014
YiPPee! Suji Tricolor Creamy Corn Pasta,Pintola High Protein Oats Dark Chocolate With Almonds Raisin Pumpkin And Chia Seeds,0.4638941148598743
Fevikwik Instant Adhesive (3 gm),Haldiram's Moong Dal,0.4638354097301754
Satyam Sabudana (500.0 GRAM),YiPPee! Magic Masala Noodles with Added Veggies - The Better Noodles,0.46381447688056704
Kurkure Red Chilli Chataka Chips (68.0 GRAM),Sunfeast Dark Fantasy Bourbon Chocolate Cream Biscuits | Trans Fat-free,0.4637279217728612
YiPPee! 100% Suji Masala Pasta Treat,Max Protein Choco Chips Flavoured Biscuits | Maida-free,0.46363502965123893
Chheda's Long Masala Banana Chips (170.0 GRAM),Haldiram's Moong Dal,0.4636308755434817
Bingo! Mad Angles Achaari Masti Crisps,MAGGI 2-Minute Instant Noodles | Masala Noodles | Made With Quality Spices,0.4635224412965956
Lay's India's Magic Masala Potato Chips,MAGGI 2-Minute Instant Noodles | Masala Noodles | Made With Quality Spices,0.46345336898939776
YiPPee! Suji Tricolor Creamy Corn Pasta,Sunfeast Dark Fantasy Bourbon Chocolate Cream Biscuits | Trans Fat-free,0.463295339756282
Daily Good Raw Peanut - Singdana,Britannia Treat Jimjam Naughty Jam Cream Biscuits | Trans Fat-free,0.4632799882542945
Catch Sprinkler Chat Masala (100.0 GRAM),Palekar Knot Premium Salty Khari | Preservative-free,0.46322161892279845
Cadbury Oreo Vanilla Flavour Creme Sandwich Biscuit Mega Family Pack,Cadbury Oreo Vanilla Flavour Creme Sandwich Biscuit Family Pack,0.46317131343038087
Origami Luncheon Tissue Paper Napkins - 32 X 32 cm - 50 Serviettes,MAGGI 2-Minute Instant Noodles | Masala Noodles | Made With Quality Spices,0.46314219319052785
Daily Good Sooji / Rava (1.0 KILOGRAM),MAGGI 2-Minute Instant Noodles | Masala Noodles | Made With Quality Spices,0.4631008994626447
Haldirams Namkeen - Khara Boondi,YiPPee! 100% Suji Cheese Pasta Treat,0.46309642418804214
Chheda's Yellow Banana Chips (170.0 GRAM),MAGGI 2-Minute Instant Noodles | Masala Noodles | Made With Quality Spices,0.4628331491738712
Beyond Snack Kerala Banana Chips - Peri Peri (70.0 GRAM),Haldiram's Bhujia Sev (200.0 GRAM),0.4626748712917475
ACT II Ready to Eat Popcorn - Sour Cream & Cheese Popcorn (50.0 GRAM),Sunfeast Dark Fantasy Bourbon Chocolate Cream Biscuits | Trans Fat-free,0.4626171962117286
Kurkure Red Chilli Chataka Chips (68.0 GRAM),Cheetos Masala Balls (28.0 GRAM),0.4622952709186067
Too Yumm! Karare Munchy Masala | Spicy | No Palm Oil Crisps,Let's Try Salted Peanuts,0.4622354497354496
Daily Good Tamarind / Imli (200.0 GRAM),Max Protein Choco Chips Flavoured Biscuits | Maida-free,0.46209943486224114
Haldiram's Masala Tasty Nuts (200.0 GRAM),Haldiram's Moong Dal,0.4619601336496314
Bingo! Original Style Chilli Sprinkled - Flat Cut Spicy Potato Chips Pack for Snacks,Daily Good Tamarind / Imli (200.0 GRAM),0.4619360690003339
"Taali Roasted Bharuchi Peanuts | Masala | Protein Rich, No Palm Oil ,Restaurant-Style Crunch",Scotch-Brite Scrub Sponge (Pack of 3),0.4618910988017836
Cheetos Cheese Puffs (28.0 GRAM),YiPPee! Magic Masala Noodles with Added Veggies - The Better Noodles,0.4618652226956756
Doritos Nacho Chips - Sweet Chilli Flavour,MAGGI 2-Minute Instant Noodles | Masala Noodles | Made With Quality Spices,0.46186107053926007
Amul Taaza Homogenised Toned Milk (Tetra Pack),Chheda's Farali Potato Chivda (170.0 GRAM),0.46183673469387765
Garden Sabudana Chivda Namkeen,Haldiram's Bhujia Sev (200.0 GRAM),0.4618268601640134
Uncle Chipps - Spicy Treat,Palekar Jeeo Butter | Toasted Buns With Jeera And Khari | Trans Fat-free,0.4616196290392205
Rajdhani Roasted Chana (200.0 GRAM),Haldiram's All In One Mixture,0.4615992754111201
Haldiram's Salted Peanut,The Whole Truth Double Cocoa Protein Bar,0.4615123649330345
Korean Nongshim Shin Ramyun Noodle Soup Veg,Modern Kitchens Butter Murukku,0.4614249583834838
Daily Good Tamarind / Imli (200.0 GRAM),Aashirvaad 100% Chana Dal Besan (500.0 GRAM),0.46111879643873466
Cadbury Oreo Vanilla Flavour Creme Sandwich Biscuit Mega Family Pack,Unibic Choco Chip Flavoured Biscuits | Trans Fat-free,0.4609614853009512
Haldiram's Bhujia Sev (200.0 GRAM),RiteBite Max Protein 10g Protein Bar Choco Almond,0.460845218698354
Let's Try Namkeen Combo Pack Of 6 (Crunchy Party Mix Peanut Party Mix Aloo Bhujia),RiteBite Max Protein 10g Protein Bar Choco Almond,0.4607740282000824
Amul Taaza Homogenised Toned Milk (Tetra Pack),Cadbury Oreo Vanilla Flavour Creme Sandwich Biscuit Mega Family Pack,0.4607294524027228
Beyond Snack Kerala Banana Chips - Original Style (70.0 GRAM),Haldiram's Moong Dal,0.4606371838803397
"Ching's Secret Veg Hakka Noodles, Cooks In 5-7 mins, Just Soak & Drain",Om Shanthi Havan Samagri | Cycle,0.4604387514723204
Too Yumm! Karare Munchy Masala | Spicy | No Palm Oil Crisps,Uncle Chipps - Spicy Treat,0.4603708719755068
Scotch-Brite Scrub Sponge (Pack of 3),Let's Try Namkeen Combo Pack Of 6 (Crunchy Party Mix Peanut Party Mix Aloo Bhujia),0.46036516788115933
Doritos Nacho Cheese Flavoured Corn Chips (45.0 GRAM),Cheetos Masala Balls (28.0 GRAM),0.4602309039057067
Let's Try Salted Peanuts,Palekar Jeeo Butter | Toasted Buns With Jeera And Khari | Trans Fat-free,0.46011065965222586
YiPPee! Magic Masala Noodles with Added Veggies - The Better Noodles,Haldiram's Moong Dal,0.45991845361010353
Lay's Classic Salted Potato Chips (67.0 GRAM),Chheda's Yellow Banana Chips (170.0 GRAM),0.4598947253586429
Haldiram's Ratlami Sev (200.0 GRAM),The Theatre Project Gourmet Popcorn - Cheddar Cheese (60.0 GRAM),0.45988630781475537
Maggi Masala-ae-Magic Sabzi Masala,Kurkure Solid Masti Masala Twisteez (61.0 GRAM),0.4598775249063157
Haldiram's Ratlami Sev (200.0 GRAM),Rajdhani Roasted Chana (200.0 GRAM),0.45986662867241146
YiPPee! Magic Masala Noodles with Added Veggies - The Better Noodles,MAGGI 2-Minute Instant Noodles | Masala Noodles | Made With Quality Spices,0.45970234675265853
Kurkure Red Chilli Chataka Chips (68.0 GRAM),Haldiram's Moong Dal,0.459630922891734
The Belgian Crisps Double Choco Waffle Wafers | Artificial Colour-free,Let's Try Salted Peanuts,0.4594728411242173
Hindalco Fresh wrapp Aluminium Foil - 9 m,Haldiram's Salted Peanut,0.45945935577640284
"Ritebite Max Protein Cheese & Jalapeno 10G Multigrain Protein Chips, Healthy Snacks & Munchies",RiteBite Max Protein 10g Protein Bar Choco Almond,0.45916419037928624
"Ritebite Max Protein Cheese & Jalapeno 10G Multigrain Protein Chips, Healthy Snacks & Munchies",Origami Luncheon Tissue Paper Napkins - 32 X 32 cm - 50 Serviettes,0.45906982436602045
Catch Sprinkler Chat Masala (100.0 GRAM),"Ching's Secret Veg Hakka Noodles, Cooks In 5-7 mins, Just Soak & Drain",0.45905855885756686
Parle Krack Jack Sweet and Salty Plain Crackers | Artificial Colour-free,Daily Good Sooji / Rava (1.0 KILOGRAM),0.45893473807433416
Too Yumm! Karare Munchy Masala | Spicy | No Palm Oil Crisps,The Theatre Project Gourmet Popcorn - Cheddar Cheese (60.0 GRAM),0.45889554896032486
Mysore Sandal Soap,Bingo! Mad Angles Masala Madness Crisps,0.4588193500046579
Catch Sprinkler Chat Masala (100.0 GRAM),Lay's American Cream & Onion Potato Chips,0.4587625905291025
Sunfeast Dark Fantasy Bourbon Chocolate Cream Biscuits | Trans Fat-free,Kurkure Solid Masti Masala Twisteez (61.0 GRAM),0.4586753322662205
Britannia Good Day Cashew Dry Fruit Biscuits| Trans Fat-free,MAGGI 2-Minute Instant Noodles | Masala Noodles | Made With Quality Spices,0.4585460384016533
Let's Try Salted Peanuts,MAGGI 2-Minute Instant Noodles | Masala Noodles | Made With Quality Spices,0.4585277245303934
"Aashirvaad Chilli Powder, Red Hot Chilli Powder with No Added Flavours and Colours",Haldiram's Lite Chiwda (200.0 GRAM),0.4585068519193789
Crax Crunchy Pipes Salted Puff Snacks,The Healthy Binge Ragi Baked Chips Chatpata Chaat- High Protein & Fibre (40.0 GRAM),0.4583914101574036
Sunfeast Dark Fantasy Vanilla Cream Dark Crunchy Biscuits | Artificial Colour-free,Kurkure Solid Masti Masala Twisteez (61.0 GRAM),0.4583052736397148
Aashirvaad Jeera (100.0 GRAM),YiPPee! Magic Masala Noodles with Added Veggies - The Better Noodles,0.45812998636037194
Hindalco Fresh wrapp Aluminium Foil - 9 m,Palekar Jeeo Butter | Toasted Buns With Jeera And Khari | Trans Fat-free,0.4580565272713364
Doritos Nacho Chips - Sweet Chilli Flavour,Chheda's Mix Farsan (170.0 GRAM),0.45805333709546325
Parle Hide & Seek Black Bourbon Chocolate Cream Biscuits | Trans Fat-free,Daily Good Till - Sesame White (100.0 GRAM),0.4579966318564972
The Theatre Project Gourmet Popcorn - Cheddar Cheese (60.0 GRAM),RiteBite Max Protein 10g Protein Bar Choco Almond,0.45794691836597584
Fevikwik Instant Adhesive (3 gm),Lay's Spanish Tomato Tango Potato Chips,0.4578826815212169
The Theatre Project Gourmet Popcorn - Cheddar Cheese (60.0 GRAM),Chheda's Yellow Banana Chips (170.0 GRAM),0.4578438782920576
Maggi Pazzta Instant Pasta - Masala Penne (69.0 GRAM),MAGGI 2-Minute Instant Noodles | Masala Noodles | Made With Quality Spices,0.4578240198583918
Lal Milk Cake Signature,Lay's Spanish Tomato Tango Potato Chips,0.4578232779558923
Bingo! Original Style Chilli Sprinkled - Flat Cut Spicy Potato Chips Pack for Snacks,Lay's American Cream & Onion Potato Chips (48.0 GRAM),0.4576765383116458
Satyam Singdana,Cheetos Cheese Puffs (28.0 GRAM),0.4575217404802081
Bingo! Original Style Chilli Sprinkled - Flat Cut Spicy Potato Chips Pack for Snacks,Max Protein Choco Chips Flavoured Biscuits | Maida-free,0.45748495754309
Palekar Knot Premium Salty Khari | Preservative-free,Haldiram's Salted Peanut,0.45747392332385894
YiPPee! 100% Suji Masala Pasta Treat,Sunfeast Dark Fantasy Bourbon Chocolate Cream Biscuits | Trans Fat-free,0.4571493195099368
The Theatre Project Gourmet Popcorn - Cheddar Cheese (60.0 GRAM),Sunfeast Dark Fantasy Bourbon Chocolate Cream Biscuits | Trans Fat-free,0.45696522291367364
Kurkure Green Chutney Style (68.0 GRAM),Kurkure Solid Masti Masala Twisteez (61.0 GRAM),0.4569507628681607
ACT II Ready to Eat Popcorn - Sour Cream & Cheese Popcorn (50.0 GRAM),Lay's Spanish Tomato Tango Potato Chips,0.45649171324669635
Fortune Besan (500.0 GRAM),Haldiram's Moong Dal,0.4564438923663639
"Paper Boat Mango | Juicy Sips, Chewy Bites | Refreshing Summer Juice Drink",Rajdhani Roasted Chana (200.0 GRAM),0.4564215822892835
Everest Coriander Powder (100.0 GRAM),Kotton Multipurpose Napkin | 100% Virgin Pulp-Paper | 25 cm X 25 cm | 100Pcs,0.4563915985699355
Britannia Pure Magic Choco Stars Chocolate Cream Biscuits | Trans Fat-free,MAGGI 2-Minute Instant Noodles | Masala Noodles | Made With Quality Spices,0.4563892922240557
Malkist Double Chocolatey Crunchy Layered Crackers,Kurkure Yummy PuffCorn Yummy Cheese Chips,0.4561165626414819
Haldiram's Moong Dal,Kurkure Solid Masti Masala Twisteez (61.0 GRAM),0.45585272160614626
Sunfeast Dark Fantasy Vanilla Cream Dark Crunchy Biscuits | Artificial Colour-free,RiteBite Max Protein 10g Protein Bar Choco Almond,0.4558383453399641
Beyond Snack Kerala Banana Chips - Peri Peri (70.0 GRAM),Cheetos Cheese Puffs (28.0 GRAM),0.45570804396090614
Britannia 50-50 Maska Chaska Biscuits Butter Flavoured Crackers | Trans Fat-free,Aashirvaad 100% Chana Dal Besan (500.0 GRAM),0.45565474735197486
Amul Taaza Homogenised Toned Milk (Tetra Pack),Kurkure Solid Masti Masala Twisteez (61.0 GRAM),0.45562155896841494
Malkist Double Chocolatey Crunchy Layered Crackers,Lay's American Cream & Onion Potato Chips (48.0 GRAM),0.45556255891990605
Bauli Moonfils Croissants Choco Cream (Egg) (50.0 GRAM),Let's Try Salted Peanuts,0.45543776992540247
Lal Milk Cake Signature,Scotch-Brite Scrub Sponge (Pack of 3),0.4554181977649745
Mysore Sandal Soap,YiPPee! Magic Masala Noodles with Added Veggies - The Better Noodles,0.455378055956368
Let's Try Salted Peanuts,Chheda's Golden Plain Salted Chips (170.0 GRAM),0.45527097845509723
Sunfeast Dark Fantasy Choco Centre Fills | Preservative-free,Catch Jeera Whole (100.0 GRAM),0.4552252756641493
"Taali Roasted Bharuchi Peanuts | Masala | Protein Rich, No Palm Oil ,Restaurant-Style Crunch",Haldiram's Mini Bhakarwadi,0.45514811152840084
Britannia Treat Jimjam Naughty Jam Cream Biscuits | Trans Fat-free,Daily Good Tamarind / Imli (200.0 GRAM),0.4550926985165892
Parle Hide & Seek Black Bourbon Chocolate Cream Biscuits | Trans Fat-free,MAGGI 2-Minute Instant Noodles | Masala Noodles | Made With Quality Spices,0.4549804878744462
Catch Jeera Whole (100.0 GRAM),Britannia 50-50 Maska Chaska Biscuits Butter Flavoured Crackers | Trans Fat-free,0.4549264698622555
"Uncle Chipps Potato Chips, Plain Salted Flavour, Crispy Chips & Snacks (48.0 GRAM)",Cheetos Cheese Puffs (28.0 GRAM),0.45485757230961316
Parle G Original Milk Glucose Biscuits,Amul Taaza Homogenised Toned Milk (Tetra Pack),0.45483170165756076
Lay's Spanish Tomato Tango Potato Chips,Uncle Chipps - Spicy Treat,0.4548249985952002
"Taali Roasted Bharuchi Peanuts | Masala | Protein Rich, No Palm Oil ,Restaurant-Style Crunch",Haldiram's Lite Chiwda (200.0 GRAM),0.4548151703419282
Daily Good Raw Peanut - Singdana,Kurkure Green Chutney Style (68.0 GRAM),0.4548046823018547
Haldiram's Bhujia Sev (200.0 GRAM),Chheda's Golden Plain Salted Chips (170.0 GRAM),0.4546160045967794
Hindalco Fresh wrapp Aluminium Foil - 9 m,Rajdhani Roasted Chana (200.0 GRAM),0.45452258586563177
Fortune Besan (500.0 GRAM),Britannia Pure Magic Choco Stars Chocolate Cream Biscuits | Trans Fat-free,0.4545174330979348
Haldiram's Lite Chiwda (200.0 GRAM),The Whole Truth Double Cocoa Protein Bar,0.4544626906037994
Lay's American Cream & Onion Potato Chips (48.0 GRAM),Parle Hide & Seek Chocolate Chip Biscuits | Trans Fat-free,0.4544548096700015
Crax Crunchy Pipes Salted Puff Snacks,Rajdhani Roasted Chana (200.0 GRAM),0.4542844912685309
YiPPee! 100% Suji Masala Pasta Treat,Chheda's Golden Plain Salted Chips (170.0 GRAM),0.4542025823099473
Sunfeast Dark Fantasy Choco Centre Fills | Preservative-free,Kurkure Solid Masti Masala Twisteez (61.0 GRAM),0.4540686565861095
Unibic Choco Chip Flavoured Biscuits | Trans Fat-free,Britannia Treat Jimjam Naughty Jam Cream Biscuits | Trans Fat-free,0.45403582049825203
Sunfeast Dark Fantasy Vanilla Cream Dark Crunchy Biscuits | Artificial Colour-free,Cheetos Cheese Puffs (28.0 GRAM),0.4539922757231015
Bauli Moonfils Croissants Choco Cream (Egg) (50.0 GRAM),Max Protein Choco Chips Flavoured Biscuits | Maida-free,0.45385909383489625
Let's Try Namkeen Combo Pack Of 6 (Crunchy Party Mix Peanut Party Mix Aloo Bhujia),Chheda's Golden Plain Salted Chips (170.0 GRAM),0.4538365582509429
Lay's Potato Chips - Sizzling Hot Spicy Flavour,Haldiram's Soan Papdi,0.4538349175412681
"Taali Roasted Bharuchi Peanuts | Masala | Protein Rich, No Palm Oil ,Restaurant-Style Crunch",The Theatre Project Gourmet Popcorn - Cheddar Cheese (60.0 GRAM),0.4538031555949835
Britannia Good Day Cashew Dry Fruit Biscuits| Trans Fat-free,Kurkure Solid Masti Masala Twisteez (61.0 GRAM),0.45367174770807056
Amul Taaza Homogenised Toned Milk (Tetra Pack),Britannia 50-50 Maska Chaska Biscuits Butter Flavoured Crackers | Trans Fat-free,0.4536682003117989
Bingo! Mad Angles Achaari Masti Crisps,Kurkure Solid Masti Masala Twisteez (61.0 GRAM),0.4536265001442512
"Maggi Nutri-licious Masala Veg Atta Noodles, Instant Noodles",Let's Try Namkeen Combo Pack Of 6 (Crunchy Party Mix Peanut Party Mix Aloo Bhujia),0.4535360911470678
Britannia Little Hearts Classic Crunch Flavoured Biscuits | Cholesterol-free,MAGGI 2-Minute Instant Noodles | Masala Noodles | Made With Quality Spices,0.45352578253424203
Daily Good Saunf - Fennel,Rajdhani Roasted Chana (200.0 GRAM),0.4534122092192442
Britannia The Original Bourbon Chocolate Cream Biscuits | Trans Fat-free,Daily Good Raw Peanut - Singdana,0.45334145382107016
Maggi Pazzta Instant Pasta - Masala Penne (69.0 GRAM),Bingo! Original Style Chilli Sprinkled - Flat Cut Spicy Potato Chips Pack for Snacks,0.4531969759482454
Daily Good Saunf / Fennel,Haldiram's Masala Tasty Nuts (200.0 GRAM),0.4531749140444792
Lay's American Cream & Onion Potato Chips (48.0 GRAM),Lay's India's Magic Masala Potato Chips,0.45307514734341214
Haldiram's Moong Dal,Sunfeast Dark Fantasy Bourbon Chocolate Cream Biscuits | Trans Fat-free,0.45303906375863334
Fevikwik Instant Adhesive (3 gm),Sunfeast Dark Fantasy Bourbon Chocolate Cream Biscuits | Trans Fat-free,0.45297183475898795
Kurkure Solid Masti Masala Twisteez (61.0 GRAM),Sunfeast Dark Fantasy Bourbon Chocolate Cream Biscuits | Trans Fat-free,0.4528862827741716
Bauli Moonfils Croissants Choco Cream,MAGGI 2-Minute Instant Noodles | Masala Noodles | Made With Quality Spices,0.4528222841811692
Balaji Masala Masti Chips (135.0 GRAM),Britannia 50-50 Maska Chaska Biscuits Butter Flavoured Crackers | Trans Fat-free,0.4527854589129099
Aashirvaad 100% Chana Dal Besan (500.0 GRAM),Kurkure Solid Masti Masala Twisteez (61.0 GRAM),0.45270106980314223
Haldiram's Salted Peanut,Scotch-Brite Scrub Sponge (Pack of 3),0.4526885741804597
Maggi Pazzta Instant Pasta - Masala Penne (69.0 GRAM),Malkist Double Chocolatey Crunchy Layered Crackers,0.4525027568940947
Society Natural Tea (250.0 GRAM),Let's Try Salted Peanuts,0.4522417153996101
Sunfeast Dark Fantasy Choco Centre Fills | Preservative-free,Maggi Pazzta Instant Pasta - Masala Penne (69.0 GRAM),0.45218153412338535
Beyond Snack Kerala Banana Chips - Peri Peri (70.0 GRAM),Let's Try Namkeen Combo Pack Of 6 (Crunchy Party Mix Peanut Party Mix Aloo Bhujia),0.4521662270350318
Nestle Milkmaid Partly Skimmed Sweetened Condensed Milk,Cheetos Cheese Puffs (28.0 GRAM),0.452142422410567
Britannia Treat Jimjam Naughty Jam Cream Biscuits | Trans Fat-free,Aashirvaad 100% Chana Dal Besan (500.0 GRAM),0.4521364405521793
Kurkure Masala Munch,Haldiram's Moong Dal,0.4521072024277325
Fortune Besan (500.0 GRAM),MAGGI 2-Minute Instant Noodles | Masala Noodles | Made With Quality Spices,0.45206958756517646
ACT II Ready to Eat Popcorn - Sour Cream & Cheese Popcorn (50.0 GRAM),Let's Try Salted Peanuts,0.4520482843836138
Tulips Paper Stick Cotton Buds Jar (100.0 PIECE),Sunfeast Dark Fantasy Bourbon Chocolate Cream Biscuits | Trans Fat-free,0.45200871070631876
Malkist Double Chocolatey Crunchy Layered Crackers,Kurkure Green Chutney Style (68.0 GRAM),0.4519811161963272
Beyond Snack Kerala Banana Chips - Peri Peri (70.0 GRAM),Sunfeast Dark Fantasy Bourbon Chocolate Cream Biscuits | Trans Fat-free,0.4518862980561614
Origami Luncheon Tissue Paper Napkins - 32 X 32 cm - 50 Serviettes,Kurkure Solid Masti Masala Twisteez (61.0 GRAM),0.45184236273597245
Britannia Marie Gold Biscuits Plain | Trans Fat-free,YiPPee! Magic Masala Noodles with Added Veggies - The Better Noodles,0.4515931108762936
Haldiram's Salted Peanut,Let's Try Namkeen Combo Pack Of 6 (Crunchy Party Mix Peanut Party Mix Aloo Bhujia),0.45140019057673464
Garden Sabudana Chivda Namkeen,RiteBite Max Protein 10g Protein Bar Choco Almond,0.451238141854882
Cheetos Masala Balls (28.0 GRAM),Kurkure Solid Masti Masala Twisteez (61.0 GRAM),0.45114225223027243
Moov Fast Pain Relief Spray (50.0 GRAM),Haldiram's Salted Peanut,0.4510866777569834
Sunfeast Dark Fantasy Choco Centre Fills | Preservative-free,MAGGI 2-Minute Instant Noodles | Masala Noodles | Made With Quality Spices,0.45105706438726256
Catch Sprinkler Chat Masala (100.0 GRAM),Crax Crunchy Pipes Salted Puff Snacks,0.4509155484109823
Doritos Nacho Chips - Sweet Chilli Flavour,Kurkure Green Chutney Style (68.0 GRAM),0.45082781710832587
Parle Hide & Seek Black Bourbon Chocolate Cream Biscuits | Trans Fat-free,Haldiram's All In One Mixture,0.4506839757453879
Kurkure Masala Munch,RiteBite Max Protein 10g Protein Bar Choco Almond,0.4505575413392638
Lal Milk Cake Signature,Let's Try Salted Peanuts,0.4505234718000675
Fortune Besan (500.0 GRAM),RiteBite Max Protein 10g Protein Bar Choco Almond,0.450499617891126
Let's Try Cheese Balls (60.0 GRAM),Aashirvaad 100% Chana Dal Besan (500.0 GRAM),0.45049865415825513
Doritos Nacho Cheese Flavoured Corn Chips (45.0 GRAM),Ezee Medium Garbage Bags 19x 21 Inch (30.0 PIECE),0.4503533980642065
Haldiram's Ratlami Sev (200.0 GRAM),Let's Try Salted Peanuts,0.45019788076088346
The Belgian Crisps Double Choco Waffle Wafers | Artificial Colour-free,Parle Hide & Seek Milano Chocolate Flavoured Biscuits,0.45018202999854373
Haldiram's Lite Chiwda (200.0 GRAM),Let's Try Salted Peanuts,0.45017655730398715
"Taali Roasted Bharuchi Peanuts | Masala | Protein Rich, No Palm Oil ,Restaurant-Style Crunch",Modern Kitchens Butter Murukku,0.4499711473597803
Cadbury Oreo Vanilla Flavour Creme Sandwich Biscuit Family Pack,Kurkure Solid Masti Masala Twisteez (61.0 GRAM),0.4499233461895851
Satyam Puffed Rice Kurmura - R (200.0 GRAM),RiteBite Max Protein 10g Protein Bar Choco Almond,0.44982823246952974
Cadbury Oreo Vanilla Flavour Creme Sandwich Biscuit Mega Family Pack,Britannia 50-50 Maska Chaska Biscuits Butter Flavoured Crackers | Trans Fat-free,0.44979593537959894
Namaskaram Mini Bhakarwadi,RiteBite Max Protein 10g Protein Bar Choco Almond,0.44969232448944946
Balaji Masala Masti Chips (135.0 GRAM),MAGGI 2-Minute Instant Noodles | Masala Noodles | Made With Quality Spices,0.4496776849854667
Amul Taaza Homogenised Toned Milk (Tetra Pack),Maggi Pazzta Instant Pasta - Masala Penne (69.0 GRAM),0.4496201572416406
Parle Krack Jack Sweet and Salty Plain Crackers | Artificial Colour-free,Kurkure Solid Masti Masala Twisteez (61.0 GRAM),0.44954660484883613
Daily Good Mustard / Rai / Sarso Small (100.0 GRAM),Haldiram's Mini Bhakarwadi,0.4495348718586316
Parle Hide & Seek Black Bourbon Chocolate Cream Biscuits | Trans Fat-free,Haldiram's Masala Tasty Nuts (200.0 GRAM),0.4495104268689174
Britannia Little Hearts Classic Crunch Flavoured Biscuits | Cholesterol-free,Parle Hide & Seek Chocolate Chip Biscuits | Trans Fat-free,0.4494861428853085
"Aashirvaad Chilli Powder, Red Hot Chilli Powder with No Added Flavours and Colours",Sunfeast Dark Fantasy Bourbon Chocolate Cream Biscuits | Trans Fat-free,0.44941207873328237
Haldiram's Ratlami Sev (200.0 GRAM),Sunfeast Dark Fantasy Bourbon Chocolate Cream Biscuits | Trans Fat-free,0.449384058777005
YiPPee! 100% Suji Masala Pasta Treat,Haldiram's Bhujia Sev (200.0 GRAM),0.4493400750625817
"Ching's Secret Veg Hakka Noodles, Cooks In 5-7 mins, Just Soak & Drain",Haldiram Aloo Bhujia ,0.4493254977320894
Daily Good Raw Peanut - Singdana,Britannia 50-50 Maska Chaska Biscuits Butter Flavoured Crackers | Trans Fat-free,0.4492376312266283
Garden Sabudana Chivda Namkeen,The Theatre Project Gourmet Popcorn - Cheddar Cheese (60.0 GRAM),0.44896569380440343
"Aashirvaad Chilli Powder, Red Hot Chilli Powder with No Added Flavours and Colours",The Theatre Project Gourmet Popcorn - Cheddar Cheese (60.0 GRAM),0.44892758450181414
Parle G Original Milk Glucose Biscuits,Daily Good Tamarind / Imli (200.0 GRAM),0.448735770803834
"Ching's Secret Veg Hakka Noodles, Cooks In 5-7 mins, Just Soak & Drain",Parle Melody Chocolaty Toffee (176.0 GRAM),0.4486622917718325
Tulips Paper Stick Cotton Buds Jar (100.0 PIECE),RiteBite Max Protein 10g Protein Bar Choco Almond,0.4484354204769013
Rajdhani Roasted Chana (200.0 GRAM),Daily Good Saunf / Fennel,0.44842337840168783
Daily Good Pistachios California Salted,Lay's Potato Chips - Chile Lemon Flavour,0.44835141473107853
Daily Good Mustard / Rai / Sarso Small (100.0 GRAM),Haldiram's Panchratan Mixture,0.448283006573162
Chheda's Long Masala Banana Chips (170.0 GRAM),MAGGI 2-Minute Instant Noodles | Masala Noodles | Made With Quality Spices,0.4482546543367784
RiteBite Max Protein 10g Protein Bar Choco Almond,Sunfeast Dark Fantasy Bourbon Chocolate Cream Biscuits | Trans Fat-free,0.4482149970769904
YiPPee! 100% Suji Masala Pasta Treat,MAGGI 2-Minute Instant Noodles | Masala Noodles | Made With Quality Spices,0.4481610654745544
Doritos Nacho Chips - Sweet Chilli Flavour,Max Protein Choco Chips Flavoured Biscuits | Maida-free,0.4480340350350449
"Uncle Chipps Potato Chips, Plain Salted Flavour, Crispy Chips & Snacks (48.0 GRAM)",Sunfeast Dark Fantasy Bourbon Chocolate Cream Biscuits | Trans Fat-free,0.44788486650390597
Ezee Biodegradable Medium Garbage Bags 19 x 21 Inch (30.0 PIECE),MAGGI 2-Minute Instant Noodles | Masala Noodles | Made With Quality Spices,0.4478526943808179
Nestle EveryDay Dairy Whitener,Om Shanthi Havan Samagri | Cycle,0.4477340170762183
Cheetos Cheese Puffs (28.0 GRAM),Kurkure Solid Masti Masala Twisteez (61.0 GRAM),0.447626573617953
"Aashirvaad Chilli Powder, Red Hot Chilli Powder with No Added Flavours and Colours",Society Natural Tea (250.0 GRAM),0.44760711636929956
Let's Try Namkeen Combo Pack Of 6 (Crunchy Party Mix Peanut Party Mix Aloo Bhujia),Let's Try Salted Peanuts,0.4475702075702076
Haldiram's Bhujia Sev (200.0 GRAM),Palekar Jeeo Butter | Toasted Buns With Jeera And Khari | Trans Fat-free,0.4475569853704272
Maggi Masala-ae-Magic Sabzi Masala,Sunfeast Dark Fantasy Bourbon Chocolate Cream Biscuits | Trans Fat-free,0.4475063452386763
Crax Crunchy Pipes Salted Puff Snacks,The Healthy Binge Quinoa Baked Chips Smokey Bbq -High Protein And Fibre (40.0 GRAM),0.4474750457255809
Beyond Snack Kerala Banana Chips - Original Style (70.0 GRAM),Kurkure Solid Masti Masala Twisteez (61.0 GRAM),0.4474707711910381
Everest Chhole Masala,Haldiram's Lite Chiwda (200.0 GRAM),0.4474020755233157
Satyam Sabudana (500.0 GRAM),Om Shanthi Havan Samagri | Cycle,0.4472776113503506
RiteBite Max Protein 10g Protein Bar Choco Berry (50.0 GRAM),MAGGI 2-Minute Instant Noodles | Masala Noodles | Made With Quality Spices,0.4472337845235891
Nestle EveryDay Dairy Whitener,Let's Try Salted Peanuts,0.44716553287981864
RiteBite Max Protein 10g Protein Bar Choco Berry (50.0 GRAM),Kurkure Green Chutney Style (68.0 GRAM),0.44709604838811484
Chheda's Yellow Banana Chips (170.0 GRAM),Sunfeast Dark Fantasy Bourbon Chocolate Cream Biscuits | Trans Fat-free,0.4470215889527862
Cadbury Oreo Vanilla Flavour Creme Sandwich Biscuit Family Pack,Kurkure Green Chutney Style (68.0 GRAM),0.44694860100762623
Sunfeast Dark Fantasy Bourbon Chocolate Cream Biscuits | Trans Fat-free,Cheetos Cheese Puffs (28.0 GRAM),0.4468087419302665
Lay's India's Magic Masala Potato Chips,Kurkure Green Chutney Style (68.0 GRAM),0.4467300722633755
Beyond Snack Kerala Banana Chips - Peri Peri (70.0 GRAM),Lay's Spanish Tomato Tango Potato Chips,0.446664669781807
Catch Sprinkler Chat Masala (100.0 GRAM),Scotch-Brite Scrub Sponge (Pack of 3),0.4466522781461848
The Belgian Crisps Double Choco Waffle Wafers | Artificial Colour-free,Haldiram's Lite Chiwda (200.0 GRAM),0.4466189598672212
Lay's Spanish Tomato Tango Potato Chips,Sunfeast Dark Fantasy Bourbon Chocolate Cream Biscuits | Trans Fat-free,0.44647708427197863
Crax Crunchy Pipes Salted Puff Snacks,Lay's Spanish Tomato Tango Potato Chips,0.4464388089540905
Crax Curls Chatpata Masala Puff Snacks,The Theatre Project Gourmet Popcorn - Cheddar Cheese (60.0 GRAM),0.44633938381006116
Parle G Original Milk Glucose Biscuits,MAGGI Pazzta Instant Pasta - Cheese Macaroni,0.44632552712140217
RiteBite Max Protein 10g Protein Bar Choco Berry (50.0 GRAM),RiteBite Max Protein 10g Protein Bar Choco Almond,0.4462794809553777
Daily Good Mustard / Rai / Sarso Small (100.0 GRAM),Daily Good Saunf / Fennel,0.44623925378401075
Doritos Nacho Chips - Sweet Chilli Flavour,Lay's West Indies Hot 'n' Sweet Chilli Potato Chips,0.4459017656704528
MAGGI Pazzta Instant Pasta - Cheese Macaroni,Catch Jeera Whole (100.0 GRAM),0.44573384078650047
Crax Crunchy Pipes Salted Puff Snacks,Modern Kitchens Potato Chips Salted (70.0 GRAM),0.4457191448161567
Cadbury Oreo Vanilla Flavour Creme Sandwich Biscuit Mega Family Pack,MAGGI 2-Minute Instant Noodles | Masala Noodles | Made With Quality Spices,0.4456002966501062
Satyam Singdana,Britannia Marie Gold Biscuits Plain | Trans Fat-free,0.4455542513211411
Rajdhani Roasted Chana (200.0 GRAM),Let's Try Namkeen Combo Pack Of 6 (Crunchy Party Mix Peanut Party Mix Aloo Bhujia),0.44554290395158386
Garden Sabudana Chivda Namkeen,Chheda's Yellow Banana Chips (170.0 GRAM),0.44552227342549916
Cadbury Oreo Vanilla Flavour Creme Sandwich Biscuit Mega Family Pack,Daily Good Cashew | W320 (100.0 GRAM),0.445467718672752
Satyam Singdana,MAGGI 2-Minute Instant Noodles | Masala Noodles | Made With Quality Spices,0.4454354426742829
Kurkure Solid Masti Masala Twisteez (61.0 GRAM),RiteBite Max Protein 10g Protein Bar Choco Almond,0.44525355111410103
Bauli Moonfils Croissants Choco Cream (Egg) (50.0 GRAM),Kurkure Solid Masti Masala Twisteez (61.0 GRAM),0.4452104185161332
Max Protein Choco Chips Flavoured Biscuits | Maida-free,MAGGI 2-Minute Instant Noodles | Masala Noodles | Made With Quality Spices,0.44505205119428615
Sunfeast Dark Fantasy Choco Centre Fills | Preservative-free,Kurkure Green Chutney Style (68.0 GRAM),0.44484940197819656
Daily Good Saunf - Fennel,Daily Good Saunf / Fennel,0.44484090036201485
Daily Good Saunf / Fennel,Haldiram's All In One Mixture,0.44473633043887595
Nestle EveryDay Dairy Whitener,"Paper Boat Mango | Juicy Sips, Chewy Bites | Refreshing Summer Juice Drink",0.4446832189096838
Nestle Milkmaid Partly Skimmed Sweetened Condensed Milk,Haldiram's Moong Dal,0.444635376848984
MAGGI 2-Minute Instant Noodles | Masala Noodles | Made With Quality Spices,Kurkure Solid Masti Masala Twisteez (61.0 GRAM),0.4446029139625199
Nestle EveryDay Dairy Whitener,Palekar Knot Premium Salty Khari | Preservative-free,0.4444999768614929
Britannia 50-50 Maska Chaska Biscuits Butter Flavoured Crackers | Trans Fat-free,RiteBite Max Protein 10g Protein Bar Choco Almond,0.44448449058451645
Moov Fast Pain Relief Spray (50.0 GRAM),Haldiram's Ratlami Sev (200.0 GRAM),0.44447355915854575
Namaskaram Methi Khakhra,Kurkure Green Chutney Style (68.0 GRAM),0.4444094539688298
Bauli Moonfils Croissants Choco Cream,Kurkure Solid Masti Masala Twisteez (61.0 GRAM),0.4441513658755038
Catch Sprinkler Chat Masala (100.0 GRAM),Haldiram's Salted Peanut,0.44412203672649975
BAY6 Dishwashbar,MAGGI 2-Minute Instant Noodles | Masala Noodles | Made With Quality Spices,0.4441031682294485
Daily Good Mustard / Rai / Sarso Small (100.0 GRAM),Haldiram's All In One Mixture,0.444039276102988
Britannia Pure Magic Choco Stars Chocolate Cream Biscuits | Trans Fat-free,Lay's Potato Chips - Chile Lemon Flavour,0.4440086457775789
Catch Sprinkler Chat Masala (100.0 GRAM),Haldiram's Masala Tasty Nuts (200.0 GRAM),0.4439688705743751
Cheetos Cheese Puffs (28.0 GRAM),RiteBite Max Protein 10g Protein Bar Choco Almond,0.44393621132299016
Rajam Banana Chips (150.0 GRAM),Kurkure Green Chutney Style (68.0 GRAM),0.44391409311249513
Britannia Pure Magic Choco Stars Chocolate Cream Biscuits | Trans Fat-free,Chheda's Small Bhakarwadi,0.4438220736728199
Cadbury Oreo Vanilla Flavour Creme Sandwich Biscuit Family Pack,Britannia Treat Jimjam Naughty Jam Cream Biscuits | Trans Fat-free,0.44372725834519855
Chheda's Small Bhakarwadi,Kurkure Solid Masti Masala Twisteez (61.0 GRAM),0.4436531216204537
"Maggi Nutri-licious Masala Veg Atta Noodles, Instant Noodles",The Theatre Project Gourmet Popcorn - Cheddar Cheese (60.0 GRAM),0.44345448579096847
Haldiram's Moong Dal,RiteBite Max Protein 10g Protein Bar Choco Almond,0.44326050932706473
Chheda's Salt & Pepper Banana Chips,Sunfeast Dark Fantasy Bourbon Chocolate Cream Biscuits | Trans Fat-free,0.4432419493250641
Lal Milk Cake Signature,Haldiram's Lite Chiwda (200.0 GRAM),0.4432374285437104
Satyam Puffed Rice Kurmura - R (200.0 GRAM),Max Protein Choco Chips Flavoured Biscuits | Maida-free,0.44315856315793783
Balaji Masala Masti Chips (135.0 GRAM),Catch Jeera Whole (100.0 GRAM),0.4428271046364038
Let's Try Cheese Balls (60.0 GRAM),Sunfeast Dark Fantasy Bourbon Chocolate Cream Biscuits | Trans Fat-free,0.44261864033382575
Let's Try Namkeen Combo Pack Of 6 (Crunchy Party Mix Peanut Party Mix Aloo Bhujia),Kurkure Solid Masti Masala Twisteez (61.0 GRAM),0.44260380014074596
Sunfeast Dark Fantasy Choco Centre Fills | Preservative-free,Cheetos Masala Balls (28.0 GRAM),0.4424858452860132
Haldiram's Moong Dal,YiPPee! Magic Masala Noodles with Added Veggies - The Better Noodles,0.4424592441170401
Modern Kitchens Butter Murukku,Rajdhani Roasted Chana (200.0 GRAM),0.44237784129576685
Britannia Pure Magic Choco Stars Chocolate Cream Biscuits | Trans Fat-free,Kurkure Yummy PuffCorn Yummy Cheese Chips,0.4421607573666306
YiPPee! Magic Masala Noodles with Added Veggies - The Better Noodles,Let's Try Salted Peanuts,0.44213931857243965
Britannia Pure Magic Choco Stars Chocolate Cream Biscuits | Trans Fat-free,Parle Hide & Seek Chocolate Chip Biscuits | Trans Fat-free,0.4420692488194564
"Taali Roasted Bharuchi Peanuts | Masala | Protein Rich, No Palm Oil ,Restaurant-Style Crunch",Daily Good Saunf / Fennel,0.441989356128925
Chheda's Yellow Banana Chips (170.0 GRAM),Kurkure Solid Masti Masala Twisteez (61.0 GRAM),0.4419062370199568
Cadbury Oreo Vanilla Flavour Creme Sandwich Biscuit Family Pack,Daily Good Cashew | W320 (100.0 GRAM),0.4418820275741649
Parle Marie Butter Marie Biscuits | Trans Fat-free,Cadbury Oreo Vanilla Flavour Creme Sandwich Biscuit Family Pack,0.4417937031798418
Scotch-Brite Scrub Sponge (Pack of 3),Palekar Jeeo Butter | Toasted Buns With Jeera And Khari | Trans Fat-free,0.4417800065835661
Lay's American Cream & Onion Potato Chips (48.0 GRAM),MAGGI 2-Minute Instant Noodles | Masala Noodles | Made With Quality Spices,0.4417076513896421
Britannia Marie Gold Biscuits Plain | Trans Fat-free,Haldiram's Moong Dal,0.4416600421939942
Lay's Spanish Tomato Tango Potato Chips,Let's Try Namkeen Combo Pack Of 6 (Crunchy Party Mix Peanut Party Mix Aloo Bhujia),0.4415596797201494
Satyam Singdana,Lay's India's Magic Masala Potato Chips (67.0 GRAM),0.44150679595982173
Chheda's Salt & Pepper Banana Chips,Kurkure Solid Masti Masala Twisteez (61.0 GRAM),0.4414846175433352
Everest Tandoori Chicken Masala,Let's Try Namkeen Combo Pack Of 6 (Crunchy Party Mix Peanut Party Mix Aloo Bhujia),0.4414516925155223
Scotch-Brite Scrub Sponge (Pack of 3),Sunfeast Dark Fantasy Bourbon Chocolate Cream Biscuits | Trans Fat-free,0.4414175042677909
"Uncle Chipps Potato Chips, Plain Salted Flavour, Crispy Chips & Snacks (48.0 GRAM)",Britannia 50-50 Maska Chaska Biscuits Butter Flavoured Crackers | Trans Fat-free,0.441222950588374
Modern Kitchens Butter Murukku,Haldiram's Panchratan Mixture,0.44114904044705144
The Belgian Crisps Double Choco Waffle Wafers | Artificial Colour-free,Korean Nongshim Shin Ramyun Noodle Soup Veg,0.4409591136983012
Chheda's Long Masala Banana Chips (170.0 GRAM),Sunfeast Dark Fantasy Bourbon Chocolate Cream Biscuits | Trans Fat-free,0.44094508637563445
Parle Krack Jack Sweet and Salty Plain Crackers | Artificial Colour-free,Cheetos Masala Balls (28.0 GRAM),0.4409037159660748
Crax Curls Chatpata Masala Puff Snacks,Palekar Jeeo Butter | Toasted Buns With Jeera And Khari | Trans Fat-free,0.44080003510503923
Ezee Small Garbage Bags 17 x 19 Inch (30.0 PIECE),Aashirvaad 100% Chana Dal Besan (500.0 GRAM),0.44071552926297786
Daily Good Saunf - Fennel,Haldiram's Lite Chiwda (200.0 GRAM),0.44059283947211814
Fortune Besan (500.0 GRAM),Lay's Potato Chips - Chile Lemon Flavour,0.4403948866123807
Britannia Pure Magic Choco Stars Chocolate Cream Biscuits | Trans Fat-free,Fortune Besan (500.0 GRAM),0.4402748163942194
Lay's West Indies Hot 'n' Sweet Chilli Potato Chips,RiteBite Max Protein 10g Protein Bar Choco Almond,0.4401709856443944
Balaji Cream & Onion Wafers (135.0 GRAM),MAGGI 2-Minute Instant Noodles | Masala Noodles | Made With Quality Spices,0.440016640972107
Britannia Treat Jimjam Naughty Jam Cream Biscuits | Trans Fat-free,Max Protein Choco Chips Flavoured Biscuits | Maida-free,0.43999314484966684
Lal Milk Cake Signature,Rajdhani Roasted Chana (200.0 GRAM),0.4399874172968705
Hindalco Fresh wrapp Aluminium Foil - 9 m,Haldiram's Panchratan Mixture,0.43982483663781935
Everest Chhole Masala,Everest Coriander Powder (100.0 GRAM),0.439814777304143
Chheda's Yellow Banana Chips (170.0 GRAM),Chheda's Golden Plain Salted Chips (170.0 GRAM),0.4397503769168552
Moov Fast Pain Relief Spray (50.0 GRAM),Sunfeast Dark Fantasy Bourbon Chocolate Cream Biscuits | Trans Fat-free,0.43974449331867105
"Maggi Nutri-licious Masala Veg Atta Noodles, Instant Noodles",Haldiram's Bhujia Sev (200.0 GRAM),0.43942627092808934
Aashirvaad Jeera (100.0 GRAM),Sunfeast Dark Fantasy Bourbon Chocolate Cream Biscuits | Trans Fat-free,0.4393657297585344
Britannia Treat Jimjam Naughty Jam Cream Biscuits | Trans Fat-free,Catch Jeera Whole (100.0 GRAM),0.43932755912863897
Malkist Double Chocolatey Crunchy Layered Crackers,Maggi Pazzta Instant Pasta - Masala Penne (69.0 GRAM),0.439211596469688
Parle Hide & Seek Chocolate Chip Biscuits | Trans Fat-free,Max Protein Choco Chips Flavoured Biscuits | Maida-free,0.43920281401720074
Modern Kitchens Butter Murukku,Peppy Tomato Disc (55.0 GRAM),0.4391537596747349
Mysore Sandal Soap,Chheda's Yellow Banana Chips (170.0 GRAM),0.4390051139005114
Let's Try Cheese Balls (60.0 GRAM),Haldiram's Moong Dal,0.4389406916157297
Hindalco Fresh wrapp Aluminium Foil - 9 m,The Theatre Project Gourmet Popcorn - Cheddar Cheese (60.0 GRAM),0.4388969284429355
Malkist Double Chocolatey Crunchy Layered Crackers,Kurkure Solid Masti Masala Twisteez (61.0 GRAM),0.43885580799174806
"Eveready Ultima Alkaline AAA Battery, 400% Longer Lasting",Max Protein Choco Chips Flavoured Biscuits | Maida-free,0.4387654175504242
Cheetos Masala Balls (28.0 GRAM),Sunfeast Dark Fantasy Bourbon Chocolate Cream Biscuits | Trans Fat-free,0.43875125720491975
Sunfeast Dark Fantasy Chocolate Cream Biscuits | Made With Real Chocolate,Lay's American Cream & Onion Potato Chips (48.0 GRAM),0.438604489350758
Britannia Pure Magic Choco Stars Chocolate Cream Biscuits | Trans Fat-free,Ezee Medium Garbage Bags 19x 21 Inch (30.0 PIECE),0.43834798706657896
Chheda's Long Masala Banana Chips (170.0 GRAM),Aashirvaad 100% Chana Dal Besan (500.0 GRAM),0.43831092685538847
Chheda's Yellow Banana Chips (170.0 GRAM),RiteBite Max Protein 10g Protein Bar Choco Almond,0.4381908851618602
Lay's Spanish Tomato Tango Potato Chips,Society Natural Tea (250.0 GRAM),0.4381670924308912
Max Protein Choco Chips Flavoured Biscuits | Maida-free,RiteBite Max Protein 10g Protein Bar Choco Almond,0.4381547096064473
Korean Nongshim Shin Ramyun Noodle Soup Veg,Let's Try Salted Peanuts,0.43807874665017527
Aashirvaad Jeera (100.0 GRAM),Chheda's Yellow Banana Chips (170.0 GRAM),0.4380289296309969
RiteBite Max Protein 10g Protein Bar Choco Almond,Max Protein Choco Chips Flavoured Biscuits | Maida-free,0.4378766683890217
YiPPee! Magic Masala Noodles with Added Veggies - The Better Noodles,Haldiram's Bhujia Sev (200.0 GRAM),0.4377762923394159
Satyam Singdana,Let's Try Salted Peanuts,0.4377358490566038
Satyam Singdana,Haldiram's Moong Dal,0.4376792101828717
Beyond Snack Kerala Banana Chips - Original Style (70.0 GRAM),Chheda's Yellow Banana Chips (170.0 GRAM),0.4375317499394309
Everest Tandoori Chicken Masala,Parle Shakti Milk Glucose Biscuits | Cholesterol-free and Trans Fat-free,0.4374261487355177
Sunfeast Dark Fantasy Vanilla Cream Dark Crunchy Biscuits | Artificial Colour-free,Sunfeast Dark Fantasy Bourbon Chocolate Cream Biscuits | Trans Fat-free,0.43735514218559063
Om Shanthi Havan Samagri | Cycle,YiPPee! Magic Masala Noodles with Added Veggies - The Better Noodles,0.43728490998310154
Chheda's Long Masala Banana Chips (170.0 GRAM),Cheetos Cheese Puffs (28.0 GRAM),0.4372309575265735
Doritos Nacho Cheese Flavoured Corn Chips (45.0 GRAM),Lay's India's Magic Masala Potato Chips,0.4372137066300652
Everest Chhole Masala,Haldiram's Salted Peanut,0.43713097598974326
YiPPee! Magic Masala Noodles with Added Veggies - The Better Noodles,Palekar Jeeo Butter | Toasted Buns With Jeera And Khari | Trans Fat-free,0.43712866290678365
Namaskaram Mini Bhakarwadi,Max Protein Choco Chips Flavoured Biscuits | Maida-free,0.43708830753573397
Haldiram's Lite Chiwda (200.0 GRAM),Haldiram's Panchratan Mixture,0.4370129975094221
Britannia 50-50 Maska Chaska Biscuits Butter Flavoured Crackers | Trans Fat-free,Sunfeast Dark Fantasy Bourbon Chocolate Cream Biscuits | Trans Fat-free,0.43697438782442694
Balaji Masala Masti Chips (135.0 GRAM),Bingo! Mad Angles Achaari Masti Crisps,0.43691801113804396
Britannia Marie Gold Biscuits Plain | Trans Fat-free,Haldiram's Masala Tasty Nuts (200.0 GRAM),0.43679431159269877
Lal Milk Cake Signature,Tata Sampann 100% Chana Dal Fine Besan,0.4367125573633709
RiteBite Max Protein 10g Protein Bar Choco Berry (50.0 GRAM),Max Protein Choco Chips Flavoured Biscuits | Maida-free,0.43662128621694346
Everest Chhole Masala,Scotch-Brite Scrub Sponge (Pack of 3),0.4365997592733044
"Uncle Chipps Potato Chips, Plain Salted Flavour, Crispy Chips & Snacks (48.0 GRAM)",Origami Luncheon Tissue Paper Napkins - 32 X 32 cm - 50 Serviettes,0.43642163330349015
The Belgian Crisps Double Choco Waffle Wafers | Artificial Colour-free,The Theatre Project Gourmet Popcorn - Cheddar Cheese (60.0 GRAM),0.43635501091364176
Everest Tandoori Chicken Masala,Haldirams Namkeen - Mini Samosa,0.43612436285396694
Everest Tandoori Chicken Masala,Lay's Spanish Tomato Tango Potato Chips,0.4360221694818022
YiPPee! Magic Masala Noodles with Added Veggies - The Better Noodles,Let's Try Namkeen Combo Pack Of 6 (Crunchy Party Mix Peanut Party Mix Aloo Bhujia),0.4359912885618072
Daily Good Cashew | W320 (100.0 GRAM),Kurkure Green Chutney Style (68.0 GRAM),0.435800223204715
Fortune Besan (500.0 GRAM),Max Protein Choco Chips Flavoured Biscuits | Maida-free,0.43577258710530553
Britannia Marie Gold Biscuits Plain | Trans Fat-free,Ezee Medium Garbage Bags 19x 21 Inch (30.0 PIECE),0.43544641871085354
Malkist Double Chocolatey Crunchy Layered Crackers,Britannia 50-50 Maska Chaska Biscuits Butter Flavoured Crackers | Trans Fat-free,0.43539108780244495
Chheda's Salt & Pepper Banana Chips,Cheetos Cheese Puffs (28.0 GRAM),0.4353094660225624
Lay's Potato Chips - Sizzling Hot Spicy Flavour,Doritos Nacho Chips - Sweet Chilli Flavour,0.4351692528319717
RiteBite Max Protein 10g Protein Bar Choco Berry (50.0 GRAM),Kurkure Solid Masti Masala Twisteez (61.0 GRAM),0.4351201610079314
Britannia Pure Magic Choco Stars Chocolate Cream Biscuits | Trans Fat-free,Sunfeast Dark Fantasy Choco Centre Fills | Preservative-free,0.43501413954669155
"Maggi Nutri-licious Masala Veg Atta Noodles, Instant Noodles",Cheetos Cheese Puffs (28.0 GRAM),0.4349769753414511
Scotch-Brite Scrub Sponge (Pack of 3),The Theatre Project Gourmet Popcorn - Cheddar Cheese (60.0 GRAM),0.43495369955610774
Korean Nongshim Shin Ramyun Noodle Soup Veg,Peppy Tomato Disc (55.0 GRAM),0.4347253184007041
Britannia Little Hearts Classic Crunch Flavoured Biscuits | Cholesterol-free,Kurkure Yummy PuffCorn Yummy Cheese Chips,0.4345932138420183
Rajam Banana Chips (150.0 GRAM),Bingo! Original Style Chilli Sprinkled - Flat Cut Spicy Potato Chips Pack for Snacks,0.43456525313856065
Moov Fast Pain Relief Spray (50.0 GRAM),Beyond Snack Kerala Banana Chips - Peri Peri (70.0 GRAM),0.4345273188640536
Satyam Sabudana (500.0 GRAM),Crax Crunchy Pipes Salted Puff Snacks,0.43451861937785563
Daily Good Cashew | W320 (100.0 GRAM),Aashirvaad 100% Chana Dal Besan (500.0 GRAM),0.4343998566537458
Daily Good Raw Peanut - Singdana,Aashirvaad 100% Chana Dal Besan (500.0 GRAM),0.4341665686569613
Aashirvaad Jeera (100.0 GRAM),Max Protein Choco Chips Flavoured Biscuits | Maida-free,0.43415034430304783
Chheda's Long Masala Banana Chips (170.0 GRAM),RiteBite Max Protein 10g Protein Bar Choco Almond,0.43410251621482315
Let's Try Cheese Balls (60.0 GRAM),Max Protein Choco Chips Flavoured Biscuits | Maida-free,0.4339260930921474
Everest Tandoori Chicken Masala,Haldiram Aloo Bhujia ,0.43390304487938214
Parle Hide & Seek Chocolate Chip Biscuits | Trans Fat-free,RiteBite Max Protein 10g Protein Bar Choco Almond,0.43377056924252755
Catch Jeera Whole (100.0 GRAM),MAGGI 2-Minute Instant Noodles | Masala Noodles | Made With Quality Spices,0.43361776766455706
Lay's Spanish Tomato Tango Potato Chips,Too Yumm! Karare Munchy Masala | Spicy | No Palm Oil Crisps,0.4334886546894252
Chheda's Long Masala Banana Chips (170.0 GRAM),Max Protein Choco Chips Flavoured Biscuits | Maida-free,0.4332669648494758
Aashirvaad Jeera (100.0 GRAM),RiteBite Max Protein 10g Protein Bar Choco Almond,0.4332101421504829
Parle G Original Milk Glucose Biscuits,Kurkure Solid Masti Masala Twisteez (61.0 GRAM),0.4328655427119067
Scotch-Brite Scrub Sponge (Pack of 3),Let's Try Salted Peanuts,0.4328358208955224
Korean Nongshim Shin Ramyun Noodle Soup Veg,Society Natural Tea (250.0 GRAM),0.4327942189930494
Korean Nongshim Shin Ramyun Noodle Soup Veg,Let'S Try Roasted Chana (450.0 GRAM),0.4327942189930494
Parle Marie Butter Marie Biscuits | Trans Fat-free,Daily Good Tamarind / Imli (200.0 GRAM),0.4327094932751257
Bauli Moonfils Croissants Choco Cream,Aashirvaad 100% Chana Dal Besan (500.0 GRAM),0.4323996406290671
Modern Kitchens Butter Murukku,Peppy Cheese Balls (55.0 GRAM),0.4322593127147207
Haldiram's Moong Dal,Max Protein Choco Chips Flavoured Biscuits | Maida-free,0.4322088817648422
Britannia Good Day Cashew Dry Fruit Biscuits| Trans Fat-free,Sunfeast Dark Fantasy Bourbon Chocolate Cream Biscuits | Trans Fat-free,0.43212233545713546
Bauli Moonfils Croissants Choco Cream,RiteBite Max Protein 10g Protein Bar Choco Almond,0.43206234131344257
Moov Fast Pain Relief Spray (50.0 GRAM),Too Yumm! Karare Munchy Masala | Spicy | No Palm Oil Crisps,0.43204902447089943
YiPPee! Magic Masala Noodles with Added Veggies - The Better Noodles,Chheda's Yellow Banana Chips (170.0 GRAM),0.4318909446297981
Sunfeast Dark Fantasy Vanilla Cream Dark Crunchy Biscuits | Artificial Colour-free,Max Protein Choco Chips Flavoured Biscuits | Maida-free,0.4318348830049563
YiPPee! Magic Masala Noodles with Added Veggies - The Better Noodles,RiteBite Max Protein 10g Protein Bar Choco Almond,0.43167196078964093
Britannia 50-50 Maska Chaska Biscuits Butter Flavoured Crackers | Trans Fat-free,Origami Luncheon Tissue Paper Napkins - 32 X 32 cm - 50 Serviettes,0.4316155089957146
Cadbury Oreo Vanilla Flavour Creme Sandwich Biscuit Family Pack,Cadbury Oreo Vanilla Flavour Creme Sandwich Biscuit Mega Family Pack,0.4315193071645657
Beyond Snack Kerala Banana Chips - Original Style (70.0 GRAM),MAGGI 2-Minute Instant Noodles | Masala Noodles | Made With Quality Spices,0.4314116047238709
Lay's Spanish Tomato Tango Potato Chips,Haldiram's Moong Dal,0.431255347019718
Lay's Spanish Tomato Tango Potato Chips,The Theatre Project Gourmet Popcorn - Cheddar Cheese (60.0 GRAM),0.43124721730396887
Britannia Treat Jimjam Naughty Jam Cream Biscuits | Trans Fat-free,Lay's India's Magic Masala Potato Chips,0.430957126398521
Daily Good Raw Peanut - Singdana,Daily Good Tamarind / Imli (200.0 GRAM),0.4308647419049147
Nova Nova Waffle Chips- Classic Chocolate Drizzle,Max Protein Choco Chips Flavoured Biscuits | Maida-free,0.43065592543406167
Daily Good Saunf - Fennel,Lay's Spanish Tomato Tango Potato Chips,0.43063719522276434
Aashirvaad Jeera (100.0 GRAM),Kurkure Solid Masti Masala Twisteez (61.0 GRAM),0.43053163217825074
"Uncle Chipps Potato Chips, Plain Salted Flavour, Crispy Chips & Snacks (48.0 GRAM)",Max Protein Choco Chips Flavoured Biscuits | Maida-free,0.4305076156116249
Bingo! Mad Angles Very Peri Peri Crisps,MAGGI 2-Minute Instant Noodles | Masala Noodles | Made With Quality Spices,0.4302563896206459
Lay's Spanish Tomato Tango Potato Chips,Cheetos Cheese Puffs (28.0 GRAM),0.43015249868741345
Lay's India's Magic Masala Potato Chips,Cheetos Masala Balls (28.0 GRAM),0.43014552695092473
Daily Good Sooji / Rava (1.0 KILOGRAM),Chheda's Salt & Pepper Banana Chips,0.4300449263425547
Sunfeast Dark Fantasy Bourbon Chocolate Cream Biscuits | Trans Fat-free,RiteBite Max Protein 10g Protein Bar Choco Almond,0.42993567911026587
RiteBite Max Protein 10g Protein Bar Choco Almond,Cheetos Cheese Puffs (28.0 GRAM),0.4298507111618211
RiteBite Max Protein 10g Protein Bar Choco Almond,Haldiram's Moong Dal,0.4297590107250894
Everest Chhole Masala,Haldiram's Masala Tasty Nuts (200.0 GRAM),0.42971235857141904
Modern Kitchens Butter Murukku,Let's Try Salted Peanuts,0.4296296296296296
Dabur Real Litchi Fruit Juice,Kurkure Green Chutney Style (68.0 GRAM),0.4295882760565524
Moov Fast Pain Relief Spray (50.0 GRAM),Haldiram's Bhujia Sev (200.0 GRAM),0.42937630100938684
Namaskaram Methi Khakhra,RiteBite Max Protein 10g Protein Bar Choco Almond,0.42927632521676223
Kurkure Red Chilli Chataka Chips (68.0 GRAM),Haldiram's Bhujia Sev (200.0 GRAM),0.42927320946052516
Britannia Pure Magic Choco Stars Chocolate Cream Biscuits | Trans Fat-free,Cheetos Masala Balls (28.0 GRAM),0.4291909823118554
Moov Fast Pain Relief Spray (50.0 GRAM),Let's Try Namkeen Combo Pack Of 6 (Crunchy Party Mix Peanut Party Mix Aloo Bhujia),0.4291672480958195
Sunfeast Dark Fantasy Chocolate Cream Biscuits | Made With Real Chocolate,Kurkure Green Chutney Style (68.0 GRAM),0.429156006357519
Kurkure Masala Munch,Chheda's Yellow Banana Chips (170.0 GRAM),0.4289537296400042
Ezee Biodegradable Medium Garbage Bags 19 x 21 Inch (30.0 PIECE),Sunfeast Dark Fantasy Bourbon Chocolate Cream Biscuits | Trans Fat-free,0.42888245719646306
Om Shanthi Havan Samagri | Cycle,Crax Crunchy Pipes Salted Puff Snacks,0.42886387487870814
Parle G Original Milk Glucose Biscuits,Kurkure Green Chutney Style (68.0 GRAM),0.4286641190166713
Everest Tandoori Chicken Masala,Scotch-Brite Scrub Sponge (Pack of 3),0.4286288920140937
Chheda's Small Bhakarwadi,RiteBite Max Protein 10g Protein Bar Choco Almond,0.428575016008357
Origami Luncheon Tissue Paper Napkins - 32 X 32 cm - 50 Serviettes,RiteBite Max Protein 10g Protein Bar Choco Almond,0.42825908080377517
Sunfeast All Rounder Crunchy Potato Chatpata Masala Flavoured Crackers | Trans Fat-free,MAGGI 2-Minute Instant Noodles | Masala Noodles | Made With Quality Spices,0.4280585655150115
Rajam Banana Chips (150.0 GRAM),Daily Good Tamarind / Imli (200.0 GRAM),0.4278607787361853
Maggi Masala-ae-Magic Sabzi Masala,RiteBite Max Protein 10g Protein Bar Choco Almond,0.42772019351961343
Balaji Masala Masti Chips (135.0 GRAM),MAGGI Pazzta Instant Pasta - Cheese Macaroni,0.4276456082965667
Balaji Cream & Onion Wafers (135.0 GRAM),Kurkure Solid Masti Masala Twisteez (61.0 GRAM),0.4276198173234811
Unibic Choco Chip Flavoured Biscuits | Trans Fat-free,Bingo! Original Style Chilli Sprinkled - Flat Cut Spicy Potato Chips Pack for Snacks,0.4275823672543988
Parle Shakti Milk Glucose Biscuits | Cholesterol-free and Trans Fat-free,YiPPee! Magic Masala Noodles with Added Veggies - The Better Noodles,0.4274785627891696
Catch Jeera Whole (100.0 GRAM),Parle Hide & Seek Chocolate Chip Biscuits | Trans Fat-free,0.4273904460366001
Lal Milk Cake Signature,Too Yumm! Karare Munchy Masala | Spicy | No Palm Oil Crisps,0.42732853484183275
Namaskaram Methi Khakhra,Max Protein Choco Chips Flavoured Biscuits | Maida-free,0.427326930126901
Daily Good Pistachios California Salted,Kurkure Solid Masti Masala Twisteez (61.0 GRAM),0.42681596471137123
Lay's West Indies Hot 'n' Sweet Chilli Potato Chips,Haldiram's Soan Papdi,0.42678938005854705
Everest Tandoori Chicken Masala,Haldiram's Panchratan Mixture,0.42653651178620866
Sunfeast Dark Fantasy Vanilla Cream Dark Crunchy Biscuits | Artificial Colour-free,"Uncle Chipps Potato Chips, Plain Salted Flavour, Crispy Chips & Snacks (48.0 GRAM)",0.42634064423726253
Cadbury Oreo Vanilla Flavour Creme Sandwich Biscuit Family Pack,Max Protein Choco Chips Flavoured Biscuits | Maida-free,0.4262567016793561
Kurkure Masala Munch,Bingo! Mad Angles Masala Madness Crisps,0.4262452035251088
Nestle Milkmaid Partly Skimmed Sweetened Condensed Milk,YiPPee! Magic Masala Noodles with Added Veggies - The Better Noodles,0.42619944343265725
Britannia Little Hearts Classic Crunch Flavoured Biscuits | Cholesterol-free,RiteBite Max Protein 10g Protein Bar Choco Almond,0.4260326259378423
Korean Nongshim Shin Ramyun Noodle Soup Veg,Cheetos Cheese Puffs (28.0 GRAM),0.4259316660884606
Britannia Little Hearts Classic Crunch Flavoured Biscuits | Cholesterol-free,Daily Good Raw Peanut - Singdana,0.4258868839263204
Chheda's Yellow Banana Chips (170.0 GRAM),Let's Try Salted Peanuts,0.42571203422267256
Scotch-Brite Scrub Sponge (Pack of 3),Rajdhani Roasted Chana (200.0 GRAM),0.4256091953333593
Britannia Marie Gold Biscuits Plain | Trans Fat-free,Sunfeast Dark Fantasy Bourbon Chocolate Cream Biscuits | Trans Fat-free,0.425559187082585
Balaji Masala Masti Chips (135.0 GRAM),Kurkure Solid Masti Masala Twisteez (61.0 GRAM),0.4255280362464271
Kurkure Masala Munch,Aashirvaad 100% Chana Dal Besan (500.0 GRAM),0.42538435010098985
Rajam Banana Chips (150.0 GRAM),Aashirvaad 100% Chana Dal Besan (500.0 GRAM),0.4253490477627587
Modern Kitchens Butter Murukku,Lay's Spanish Tomato Tango Potato Chips,0.4252857096096159
Cadbury Oreo Vanilla Flavour Creme Sandwich Biscuit Family Pack,MAGGI 2-Minute Instant Noodles | Masala Noodles | Made With Quality Spices,0.42510227661998184
Daily Good Cashew | W320 (100.0 GRAM),Daily Good Tamarind / Imli (200.0 GRAM),0.4251010584887692
Britannia The Original Bourbon Chocolate Cream Biscuits | Trans Fat-free,Chheda's Yellow Banana Chips (170.0 GRAM),0.42508171663727223
Chheda's Salt & Pepper Banana Chips,YiPPee! Magic Masala Noodles with Added Veggies - The Better Noodles,0.4248700663199423
Unibic Choco Chip Flavoured Biscuits | Trans Fat-free,MAGGI 2-Minute Instant Noodles | Masala Noodles | Made With Quality Spices,0.42480837735083027
Chheda's Mix Farsan (170.0 GRAM),Sunfeast Dark Fantasy Bourbon Chocolate Cream Biscuits | Trans Fat-free,0.4246782351217925
Chheda's Salt & Pepper Banana Chips,Chheda's Golden Plain Salted Chips (170.0 GRAM),0.42466556476035505
Rajam Banana Chips (150.0 GRAM),Max Protein Choco Chips Flavoured Biscuits | Maida-free,0.4245289675092602
Doritos Nacho Cheese Flavoured Corn Chips (45.0 GRAM),MAGGI 2-Minute Instant Noodles | Masala Noodles | Made With Quality Spices,0.424480228499212
Scotch-Brite Scrub Sponge (Pack of 3),Haldiram's Moong Dal,0.4243194587330074
Haldiram's Moong Dal,Chheda's Yellow Banana Chips (170.0 GRAM),0.42423433435610003
Chheda's Small Bhakarwadi,Sunfeast Dark Fantasy Bourbon Chocolate Cream Biscuits | Trans Fat-free,0.423885579703045
Scotch-Brite Scrub Sponge (Pack of 3),Haldiram's Lite Chiwda (200.0 GRAM),0.4238436148988678
Daily Good Sooji / Rava (1.0 KILOGRAM),Kurkure Green Chutney Style (68.0 GRAM),0.42379195069390774
Fortune Besan (500.0 GRAM),Parle Hide & Seek Chocolate Chip Biscuits | Trans Fat-free,0.42374429463141583
Daily Good Cashew | W320 (100.0 GRAM),MAGGI 2-Minute Instant Noodles | Masala Noodles | Made With Quality Spices,0.42339782027852374
Modern Kitchens Butter Murukku,The Theatre Project Gourmet Popcorn - Cheddar Cheese (60.0 GRAM),0.4233943517669911
MAGGI Pazzta Instant Pasta - Cheese Macaroni,Parle Hide & Seek Chocolate Chip Biscuits | Trans Fat-free,0.42337980580585427
Britannia Marie Gold Biscuits Plain | Trans Fat-free,Kurkure Solid Masti Masala Twisteez (61.0 GRAM),0.4233687783604358
Parle Hide & Seek Chocolate Chip Biscuits | Trans Fat-free,Origami Luncheon Tissue Paper Napkins - 32 X 32 cm - 50 Serviettes,0.4233411917890214
Sunfeast Yippee! Korean Noodles Fiery Hot,Daily Good Raw Peanut - Singdana,0.42325436631316843
Fortune Besan (500.0 GRAM),Doritos Nacho Cheese Flavoured Corn Chips (45.0 GRAM),0.42320948188519714
Sunfeast Dark Fantasy Bourbon Chocolate Cream Biscuits | Trans Fat-free,YiPPee! Magic Masala Noodles with Added Veggies - The Better Noodles,0.4230670713860152
Lal Milk Cake Signature,Crax Crunchy Pipes Salted Puff Snacks,0.4230494908254292
BAY6 Dishwashbar,Kurkure Solid Masti Masala Twisteez (61.0 GRAM),0.42295961556149647
Britannia Marie Gold Biscuits Plain | Trans Fat-free,RiteBite Max Protein 10g Protein Bar Choco Almond,0.42268585248193036
Lay's West Indies Hot 'n' Sweet Chilli Potato Chips,Max Protein Choco Chips Flavoured Biscuits | Maida-free,0.4226062819680045
Namaskaram Mini Bhakarwadi,Origami Luncheon Tissue Paper Napkins - 32 X 32 cm - 50 Serviettes,0.42258765274179116
Lay's Classic Salted Potato Chips (67.0 GRAM),Haldirams Namkeen - Khara Boondi,0.42226011764807214
Catch Jeera Whole (100.0 GRAM),Max Protein Choco Chips Flavoured Biscuits | Maida-free,0.42199604956239034
Daily Good Saunf - Fennel,Haldiram's Salted Peanut,0.42183220849028913
Max Protein Choco Chips Flavoured Biscuits | Maida-free,Sunfeast Dark Fantasy Bourbon Chocolate Cream Biscuits | Trans Fat-free,0.42168234826311024
Doritos Nacho Cheese Flavoured Corn Chips (45.0 GRAM),Chheda's Small Bhakarwadi,0.4216209014303388
Balaji Masala Masti Chips (135.0 GRAM),Lay's India's Magic Masala Potato Chips,0.42161159544456406
Parle Marie Butter Marie Biscuits | Trans Fat-free,Cadbury Oreo Vanilla Flavour Creme Sandwich Biscuit Mega Family Pack,0.4215931536405553
Haldiram's Masala Tasty Nuts (200.0 GRAM),MAGGI 2-Minute Instant Noodles | Masala Noodles | Made With Quality Spices,0.421572829673875
Doritos Nacho Cheese Flavoured Corn Chips (45.0 GRAM),Bingo! Mad Angles Achaari Masti Crisps,0.42148883334546666
Ezee Biodegradable Medium Garbage Bags 19 x 21 Inch (30.0 PIECE),RiteBite Max Protein 10g Protein Bar Choco Almond,0.42148617645785674
Parle Hide & Seek Chocolate Chip Biscuits | Trans Fat-free,Haldiram's Moong Dal,0.4214805369660734
Sunfeast Dark Fantasy Bourbon Chocolate Cream Biscuits | Trans Fat-free,Haldiram's Moong Dal,0.42132643142961046
Unibic Choco Chip Flavoured Biscuits | Trans Fat-free,Cadbury Oreo Vanilla Flavour Creme Sandwich Biscuit Mega Family Pack,0.4209610174592221
Britannia Little Hearts Classic Crunch Flavoured Biscuits | Cholesterol-free,Chheda's Small Bhakarwadi,0.42091991802453776
Parle Marie Butter Marie Biscuits | Trans Fat-free,Catch Jeera Whole (100.0 GRAM),0.4209049707435125
Everest Chhole Masala,Lay's Spanish Tomato Tango Potato Chips,0.4208638148649181
Malkist Double Chocolatey Crunchy Layered Crackers,MAGGI 2-Minute Instant Noodles | Masala Noodles | Made With Quality Spices,0.4205992203674688
Unibic Choco Chip Flavoured Biscuits | Trans Fat-free,Britannia 50-50 Maska Chaska Biscuits Butter Flavoured Crackers | Trans Fat-free,0.4205166467814191
Satyam Sabudana (500.0 GRAM),Piknik Classic Tomato Chilli,0.42030985028913403
Ezee Small Garbage Bags 17 x 19 Inch (30.0 PIECE),Sunfeast Dark Fantasy Bourbon Chocolate Cream Biscuits | Trans Fat-free,0.4203053699581084
Satyam Puffed Rice Kurmura - R (200.0 GRAM),Sunfeast Dark Fantasy Bourbon Chocolate Cream Biscuits | Trans Fat-free,0.42028145908258474
Catch Jeera Whole (100.0 GRAM),Cheetos Masala Balls (28.0 GRAM),0.42026333196837495
Dabur Real Litchi Fruit Juice,MAGGI 2-Minute Instant Noodles | Masala Noodles | Made With Quality Spices,0.42022595162379867
Korean Nongshim Shin Ramyun Noodle Soup Veg,Max Protein Choco Chips Flavoured Biscuits | Maida-free,0.4201757078045522
Beyond Snack Kerala Banana Chips - Original Style (70.0 GRAM),Catch Jeera Whole (100.0 GRAM),0.4201476017885021
Let's Try Cheese Balls (60.0 GRAM),YiPPee! Magic Masala Noodles with Added Veggies - The Better Noodles,0.41983530903514976
Fortune Besan (500.0 GRAM),Satyam Puffed Rice Kurmura - R (200.0 GRAM),0.41958644192686745
Max Protein Choco Chips Flavoured Biscuits | Maida-free,Haldiram's Moong Dal,0.41931009326994684
Britannia The Original Bourbon Chocolate Cream Biscuits | Trans Fat-free,Kurkure Green Chutney Style (68.0 GRAM),0.4192621634523309
MAGGI Pazzta Instant Pasta - Cheese Macaroni,Max Protein Choco Chips Flavoured Biscuits | Maida-free,0.4192308324315188
Lay's Classic Salted Potato Chips (67.0 GRAM),Crax Crunchy Pipes Salted Puff Snacks,0.4191781935040799
Namaskaram Mini Bhakarwadi,Namaskaram Methi Khakhra,0.4190330146080353
Om Shanthi Havan Samagri | Cycle,Lal Sweets Motichoor Laddu,0.4190284178187404
Crax Curls Chatpata Masala Puff Snacks,Let's Try Salted Peanuts,0.4190027483313703
Cheetos Masala Balls (28.0 GRAM),Kurkure Green Chutney Style (68.0 GRAM),0.4189827110597275
Cheetos Cheese Puffs (28.0 GRAM),Chheda's Yellow Banana Chips (170.0 GRAM),0.418896793134598
Cadbury Oreo Vanilla Flavour Creme Sandwich Biscuit Family Pack,Haldiram's Moong Dal,0.4185924476335436
Kurkure Solid Masti Masala Twisteez (61.0 GRAM),Haldiram's Moong Dal,0.41859244763354353
Britannia Marie Gold Biscuits Plain | Trans Fat-free,Maggi Special Masala Instant Noodles,0.41841787038635603
Cheetos Masala Balls (28.0 GRAM),RiteBite Max Protein 10g Protein Bar Choco Almond,0.41838183950073804
Chheda's Long Masala Banana Chips (170.0 GRAM),Chheda's Yellow Banana Chips (170.0 GRAM),0.4183155850244458
Ezee Medium Garbage Bags 19x 21 Inch (30.0 PIECE),Cheetos Cheese Puffs (28.0 GRAM),0.4182908393709788
Lay's Classic Salted Potato Chips (67.0 GRAM),Lay's American Cream & Onion Potato Chips,0.4181413439679345
Lay's Classic Salted Potato Chips (67.0 GRAM),Ezee Medium Garbage Bags 19x 21 Inch (30.0 PIECE),0.41799225990510747
Maggi Masala-ae-Magic Sabzi Masala,Kurkure Masala Munch,0.4179278877257877
Britannia Little Hearts Classic Crunch Flavoured Biscuits | Cholesterol-free,Britannia Treat Jimjam Naughty Jam Cream Biscuits | Trans Fat-free,0.4179154954565364
Cadbury Oreo Vanilla Flavour Creme Sandwich Biscuit Family Pack,Daily Good Tamarind / Imli (200.0 GRAM),0.41783859854499866
Rajam Banana Chips (150.0 GRAM),Origami Luncheon Tissue Paper Napkins - 32 X 32 cm - 50 Serviettes,0.41776816023117946
Britannia Good Day Cashew Dry Fruit Biscuits| Trans Fat-free,Parle Hide & Seek Chocolate Chip Biscuits | Trans Fat-free,0.41765623185828904
Chheda's Mix Farsan (170.0 GRAM),RiteBite Max Protein 10g Protein Bar Choco Almond,0.41751571844223956
Haldiram's Masala Tasty Nuts (200.0 GRAM),Max Protein Choco Chips Flavoured Biscuits | Maida-free,0.41750726794812026
Lay's Classic Salted Potato Chips (67.0 GRAM),Haldiram's Bhujia Sev (200.0 GRAM),0.41736135296935994
Max Protein Choco Chips Flavoured Biscuits | Maida-free,Kurkure Solid Masti Masala Twisteez (61.0 GRAM),0.4173462234978868
Let's Try Cheese Balls (60.0 GRAM),Kurkure Masala Munch,0.41733582321817614
Malkist Double Chocolatey Crunchy Layered Crackers,Max Protein Choco Chips Flavoured Biscuits | Maida-free,0.4168897337790608
Britannia Good Day Cashew Dry Fruit Biscuits| Trans Fat-free,Cheetos Masala Balls (28.0 GRAM),0.41671896106936723
Cheetos Masala Balls (28.0 GRAM),Cheetos Cheese Puffs (28.0 GRAM),0.41646836707456025
Crax Curls Chatpata Masala Puff Snacks,"Maggi Nutri-licious Masala Veg Atta Noodles, Instant Noodles",0.4163651783383871
Aashirvaad 100% Chana Dal Besan (500.0 GRAM),Sunfeast Dark Fantasy Bourbon Chocolate Cream Biscuits | Trans Fat-free,0.41628543301791954
RiteBite Max Protein 10g Protein Bar Choco Berry (50.0 GRAM),Cheetos Masala Balls (28.0 GRAM),0.41614066593950244
Catch Jeera Whole (100.0 GRAM),Lay's India's Magic Masala Potato Chips,0.4160958037481951
Britannia Little Hearts Classic Crunch Flavoured Biscuits | Cholesterol-free,Maggi Pazzta Instant Pasta - Masala Penne (69.0 GRAM),0.4160386773405448
Chheda's Small Bhakarwadi,Max Protein Choco Chips Flavoured Biscuits | Maida-free,0.41577897056453833
Satyam Sabudana (500.0 GRAM),Let's Try Salted Peanuts,0.41555264307557893
Nestle Milkmaid Partly Skimmed Sweetened Condensed Milk,Sunfeast Dark Fantasy Bourbon Chocolate Cream Biscuits | Trans Fat-free,0.41555193870097273
Daily Good Raw Peanut - Singdana,Lay's American Cream & Onion Potato Chips (48.0 GRAM),0.41547193801462035
Daily Good Pistachios California Salted,Britannia 50-50 Maska Chaska Biscuits Butter Flavoured Crackers | Trans Fat-free,0.4151973439579257
Bingo! Mad Angles Very Peri Peri Crisps,RiteBite Max Protein 10g Protein Bar Choco Almond,0.41514370321430494
Bingo! Mad Angles Achaari Masti Crisps,Haldiram's Moong Dal,0.41498389205049574
Britannia Marie Gold Biscuits Plain | Trans Fat-free,Colombian Brew Original Instant Coffee Sachets | 40 Sachets,0.4149390821286535
RiteBite Max Protein 10g Protein Bar Choco Berry (50.0 GRAM),Haldiram's Moong Dal,0.41490918075478045
Ezee Biodegradable Medium Garbage Bags 19 x 21 Inch (30.0 PIECE),Kurkure Solid Masti Masala Twisteez (61.0 GRAM),0.41466164104095143
Aashirvaad 100% Chana Dal Besan (500.0 GRAM),RiteBite Max Protein 10g Protein Bar Choco Almond,0.4143346580367098
Let's Try Cheese Balls (60.0 GRAM),Cheetos Cheese Puffs (28.0 GRAM),0.4143204969996129
Lay's Classic Salted Potato Chips (67.0 GRAM),Lay's Spanish Tomato Tango Potato Chips,0.41408620879034663
Doritos Nacho Cheese Flavoured Corn Chips (45.0 GRAM),Kurkure Yummy PuffCorn Yummy Cheese Chips,0.41403480532410847
Daily Good Cashew | W320 (100.0 GRAM),"Uncle Chipps Potato Chips, Plain Salted Flavour, Crispy Chips & Snacks (48.0 GRAM)",0.41400493422033935
Parle Hide & Seek Chocolate Chip Biscuits | Trans Fat-free,Catch Jeera Whole (100.0 GRAM),0.41396496405196365
Parle Marie Butter Marie Biscuits | Trans Fat-free,Cadbury Oreo Chocolate Flavour Creme Sandwich Biscuit Family Pack,0.41384613251241087
Britannia 50-50 Maska Chaska Biscuits Butter Flavoured Crackers | Trans Fat-free,Lay's India's Magic Masala Potato Chips,0.4137479645395722
Chheda's Yellow Banana Chips (170.0 GRAM),Haldiram's Bhujia Sev (200.0 GRAM),0.413715159331233
Lay's Classic Salted Potato Chips (67.0 GRAM),Haldiram's Moong Dal,0.41355783056578616
Catch Jeera Whole (100.0 GRAM),Daily Good Tamarind / Imli (200.0 GRAM),0.413389405337889
Everest Chhole Masala,Everest Tandoori Chicken Masala,0.41316714605305216
Britannia 50-50 Maska Chaska Biscuits Butter Flavoured Crackers | Trans Fat-free,Max Protein Choco Chips Flavoured Biscuits | Maida-free,0.41311334835560104
Parle Shakti Milk Glucose Biscuits | Cholesterol-free and Trans Fat-free,Rajdhani Roasted Chana (200.0 GRAM),0.4130027302445365
Chheda's Salt & Pepper Banana Chips,Max Protein Choco Chips Flavoured Biscuits | Maida-free,0.4126654572057049
Rajam Banana Chips (150.0 GRAM),Daily Good Cashew | W320 (100.0 GRAM),0.4125852747326815
Balaji Masala Masti Chips (135.0 GRAM),Aashirvaad 100% Chana Dal Besan (500.0 GRAM),0.41222099073304397
Ezee Small Garbage Bags 17 x 19 Inch (30.0 PIECE),Kurkure Green Chutney Style (68.0 GRAM),0.4121297947593527
Satyam Puffed Rice Kurmura - R (200.0 GRAM),Haldiram's Moong Dal,0.4115754240110599
Ezee Small Garbage Bags 17 x 19 Inch (30.0 PIECE),RiteBite Max Protein 10g Protein Bar Choco Almond,0.4113852005514593
Beyond Snack Kerala Banana Chips - Original Style (70.0 GRAM),Max Protein Choco Chips Flavoured Biscuits | Maida-free,0.41123630919929366
"Maggi Nutri-licious Masala Veg Atta Noodles, Instant Noodles",Haldiram's Moong Dal,0.41123489048744233
Origami Luncheon Tissue Paper Napkins - 32 X 32 cm - 50 Serviettes,Max Protein Choco Chips Flavoured Biscuits | Maida-free,0.4112152770632065
Crax Curls Chatpata Masala Puff Snacks,Haldiram's Bhujia Sev (200.0 GRAM),0.4109527848126187
Beyond Snack Kerala Banana Chips - Original Style (70.0 GRAM),Kurkure Green Chutney Style (68.0 GRAM),0.41074455760517115
Ezee Small Garbage Bags 17 x 19 Inch (30.0 PIECE),Max Protein Choco Chips Flavoured Biscuits | Maida-free,0.41059673324848367
MAGGI 2-Minute Instant Noodles | Masala Noodles | Made With Quality Spices,Sunfeast Dark Fantasy Bourbon Chocolate Cream Biscuits | Trans Fat-free,0.41059243073638757
Kurkure Solid Masti Masala Twisteez (61.0 GRAM),Cheetos Cheese Puffs (28.0 GRAM),0.4105006274446982
Chheda's Salt & Pepper Banana Chips,RiteBite Max Protein 10g Protein Bar Choco Almond,0.4098363104891421
Lay's India's Magic Masala Potato Chips,Sunfeast Dark Fantasy Bourbon Chocolate Cream Biscuits | Trans Fat-free,0.4098017932330002
Haldiram's Masala Tasty Nuts (200.0 GRAM),RiteBite Max Protein 10g Protein Bar Choco Almond,0.40964793196804944
Britannia Good Day Cashew Dry Fruit Biscuits| Trans Fat-free,Haldiram's Moong Dal,0.40952780066236083
Beyond Snack Kerala Banana Chips - Original Style (70.0 GRAM),Britannia 50-50 Maska Chaska Biscuits Butter Flavoured Crackers | Trans Fat-free,0.4094502884667104
Ezee Medium Garbage Bags 19x 21 Inch (30.0 PIECE),Haldiram's Moong Dal,0.409407646028139
Daily Good Cashew | W320 (100.0 GRAM),Origami Luncheon Tissue Paper Napkins - 32 X 32 cm - 50 Serviettes,0.4091144884300867
Chheda's Salt & Pepper Banana Chips,Kurkure Masala Munch,0.40905274797707275
Bauli Moonfils Croissants Choco Cream,Sunfeast Dark Fantasy Bourbon Chocolate Cream Biscuits | Trans Fat-free,0.40881223977795
BAY6 Dishwashbar,RiteBite Max Protein 10g Protein Bar Choco Almond,0.4086227999279216
Beyond Snack Kerala Banana Chips - Original Style (70.0 GRAM),Sunfeast Dark Fantasy Bourbon Chocolate Cream Biscuits | Trans Fat-free,0.40857889030796096
Kurkure Green Chutney Style (68.0 GRAM),Cheetos Masala Balls (28.0 GRAM),0.40856502409901785
MAGGI Pazzta Instant Pasta - Cheese Macaroni,MAGGI 2-Minute Instant Noodles | Masala Noodles | Made With Quality Spices,0.4083734247831274
Daily Good Saunf - Fennel,Haldiram's Masala Tasty Nuts (200.0 GRAM),0.4082750953718695
Daily Good Pistachios California Salted,Haldiram's Soan Papdi,0.4082314694466465
Daily Good Pistachios California Salted,MAGGI 2-Minute Instant Noodles | Masala Noodles | Made With Quality Spices,0.40819450371374455
Parle Shakti Milk Glucose Biscuits | Cholesterol-free and Trans Fat-free,Sunfeast Dark Fantasy Bourbon Chocolate Cream Biscuits | Trans Fat-free,0.4081429306606007
Korean Nongshim Shin Ramyun Noodle Soup Veg,Haldiram's Moong Dal,0.40771991652617884
Chheda's Mix Farsan (170.0 GRAM),Cheetos Masala Balls (28.0 GRAM),0.4076575685793896
Unibic Choco Chip Flavoured Biscuits | Trans Fat-free,Daily Good Cashew | W320 (100.0 GRAM),0.40764633068191064
Daily Good Raw Peanut - Singdana,MAGGI 2-Minute Instant Noodles | Masala Noodles | Made With Quality Spices,0.40762149861991936
Catch Jeera Whole (100.0 GRAM),Aashirvaad 100% Chana Dal Besan (500.0 GRAM),0.40761782988157746
Namaskaram Mini Bhakarwadi,Britannia 50-50 Maska Chaska Biscuits Butter Flavoured Crackers | Trans Fat-free,0.40727122365607715
Ezee Biodegradable Medium Garbage Bags 19 x 21 Inch (30.0 PIECE),Aashirvaad 100% Chana Dal Besan (500.0 GRAM),0.4072498656128867
Satyam Puffed Rice Kurmura - R (200.0 GRAM),MAGGI 2-Minute Instant Noodles | Masala Noodles | Made With Quality Spices,0.40705832992881696
Crax Curls Chatpata Masala Puff Snacks,Sunfeast Dark Fantasy Bourbon Chocolate Cream Biscuits | Trans Fat-free,0.40705234052085126
Crax Curls Chatpata Masala Puff Snacks,Cheetos Cheese Puffs (28.0 GRAM),0.4068462384522886
Balaji Tomato Wafers (135.0 GRAM),Kurkure Green Chutney Style (68.0 GRAM),0.40678377147827616
Daily Good Cashew | W320 (100.0 GRAM),Haldiram's Moong Dal,0.4067132006829043
Korean Nongshim Shin Ramyun Noodle Soup Veg,"Maggi Nutri-licious Masala Veg Atta Noodles, Instant Noodles",0.40661651683443456
Daily Good Cashew | W320 (100.0 GRAM),Britannia 50-50 Maska Chaska Biscuits Butter Flavoured Crackers | Trans Fat-free,0.406448453507277
Cheetos Cheese Puffs (28.0 GRAM),Max Protein Choco Chips Flavoured Biscuits | Maida-free,0.40640882865215766
Aashirvaad 100% Chana Dal Besan (500.0 GRAM),Max Protein Choco Chips Flavoured Biscuits | Maida-free,0.40629621883540723
Daily Good Cashew | W320 (100.0 GRAM),Catch Jeera Whole (100.0 GRAM),0.40598584138566174
Cheetos Cheese Puffs (28.0 GRAM),Haldiram's Bhujia Sev (200.0 GRAM),0.4056259568333451
Ezee Medium Garbage Bags 19x 21 Inch (30.0 PIECE),Max Protein Choco Chips Flavoured Biscuits | Maida-free,0.4054838785869479
Daily Good Pistachios California Salted,Daily Good Raw Peanut - Singdana,0.40534362178154154
Daily Good Cashew | W320 (100.0 GRAM),Daily Good Raw Peanut - Singdana,0.4053352659039538
Ezee Biodegradable Medium Garbage Bags 19 x 21 Inch (30.0 PIECE),Origami Luncheon Tissue Paper Napkins - 32 X 32 cm - 50 Serviettes,0.40529812193353737
Sunfeast Dark Fantasy Chocolate Cream Biscuits | Made With Real Chocolate,MAGGI 2-Minute Instant Noodles | Masala Noodles | Made With Quality Spices,0.4051150315184384
Satyam Puffed Rice Kurmura - R (200.0 GRAM),Cheetos Cheese Puffs (28.0 GRAM),0.40491466672058263
Chheda's Mix Farsan (170.0 GRAM),Aashirvaad 100% Chana Dal Besan (500.0 GRAM),0.40488609765950223
BAY6 Dishwashbar,Haldiram's Moong Dal,0.404882808240587
Lay's Potato Chips - Sizzling Hot Spicy Flavour,MAGGI 2-Minute Instant Noodles | Masala Noodles | Made With Quality Spices,0.40470991648692
Daily Good Raw Peanut - Singdana,Parle Hide & Seek Chocolate Chip Biscuits | Trans Fat-free,0.4044917176589536
Nova Nova Waffle Chips- Classic Chocolate Drizzle,RiteBite Max Protein 10g Protein Bar Choco Almond,0.40445425423782055
Daily Good Raw Peanut - Singdana,Daily Good Cashew | W320 (100.0 GRAM),0.4044433041486827
Sunfeast Dark Fantasy Bourbon Chocolate Cream Biscuits | Trans Fat-free,Max Protein Choco Chips Flavoured Biscuits | Maida-free,0.4042284220603686
Aashirvaad 100% Chana Dal Besan (500.0 GRAM),Haldiram's Moong Dal,0.40421021889800474
Sunfeast Yippee! Korean Noodles Fiery Hot,Kurkure Green Chutney Style (68.0 GRAM),0.40418064865042963
Satyam Puffed Rice Kurmura - R (200.0 GRAM),Chheda's Small Bhakarwadi,0.4041297503783507
Unibic Choco Chip Flavoured Biscuits | Trans Fat-free,Kurkure Solid Masti Masala Twisteez (61.0 GRAM),0.40408272699079895
"Maggi Nutri-licious Masala Veg Atta Noodles, Instant Noodles",Sunfeast Dark Fantasy Bourbon Chocolate Cream Biscuits | Trans Fat-free,0.40400439399462856
Britannia 50-50 Maska Chaska Biscuits Butter Flavoured Crackers | Trans Fat-free,Cheetos Masala Balls (28.0 GRAM),0.40394843353205323
Daily Good Raw Peanut - Singdana,Origami Luncheon Tissue Paper Napkins - 32 X 32 cm - 50 Serviettes,0.4038781041263321
Maggi Masala-ae-Magic Sabzi Masala,Max Protein Choco Chips Flavoured Biscuits | Maida-free,0.40377614190225164
Daily Good Saunf - Fennel,Crax Crunchy Pipes Salted Puff Snacks,0.4035760274927618
MAGGI 2-Minute Instant Noodles | Masala Noodles | Made With Quality Spices,RiteBite Max Protein 10g Protein Bar Choco Almond,0.4035463057238782
MAGGI Pazzta Instant Pasta - Cheese Macaroni,Cheetos Masala Balls (28.0 GRAM),0.40325587018477727
Kinder Joy - Single Pack - Assorted,MAGGI 2-Minute Instant Noodles | Masala Noodles | Made With Quality Spices,0.40284704000136456
Lay's India's Magic Masala Potato Chips,Britannia 50-50 Maska Chaska Biscuits Butter Flavoured Crackers | Trans Fat-free,0.4027426871550955
Bingo! Mad Angles Achaari Masti Crisps,Sunfeast Dark Fantasy Bourbon Chocolate Cream Biscuits | Trans Fat-free,0.40266374931527116
RiteBite Max Protein 10g Protein Bar Choco Almond,YiPPee! Magic Masala Noodles with Added Veggies - The Better Noodles,0.4026356522512419
Parle Shakti Milk Glucose Biscuits | Cholesterol-free and Trans Fat-free,MAGGI 2-Minute Instant Noodles | Masala Noodles | Made With Quality Spices,0.4024010579576548
Tang Mango Instant Drink Mix,RiteBite Max Protein 10g Protein Bar Choco Almond,0.40234645208328595
"Maggi Nutri-licious Masala Veg Atta Noodles, Instant Noodles",Let's Try Salted Peanuts,0.40223597285744184
Ezee Biodegradable Medium Garbage Bags 19 x 21 Inch (30.0 PIECE),Haldiram's Moong Dal,0.40205713990775965
Daily Good Pistachios California Salted,Cheetos Masala Balls (28.0 GRAM),0.4018261952235549
Aashirvaad Jeera (100.0 GRAM),Aashirvaad 100% Chana Dal Besan (500.0 GRAM),0.40172145276309934
Om Shanthi Havan Samagri | Cycle,Piknik Classic Tomato Chilli,0.40156890040962623
Ezee Medium Garbage Bags 19x 21 Inch (30.0 PIECE),YiPPee! Magic Masala Noodles with Added Veggies - The Better Noodles,0.4012363331744587
Namaskaram Mini Bhakarwadi,Cheetos Cheese Puffs (28.0 GRAM),0.40116606400303445
BAY6 Dishwashbar,Max Protein Choco Chips Flavoured Biscuits | Maida-free,0.40101305793199016
Ezee Small Garbage Bags 17 x 19 Inch (30.0 PIECE),Britannia 50-50 Maska Chaska Biscuits Butter Flavoured Crackers | Trans Fat-free,0.40062123553584655
Bingo! Mad Angles Achaari Masti Crisps,Cheetos Masala Balls (28.0 GRAM),0.40057940548084225
Lay's Potato Chips - Sizzling Hot Spicy Flavour,Cheetos Masala Balls (28.0 GRAM),0.4001940191887977
Lay's Potato Chips - Sizzling Hot Spicy Flavour,Chheda's Mix Farsan (170.0 GRAM),0.4001764816878014
Bingo! Mad Angles Very Peri Peri Crisps,Sunfeast Dark Fantasy Bourbon Chocolate Cream Biscuits | Trans Fat-free,0.3998979302148816
Namaskaram Methi Khakhra,Sunfeast Dark Fantasy Bourbon Chocolate Cream Biscuits | Trans Fat-free,0.39982395206513777
BAY6 Dishwashbar,Sunfeast Dark Fantasy Bourbon Chocolate Cream Biscuits | Trans Fat-free,0.3996885435950686
Balaji Tomato Wafers (135.0 GRAM),Kurkure Solid Masti Masala Twisteez (61.0 GRAM),0.3994568888062706
Origami 3 Ply Toilet Tissue Paper Roll - 160 Pulls Per Roll (1.0 PIECE),Kurkure Green Chutney Style (68.0 GRAM),0.3993095109464639
Tang Mango Instant Drink Mix,Max Protein Choco Chips Flavoured Biscuits | Maida-free,0.3990883212476948
Lay's Potato Chips - Sizzling Hot Spicy Flavour,Crax Curls Chatpata Masala Puff Snacks,0.3989542736373802
Parle Hide & Seek Chocolate Chip Biscuits | Trans Fat-free,Sunfeast Dark Fantasy Bourbon Chocolate Cream Biscuits | Trans Fat-free,0.39888550036972525
"Maggi Nutri-licious Masala Veg Atta Noodles, Instant Noodles",MAGGI 2-Minute Instant Noodles | Masala Noodles | Made With Quality Spices,0.39886664713400144
Kurkure Green Chutney Style (68.0 GRAM),RiteBite Max Protein 10g Protein Bar Choco Almond,0.39886278839934086
Britannia The Original Bourbon Chocolate Cream Biscuits | Trans Fat-free,Origami Luncheon Tissue Paper Napkins - 32 X 32 cm - 50 Serviettes,0.3980826450107282
Om Shanthi Havan Samagri | Cycle,Palekar Knot Premium Salty Khari | Preservative-free,0.3977769679300292
Kurkure Solid Masti Masala Twisteez (61.0 GRAM),Kurkure Green Chutney Style (68.0 GRAM),0.3976301346895434
Daily Good Pistachios California Salted,Daily Good Sooji / Rava (1.0 KILOGRAM),0.3975660268329762
Kurkure Green Chutney Style (68.0 GRAM),Sunfeast Dark Fantasy Bourbon Chocolate Cream Biscuits | Trans Fat-free,0.39744282549918974
Daily Good Saunf - Fennel,Sunfeast Dark Fantasy Bourbon Chocolate Cream Biscuits | Trans Fat-free,0.39734751361585896
Tang Mango Instant Drink Mix,MAGGI 2-Minute Instant Noodles | Masala Noodles | Made With Quality Spices,0.39733990217243126
Bingo! Mad Angles Very Peri Peri Crisps,Kurkure Solid Masti Masala Twisteez (61.0 GRAM),0.3968566373355009
Haldiram's Masala Tasty Nuts (200.0 GRAM),Cheetos Cheese Puffs (28.0 GRAM),0.396836132735523
Namaskaram Mini Bhakarwadi,Sunfeast Dark Fantasy Bourbon Chocolate Cream Biscuits | Trans Fat-free,0.3965624707549498
Ezee Medium Garbage Bags 19x 21 Inch (30.0 PIECE),Cheetos Masala Balls (28.0 GRAM),0.39613990652836906
Ezee Biodegradable Medium Garbage Bags 19 x 21 Inch (30.0 PIECE),Cheetos Cheese Puffs (28.0 GRAM),0.3953461475129594
Parle Hide & Seek Chocolate Chip Biscuits | Trans Fat-free,Britannia 50-50 Maska Chaska Biscuits Butter Flavoured Crackers | Trans Fat-free,0.39523124737339793
Ezee Medium Garbage Bags 19x 21 Inch (30.0 PIECE),Sunfeast Dark Fantasy Bourbon Chocolate Cream Biscuits | Trans Fat-free,0.3951348333439588
RiteBite Max Protein 10g Protein Bar Choco Berry (50.0 GRAM),Aashirvaad 100% Chana Dal Besan (500.0 GRAM),0.39502987576902165
Kurkure Solid Masti Masala Twisteez (61.0 GRAM),Max Protein Choco Chips Flavoured Biscuits | Maida-free,0.3950223744011274
Unibic Choco Chip Flavoured Biscuits | Trans Fat-free,Max Protein Choco Chips Flavoured Biscuits | Maida-free,0.3949413109136656
Sunfeast Dark Fantasy Chocolate Cream Biscuits | Made With Real Chocolate,Kurkure Solid Masti Masala Twisteez (61.0 GRAM),0.3949024229484
Dabur Real Litchi Fruit Juice,RiteBite Max Protein 10g Protein Bar Choco Almond,0.3947917879094076
Origami Luncheon Tissue Paper Napkins - 32 X 32 cm - 50 Serviettes,Sunfeast Dark Fantasy Bourbon Chocolate Cream Biscuits | Trans Fat-free,0.39441124913460235
MAGGI Pazzta Instant Pasta - Cheese Macaroni,Britannia 50-50 Maska Chaska Biscuits Butter Flavoured Crackers | Trans Fat-free,0.3940039454792321
Max Protein Choco Chips Flavoured Biscuits | Maida-free,Cheetos Cheese Puffs (28.0 GRAM),0.39376389397356765
Satyam Puffed Rice Kurmura - R (200.0 GRAM),Ezee Medium Garbage Bags 19x 21 Inch (30.0 PIECE),0.3936285539360812
Parle Krack Jack Sweet and Salty Plain Crackers | Artificial Colour-free,Sunfeast Dark Fantasy Bourbon Chocolate Cream Biscuits | Trans Fat-free,0.39358907360471596
Bingo! Mad Angles Achaari Masti Crisps,RiteBite Max Protein 10g Protein Bar Choco Almond,0.3932731058227467
Ezee Biodegradable Medium Garbage Bags 19 x 21 Inch (30.0 PIECE),YiPPee! Magic Masala Noodles with Added Veggies - The Better Noodles,0.39325720154883037
Balaji Cream & Onion Wafers (135.0 GRAM),Kurkure Green Chutney Style (68.0 GRAM),0.39324160765737953
Chheda's Small Bhakarwadi,Cheetos Cheese Puffs (28.0 GRAM),0.3930724966668484
Chheda's Mix Farsan (170.0 GRAM),Parle Krack Jack Sweet and Salty Plain Crackers | Artificial Colour-free,0.39304870228043776
Nestle Milkmaid Partly Skimmed Sweetened Condensed Milk,RiteBite Max Protein 10g Protein Bar Choco Almond,0.3929306102763417
Satyam Sabudana (500.0 GRAM),Chheda's Yellow Banana Chips (170.0 GRAM),0.3928935488568516
Tang Mango Instant Drink Mix,Kurkure Solid Masti Masala Twisteez (61.0 GRAM),0.39249109751198374
Cheetos Masala Balls (28.0 GRAM),Max Protein Choco Chips Flavoured Biscuits | Maida-free,0.39234452757714033
Chheda's Small Bhakarwadi,Cheetos Masala Balls (28.0 GRAM),0.39227993731112965
Britannia The Original Bourbon Chocolate Cream Biscuits | Trans Fat-free,Britannia Treat Jimjam Naughty Jam Cream Biscuits | Trans Fat-free,0.3922055933484505
Maggi Masala-ae-Magic Sabzi Masala,Let'S Try Roasted Chana (450.0 GRAM),0.3916152790449858
Parle Krack Jack Sweet and Salty Plain Crackers | Artificial Colour-free,Kurkure Green Chutney Style (68.0 GRAM),0.39133282486414334
Britannia The Original Bourbon Chocolate Cream Biscuits | Trans Fat-free,Cadbury Oreo Vanilla Flavour Creme Sandwich Biscuit Family Pack,0.3913086419753086
Satyam Puffed Rice Kurmura - R (200.0 GRAM),YiPPee! Magic Masala Noodles with Added Veggies - The Better Noodles,0.3911472184137857
Nestle Milkmaid Partly Skimmed Sweetened Condensed Milk,Chheda's Yellow Banana Chips (170.0 GRAM),0.3909956563977809
Daily Good Sooji / Rava (1.0 KILOGRAM),Balaji Tomato Wafers (135.0 GRAM),0.39069298610272984
Crax Curls Chatpata Masala Puff Snacks,Garden Sabudana Chivda Namkeen,0.3906502454319621
Balaji Tomato Wafers (135.0 GRAM),Haldiram's Soan Papdi,0.3904437265808431
MAGGI Pazzta Instant Pasta - Cheese Macaroni,Kurkure Solid Masti Masala Twisteez (61.0 GRAM),0.39044034197719335
Dabur Real Litchi Fruit Juice,Max Protein Choco Chips Flavoured Biscuits | Maida-free,0.39039484924839846
Nova Nova Waffle Chips- Classic Chocolate Drizzle,Haldiram's Moong Dal,0.39028184731050186
Sunfeast Yippee! Korean Noodles Fiery Hot,Malkist Double Chocolatey Crunchy Layered Crackers,0.390207047331795
Tang Mango Instant Drink Mix,Sunfeast Dark Fantasy Bourbon Chocolate Cream Biscuits | Trans Fat-free,0.389955528516953
Sunfeast Dark Fantasy Vanilla Cream Dark Crunchy Biscuits | Artificial Colour-free,Origami Luncheon Tissue Paper Napkins - 32 X 32 cm - 50 Serviettes,0.389807352383086
Aashirvaad 100% Chana Dal Besan (500.0 GRAM),Cheetos Cheese Puffs (28.0 GRAM),0.3897951597969845
Britannia The Original Bourbon Chocolate Cream Biscuits | Trans Fat-free,Aashirvaad 100% Chana Dal Besan (500.0 GRAM),0.38945068838779007
RiteBite Max Protein 10g Protein Bar Choco Almond,Origami Luncheon Tissue Paper Napkins - 32 X 32 cm - 50 Serviettes,0.3893971552708222
Kurkure Green Chutney Style (68.0 GRAM),Max Protein Choco Chips Flavoured Biscuits | Maida-free,0.38933790135463997
Ezee Medium Garbage Bags 19x 21 Inch (30.0 PIECE),MAGGI 2-Minute Instant Noodles | Masala Noodles | Made With Quality Spices,0.38921681977733674
Om Shanthi Havan Samagri | Cycle,Kotton Multipurpose Napkin | 100% Virgin Pulp-Paper | 25 cm X 25 cm | 100Pcs,0.38916640944634084
Kurkure Solid Masti Masala Twisteez (61.0 GRAM),Origami Luncheon Tissue Paper Napkins - 32 X 32 cm - 50 Serviettes,0.38911146403437996
RiteBite Max Protein 10g Protein Bar Choco Berry (50.0 GRAM),Origami Luncheon Tissue Paper Napkins - 32 X 32 cm - 50 Serviettes,0.3887715957136978
Kinder Joy - Single Pack - Assorted,YiPPee! Magic Masala Noodles with Added Veggies - The Better Noodles,0.38865441133440815
Origami Luncheon Tissue Paper Napkins - 32 X 32 cm - 50 Serviettes,Haldiram's Moong Dal,0.3886030516040143
Balaji Tomato Wafers (135.0 GRAM),MAGGI 2-Minute Instant Noodles | Masala Noodles | Made With Quality Spices,0.38816517147330376
Namaskaram Methi Khakhra,Catch Jeera Whole (100.0 GRAM),0.38813070864179394
Cheetos Cheese Puffs (28.0 GRAM),Kurkure Masala Munch,0.38779481982494896
Parle Krack Jack Sweet and Salty Plain Crackers | Artificial Colour-free,Lay's India's Magic Masala Potato Chips,0.3876165141475993
Kurkure Green Chutney Style (68.0 GRAM),Cheetos Cheese Puffs (28.0 GRAM),0.38735414545046115
Cheetos Masala Balls (28.0 GRAM),Haldiram's Moong Dal,0.3866797234678254
Nestle Milkmaid Partly Skimmed Sweetened Condensed Milk,Kurkure Solid Masti Masala Twisteez (61.0 GRAM),0.38656005475114885
Aashirvaad 100% Chana Dal Besan (500.0 GRAM),Origami Luncheon Tissue Paper Napkins - 32 X 32 cm - 50 Serviettes,0.38634191548010366
Satyam Sabudana (500.0 GRAM),Palekar Knot Premium Salty Khari | Preservative-free,0.38601801576899875
Origami 3 Ply Toilet Tissue Paper Roll - 160 Pulls Per Roll (1.0 PIECE),Kurkure Solid Masti Masala Twisteez (61.0 GRAM),0.386008560122749
Kinder Joy - Single Pack - Assorted,Max Protein Choco Chips Flavoured Biscuits | Maida-free,0.38588962570956453
Chheda's Mix Farsan (170.0 GRAM),Doritos Nacho Chips - Sweet Chilli Flavour,0.38585517079986165
Sunfeast All Rounder Crunchy Potato Chatpata Masala Flavoured Crackers | Trans Fat-free,YiPPee! Magic Masala Noodles with Added Veggies - The Better Noodles,0.3856836027118671
Kurkure Solid Masti Masala Twisteez (61.0 GRAM),Aashirvaad 100% Chana Dal Besan (500.0 GRAM),0.38549769892000524
Chheda's Mix Farsan (170.0 GRAM),Max Protein Choco Chips Flavoured Biscuits | Maida-free,0.38543755457580076
MAGGI 2-Minute Instant Noodles | Masala Noodles | Made With Quality Spices,Cheetos Cheese Puffs (28.0 GRAM),0.3853720082123668
RiteBite Max Protein 10g Protein Bar Choco Berry (50.0 GRAM),Britannia 50-50 Maska Chaska Biscuits Butter Flavoured Crackers | Trans Fat-free,0.38530556035123087
Origami Luncheon Tissue Paper Napkins - 32 X 32 cm - 50 Serviettes,Kurkure Green Chutney Style (68.0 GRAM),0.3851993264610616
Haldiram's Masala Tasty Nuts (200.0 GRAM),YiPPee! Magic Masala Noodles with Added Veggies - The Better Noodles,0.38508295602244647
Lay's Potato Chips - Sizzling Hot Spicy Flavour,Sunfeast Dark Fantasy Bourbon Chocolate Cream Biscuits | Trans Fat-free,0.38452417938920924
Haldiram's Masala Tasty Nuts (200.0 GRAM),Sunfeast Dark Fantasy Bourbon Chocolate Cream Biscuits | Trans Fat-free,0.38373746634768324
Bauli Moonfils Croissants Choco Cream,Max Protein Choco Chips Flavoured Biscuits | Maida-free,0.38355425291501705
Chheda's Small Bhakarwadi,Haldiram's Masala Tasty Nuts (200.0 GRAM),0.3833706903408184
Satyam Puffed Rice Kurmura - R (200.0 GRAM),Cheetos Masala Balls (28.0 GRAM),0.3829607839127251
MAGGI 2-Minute Instant Noodles | Masala Noodles | Made With Quality Spices,Haldiram's Moong Dal,0.38285894600628984
Kurkure Solid Masti Masala Twisteez (61.0 GRAM),Cheetos Masala Balls (28.0 GRAM),0.38281457967256133
Lay's India's Magic Masala Potato Chips,RiteBite Max Protein 10g Protein Bar Choco Almond,0.3828042812571293
Satyam Sabudana (500.0 GRAM),"Maggi Nutri-licious Masala Veg Atta Noodles, Instant Noodles",0.3822183224608975
Origami Luncheon Tissue Paper Napkins - 32 X 32 cm - 50 Serviettes,Aashirvaad 100% Chana Dal Besan (500.0 GRAM),0.38202784421855285
Ezee Medium Garbage Bags 19x 21 Inch (30.0 PIECE),Haldiram's Masala Tasty Nuts (200.0 GRAM),0.38163529676134716
Bingo! Mad Angles Achaari Masti Crisps,Cheetos Cheese Puffs (28.0 GRAM),0.38155727387675
Maggi Masala-ae-Magic Sabzi Masala,YiPPee! Magic Masala Noodles with Added Veggies - The Better Noodles,0.3814055547114217
Sunfeast Dark Fantasy Chocolate Cream Biscuits | Made With Real Chocolate,Origami Luncheon Tissue Paper Napkins - 32 X 32 cm - 50 Serviettes,0.3812240694931425
Kurkure Green Chutney Style (68.0 GRAM),Origami Luncheon Tissue Paper Napkins - 32 X 32 cm - 50 Serviettes,0.3812086228128551
Lay's Potato Chips - Sizzling Hot Spicy Flavour,Max Protein Choco Chips Flavoured Biscuits | Maida-free,0.3811163643158266
Bingo! Mad Angles Achaari Masti Crisps,Kurkure Green Chutney Style (68.0 GRAM),0.3806027148279906
Bauli Moonfils Croissants Choco Cream,Haldiram's Moong Dal,0.3805385887577668
Haldiram's Masala Tasty Nuts (200.0 GRAM),Kurkure Green Chutney Style (68.0 GRAM),0.38053241943031246
Om Shanthi Havan Samagri | Cycle,Kinder Joy - Single Pack - Assorted,0.38050607469685227
MAGGI Pazzta Instant Pasta - Cheese Macaroni,Lay's American Cream & Onion Potato Chips (48.0 GRAM),0.379472370386013
Britannia The Original Bourbon Chocolate Cream Biscuits | Trans Fat-free,Kurkure Solid Masti Masala Twisteez (61.0 GRAM),0.37943713434288145
Daily Good Sooji / Rava (1.0 KILOGRAM),Lay's India's Magic Masala Potato Chips,0.3794043916778167
Balaji Cream & Onion Wafers (135.0 GRAM),Haldiram's Soan Papdi,0.3792982476069308
Sunfeast All Rounder Crunchy Potato Chatpata Masala Flavoured Crackers | Trans Fat-free,Kurkure Solid Masti Masala Twisteez (61.0 GRAM),0.3781756294471812
Om Shanthi Havan Samagri | Cycle,Haldiram's Lite Chiwda (200.0 GRAM),0.37787657089473664
Sunfeast Dark Fantasy Chocolate Cream Biscuits | Made With Real Chocolate,Kurkure Yummy PuffCorn Yummy Cheese Chips,0.3774199566929652
Haldiram's Soan Papdi,Max Protein Choco Chips Flavoured Biscuits | Maida-free,0.3773500803439499
Sunfeast Dark Fantasy Bourbon Chocolate Cream Biscuits | Trans Fat-free,Cheetos Masala Balls (28.0 GRAM),0.3770592138997143
Nestle Milkmaid Partly Skimmed Sweetened Condensed Milk,Kurkure Masala Munch,0.3766678143184436
Chheda's Mix Farsan (170.0 GRAM),Maggi Masala-ae-Magic Sabzi Masala,0.376463839315869
"Eveready Ultima Alkaline AAA Battery, 400% Longer Lasting",Haldiram's Moong Dal,0.37605889037709916
Sunfeast Dark Fantasy Chocolate Cream Biscuits | Made With Real Chocolate,Britannia 50-50 Maska Chaska Biscuits Butter Flavoured Crackers | Trans Fat-free,0.37593430534607003
Kurkure Green Chutney Style (68.0 GRAM),Britannia 50-50 Maska Chaska Biscuits Butter Flavoured Crackers | Trans Fat-free,0.37559701767919895
BAY6 Dishwashbar,Cheetos Cheese Puffs (28.0 GRAM),0.3754935943036461
Lay's India's Magic Masala Potato Chips,Max Protein Choco Chips Flavoured Biscuits | Maida-free,0.37524637196940197
Ezee Medium Garbage Bags 19x 21 Inch (30.0 PIECE),Kurkure Solid Masti Masala Twisteez (61.0 GRAM),0.375104309923203
Chheda's Long Masala Banana Chips (170.0 GRAM),YiPPee! Magic Masala Noodles with Added Veggies - The Better Noodles,0.375079787404225
Kinder Joy - Single Pack - Assorted,Cheetos Cheese Puffs (28.0 GRAM),0.37499881940295654
Om Shanthi Havan Samagri | Cycle,Haldiram Aloo Bhujia ,0.374879468921525
Haldiram's Moong Dal,Aashirvaad 100% Chana Dal Besan (500.0 GRAM),0.37484413638738634
RiteBite Max Protein 10g Protein Bar Choco Almond,Cheetos Masala Balls (28.0 GRAM),0.3748408423910178
Sunfeast All Rounder Crunchy Potato Chatpata Masala Flavoured Crackers | Trans Fat-free,Sunfeast Dark Fantasy Bourbon Chocolate Cream Biscuits | Trans Fat-free,0.3747445531297876
Origami 3 Ply Toilet Tissue Paper Roll - 160 Pulls Per Roll (1.0 PIECE),Origami Luncheon Tissue Paper Napkins - 32 X 32 cm - 50 Serviettes,0.37459952008883546
Nova Nova Waffle Chips- Classic Chocolate Drizzle,YiPPee! Magic Masala Noodles with Added Veggies - The Better Noodles,0.37448724429616154
Ezee Small Garbage Bags 17 x 19 Inch (30.0 PIECE),Cheetos Masala Balls (28.0 GRAM),0.37425282172860275
Lay's India's Magic Masala Potato Chips,Aashirvaad 100% Chana Dal Besan (500.0 GRAM),0.37420748893052813
Nestle Milkmaid Partly Skimmed Sweetened Condensed Milk,Haldiram's Bhujia Sev (200.0 GRAM),0.3741800845561967
Max Protein Choco Chips Flavoured Biscuits | Maida-free,Origami Luncheon Tissue Paper Napkins - 32 X 32 cm - 50 Serviettes,0.37413739134606205
Haldiram's Moong Dal,Let's Try Salted Peanuts,0.37385905148462234
BAY6 Dishwashbar,YiPPee! Magic Masala Noodles with Added Veggies - The Better Noodles,0.37332664333243376
Origami Luncheon Tissue Paper Napkins - 32 X 32 cm - 50 Serviettes,Cheetos Cheese Puffs (28.0 GRAM),0.3732301217304919
Nova Nova Waffle Chips- Classic Chocolate Drizzle,Kurkure Solid Masti Masala Twisteez (61.0 GRAM),0.3731841380896853
RiteBite Max Protein 10g Protein Bar Choco Almond,Chheda's Yellow Banana Chips (170.0 GRAM),0.37312386857173935
Bingo! Mad Angles Very Peri Peri Crisps,Kurkure Green Chutney Style (68.0 GRAM),0.3730418726358785
MAGGI Pazzta Instant Pasta - Cheese Macaroni,Sunfeast Dark Fantasy Bourbon Chocolate Cream Biscuits | Trans Fat-free,0.3724453767880995
Sunfeast Dark Fantasy Chocolate Cream Biscuits | Made With Real Chocolate,Daily Good Raw Peanut - Singdana,0.37228664087177277
Nova Nova Waffle Chips- Classic Chocolate Drizzle,Cheetos Cheese Puffs (28.0 GRAM),0.37216156923474
Britannia Good Day Cashew Dry Fruit Biscuits| Trans Fat-free,RiteBite Max Protein 10g Protein Bar Choco Almond,0.3720721426681339
Bauli Moonfils Croissants Choco Cream,YiPPee! Magic Masala Noodles with Added Veggies - The Better Noodles,0.37195028962544885
Om Shanthi Havan Samagri | Cycle,Max Protein Choco Chips Flavoured Biscuits | Maida-free,0.3719366512218407
Kinder Joy - Single Pack - Assorted,Sunfeast Dark Fantasy Bourbon Chocolate Cream Biscuits | Trans Fat-free,0.37148928969180367
BAY6 Dishwashbar,Aashirvaad 100% Chana Dal Besan (500.0 GRAM),0.3711773423050786
Daily Good Sooji / Rava (1.0 KILOGRAM),Maggi Masala-ae-Magic Sabzi Masala,0.3705153360637934
Aashirvaad 100% Chana Dal Besan (500.0 GRAM),Kurkure Masala Munch,0.37044229347784186
Maggi Masala-ae-Magic Sabzi Masala,Balaji Simply Salted Chips (135.0 GRAM),0.37012460774456934
Kinder Joy - Single Pack - Assorted,RiteBite Max Protein 10g Protein Bar Choco Almond,0.3698738774520852
Chheda's Small Bhakarwadi,Bingo! Mad Angles Achaari Masti Crisps,0.36984788781521993
Tang Mango Instant Drink Mix,Cheetos Masala Balls (28.0 GRAM),0.36951102445057143
Ezee Small Garbage Bags 17 x 19 Inch (30.0 PIECE),Cheetos Cheese Puffs (28.0 GRAM),0.3693270053113571
Bingo! Mad Angles Very Peri Peri Crisps,Max Protein Choco Chips Flavoured Biscuits | Maida-free,0.3690534213674079
Balaji Cream & Onion Wafers (135.0 GRAM),RiteBite Max Protein 10g Protein Bar Choco Almond,0.36880040440062467
Bauli Moonfils Croissants Choco Cream,Cheetos Masala Balls (28.0 GRAM),0.36838933650285904
"Eveready Ultima Alkaline AAA Battery, 400% Longer Lasting",Cheetos Cheese Puffs (28.0 GRAM),0.36835694352694986
Haldiram's Masala Tasty Nuts (200.0 GRAM),Kurkure Solid Masti Masala Twisteez (61.0 GRAM),0.3675073595763251
Sunfeast Dark Fantasy Chocolate Cream Biscuits | Made With Real Chocolate,Aashirvaad 100% Chana Dal Besan (500.0 GRAM),0.3671260303568422
Parle Shakti Milk Glucose Biscuits | Cholesterol-free and Trans Fat-free,Haldiram's All In One Mixture,0.36676199141099003
Balaji Tomato Wafers (135.0 GRAM),RiteBite Max Protein 10g Protein Bar Choco Almond,0.36675378728408403
Nova Nova Waffle Chips- Classic Chocolate Drizzle,Aashirvaad 100% Chana Dal Besan (500.0 GRAM),0.3666462476582105
Haldiram's Soan Papdi,YiPPee! Magic Masala Noodles with Added Veggies - The Better Noodles,0.3666258708471962
Ezee Medium Garbage Bags 19x 21 Inch (30.0 PIECE),RiteBite Max Protein 10g Protein Bar Choco Almond,0.3665519919829573
Daily Good Sooji / Rava (1.0 KILOGRAM),Kurkure Solid Masti Masala Twisteez (61.0 GRAM),0.36651215733047954
Sunfeast All Rounder Crunchy Potato Chatpata Masala Flavoured Crackers | Trans Fat-free,RiteBite Max Protein 10g Protein Bar Choco Almond,0.3662972342350096
Lay's India's Magic Masala Potato Chips,Cheetos Cheese Puffs (28.0 GRAM),0.365697603248305
Max Protein Choco Chips Flavoured Biscuits | Maida-free,Aashirvaad 100% Chana Dal Besan (500.0 GRAM),0.36553405371184583
Bauli Moonfils Croissants Choco Cream,Kurkure Masala Munch,0.3654384830855419
Sunfeast Dark Fantasy Bourbon Chocolate Cream Biscuits | Trans Fat-free,Chheda's Yellow Banana Chips (170.0 GRAM),0.3651197233422566
Parle Shakti Milk Glucose Biscuits | Cholesterol-free and Trans Fat-free,Modern Kitchens Butter Murukku,0.36503771807817864
Haldiram's Soan Papdi,Kurkure Green Chutney Style (68.0 GRAM),0.364352529535451
Max Protein Choco Chips Flavoured Biscuits | Maida-free,YiPPee! Magic Masala Noodles with Added Veggies - The Better Noodles,0.36372176785744925
Kinder Joy - Single Pack - Assorted,Haldiram's Moong Dal,0.3636792841925494
Tang Mango Instant Drink Mix,Origami Luncheon Tissue Paper Napkins - 32 X 32 cm - 50 Serviettes,0.3635211465511212
Britannia Good Day Cashew Dry Fruit Biscuits| Trans Fat-free,Kurkure Red Chilli Chataka Chips (68.0 GRAM),0.3633564794827444
BAY6 Dishwashbar,Origami Luncheon Tissue Paper Napkins - 32 X 32 cm - 50 Serviettes,0.3633180904714949
Haldiram's Masala Tasty Nuts (200.0 GRAM),Chheda's Yellow Banana Chips (170.0 GRAM),0.36330854664187995
Sunfeast All Rounder Crunchy Potato Chatpata Masala Flavoured Crackers | Trans Fat-free,Max Protein Choco Chips Flavoured Biscuits | Maida-free,0.3629958663367003
Bingo! Mad Angles Very Peri Peri Crisps,Cheetos Masala Balls (28.0 GRAM),0.362951673661661
Cheetos Masala Balls (28.0 GRAM),Aashirvaad 100% Chana Dal Besan (500.0 GRAM),0.36277020171832386
MAGGI 2-Minute Instant Noodles | Masala Noodles | Made With Quality Spices,Max Protein Choco Chips Flavoured Biscuits | Maida-free,0.36205865885876737
Bingo! Mad Angles Very Peri Peri Crisps,Origami Luncheon Tissue Paper Napkins - 32 X 32 cm - 50 Serviettes,0.36200455037500817
Aashirvaad 100% Chana Dal Besan (500.0 GRAM),Cheetos Masala Balls (28.0 GRAM),0.36149001320796376
Cheetos Masala Balls (28.0 GRAM),Origami Luncheon Tissue Paper Napkins - 32 X 32 cm - 50 Serviettes,0.36146278842843116
Haldiram's Soan Papdi,Sunfeast Dark Fantasy Bourbon Chocolate Cream Biscuits | Trans Fat-free,0.36122104166036023
Parle Shakti Milk Glucose Biscuits | Cholesterol-free and Trans Fat-free,Haldiram's Mini Bhakarwadi,0.3612106119501729
Dabur Real Litchi Fruit Juice,Kurkure Solid Masti Masala Twisteez (61.0 GRAM),0.36074487934794197
Dabur Real Litchi Fruit Juice,Origami Luncheon Tissue Paper Napkins - 32 X 32 cm - 50 Serviettes,0.36051860884974496
Sunfeast Yippee! Korean Noodles Fiery Hot,Origami Luncheon Tissue Paper Napkins - 32 X 32 cm - 50 Serviettes,0.3604190966154411
"Eveready Ultima Alkaline AAA Battery, 400% Longer Lasting",YiPPee! Magic Masala Noodles with Added Veggies - The Better Noodles,0.3602177489279992
MAGGI 2-Minute Instant Noodles | Masala Noodles | Made With Quality Spices,Kurkure Green Chutney Style (68.0 GRAM),0.36016885238588536
Britannia Good Day Cashew Dry Fruit Biscuits| Trans Fat-free,Chheda's Small Bhakarwadi,0.35949100191376415
Bingo! Mad Angles Achaari Masti Crisps,Parle Hide & Seek Chocolate Chip Biscuits | Trans Fat-free,0.3594159285697595
Sunfeast Dark Fantasy Bourbon Chocolate Cream Biscuits | Trans Fat-free,Aashirvaad 100% Chana Dal Besan (500.0 GRAM),0.3590192213602198
Dabur Real Litchi Fruit Juice,Haldiram's Moong Dal,0.3588572101650719
Daily Good Sooji / Rava (1.0 KILOGRAM),Cheetos Masala Balls (28.0 GRAM),0.3588318048836824
Balaji Cream & Onion Wafers (135.0 GRAM),Chheda's Salt & Pepper Banana Chips,0.35875574055481185
Balaji Tomato Wafers (135.0 GRAM),Max Protein Choco Chips Flavoured Biscuits | Maida-free,0.3586030731591709
Max Protein Choco Chips Flavoured Biscuits | Maida-free,Kurkure Green Chutney Style (68.0 GRAM),0.3579409282547288
"Eveready Ultima Alkaline AAA Battery, 400% Longer Lasting",BAY6 Dishwashbar,0.35758101352333643
Bingo! Mad Angles Achaari Masti Crisps,Max Protein Choco Chips Flavoured Biscuits | Maida-free,0.3574011958867343
Sunfeast All Rounder Crunchy Potato Chatpata Masala Flavoured Crackers | Trans Fat-free,Haldiram's Moong Dal,0.35721230507189417
Kurkure Green Chutney Style (68.0 GRAM),Haldiram's Moong Dal,0.35617671800260997
Origami Luncheon Tissue Paper Napkins - 32 X 32 cm - 50 Serviettes,Cheetos Masala Balls (28.0 GRAM),0.3561651978310314
Nova Nova Waffle Chips- Classic Chocolate Drizzle,Sunfeast Dark Fantasy Bourbon Chocolate Cream Biscuits | Trans Fat-free,0.35589437822437486
Nova Nova Waffle Chips- Classic Chocolate Drizzle,BAY6 Dishwashbar,0.35579426867964414
Sunfeast Dark Fantasy Chocolate Cream Biscuits | Made With Real Chocolate,Catch Jeera Whole (100.0 GRAM),0.3551321055364182
Sunfeast Yippee! Korean Noodles Fiery Hot,Max Protein Choco Chips Flavoured Biscuits | Maida-free,0.3548064458343364
Dabur Real Litchi Fruit Juice,Haldiram's Masala Tasty Nuts (200.0 GRAM),0.3544113259768212
Sunfeast Yippee! Korean Noodles Fiery Hot,Sunfeast Dark Fantasy Chocolate Cream Biscuits | Made With Real Chocolate,0.3543485802160881
Sunfeast Yippee! Korean Noodles Fiery Hot,Kurkure Solid Masti Masala Twisteez (61.0 GRAM),0.354020985601536
"Eveready Ultima Alkaline AAA Battery, 400% Longer Lasting",Sunfeast Dark Fantasy Bourbon Chocolate Cream Biscuits | Trans Fat-free,0.3513083786553419
Parle Krack Jack Sweet and Salty Plain Crackers | Artificial Colour-free,Chheda's Mix Farsan (170.0 GRAM),0.35117932819628445
Parle Krack Jack Sweet and Salty Plain Crackers | Artificial Colour-free,Kurkure Masala Munch,0.35009245528276667
Origami 3 Ply Toilet Tissue Paper Roll - 160 Pulls Per Roll (1.0 PIECE),Cheetos Masala Balls (28.0 GRAM),0.35007727772499664
Bingo! Mad Angles Very Peri Peri Crisps,Haldiram's Moong Dal,0.3499859335142031
Balaji Cream & Onion Wafers (135.0 GRAM),Max Protein Choco Chips Flavoured Biscuits | Maida-free,0.34985291255554385
Tang Mango Instant Drink Mix,Cheetos Cheese Puffs (28.0 GRAM),0.3497302157446413
Tang Mango Instant Drink Mix,Haldiram's Moong Dal,0.3496556074848681
Tang Mango Instant Drink Mix,BAY6 Dishwashbar,0.34953743735144444
MAGGI 2-Minute Instant Noodles | Masala Noodles | Made With Quality Spices,YiPPee! Magic Masala Noodles with Added Veggies - The Better Noodles,0.34904298902168357
Dabur Real Litchi Fruit Juice,Kinder Joy - Single Pack - Assorted,0.3487492479929897
Haldiram's Soan Papdi,Cheetos Masala Balls (28.0 GRAM),0.34869686077628065
Haldiram's Soan Papdi,RiteBite Max Protein 10g Protein Bar Choco Almond,0.34869606264299746
Origami 3 Ply Toilet Tissue Paper Roll - 160 Pulls Per Roll (1.0 PIECE),Sunfeast Dark Fantasy Choco Centre Fills | Preservative-free,0.3485785804482374
Origami 3 Ply Toilet Tissue Paper Roll - 160 Pulls Per Roll (1.0 PIECE),Daily Good Pistachios California Salted,0.34844629570417485
Kinder Joy - Single Pack - Assorted,Origami Luncheon Tissue Paper Napkins - 32 X 32 cm - 50 Serviettes,0.3481685647332941
Sunfeast Yippee! Korean Noodles Fiery Hot,Aashirvaad 100% Chana Dal Besan (500.0 GRAM),0.3477592134530231
Parle Shakti Milk Glucose Biscuits | Cholesterol-free and Trans Fat-free,Haldirams Namkeen - Mini Samosa,0.3458071659499792
Kinder Joy - Single Pack - Assorted,Kurkure Solid Masti Masala Twisteez (61.0 GRAM),0.3454358261167515
Parle Shakti Milk Glucose Biscuits | Cholesterol-free and Trans Fat-free,Haldiram's Panchratan Mixture,0.3442462755611216
Sunfeast Yippee! Korean Noodles Fiery Hot,Lay's American Cream & Onion Potato Chips (48.0 GRAM),0.34423271953287493
Nova Nova Waffle Chips- Classic Chocolate Drizzle,Origami Luncheon Tissue Paper Napkins - 32 X 32 cm - 50 Serviettes,0.34343316173469185
"Eveready Ultima Alkaline AAA Battery, 400% Longer Lasting",RiteBite Max Protein 10g Protein Bar Choco Almond,0.3432351894006251
MAGGI 2-Minute Instant Noodles | Masala Noodles | Made With Quality Spices,Origami Luncheon Tissue Paper Napkins - 32 X 32 cm - 50 Serviettes,0.3428027934998006
Bingo! Mad Angles Very Peri Peri Crisps,Aashirvaad 100% Chana Dal Besan (500.0 GRAM),0.34276752527968346
MAGGI 2-Minute Instant Noodles | Masala Noodles | Made With Quality Spices,Cheetos Masala Balls (28.0 GRAM),0.342057147338307
Kinder Joy - Single Pack - Assorted,Kurkure Green Chutney Style (68.0 GRAM),0.3402459032190481
Parle Shakti Milk Glucose Biscuits | Cholesterol-free and Trans Fat-free,Cheetos Masala Balls (28.0 GRAM),0.33540168271811477
Balaji Tomato Wafers (135.0 GRAM),Sunfeast Dark Fantasy Bourbon Chocolate Cream Biscuits | Trans Fat-free,0.33513638780483257
Sunfeast All Rounder Crunchy Potato Chatpata Masala Flavoured Crackers | Trans Fat-free,Cheetos Cheese Puffs (28.0 GRAM),0.3346434783458411
Dabur Real Litchi Fruit Juice,YiPPee! Magic Masala Noodles with Added Veggies - The Better Noodles,0.3342567855438981
Sunfeast Yippee! Korean Noodles Fiery Hot,Britannia 50-50 Maska Chaska Biscuits Butter Flavoured Crackers | Trans Fat-free,0.33379205277516655
Origami 3 Ply Toilet Tissue Paper Roll - 160 Pulls Per Roll (1.0 PIECE),Aashirvaad 100% Chana Dal Besan (500.0 GRAM),0.33132141456576275
Origami 3 Ply Toilet Tissue Paper Roll - 160 Pulls Per Roll (1.0 PIECE),Max Protein Choco Chips Flavoured Biscuits | Maida-free,0.3300683724504203
Sunfeast All Rounder Crunchy Potato Chatpata Masala Flavoured Crackers | Trans Fat-free,Kurkure Green Chutney Style (68.0 GRAM),0.3299929574747241
Haldiram's Soan Papdi,BAY6 Dishwashbar,0.3287773475143357
Balaji Tomato Wafers (135.0 GRAM),Cheetos Masala Balls (28.0 GRAM),0.3285391920546423
Parle Krack Jack Sweet and Salty Plain Crackers | Artificial Colour-free,Daily Good Pistachios California Salted,0.3283635323748195
Sunfeast All Rounder Crunchy Potato Chatpata Masala Flavoured Crackers | Trans Fat-free,Chheda's Yellow Banana Chips (170.0 GRAM),0.3277103683353684
Balaji Cream & Onion Wafers (135.0 GRAM),Maggi Masala-ae-Magic Sabzi Masala,0.32727648581025504
Origami 3 Ply Toilet Tissue Paper Roll - 160 Pulls Per Roll (1.0 PIECE),RiteBite Max Protein 10g Protein Bar Choco Almond,0.320931036577747
Balaji Cream & Onion Wafers (135.0 GRAM),MAGGI Pazzta Instant Pasta - Cheese Macaroni,0.3207342062224251
"Eveready Ultima Alkaline AAA Battery, 400% Longer Lasting",Origami Luncheon Tissue Paper Napkins - 32 X 32 cm - 50 Serviettes,0.3198597490133913
Origami 3 Ply Toilet Tissue Paper Roll - 160 Pulls Per Roll (1.0 PIECE),Lay's American Cream & Onion Potato Chips (48.0 GRAM),0.3192465463471091
"Eveready Ultima Alkaline AAA Battery, 400% Longer Lasting",Chheda's Yellow Banana Chips (170.0 GRAM),0.3184044373635452
Haldiram's Soan Papdi,Crax Crunchy Pipes Salted Puff Snacks,0.31788763866741754
Haldiram's Soan Papdi,Kinder Joy - Single Pack - Assorted,0.31390349807588186
Haldiram's Soan Papdi,Haldiram's Lite Chiwda (200.0 GRAM),0.31202205415715056
Balaji Tomato Wafers (135.0 GRAM),MAGGI Pazzta Instant Pasta - Cheese Macaroni,0.31136017651781106
"Eveready Ultima Alkaline AAA Battery, 400% Longer Lasting",Kinder Joy - Single Pack - Assorted,0.30851441470235885
