sku1,sku2,association_composite_score
Nescafe Cafe Style Iced Latte Cold Coffee (170.0 MILLILITRE),Sunfeast Nice Biscuit Coconut Flavoured Biscuits | Trans Fat-free,0.8269662921348315
Balaji Cream & Onion Wafers (135.0 GRAM),Balaji Tomato Wafers (135.0 GRAM),0.7956288790963256
Sunfeast Nice Biscuit Coconut Flavoured Biscuits | Trans Fat-free,Nescafe Cafe Style Iced Latte Cold Coffee (170.0 MILLILITRE),0.7701298701298702
The Healthy Binge Ragi Baked Chips Chatpata Chaat- High Protein & Fibre (40.0 GRAM),Crax Crunchy Pipes Salted Puff Snacks,0.7492967549707021
Lay's Potato Chips - Chile Lemon Flavour,Lay's American Cream & Onion Potato Chips (48.0 GRAM),0.7247265427249716
ACT II Ready to Eat Caramel Popcorn - Classic Caramel Bliss (35.0 GRAM),Society Natural Tea (250.0 GRAM),0.7208670733185969
Haldirams Soya Sticks,Tata Sampann 100% Chana Dal Fine Besan,0.7205441115526194
Modern Kitchens Potato Chips Salted (70.0 GRAM),Crax Crunchy Pipes Salted Puff Snacks,0.7109629824344847
Too Yumm! Noodles Masala | Spicy No Palm Oil Crisps (67.0 GRAM),ACT II Ready to Eat Popcorn - Sour Cream & Cheese Popcorn (50.0 GRAM),0.7031756869995267
Heka Bites Roasted Jowar Puffs Majestic Masala - Low Calorie & Healthy Snacks,Haldiram's Salted Peanut,0.7030852804641552
The Healthy Binge Quinoa Baked Chips Smokey Bbq -High Protein And Fibre (40.0 GRAM),Crax Crunchy Pipes Salted Puff Snacks,0.7029459814369466
Too Yumm! Karare Chilli Achari Flavour | Tangy | No Palm Oil Crisps,Uncle Chipps - Spicy Treat,0.6981547987616098
Lay's Potato Chips - Chile Lemon Flavour,Sunfeast Dark Fantasy Choco Centre Fills | Preservative-free,0.6953978402037815
Piknik Classic Tomato Chilli,Crax Crunchy Pipes Salted Puff Snacks,0.6908954788980275
Lay's Potato Chips - Chile Lemon Flavour,Kurkure Yummy PuffCorn Yummy Cheese Chips,0.6826332342844736
Let's Try Purani Delhi Methi Mathri,YiPPee! Magic Masala Noodles with Added Veggies - The Better Noodles,0.6807462525741105
Haldirams Namkeen - Mini Samosa,Haldiram's Mini Bhakarwadi,0.6792924636908267
Lets Try Lite Mixture (180.0 GRAM),Society Natural Tea (250.0 GRAM),0.6721571223656626
Haldirams Namkeen - Mini Samosa,Haldiram's All In One Mixture,0.6720564946331451
"Ching's Secret Veg Hakka Noodles, Cooks In 5-7 mins, Just Soak & Drain",Palekar Knot Premium Salty Khari | Preservative-free,0.6685724460764724
Lal Sweets Motichoor Laddu,Om Shanthi Havan Samagri | Cycle,0.6682385398981324
Crax Corn Rings Masala Mania Puff Snacks,Chheda's Yellow Banana Chips (170.0 GRAM),0.6663451942927227
ACT II Ready to Eat Popcorn - Sour Cream & Cheese Popcorn (50.0 GRAM),Too Yumm! Noodles Masala | Spicy No Palm Oil Crisps (67.0 GRAM),0.6636427128141182
Let's Try Lite Snacks Sticks | Vrat | Fasting Special,Society Natural Tea (250.0 GRAM),0.6633448781241215
Chheda's Farali Potato Chivda (170.0 GRAM),Daily Good Raw Peanut - Singdana,0.6629230093805704
Britannia Nutrichoice High-Fibre Digestive Biscuits,Britannia Marie Gold Biscuits Plain | Trans Fat-free,0.6618369672057903
Haldirams Namkeen - Mini Samosa,Haldiram's Panchratan Mixture,0.6596644134097382
Pintola High Protein Oats Dark Chocolate With Almonds Raisin Pumpkin And Chia Seeds,Society Natural Tea (250.0 GRAM),0.6583055872395126
Let's Try Lite Snacks Sticks | Vrat | Fasting Special,Uncle Chipps - Spicy Treat,0.6569880296408892
Too Yumm! Karare Chilli Achari Flavour | Tangy | No Palm Oil Crisps,Society Natural Tea (250.0 GRAM),0.6552644465531582
Lay's Potato Chips - Chile Lemon Flavour,MAGGI Pazzta Instant Pasta - Cheese Macaroni,0.6493059058722419
Daily Good Chilli With Stem / Guntur With Stem,Haldiram's Mini Bhakarwadi,0.6476574653016353
Crax Corn Rings Masala Mania Puff Snacks,Chheda's Golden Plain Salted Chips (170.0 GRAM),0.6475521366927711
Let's Try Lite Snacks Sticks | Vrat | Fasting Special,YiPPee! Magic Masala Noodles with Added Veggies - The Better Noodles,0.647275766043682
Lay's India's Magic Masala Potato Chips (67.0 GRAM),YiPPee! Magic Masala Noodles with Added Veggies - The Better Noodles,0.6460888384784939
Chheda's Farali Potato Chivda (170.0 GRAM),Cadbury Oreo Vanilla Flavour Creme Sandwich Biscuit Mega Family Pack,0.6444387266515488
Colombian Brew Original Instant Coffee Sachets | 40 Sachets,Britannia Marie Gold Biscuits Plain | Trans Fat-free,0.6435333860501895
Let's Try Soya Sticks (160.0 GRAM),YiPPee! Magic Masala Noodles with Added Veggies - The Better Noodles,0.6431449156629098
Mr Makhana Super Snack - Himalayan Salt And Pepper,Haldiram's Salted Peanut,0.6409928130842864
Nescafe Cafe Style Iced Latte Cold Coffee (170.0 MILLILITRE),Kurkure Red Chilli Chataka Chips (68.0 GRAM),0.6406990642501826
Cadbury Oreo Chocolate Flavour Creme Sandwich Biscuit Family Pack,Daily Good Cashew | W320 (100.0 GRAM),0.6404927760577915
Piknik Classic Tomato Chilli,Om Shanthi Havan Samagri | Cycle,0.640395267402377
The Healthy Binge Quinoa Baked Chips Smokey Bbq -High Protein And Fibre (40.0 GRAM),Haldiram's Lite Chiwda (200.0 GRAM),0.6401216873787618
Bhagirathi Jowar Atta (500.0 GRAM),YiPPee! Magic Masala Noodles with Added Veggies - The Better Noodles,0.6399642190097629
Haldirams Soya Sticks,Lay's Spanish Tomato Tango Potato Chips,0.6388108362806488
Snapin Oregano Pizza Seasoning Sachet Pouch,Haldiram's Mini Bhakarwadi,0.6387339759319972
Britannia Nutrichoice High-Fibre Digestive Biscuits,YiPPee! Magic Masala Noodles with Added Veggies - The Better Noodles,0.6375205991848545
Amul Taaza Homogenised Toned Milk (Tetra Pack),Daily Good Raw Peanut - Singdana,0.6368292313517606
Palekar Knot Premium Salty Khari | Preservative-free,Crax Crunchy Pipes Salted Puff Snacks,0.6358563041812624
Lal Sweets Motichoor Laddu,Crax Crunchy Pipes Salted Puff Snacks,0.6346598003830718
Crax Corn Rings Masala Mania Puff Snacks,Bingo! Mad Angles Masala Madness Crisps,0.634199727506686
Too Yumm! Karare Munchy Masala | Spicy | No Palm Oil Crisps,Lay's Spanish Tomato Tango Potato Chips,0.6326528704037491
Haldiram's All In One Mixture,Haldiram's Mini Bhakarwadi,0.6323851454721875
Vim Lemon Dishwash Bar,Kurkure Yummy PuffCorn Yummy Cheese Chips,0.6322454447146246
Sunfeast Dark Fantasy Choco Centre Fills | Preservative-free,Lay's Potato Chips - Chile Lemon Flavour,0.6320304237075305
Lets Try Lite Mixture (180.0 GRAM),Uncle Chipps - Spicy Treat,0.6307543197616683
Kurkure Playz Puffcorn Yummy Cheese,YiPPee! Magic Masala Noodles with Added Veggies - The Better Noodles,0.6291309689074033
Orbit Sugar Free Spearmint Chewing Gum Tube (19800.0 MILLIGRAM),YiPPee! Magic Masala Noodles with Added Veggies - The Better Noodles,0.6285313070361679
Haldiram's Mini Bhakarwadi,Haldiram's Panchratan Mixture,0.6269214168282352
Balaji Simply Salted Chips (135.0 GRAM),YiPPee! Magic Masala Noodles with Added Veggies - The Better Noodles,0.62535369678826
Kurkure Yummy PuffCorn Yummy Cheese Chips,Lay's American Cream & Onion Potato Chips (48.0 GRAM),0.6253276783745214
Haldiram's Panchratan Mixture,Haldiram's Mini Bhakarwadi,0.6241332297586049
Lay's American Cream & Onion Potato Chips,Britannia Marie Gold Biscuits Plain | Trans Fat-free,0.6238769878043006
YiPPee! Suji Tricolor Creamy Corn Pasta,Uncle Chipps - Spicy Treat,0.623693637077769
Daily Good Till - Sesame White (100.0 GRAM),Let's Try Namkeen Combo Pack Of 6 (Crunchy Party Mix Peanut Party Mix Aloo Bhujia),0.6234643663662442
Haldirams Soya Sticks,Uncle Chipps - Spicy Treat,0.62302527973477
Nescafe Cafe Style Iced Latte Cold Coffee (170.0 MILLILITRE),Britannia 50-50 Maska Chaska Biscuits Butter Flavoured Crackers | Trans Fat-free,0.6229660887691291
"Paper Boat Mango | Juicy Sips, Chewy Bites | Refreshing Summer Juice Drink",Crax Crunchy Pipes Salted Puff Snacks,0.6226092978441528
Tata Sampann 100% Chana Dal Fine Besan,Haldirams Soya Sticks,0.6219568026132956
Nescafe Cafe Style Iced Latte Cold Coffee (170.0 MILLILITRE),Daily Good Tamarind / Imli (200.0 GRAM),0.621335136694312
Palekar Jeeo Butter | Toasted Buns With Jeera And Khari | Trans Fat-free,YiPPee! Magic Masala Noodles with Added Veggies - The Better Noodles,0.6212064240317122
Haldirams Soya Sticks,MAGGI 2-Minute Instant Noodles | Masala Noodles | Made With Quality Spices,0.6205563361062538
ACT II Ready to Eat Caramel Popcorn - Classic Caramel Bliss (35.0 GRAM),YiPPee! Magic Masala Noodles with Added Veggies - The Better Noodles,0.620457288269893
Rajam Banana Chips (150.0 GRAM),Daily Good Raw Peanut - Singdana,0.6192522037348331
Colombian Brew Original Instant Coffee Sachets | 40 Sachets,YiPPee! Magic Masala Noodles with Added Veggies - The Better Noodles,0.6190790047713298
Palekar Knot Premium Salty Khari | Preservative-free,"Ching's Secret Veg Hakka Noodles, Cooks In 5-7 mins, Just Soak & Drain",0.6187716792168376
Too Yumm! Noodles Masala | Spicy No Palm Oil Crisps (67.0 GRAM),Society Natural Tea (250.0 GRAM),0.6176722860957476
Let's Try Kerala Garlic Mix (180.0 GRAM),Society Natural Tea (250.0 GRAM),0.6175478657657789
Nescafe Cafe Style Iced Latte Cold Coffee (170.0 MILLILITRE),Daily Good Cashew | W320 (100.0 GRAM),0.6174755240160326
Uncle Chipps - Spicy Treat,Society Natural Tea (250.0 GRAM),0.6172636282209565
Nescafe Cafe Style Iced Latte Cold Coffee (170.0 MILLILITRE),Cheetos Cheese Puffs (28.0 GRAM),0.6168182342674994
Haldirams Soya Sticks,Britannia Marie Gold Biscuits Plain | Trans Fat-free,0.6165083619640923
Haldirams Soya Sticks,YiPPee! Magic Masala Noodles with Added Veggies - The Better Noodles,0.6158358783764164
Pintola High Protein Oats Dark Chocolate With Almonds Raisin Pumpkin And Chia Seeds,YiPPee! Magic Masala Noodles with Added Veggies - The Better Noodles,0.6157718000039438
Crax Corn Rings Masala Mania Puff Snacks,YiPPee! Magic Masala Noodles with Added Veggies - The Better Noodles,0.6157041375048175
Haldirams Namkeen - Mini Samosa,YiPPee! Magic Masala Noodles with Added Veggies - The Better Noodles,0.6156819771197936
Haldiram's Mini Bhakarwadi,Rajdhani Roasted Chana (200.0 GRAM),0.6149372307060741
"Aashirvaad Chilli Powder, Red Hot Chilli Powder with No Added Flavours and Colours",Rajdhani Roasted Chana (200.0 GRAM),0.6142498940100538
Society Natural Tea (250.0 GRAM),YiPPee! Magic Masala Noodles with Added Veggies - The Better Noodles,0.6141484395982693
Peppy Cheese Balls (55.0 GRAM),YiPPee! Magic Masala Noodles with Added Veggies - The Better Noodles,0.6134990382703897
Mr Makhana Super Snack - Himalayan Salt And Pepper,Crax Crunchy Pipes Salted Puff Snacks,0.6125129308520855
Haldiram's All In One Mixture,Rajdhani Roasted Chana (200.0 GRAM),0.6123052960076478
Yu 100% Whole Wheat Hakka Noodles,YiPPee! Magic Masala Noodles with Added Veggies - The Better Noodles,0.6121103292348721
Heka Bites Roasted Jowar Puffs Majestic Masala - Low Calorie & Healthy Snacks,YiPPee! Magic Masala Noodles with Added Veggies - The Better Noodles,0.6120340918044032
Let's Try Kerala Garlic Mix (180.0 GRAM),YiPPee! Magic Masala Noodles with Added Veggies - The Better Noodles,0.6119396420988777
Tulips Paper Stick Cotton Buds Jar (100.0 PIECE),YiPPee! Magic Masala Noodles with Added Veggies - The Better Noodles,0.6118123403218654
Haldiram's Mini Bhakarwadi,Haldiram's All In One Mixture,0.6116681062064404
Haldiram's All In One Mixture,Haldirams Namkeen - Mini Samosa,0.6110119348195294
Peppy Tomato Disc (55.0 GRAM),YiPPee! Magic Masala Noodles with Added Veggies - The Better Noodles,0.6108261997957124
Open Secret Arabian Dates (Khajur) With Seed,YiPPee! Magic Masala Noodles with Added Veggies - The Better Noodles,0.6104440751790119
Colombian Brew Original Instant Coffee Sachets | 40 Sachets,Haldiram's Salted Peanut,0.6095813590325638
Daily Good Chilli With Stem / Guntur With Stem,Daily Good Saunf / Fennel,0.6093767162471395
Britannia Good Day Chunkies Chocochip Cookies,MAGGI 2-Minute Instant Noodles | Masala Noodles | Made With Quality Spices,0.609164480660825
Beyond Snack Kerala Banana Chips - Peri Peri (70.0 GRAM),YiPPee! Magic Masala Noodles with Added Veggies - The Better Noodles,0.6083424575998686
Parle Marie Butter Marie Biscuits | Trans Fat-free,Daily Good Raw Peanut - Singdana,0.6081053606307242
Balaji Tomato Wafers (135.0 GRAM),Balaji Cream & Onion Wafers (135.0 GRAM),0.6080404357000992
Let's Try Potato Wafers | Vrat | Fasting Chips,YiPPee! Magic Masala Noodles with Added Veggies - The Better Noodles,0.6075505407160087
Nescafe Cafe Style Iced Latte Cold Coffee (170.0 MILLILITRE),Kurkure Green Chutney Style (68.0 GRAM),0.6072111771059868
Beyond Snack Kerala Banana Chips - with Coconut Oil & Rock Salt,YiPPee! Magic Masala Noodles with Added Veggies - The Better Noodles,0.60640381867017
Mr Makhana Super Snack - Himalayan Salt And Pepper,The Whole Truth Double Cocoa Protein Bar,0.6061872925557137
Haldiram's Mini Bhakarwadi,Haldiram's Salted Peanut,0.6051913518275263
Too Yumm! Karare Chilli Achari Flavour | Tangy | No Palm Oil Crisps,YiPPee! Magic Masala Noodles with Added Veggies - The Better Noodles,0.6050807633104315
Too Yumm! Karare Chilli Achari Flavour | Tangy | No Palm Oil Crisps,Lay's Spanish Tomato Tango Potato Chips,0.6048729801942406
Crax Corn Rings Masala Mania Puff Snacks,Cheetos Cheese Puffs (28.0 GRAM),0.6041555107280395
Bingo! Mad Angles Masala Madness Crisps,YiPPee! Magic Masala Noodles with Added Veggies - The Better Noodles,0.6041383499787385
Haldiram's All In One Mixture,Haldiram's Panchratan Mixture,0.6041329609672856
Haldiram's Panchratan Mixture,YiPPee! Magic Masala Noodles with Added Veggies - The Better Noodles,0.6040357188142131
Korean Nongshim Shin Ramyun Noodle Soup Veg,YiPPee! Magic Masala Noodles with Added Veggies - The Better Noodles,0.6036881723707066
Too Yumm! Karare Munchy Masala | Spicy | No Palm Oil Crisps,YiPPee! Magic Masala Noodles with Added Veggies - The Better Noodles,0.6033388157894737
Sunfeast Dark Fantasy Choco Centre Fills | Preservative-free,Lay's American Cream & Onion Potato Chips (48.0 GRAM),0.6030649304333996
Bingo! Original Style Chilli Sprinkled - Flat Cut Spicy Potato Chips Pack for Snacks,Daily Good Raw Peanut - Singdana,0.6028453048527108
Moov Fast Pain Relief Spray (50.0 GRAM),YiPPee! Magic Masala Noodles with Added Veggies - The Better Noodles,0.602570231310761
Snapin Oregano Pizza Seasoning Sachet Pouch,Scotch-Brite Scrub Sponge (Pack of 3),0.6023479152426521
Uncle Chipps - Spicy Treat,Lay's Spanish Tomato Tango Potato Chips,0.6023356852960475
"Ching's Secret Veg Hakka Noodles, Cooks In 5-7 mins, Just Soak & Drain",Crax Crunchy Pipes Salted Puff Snacks,0.6019289890111668
Let'S Try Roasted Chana (450.0 GRAM),YiPPee! Magic Masala Noodles with Added Veggies - The Better Noodles,0.6012038589041606
Maggi Pazzta Instant Pasta - Masala Penne (69.0 GRAM),Daily Good Raw Peanut - Singdana,0.6009370846572171
Haldiram's All In One Mixture,YiPPee! Magic Masala Noodles with Added Veggies - The Better Noodles,0.6009010616949416
Haldirams Namkeen - Mini Samosa,Rajdhani Roasted Chana (200.0 GRAM),0.600884002276628
Kurkure Yummy PuffCorn Yummy Cheese Chips,Britannia Treat Jimjam Naughty Jam Cream Biscuits | Trans Fat-free,0.6007747809074446
The Whole Truth Double Cocoa Protein Bar,Crax Crunchy Pipes Salted Puff Snacks,0.6004720783652495
The Whole Truth Double Cocoa Protein Bar,Haldiram's Salted Peanut,0.6003892591741362
Rajdhani Roasted Chana (200.0 GRAM),YiPPee! Magic Masala Noodles with Added Veggies - The Better Noodles,0.599301315046869
Let's Try Namkeen Combo Pack Of 6 (Crunchy Party Mix Peanut Party Mix Aloo Bhujia),YiPPee! Magic Masala Noodles with Added Veggies - The Better Noodles,0.5991918379977381
Haldiram's Panchratan Mixture,Rajdhani Roasted Chana (200.0 GRAM),0.5976546896197009
YiPPee! Suji Tricolor Creamy Corn Pasta,YiPPee! Magic Masala Noodles with Added Veggies - The Better Noodles,0.5974310395725029
Haldiram's Mini Bhakarwadi,Haldirams Namkeen - Mini Samosa,0.5973582738684069
Modern Kitchens Butter Murukku,YiPPee! Magic Masala Noodles with Added Veggies - The Better Noodles,0.5970165886258691
Nescafe Cafe Style Iced Latte Cold Coffee (170.0 MILLILITRE),Kurkure Masala Munch,0.5967598705951924
Moov Fast Pain Relief Spray (50.0 GRAM),Scotch-Brite Scrub Sponge (Pack of 3),0.5961046739984289
Kurkure Yummy PuffCorn Yummy Cheese Chips,Kurkure Green Chutney Style (68.0 GRAM),0.5960176328565041
Haldirams Soya Sticks,Scotch-Brite Scrub Sponge (Pack of 3),0.5959532631084116
Lets Try Lite Mixture (180.0 GRAM),YiPPee! Magic Masala Noodles with Added Veggies - The Better Noodles,0.5958414917235403
ACT II Ready to Eat Caramel Popcorn - Classic Caramel Bliss (35.0 GRAM),Uncle Chipps - Spicy Treat,0.5956794258373206
Mr Makhana Super Snack - Himalayan Salt And Pepper,Haldiram's Lite Chiwda (200.0 GRAM),0.5955434899489691
Nutrela Soya Granules (200.0 GRAM),YiPPee! Magic Masala Noodles with Added Veggies - The Better Noodles,0.595386629846357
Haldiram's Mini Bhakarwadi,YiPPee! Magic Masala Noodles with Added Veggies - The Better Noodles,0.5952817226249005
Lay's India's Magic Masala Potato Chips (67.0 GRAM),MAGGI 2-Minute Instant Noodles | Masala Noodles | Made With Quality Spices,0.5952767930188165
The Whole Truth Double Cocoa Protein Bar,Haldiram's Lite Chiwda (200.0 GRAM),0.5951779015573491
Too Yumm! Noodles Masala | Spicy No Palm Oil Crisps (67.0 GRAM),YiPPee! Magic Masala Noodles with Added Veggies - The Better Noodles,0.5947147324246538
Haldirams Soya Sticks,Let's Try Namkeen Combo Pack Of 6 (Crunchy Party Mix Peanut Party Mix Aloo Bhujia),0.5942438713379451
Daily Good Chilli With Stem / Guntur With Stem,Rajdhani Roasted Chana (200.0 GRAM),0.5942319287141905
Open Secret Arabian Dates (Khajur) With Seed,Society Natural Tea (250.0 GRAM),0.5935139755231825
Haldirams Namkeen - Mini Samosa,Haldiram's Lite Chiwda (200.0 GRAM),0.5933862763268934
Tata Sampann 100% Chana Dal Fine Besan,Lay's Spanish Tomato Tango Potato Chips,0.5932408074981975
Cadbury Oreo Chocolate Flavour Creme Sandwich Biscuit Family Pack,Daily Good Raw Peanut - Singdana,0.5931252644942868
"Aashirvaad Chilli Powder, Red Hot Chilli Powder with No Added Flavours and Colours",YiPPee! Magic Masala Noodles with Added Veggies - The Better Noodles,0.5925087617712491
Bingo! Mad Angles Masala Madness Crisps,Cheetos Cheese Puffs (28.0 GRAM),0.5924435647147005
Nescafe Cafe Style Iced Latte Cold Coffee (170.0 MILLILITRE),Haldiram's Moong Dal,0.5919830205033901
Let's Try Salted Peanuts,YiPPee! Magic Masala Noodles with Added Veggies - The Better Noodles,0.5918427543312815
Satyam Singdana,YiPPee! Magic Masala Noodles with Added Veggies - The Better Noodles,0.5916650326694034
Hindalco Fresh wrapp Aluminium Foil - 9 m,YiPPee! Magic Masala Noodles with Added Veggies - The Better Noodles,0.5916650326694033
Haldiram's Ratlami Sev (200.0 GRAM),YiPPee! Magic Masala Noodles with Added Veggies - The Better Noodles,0.5914597554147317
Fevikwik Instant Adhesive (3 gm),YiPPee! Magic Masala Noodles with Added Veggies - The Better Noodles,0.5910770661358963
Crax Corn Rings Masala Mania Puff Snacks,Haldiram's Moong Dal,0.5907152312178576
Scotch-Brite Scrub Sponge (Pack of 3),YiPPee! Magic Masala Noodles with Added Veggies - The Better Noodles,0.5905481934944785
The Healthy Binge Ragi Baked Chips Chatpata Chaat- High Protein & Fibre (40.0 GRAM),YiPPee! Magic Masala Noodles with Added Veggies - The Better Noodles,0.5902728796513577
YiPPee! 100% Suji Cheese Pasta Treat,Lay's Spanish Tomato Tango Potato Chips,0.5902569717037393
Colombian Brew Original Instant Coffee Sachets | 40 Sachets,Crax Crunchy Pipes Salted Puff Snacks,0.5901994987782927
Palekar Knot Premium Salty Khari | Preservative-free,YiPPee! Magic Masala Noodles with Added Veggies - The Better Noodles,0.5898243440285222
Daily Good Till - Sesame White (100.0 GRAM),YiPPee! Magic Masala Noodles with Added Veggies - The Better Noodles,0.5895313308075746
ACT II Ready to Eat Popcorn - Sour Cream & Cheese Popcorn (50.0 GRAM),Society Natural Tea (250.0 GRAM),0.5894349804546033
Sunfeast Nice Biscuit Coconut Flavoured Biscuits | Trans Fat-free,Cheetos Cheese Puffs (28.0 GRAM),0.5893684877381925
Crax Corn Rings Masala Mania Puff Snacks,MAGGI 2-Minute Instant Noodles | Masala Noodles | Made With Quality Spices,0.589342461845671
The Healthy Binge Quinoa Baked Chips Smokey Bbq -High Protein And Fibre (40.0 GRAM),YiPPee! Magic Masala Noodles with Added Veggies - The Better Noodles,0.589082813361738
Kurkure Yummy PuffCorn Yummy Cheese Chips,Daily Good Raw Peanut - Singdana,0.5890547259835311
The Theatre Project Gourmet Popcorn - Cheddar Cheese (60.0 GRAM),YiPPee! Magic Masala Noodles with Added Veggies - The Better Noodles,0.5890328105764598
Parle Marie Butter Marie Biscuits | Trans Fat-free,Daily Good Cashew | W320 (100.0 GRAM),0.58898731978461
Kotton Multipurpose Napkin | 100% Virgin Pulp-Paper | 25 cm X 25 cm | 100Pcs,Crax Crunchy Pipes Salted Puff Snacks,0.5884876494925515
Nescafe Cafe Style Iced Latte Cold Coffee (170.0 MILLILITRE),MAGGI 2-Minute Instant Noodles | Masala Noodles | Made With Quality Spices,0.5877182405177097
YiPPee! 100% Suji Masala Pasta Treat,YiPPee! Magic Masala Noodles with Added Veggies - The Better Noodles,0.5872866762129866
Uncle Chipps - Spicy Treat,YiPPee! Magic Masala Noodles with Added Veggies - The Better Noodles,0.5869567398780355
Haldiram's Mini Bhakarwadi,Daily Good Chilli With Stem / Guntur With Stem,0.5868986532911915
Garden Sabudana Chivda Namkeen,YiPPee! Magic Masala Noodles with Added Veggies - The Better Noodles,0.5867026807824987
Lay's India's Magic Masala Potato Chips (67.0 GRAM),Sunfeast Dark Fantasy Bourbon Chocolate Cream Biscuits | Trans Fat-free,0.586637860837004
Daily Good Mustard / Rai / Sarso Small (100.0 GRAM),YiPPee! Magic Masala Noodles with Added Veggies - The Better Noodles,0.586489079140772
Balaji Simply Salted Chips (135.0 GRAM),Cheetos Cheese Puffs (28.0 GRAM),0.5863226557602172
The Whole Truth Double Cocoa Protein Bar,YiPPee! Magic Masala Noodles with Added Veggies - The Better Noodles,0.5861737624315566
Let's Try Potato Wafers | Vrat | Fasting Chips,Chheda's Yellow Banana Chips (170.0 GRAM),0.5857206724083455
Crax Corn Rings Masala Mania Puff Snacks,Kurkure Solid Masti Masala Twisteez (61.0 GRAM),0.5856331271528574
Maggi Pazzta Instant Pasta - Masala Penne (69.0 GRAM),Kurkure Yummy PuffCorn Yummy Cheese Chips,0.5855289793130056
ACT II Ready to Eat Popcorn - Sour Cream & Cheese Popcorn (50.0 GRAM),YiPPee! Magic Masala Noodles with Added Veggies - The Better Noodles,0.5854128484566234
Maggi Special Masala Instant Noodles,Britannia Marie Gold Biscuits Plain | Trans Fat-free,0.58529261239927
Maggi Special Masala Instant Noodles,Let's Try Namkeen Combo Pack Of 6 (Crunchy Party Mix Peanut Party Mix Aloo Bhujia),0.5852867726843155
Let's Try Lite Snacks Sticks | Vrat | Fasting Special,Palekar Jeeo Butter | Toasted Buns With Jeera And Khari | Trans Fat-free,0.5850462510438887
Daily Good Saunf / Fennel,YiPPee! Magic Masala Noodles with Added Veggies - The Better Noodles,0.5849891070713582
Let's Try Lite Snacks Sticks | Vrat | Fasting Special,Let's Try Namkeen Combo Pack Of 6 (Crunchy Party Mix Peanut Party Mix Aloo Bhujia),0.5848428068226663
Maggi Special Masala Instant Noodles,YiPPee! Magic Masala Noodles with Added Veggies - The Better Noodles,0.5847443872626923
Lets Try Lite Mixture (180.0 GRAM),Let's Try Namkeen Combo Pack Of 6 (Crunchy Party Mix Peanut Party Mix Aloo Bhujia),0.5844875410587426
Haldiram's Bhujia Sev (200.0 GRAM),YiPPee! Magic Masala Noodles with Added Veggies - The Better Noodles,0.5844828222422643
Sunfeast Nice Biscuit Coconut Flavoured Biscuits | Trans Fat-free,Kurkure Red Chilli Chataka Chips (68.0 GRAM),0.5843388685617787
Vim Lemon Dishwash Bar,Britannia Treat Jimjam Naughty Jam Cream Biscuits | Trans Fat-free,0.5841601982466076
"Aashirvaad Chilli Powder, Red Hot Chilli Powder with No Added Flavours and Colours",Lay's Spanish Tomato Tango Potato Chips,0.5840525660352625
Let's Try Potato Wafers | Vrat | Fasting Chips,Let's Try Namkeen Combo Pack Of 6 (Crunchy Party Mix Peanut Party Mix Aloo Bhujia),0.5839666788409086
Kurkure Yummy PuffCorn Yummy Cheese Chips,Britannia 50-50 Maska Chaska Biscuits Butter Flavoured Crackers | Trans Fat-free,0.5834977613164994
Lay's Potato Chips - Chile Lemon Flavour,Catch Jeera Whole (100.0 GRAM),0.5833286991062563
Vim Lemon Dishwash Bar,Catch Jeera Whole (100.0 GRAM),0.5830118448427547
Cadbury Oreo Vanilla Flavour Creme Sandwich Biscuit Mega Family Pack,Daily Good Raw Peanut - Singdana,0.5829352204083474
Moov Fast Pain Relief Spray (50.0 GRAM),Lay's Spanish Tomato Tango Potato Chips,0.5826943042537852
Let's Try Lite Snacks Sticks | Vrat | Fasting Special,Lay's Spanish Tomato Tango Potato Chips,0.5825324896733204
Kurkure Playz Puffcorn Yummy Cheese,Let's Try Namkeen Combo Pack Of 6 (Crunchy Party Mix Peanut Party Mix Aloo Bhujia),0.5821598365337022
Lay's American Cream & Onion Potato Chips,Lay's Spanish Tomato Tango Potato Chips,0.582158575503322
Snapin Oregano Pizza Seasoning Sachet Pouch,YiPPee! Magic Masala Noodles with Added Veggies - The Better Noodles,0.5821278805003243
Sunfeast Nice Biscuit Coconut Flavoured Biscuits | Trans Fat-free,Haldiram's Moong Dal,0.582079264162898
YiPPee! Suji Tricolor Creamy Corn Pasta,Lay's Spanish Tomato Tango Potato Chips,0.5820253096449978
Haldiram's Panchratan Mixture,Haldiram's All In One Mixture,0.5817426519523157
Bingo! Mad Angles Masala Madness Crisps,Kurkure Masala Munch,0.5816914081492717
Too Yumm! Karare Munchy Masala | Spicy | No Palm Oil Crisps,Scotch-Brite Scrub Sponge (Pack of 3),0.5816827867242733
Snapin Oregano Pizza Seasoning Sachet Pouch,Daily Good Chilli With Stem / Guntur With Stem,0.581627050580998
Daily Good Saunf - Fennel,YiPPee! Magic Masala Noodles with Added Veggies - The Better Noodles,0.581432387214183
Vim Lemon Dishwash Bar,Daily Good Raw Peanut - Singdana,0.5811369411575003
Sunfeast Nice Biscuit Coconut Flavoured Biscuits | Trans Fat-free,Cadbury Oreo Chocolate Flavour Creme Sandwich Biscuit,0.5807062919239547
Sunfeast Nice Biscuit Coconut Flavoured Biscuits | Trans Fat-free,Kurkure Masala Munch,0.5797994451369064
Kotton Multipurpose Napkin | 100% Virgin Pulp-Paper | 25 cm X 25 cm | 100Pcs,Om Shanthi Havan Samagri | Cycle,0.5792306611725042
Beyond Snack Kerala Banana Chips - with Coconut Oil & Rock Salt,Let's Try Namkeen Combo Pack Of 6 (Crunchy Party Mix Peanut Party Mix Aloo Bhujia),0.5790908226655083
Tulips Paper Stick Cotton Buds Jar (100.0 PIECE),Scotch-Brite Scrub Sponge (Pack of 3),0.5790253375164062
Britannia Nutrichoice High-Fibre Digestive Biscuits,Let's Try Namkeen Combo Pack Of 6 (Crunchy Party Mix Peanut Party Mix Aloo Bhujia),0.5788242062646495
Catch Sprinkler Chat Masala (100.0 GRAM),YiPPee! Magic Masala Noodles with Added Veggies - The Better Noodles,0.5787652661719161
Bingo! Original Style Chilli Sprinkled - Flat Cut Spicy Potato Chips Pack for Snacks,Britannia 50-50 Maska Chaska Biscuits Butter Flavoured Crackers | Trans Fat-free,0.5779582256077985
Hindalco Fresh wrapp Aluminium Foil - 9 m,Scotch-Brite Scrub Sponge (Pack of 3),0.5776011205146067
Haldiram's Panchratan Mixture,Haldirams Namkeen - Mini Samosa,0.5775177572658958
Lay's Spanish Tomato Tango Potato Chips,YiPPee! Magic Masala Noodles with Added Veggies - The Better Noodles,0.5773859289397911
Crax Crunchy Pipes Salted Puff Snacks,Haldiram's Lite Chiwda (200.0 GRAM),0.5772247507926693
Chheda's Golden Plain Salted Chips (170.0 GRAM),Chheda's Yellow Banana Chips (170.0 GRAM),0.576857958615767
Let'S Try Special Makhana Mixture | Fasting Snacks (90.0 GRAM),YiPPee! Magic Masala Noodles with Added Veggies - The Better Noodles,0.5768575869320085
Lay's West Indies Hot 'n' Sweet Chilli Potato Chips,Lay's American Cream & Onion Potato Chips (48.0 GRAM),0.5752033880938556
Everest Coriander Powder (100.0 GRAM),YiPPee! Magic Masala Noodles with Added Veggies - The Better Noodles,0.5750310916791395
Haldirams Namkeen - Mini Samosa,The Theatre Project Gourmet Popcorn - Cheddar Cheese (60.0 GRAM),0.5746695917823386
Haldirams Namkeen - Mini Samosa,Scotch-Brite Scrub Sponge (Pack of 3),0.5745832704723162
Daily Good Chilli With Stem / Guntur With Stem,Haldiram's Salted Peanut,0.5745806711100896
Pintola High Protein Oats Dark Chocolate With Almonds Raisin Pumpkin And Chia Seeds,Uncle Chipps - Spicy Treat,0.5745232198142414
Haldiram's Mini Bhakarwadi,Daily Good Saunf / Fennel,0.5744839625390161
YiPPee! Suji Tricolor Creamy Corn Pasta,Society Natural Tea (250.0 GRAM),0.5736831998823978
Heka Bites Roasted Jowar Puffs Majestic Masala - Low Calorie & Healthy Snacks,Haldiram's Moong Dal,0.5732656874178376
Sunfeast Nice Biscuit Coconut Flavoured Biscuits | Trans Fat-free,MAGGI 2-Minute Instant Noodles | Masala Noodles | Made With Quality Spices,0.5731683977126852
Bingo! Mad Angles Masala Madness Crisps,Sunfeast Dark Fantasy Bourbon Chocolate Cream Biscuits | Trans Fat-free,0.572082882235294
Catch Turmeric Powder/Haldi (100.0 GRAM),YiPPee! Magic Masala Noodles with Added Veggies - The Better Noodles,0.5720706322612277
Haldiram's Salted Peanut,YiPPee! Magic Masala Noodles with Added Veggies - The Better Noodles,0.5719074025006331
Kurkure Yummy PuffCorn Yummy Cheese Chips,Maggi Pazzta Instant Pasta - Masala Penne (69.0 GRAM),0.5716952929079483
Maggi Pazzta Instant Pasta - Masala Penne (69.0 GRAM),Britannia Treat Jimjam Naughty Jam Cream Biscuits | Trans Fat-free,0.5712391060908516
Let'S Try Special Makhana Mixture | Fasting Snacks (90.0 GRAM),Let's Try Salted Peanuts,0.5703121246055176
Lay's American Cream & Onion Potato Chips,YiPPee! Magic Masala Noodles with Added Veggies - The Better Noodles,0.5702835590257141
Daily Good Chilli With Stem / Guntur With Stem,Snapin Oregano Pizza Seasoning Sachet Pouch,0.5701578947368422
Let'S Try Roasted Chana (450.0 GRAM),Let's Try Namkeen Combo Pack Of 6 (Crunchy Party Mix Peanut Party Mix Aloo Bhujia),0.5699666169472264
Haldiram's Lite Chiwda (200.0 GRAM),YiPPee! Magic Masala Noodles with Added Veggies - The Better Noodles,0.5689185152147265
Snapin Oregano Pizza Seasoning Sachet Pouch,Daily Good Saunf / Fennel,0.5687911012126923
Cadbury Oreo Vanilla Flavour Creme Sandwich Biscuit Family Pack,Daily Good Raw Peanut - Singdana,0.5687033135792467
Daily Good Chilli With Stem / Guntur With Stem,Lay's Spanish Tomato Tango Potato Chips,0.5686872296322999
Heka Bites Roasted Jowar Puffs Majestic Masala - Low Calorie & Healthy Snacks,Let's Try Namkeen Combo Pack Of 6 (Crunchy Party Mix Peanut Party Mix Aloo Bhujia),0.5681067184089256
Daily Good Chilli With Stem / Guntur With Stem,Let's Try Namkeen Combo Pack Of 6 (Crunchy Party Mix Peanut Party Mix Aloo Bhujia),0.567992914979757
Daily Good Saunf / Fennel,Haldiram's Mini Bhakarwadi,0.5677208259073625
Haldiram's Mini Bhakarwadi,Snapin Oregano Pizza Seasoning Sachet Pouch,0.5673986532911914
Crax Crunchy Pipes Salted Puff Snacks,YiPPee! Magic Masala Noodles with Added Veggies - The Better Noodles,0.5673103191157213
Crax Corn Rings Masala Mania Puff Snacks,Kurkure Masala Munch,0.5672640986219049
Tata Sampann 100% Chana Dal Fine Besan,Haldiram's Lite Chiwda (200.0 GRAM),0.5671695297193562
Sunfeast Nice Biscuit Coconut Flavoured Biscuits | Trans Fat-free,"Uncle Chipps Potato Chips, Plain Salted Flavour, Crispy Chips & Snacks (48.0 GRAM)",0.5670677473399336
Everest Chhole Masala,YiPPee! Magic Masala Noodles with Added Veggies - The Better Noodles,0.5669986973161112
Haldirams Namkeen - Mini Samosa,Haldiram's Salted Peanut,0.5667274479034279
Tata Sampann 100% Chana Dal Fine Besan,YiPPee! Magic Masala Noodles with Added Veggies - The Better Noodles,0.5664015499595748
Lay's Potato Chips - Chile Lemon Flavour,Daily Good Raw Peanut - Singdana,0.5660704278682317
"Ching's Secret Veg Hakka Noodles, Cooks In 5-7 mins, Just Soak & Drain",YiPPee! Magic Masala Noodles with Added Veggies - The Better Noodles,0.5657650834114163
Lay's West Indies Hot 'n' Sweet Chilli Potato Chips,Kurkure Solid Masti Masala Twisteez (61.0 GRAM),0.5656143612404324
Daily Good Saunf / Fennel,Rajdhani Roasted Chana (200.0 GRAM),0.5653253500224062
Snapin Oregano Pizza Seasoning Sachet Pouch,Haldiram's Salted Peanut,0.5652133708626469
Snapin Oregano Pizza Seasoning Sachet Pouch,Haldiram's Panchratan Mixture,0.5651110111595522
Daily Good Chilli With Stem / Guntur With Stem,YiPPee! Magic Masala Noodles with Added Veggies - The Better Noodles,0.5649095918538384
Society Natural Tea (250.0 GRAM),Uncle Chipps - Spicy Treat,0.5648975069252078
Britannia 50-50 Maska Chaska Biscuits Butter Flavoured Crackers | Trans Fat-free,Kurkure Solid Masti Masala Twisteez (61.0 GRAM),0.564776973170952
Too Yumm! Karare Chilli Achari Flavour | Tangy | No Palm Oil Crisps,Kurkure Masala Munch,0.5646489763998842
Snapin Oregano Pizza Seasoning Sachet Pouch,Let's Try Namkeen Combo Pack Of 6 (Crunchy Party Mix Peanut Party Mix Aloo Bhujia),0.564465008675535
Crax Corn Rings Masala Mania Puff Snacks,Sunfeast Dark Fantasy Bourbon Chocolate Cream Biscuits | Trans Fat-free,0.5641677421585554
"Maggi Nutri-licious Masala Veg Atta Noodles, Instant Noodles",YiPPee! Magic Masala Noodles with Added Veggies - The Better Noodles,0.5641496919455066
The Whole Truth Double Cocoa Protein Bar,The Theatre Project Gourmet Popcorn - Cheddar Cheese (60.0 GRAM),0.5639914000687993
Bingo! Mad Angles Masala Madness Crisps,Haldiram's Moong Dal,0.5637965060670431
Maggi Special Masala Instant Noodles,Haldiram's Salted Peanut,0.5636943244687863
Cadbury Oreo Vanilla Flavour Creme Sandwich Biscuit Mega Family Pack,Chheda's Farali Potato Chivda (170.0 GRAM),0.5632327293713257
Chheda's Farali Potato Chivda (170.0 GRAM),Cadbury Oreo Vanilla Flavour Creme Sandwich Biscuit Family Pack,0.5629352017143996
Sunfeast Nice Biscuit Coconut Flavoured Biscuits | Trans Fat-free,Daily Good Cashew | W320 (100.0 GRAM),0.5628708133971292
Sunfeast Nice Biscuit Coconut Flavoured Biscuits | Trans Fat-free,Aashirvaad 100% Chana Dal Besan (500.0 GRAM),0.5627660343331692
Daily Good Chilli With Stem / Guntur With Stem,Scotch-Brite Scrub Sponge (Pack of 3),0.562453603692066
Sunfeast Dark Fantasy Choco Centre Fills | Preservative-free,Kurkure Yummy PuffCorn Yummy Cheese Chips,0.562298414677178
Let'S Try Roasted Chana (450.0 GRAM),Cheetos Cheese Puffs (28.0 GRAM),0.5621662950701529
The Healthy Binge Quinoa Baked Chips Smokey Bbq -High Protein And Fibre (40.0 GRAM),Peppy Tomato Disc (55.0 GRAM),0.5618945136580661
Bauli Moonfils Croissants Choco Cream (Egg) (50.0 GRAM),YiPPee! Magic Masala Noodles with Added Veggies - The Better Noodles,0.5618542648624893
Snapin Oregano Pizza Seasoning Sachet Pouch,Lay's Spanish Tomato Tango Potato Chips,0.5617382653395631
Daily Good Tamarind / Imli (200.0 GRAM),Kurkure Green Chutney Style (68.0 GRAM),0.5615641593003478
"Ritebite Max Protein Cheese & Jalapeno 10G Multigrain Protein Chips, Healthy Snacks & Munchies",Kurkure Green Chutney Style (68.0 GRAM),0.5615388015080389
Chheda's Golden Plain Salted Chips (170.0 GRAM),YiPPee! Magic Masala Noodles with Added Veggies - The Better Noodles,0.561474924495157
Haldiram's Bhujia Sev (200.0 GRAM),Cheetos Cheese Puffs (28.0 GRAM),0.5611933958347229
Daily Good Mustard / Rai / Sarso Small (100.0 GRAM),Haldiram's Salted Peanut,0.5611016919187455
Snapin Oregano Pizza Seasoning Sachet Pouch,Rajdhani Roasted Chana (200.0 GRAM),0.5609731174887738
Balaji Simply Salted Chips (135.0 GRAM),Chheda's Yellow Banana Chips (170.0 GRAM),0.5607312690434647
Pintola High Protein Oats Dark Chocolate With Almonds Raisin Pumpkin And Chia Seeds,Let's Try Namkeen Combo Pack Of 6 (Crunchy Party Mix Peanut Party Mix Aloo Bhujia),0.5607295784710644
Mr Makhana Super Snack - Himalayan Salt And Pepper,Lay's Spanish Tomato Tango Potato Chips,0.5602829848594088
Colombian Brew Original Instant Coffee Sachets | 40 Sachets,Let's Try Namkeen Combo Pack Of 6 (Crunchy Party Mix Peanut Party Mix Aloo Bhujia),0.5602121901170206
Haldiram's Ratlami Sev (200.0 GRAM),Lay's Spanish Tomato Tango Potato Chips,0.5599825650283851
Yu 100% Whole Wheat Hakka Noodles,Let's Try Namkeen Combo Pack Of 6 (Crunchy Party Mix Peanut Party Mix Aloo Bhujia),0.5599087888745665
Daily Good Tamarind / Imli (200.0 GRAM),Britannia 50-50 Maska Chaska Biscuits Butter Flavoured Crackers | Trans Fat-free,0.5595593761740056
Palekar Knot Premium Salty Khari | Preservative-free,Haldiram's Lite Chiwda (200.0 GRAM),0.5594902517541038
Lay's Potato Chips - Chile Lemon Flavour,Britannia Treat Jimjam Naughty Jam Cream Biscuits | Trans Fat-free,0.5594251586412841
Balaji Simply Salted Chips (135.0 GRAM),Bingo! Mad Angles Masala Madness Crisps,0.5592265039060895
Haldirams Namkeen - Khara Boondi,YiPPee! Magic Masala Noodles with Added Veggies - The Better Noodles,0.5592058859854967
Let'S Try Roasted Chana (450.0 GRAM),Peppy Tomato Disc (55.0 GRAM),0.5585538152825162
Balaji Simply Salted Chips (135.0 GRAM),YiPPee! 100% Suji Masala Pasta Treat,0.5577590314859269
Haldiram's Lite Chiwda (200.0 GRAM),Crax Crunchy Pipes Salted Puff Snacks,0.5572554924980926
Modern Kitchens Potato Chips Salted (70.0 GRAM),YiPPee! Magic Masala Noodles with Added Veggies - The Better Noodles,0.5572078013306385
Let's Try Lite Snacks Sticks | Vrat | Fasting Special,Sunfeast Dark Fantasy Bourbon Chocolate Cream Biscuits | Trans Fat-free,0.5571366765915504
Tulips Paper Stick Cotton Buds Jar (100.0 PIECE),Lay's Spanish Tomato Tango Potato Chips,0.5568029663199094
Let's Try Potato Wafers | Vrat | Fasting Chips,Cheetos Cheese Puffs (28.0 GRAM),0.5563440012418106
Daily Good Chilli With Stem / Guntur With Stem,Maggi Special Masala Instant Noodles,0.5563328909449416
Haldirams Soya Sticks,Palekar Jeeo Butter | Toasted Buns With Jeera And Khari | Trans Fat-free,0.5563056639081265
Heka Bites Roasted Jowar Puffs Majestic Masala - Low Calorie & Healthy Snacks,RiteBite Max Protein 10g Protein Bar Choco Almond,0.5562249805272026
Haldiram's Ratlami Sev (200.0 GRAM),Haldiram's Salted Peanut,0.5558660762094072
Daily Good Saunf / Fennel,Haldiram's Salted Peanut,0.5552893681729985
Balaji Simply Salted Chips (135.0 GRAM),Palekar Jeeo Butter | Toasted Buns With Jeera And Khari | Trans Fat-free,0.5549006670489591
Haldirams Namkeen - Mini Samosa,Let's Try Namkeen Combo Pack Of 6 (Crunchy Party Mix Peanut Party Mix Aloo Bhujia),0.5547457436254927
Cadbury Oreo Chocolate Flavour Creme Sandwich Biscuit,Daily Good Cashew | W320 (100.0 GRAM),0.5545465358311031
Cadbury Oreo Chocolate Flavour Creme Sandwich Biscuit Family Pack,Cadbury Oreo Chocolate Flavour Creme Sandwich Biscuit,0.5544868027496457
Lal Sweets Motichoor Laddu,Haldiram's Soan Papdi,0.5541394911805493
Britannia Nutrichoice High-Fibre Digestive Biscuits,Kinder Joy - Single Pack - Assorted,0.5538504155124653
ACT II Ready to Eat Popcorn - Sour Cream & Cheese Popcorn (50.0 GRAM),Uncle Chipps - Spicy Treat,0.553751024267255
Cadbury Oreo Chocolate Flavour Creme Sandwich Biscuit,Kurkure Green Chutney Style (68.0 GRAM),0.5536554896429878
Cadbury Oreo Chocolate Flavour Creme Sandwich Biscuit,Daily Good Tamarind / Imli (200.0 GRAM),0.553387109214128
Parle Hide & Seek Black Bourbon Chocolate Cream Biscuits | Trans Fat-free,YiPPee! Magic Masala Noodles with Added Veggies - The Better Noodles,0.5533808246731478
ZOFF Green Cardamom Whole - Elaichi,Bingo! Mad Angles Masala Madness Crisps,0.5528307058643188
Too Yumm! Noodles Masala | Spicy No Palm Oil Crisps (67.0 GRAM),Uncle Chipps - Spicy Treat,0.552414011617673
Too Yumm! Karare Chilli Achari Flavour | Tangy | No Palm Oil Crisps,Let's Try Namkeen Combo Pack Of 6 (Crunchy Party Mix Peanut Party Mix Aloo Bhujia),0.5523553787316307
Let's Try Lite Snacks Sticks | Vrat | Fasting Special,Haldiram's Moong Dal,0.5521197435009808
Colombian Brew Original Instant Coffee Sachets | 40 Sachets,Rajdhani Roasted Chana (200.0 GRAM),0.552043569127431
Maggi Special Masala Instant Noodles,Haldiram's Mini Bhakarwadi,0.5517864623409828
Pintola High Protein Oats Dark Chocolate With Almonds Raisin Pumpkin And Chia Seeds,Palekar Jeeo Butter | Toasted Buns With Jeera And Khari | Trans Fat-free,0.5517760897088081
Open Secret Arabian Dates (Khajur) With Seed,Palekar Jeeo Butter | Toasted Buns With Jeera And Khari | Trans Fat-free,0.5513537905432572
Peppy Tomato Disc (55.0 GRAM),Cheetos Cheese Puffs (28.0 GRAM),0.5509728073188813
Mr Makhana Super Snack - Himalayan Salt And Pepper,YiPPee! Magic Masala Noodles with Added Veggies - The Better Noodles,0.5508881182557012
ACT II Ready to Eat Caramel Popcorn - Classic Caramel Bliss (35.0 GRAM),Let's Try Namkeen Combo Pack Of 6 (Crunchy Party Mix Peanut Party Mix Aloo Bhujia),0.5507810084652189
Society Natural Tea (250.0 GRAM),Cheetos Cheese Puffs (28.0 GRAM),0.5507517510078148
Bingo! Original Style Chilli Sprinkled - Flat Cut Spicy Potato Chips Pack for Snacks,Britannia Treat Jimjam Naughty Jam Cream Biscuits | Trans Fat-free,0.5507102158318242
The Healthy Binge Quinoa Baked Chips Smokey Bbq -High Protein And Fibre (40.0 GRAM),The Theatre Project Gourmet Popcorn - Cheddar Cheese (60.0 GRAM),0.5503275741536002
Bingo! Mad Angles Masala Madness Crisps,MAGGI 2-Minute Instant Noodles | Masala Noodles | Made With Quality Spices,0.5500877910933825
Kurkure Red Chilli Chataka Chips (68.0 GRAM),MAGGI 2-Minute Instant Noodles | Masala Noodles | Made With Quality Spices,0.5498349316620101
Lets Try Lite Mixture (180.0 GRAM),Bingo! Mad Angles Masala Madness Crisps,0.5496896223082717
Uncle Chipps - Spicy Treat,Too Yumm! Karare Chilli Achari Flavour | Tangy | No Palm Oil Crisps,0.549681566772185
YiPPee! 100% Suji Cheese Pasta Treat,YiPPee! Magic Masala Noodles with Added Veggies - The Better Noodles,0.5495853457659245
Too Yumm! Karare Chilli Achari Flavour | Tangy | No Palm Oil Crisps,Scotch-Brite Scrub Sponge (Pack of 3),0.5493291872453431
"Ching's Secret Veg Hakka Noodles, Cooks In 5-7 mins, Just Soak & Drain",Rajdhani Roasted Chana (200.0 GRAM),0.549135064256338
Heka Bites Roasted Jowar Puffs Majestic Masala - Low Calorie & Healthy Snacks,MAGGI 2-Minute Instant Noodles | Masala Noodles | Made With Quality Spices,0.5488094745124021
Let'S Try Special Makhana Mixture | Fasting Snacks (90.0 GRAM),RiteBite Max Protein 10g Protein Bar Choco Almond,0.5486400944291043
Chheda's Golden Plain Salted Chips (170.0 GRAM),Cheetos Cheese Puffs (28.0 GRAM),0.5485456201620482
Tata Sampann 100% Chana Dal Fine Besan,Scotch-Brite Scrub Sponge (Pack of 3),0.5483710549420081
Cadbury Oreo Chocolate Flavour Creme Sandwich Biscuit Family Pack,Daily Good Tamarind / Imli (200.0 GRAM),0.5482733372390769
Haldiram Aloo Bhujia ,YiPPee! Magic Masala Noodles with Added Veggies - The Better Noodles,0.5482090412649875
Let's Try Potato Wafers | Vrat | Fasting Chips,Chheda's Golden Plain Salted Chips (170.0 GRAM),0.548119946797528
Amul Taaza Homogenised Toned Milk (Tetra Pack),Parle Hide & Seek Chocolate Chip Biscuits | Trans Fat-free,0.5476973714249096
Haldiram's Panchratan Mixture,Scotch-Brite Scrub Sponge (Pack of 3),0.5475833675907347
Haldiram's Panchratan Mixture,Haldiram's Lite Chiwda (200.0 GRAM),0.5475188138207738
Kurkure Yummy PuffCorn Yummy Cheese Chips,Kurkure Solid Masti Masala Twisteez (61.0 GRAM),0.5474775935759071
ACT II Ready to Eat Popcorn - Sour Cream & Cheese Popcorn (50.0 GRAM),The Theatre Project Gourmet Popcorn - Cheddar Cheese (60.0 GRAM),0.5473576685638012
ACT II Ready to Eat Caramel Popcorn - Classic Caramel Bliss (35.0 GRAM),Palekar Jeeo Butter | Toasted Buns With Jeera And Khari | Trans Fat-free,0.547329151526113
Haldiram's Panchratan Mixture,Haldiram's Salted Peanut,0.5472800130516122
ZOFF Green Cardamom Whole - Elaichi,Cheetos Cheese Puffs (28.0 GRAM),0.546896650277327
Catch Turmeric Powder/Haldi (100.0 GRAM),Let's Try Namkeen Combo Pack Of 6 (Crunchy Party Mix Peanut Party Mix Aloo Bhujia),0.5465612727175445
The Whole Truth Double Cocoa Protein Bar,Mr Makhana Super Snack - Himalayan Salt And Pepper,0.5463674727358938
ACT II Ready to Eat Caramel Popcorn - Classic Caramel Bliss (35.0 GRAM),Cheetos Cheese Puffs (28.0 GRAM),0.5461956616874781
Crax Curls Chatpata Masala Puff Snacks,Chheda's Yellow Banana Chips (170.0 GRAM),0.5458089815170211
Lay's West Indies Hot 'n' Sweet Chilli Potato Chips,MAGGI 2-Minute Instant Noodles | Masala Noodles | Made With Quality Spices,0.5457098472586557
Daily Good Saunf / Fennel,Daily Good Chilli With Stem / Guntur With Stem,0.5457082379862699
Lay's American Cream & Onion Potato Chips (48.0 GRAM),Kurkure Yummy PuffCorn Yummy Cheese Chips,0.5456968302947346
Let's Try Kerala Garlic Mix (180.0 GRAM),Let's Try Namkeen Combo Pack Of 6 (Crunchy Party Mix Peanut Party Mix Aloo Bhujia),0.5456495083863505
"Aashirvaad Chilli Powder, Red Hot Chilli Powder with No Added Flavours and Colours",Scotch-Brite Scrub Sponge (Pack of 3),0.5454095550953367
Lay's American Cream & Onion Potato Chips (48.0 GRAM),Daily Good Raw Peanut - Singdana,0.5449483969776261
Cadbury Oreo Chocolate Flavour Creme Sandwich Biscuit,Britannia 50-50 Maska Chaska Biscuits Butter Flavoured Crackers | Trans Fat-free,0.5446153846153845
Chheda's Farali Potato Chivda (170.0 GRAM),Maggi Pazzta Instant Pasta - Masala Penne (69.0 GRAM),0.5446103631170951
Peppy Cheese Balls (55.0 GRAM),Haldiram's Moong Dal,0.5444549719574105
Haldiram's Salted Peanut,Haldiram's Mini Bhakarwadi,0.5443923278043583
Daily Good Mustard / Rai / Sarso Small (100.0 GRAM),Scotch-Brite Scrub Sponge (Pack of 3),0.5443337966040245
Parle Marie Butter Marie Biscuits | Trans Fat-free,Britannia Treat Jimjam Naughty Jam Cream Biscuits | Trans Fat-free,0.5440745955894581
Scotch-Brite Scrub Sponge (Pack of 3),Lay's Spanish Tomato Tango Potato Chips,0.543558119639725
Palekar Jeeo Butter | Toasted Buns With Jeera And Khari | Trans Fat-free,Cheetos Cheese Puffs (28.0 GRAM),0.5433087622248983
ZOFF Green Cardamom Whole - Elaichi,Chheda's Yellow Banana Chips (170.0 GRAM),0.5430761689450443
Daily Good Saunf / Fennel,Scotch-Brite Scrub Sponge (Pack of 3),0.5429416385564436
Doritos Nacho Cheese Flavoured Corn Chips (45.0 GRAM),Kurkure Solid Masti Masala Twisteez (61.0 GRAM),0.5426500406783905
Kurkure Red Chilli Chataka Chips (68.0 GRAM),Kurkure Green Chutney Style (68.0 GRAM),0.542470876399694
Haldiram's All In One Mixture,Haldiram's Lite Chiwda (200.0 GRAM),0.5422698685052856
Nestle Milkmaid Partly Skimmed Sweetened Condensed Milk,MAGGI 2-Minute Instant Noodles | Masala Noodles | Made With Quality Spices,0.5421471440175626
Parle Hide & Seek Chocolate Chip Biscuits | Trans Fat-free,Kurkure Green Chutney Style (68.0 GRAM),0.5420556067897175
Haldiram's All In One Mixture,Scotch-Brite Scrub Sponge (Pack of 3),0.5420392424812808
Fevikwik Instant Adhesive (3 gm),The Theatre Project Gourmet Popcorn - Cheddar Cheese (60.0 GRAM),0.5417561856235396
Haldiram's Mini Bhakarwadi,Haldiram's Masala Tasty Nuts (200.0 GRAM),0.5417381680154801
Beyond Snack Kerala Banana Chips - Peri Peri (70.0 GRAM),The Theatre Project Gourmet Popcorn - Cheddar Cheese (60.0 GRAM),0.5415922158337019
Rajdhani Roasted Chana (200.0 GRAM),Haldiram's Mini Bhakarwadi,0.5415525593903454
Chheda's Farali Potato Chivda (170.0 GRAM),Malkist Double Chocolatey Crunchy Layered Crackers,0.5414387195229062
Daily Good Mustard / Rai / Sarso Small (100.0 GRAM),Rajdhani Roasted Chana (200.0 GRAM),0.5414061565793744
Kurkure Yummy PuffCorn Yummy Cheese Chips,Catch Jeera Whole (100.0 GRAM),0.5413723425580104
Crax Crunchy Pipes Salted Puff Snacks,Palekar Knot Premium Salty Khari | Preservative-free,0.5412071002278079
YiPPee! Suji Tricolor Creamy Corn Pasta,Scotch-Brite Scrub Sponge (Pack of 3),0.5407131467563988
Kurkure Playz Puffcorn Yummy Cheese,Palekar Jeeo Butter | Toasted Buns With Jeera And Khari | Trans Fat-free,0.5405514043649018
Mysore Sandal Soap,Cheetos Cheese Puffs (28.0 GRAM),0.5405461217847148
Unibic Choco Chip Flavoured Biscuits | Trans Fat-free,Daily Good Raw Peanut - Singdana,0.540514200876438
Yu 100% Whole Wheat Hakka Noodles,MAGGI 2-Minute Instant Noodles | Masala Noodles | Made With Quality Spices,0.5403261626668663
ZOFF Green Cardamom Whole - Elaichi,Chheda's Golden Plain Salted Chips (170.0 GRAM),0.5403215275978084
Open Secret Arabian Dates (Khajur) With Seed,Let's Try Namkeen Combo Pack Of 6 (Crunchy Party Mix Peanut Party Mix Aloo Bhujia),0.5400996126175982
Palekar Knot Premium Salty Khari | Preservative-free,Om Shanthi Havan Samagri | Cycle,0.5396976483762599
Maggi Pazzta Instant Pasta - Masala Penne (69.0 GRAM),Lay's American Cream & Onion Potato Chips (48.0 GRAM),0.5395318601500507
Haldirams Soya Sticks,Sunfeast Dark Fantasy Bourbon Chocolate Cream Biscuits | Trans Fat-free,0.5394455679044318
Bingo! Original Style Chilli Sprinkled - Flat Cut Spicy Potato Chips Pack for Snacks,Kurkure Green Chutney Style (68.0 GRAM),0.5393358406828308
Malkist Double Chocolatey Crunchy Layered Crackers,Daily Good Raw Peanut - Singdana,0.539270326779782
Bingo! Mad Angles Masala Madness Crisps,Chheda's Yellow Banana Chips (170.0 GRAM),0.5390687900674147
Maggi Special Masala Instant Noodles,MAGGI 2-Minute Instant Noodles | Masala Noodles | Made With Quality Spices,0.53903156710924
Bingo! Mad Angles Masala Madness Crisps,Kurkure Solid Masti Masala Twisteez (61.0 GRAM),0.5388249562114032
Too Yumm! Karare Chilli Achari Flavour | Tangy | No Palm Oil Crisps,Palekar Jeeo Butter | Toasted Buns With Jeera And Khari | Trans Fat-free,0.5386550062238677
Lay's American Cream & Onion Potato Chips (48.0 GRAM),Kurkure Green Chutney Style (68.0 GRAM),0.5386500704699653
Let'S Try Roasted Chana (450.0 GRAM),Palekar Jeeo Butter | Toasted Buns With Jeera And Khari | Trans Fat-free,0.538434234941265
Tata Sampann 100% Chana Dal Fine Besan,Uncle Chipps - Spicy Treat,0.5381609907120743
Haldiram's Lite Chiwda (200.0 GRAM),Rajdhani Roasted Chana (200.0 GRAM),0.5378713974700811
Let'S Try Roasted Chana (450.0 GRAM),Haldiram's Moong Dal,0.5377627866295823
YiPPee! 100% Suji Masala Pasta Treat,Chheda's Yellow Banana Chips (170.0 GRAM),0.5374758143250199
Lay's Potato Chips - Chile Lemon Flavour,Kurkure Green Chutney Style (68.0 GRAM),0.5374019164605192
Maggi Special Masala Instant Noodles,Lay's Spanish Tomato Tango Potato Chips,0.5373549779861997
Britannia 50-50 Maska Chaska Biscuits Butter Flavoured Crackers | Trans Fat-free,MAGGI 2-Minute Instant Noodles | Masala Noodles | Made With Quality Spices,0.5372913411439426
Kurkure Solid Masti Masala Twisteez (61.0 GRAM),MAGGI 2-Minute Instant Noodles | Masala Noodles | Made With Quality Spices,0.5372410605993538
Haldiram's Ratlami Sev (200.0 GRAM),Scotch-Brite Scrub Sponge (Pack of 3),0.5369736473551532
Crax Crunchy Pipes Salted Puff Snacks,The Whole Truth Double Cocoa Protein Bar,0.5367459151310772
Let's Try Lite Snacks Sticks | Vrat | Fasting Special,Scotch-Brite Scrub Sponge (Pack of 3),0.5364733807685873
Lets Try Lite Mixture (180.0 GRAM),Palekar Jeeo Butter | Toasted Buns With Jeera And Khari | Trans Fat-free,0.5362262376423456
Cadbury Oreo Chocolate Flavour Creme Sandwich Biscuit Family Pack,Parle Hide & Seek Chocolate Chip Biscuits | Trans Fat-free,0.5361860328662001
Society Natural Tea (250.0 GRAM),Haldiram's Bhujia Sev (200.0 GRAM),0.5361427400616292
Crax Crunchy Pipes Salted Puff Snacks,The Healthy Binge Ragi Baked Chips Chatpata Chaat- High Protein & Fibre (40.0 GRAM),0.5355210112636082
Balaji Simply Salted Chips (135.0 GRAM),Chheda's Long Masala Banana Chips (170.0 GRAM),0.5355166013355438
Let'S Try Special Makhana Mixture | Fasting Snacks (90.0 GRAM),Haldiram's Moong Dal,0.5355129230298661
Cadbury Oreo Chocolate Flavour Creme Sandwich Biscuit Family Pack,Britannia 50-50 Maska Chaska Biscuits Butter Flavoured Crackers | Trans Fat-free,0.5354409313141784
Haldiram's Salted Peanut,Rajdhani Roasted Chana (200.0 GRAM),0.5353132264080133
Tulips Paper Stick Cotton Buds Jar (100.0 PIECE),Let's Try Namkeen Combo Pack Of 6 (Crunchy Party Mix Peanut Party Mix Aloo Bhujia),0.5350146603968114
Palekar Jeeo Butter | Toasted Buns With Jeera And Khari | Trans Fat-free,Haldiram's Moong Dal,0.534777584800552
"Ritebite Max Protein Cheese & Jalapeno 10G Multigrain Protein Chips, Healthy Snacks & Munchies",Britannia 50-50 Maska Chaska Biscuits Butter Flavoured Crackers | Trans Fat-free,0.5347420926992366
ZOFF Green Cardamom Whole - Elaichi,YiPPee! Magic Masala Noodles with Added Veggies - The Better Noodles,0.5345867589295316
Tulips Paper Stick Cotton Buds Jar (100.0 PIECE),Haldiram's Salted Peanut,0.5345642823595917
YiPPee! 100% Suji Masala Pasta Treat,Cheetos Cheese Puffs (28.0 GRAM),0.5344648520284794
Colombian Brew Original Instant Coffee Sachets | 40 Sachets,Lay's Spanish Tomato Tango Potato Chips,0.5341876129618472
Peppy Cheese Balls (55.0 GRAM),Cheetos Cheese Puffs (28.0 GRAM),0.5341312493494779
Lay's Potato Chips - Chile Lemon Flavour,Parle Hide & Seek Chocolate Chip Biscuits | Trans Fat-free,0.5340543035034763
Chheda's Golden Plain Salted Chips (170.0 GRAM),Haldiram's Moong Dal,0.5340303588862377
Parle Krack Jack Sweet and Salty Plain Crackers | Artificial Colour-free,MAGGI 2-Minute Instant Noodles | Masala Noodles | Made With Quality Spices,0.533646001661255
Kurkure Playz Puffcorn Yummy Cheese,MAGGI 2-Minute Instant Noodles | Masala Noodles | Made With Quality Spices,0.5336395426980173
Mr Makhana Super Snack - Himalayan Salt And Pepper,Scotch-Brite Scrub Sponge (Pack of 3),0.5332200484066156
Open Secret Arabian Dates (Khajur) With Seed,Let's Try Salted Peanuts,0.5331290049707155
Balaji Simply Salted Chips (135.0 GRAM),Let'S Try Roasted Chana (450.0 GRAM),0.532935675695881
Lay's Potato Chips - Chile Lemon Flavour,Kurkure Solid Masti Masala Twisteez (61.0 GRAM),0.5328880822746522
Peppy Cheese Balls (55.0 GRAM),Chheda's Golden Plain Salted Chips (170.0 GRAM),0.5328543206546053
Hindalco Fresh wrapp Aluminium Foil - 9 m,Lay's Spanish Tomato Tango Potato Chips,0.5327974044700793
Maggi Special Masala Instant Noodles,Daily Good Chilli With Stem / Guntur With Stem,0.5326981647201579
Crax Crunchy Pipes Salted Puff Snacks,Haldiram's Salted Peanut,0.5326459894803108
Piknik Classic Tomato Chilli,YiPPee! Magic Masala Noodles with Added Veggies - The Better Noodles,0.5325546646048035
Haldiram's Lite Chiwda (200.0 GRAM),Lay's Spanish Tomato Tango Potato Chips,0.5324503527821595
The Whole Truth Double Cocoa Protein Bar,Haldiram's Masala Tasty Nuts (200.0 GRAM),0.532184526631895
Fevikwik Instant Adhesive (3 gm),Let's Try Salted Peanuts,0.5320452688332808
The Whole Truth Double Cocoa Protein Bar,Haldiram's Mini Bhakarwadi,0.5318608400897806
Mr Makhana Super Snack - Himalayan Salt And Pepper,Rajdhani Roasted Chana (200.0 GRAM),0.531539604227812
The Belgian Crisps Double Choco Waffle Wafers | Artificial Colour-free,YiPPee! Magic Masala Noodles with Added Veggies - The Better Noodles,0.5313809753742154
Balaji Simply Salted Chips (135.0 GRAM),Haldiram's Moong Dal,0.5313272810712492
Daily Good Pistachios California Salted,Lay's American Cream & Onion Potato Chips (48.0 GRAM),0.5313214854065272
Let's Try Lite Snacks Sticks | Vrat | Fasting Special,MAGGI 2-Minute Instant Noodles | Masala Noodles | Made With Quality Spices,0.5310946645472535
"Uncle Chipps Potato Chips, Plain Salted Flavour, Crispy Chips & Snacks (48.0 GRAM)",Kurkure Solid Masti Masala Twisteez (61.0 GRAM),0.5310937323152776
Modern Kitchens Butter Murukku,Scotch-Brite Scrub Sponge (Pack of 3),0.530973570179662
The Whole Truth Double Cocoa Protein Bar,Scotch-Brite Scrub Sponge (Pack of 3),0.5307254516889237
Rajam Banana Chips (150.0 GRAM),Britannia Treat Jimjam Naughty Jam Cream Biscuits | Trans Fat-free,0.5305121932083223
Modern Kitchens Butter Murukku,Korean Nongshim Shin Ramyun Noodle Soup Veg,0.5304855687606111
Maggi Special Masala Instant Noodles,Haldiram's Lite Chiwda (200.0 GRAM),0.5304677026717584
Amul Taaza Homogenised Toned Milk (Tetra Pack),Kurkure Yummy PuffCorn Yummy Cheese Chips,0.5303065087312248
Bauli Moonfils Croissants Choco Cream (Egg) (50.0 GRAM),Cheetos Cheese Puffs (28.0 GRAM),0.5302166635670449
Rajdhani Roasted Chana (200.0 GRAM),Haldiram's Lite Chiwda (200.0 GRAM),0.5301124232513098
Society Natural Tea (250.0 GRAM),Sunfeast Dark Fantasy Bourbon Chocolate Cream Biscuits | Trans Fat-free,0.5299705416168317
Kurkure Yummy PuffCorn Yummy Cheese Chips,Lay's Potato Chips - Chile Lemon Flavour,0.5298928372749352
Sunfeast Dark Fantasy Choco Centre Fills | Preservative-free,MAGGI Pazzta Instant Pasta - Cheese Macaroni,0.5297021646218489
Tata Sampann 100% Chana Dal Fine Besan,Chheda's Yellow Banana Chips (170.0 GRAM),0.5296539753639418
Palekar Jeeo Butter | Toasted Buns With Jeera And Khari | Trans Fat-free,Let's Try Namkeen Combo Pack Of 6 (Crunchy Party Mix Peanut Party Mix Aloo Bhujia),0.5295496473141617
Haldiram's Salted Peanut,Haldiram's Lite Chiwda (200.0 GRAM),0.529493321711004
Maggi Special Masala Instant Noodles,Scotch-Brite Scrub Sponge (Pack of 3),0.5293289807597836
Balaji Masala Masti Chips (135.0 GRAM),Parle Hide & Seek Chocolate Chip Biscuits | Trans Fat-free,0.5292859615079095
ZOFF Green Cardamom Whole - Elaichi,Haldiram's Moong Dal,0.5287978307101431
Bauli Moonfils Croissants Choco Cream (Egg) (50.0 GRAM),Haldiram's Moong Dal,0.5287783158947759
Rajdhani Roasted Chana (200.0 GRAM),Haldiram's Panchratan Mixture,0.528683744515746
Britannia Treat Jimjam Naughty Jam Cream Biscuits | Trans Fat-free,Britannia 50-50 Maska Chaska Biscuits Butter Flavoured Crackers | Trans Fat-free,0.528548597835206
Haldiram's Ratlami Sev (200.0 GRAM),Haldiram's Panchratan Mixture,0.5284761780125765
Maggi Masala-ae-Magic Sabzi Masala,Aashirvaad 100% Chana Dal Besan (500.0 GRAM),0.528307375817452
Chheda's Farali Potato Chivda (170.0 GRAM),Daily Good Cashew | W320 (100.0 GRAM),0.5279640962872296
Cadbury Oreo Chocolate Flavour Creme Sandwich Biscuit,Catch Jeera Whole (100.0 GRAM),0.5278912864187972
Colombian Brew Original Instant Coffee Sachets | 40 Sachets,Scotch-Brite Scrub Sponge (Pack of 3),0.5278805862540218
Fevikwik Instant Adhesive (3 gm),Let's Try Namkeen Combo Pack Of 6 (Crunchy Party Mix Peanut Party Mix Aloo Bhujia),0.5275517656013855
Peppy Cheese Balls (55.0 GRAM),Peppy Tomato Disc (55.0 GRAM),0.527546589889938
Let'S Try Roasted Chana (450.0 GRAM),Let's Try Salted Peanuts,0.5273719573289327
Bingo! Mad Angles Masala Madness Crisps,Let's Try Salted Peanuts,0.5273473353525181
Let's Try Potato Wafers | Vrat | Fasting Chips,MAGGI 2-Minute Instant Noodles | Masala Noodles | Made With Quality Spices,0.5270851206946254
Too Yumm! Karare Chilli Achari Flavour | Tangy | No Palm Oil Crisps,Bingo! Mad Angles Masala Madness Crisps,0.5270825157457169
"Paper Boat Mango | Juicy Sips, Chewy Bites | Refreshing Summer Juice Drink",YiPPee! Magic Masala Noodles with Added Veggies - The Better Noodles,0.5266043331567052
Let's Try Salted Peanuts,Cheetos Cheese Puffs (28.0 GRAM),0.5263865566875153
Society Natural Tea (250.0 GRAM),Lay's Spanish Tomato Tango Potato Chips,0.525988860639944
Haldiram's Lite Chiwda (200.0 GRAM),Haldiram's Salted Peanut,0.525970634093699
Haldiram's All In One Mixture,Daily Good Saunf / Fennel,0.525724738978675
Lay's West Indies Hot 'n' Sweet Chilli Potato Chips,Kurkure Green Chutney Style (68.0 GRAM),0.5257192661026817
Haldirams Namkeen - Khara Boondi,Lay's Spanish Tomato Tango Potato Chips,0.5252898721208212
Chheda's Golden Plain Salted Chips (170.0 GRAM),MAGGI 2-Minute Instant Noodles | Masala Noodles | Made With Quality Spices,0.5249998962369592
Haldiram's Ratlami Sev (200.0 GRAM),Haldiram's Lite Chiwda (200.0 GRAM),0.524824189089566
Daily Good Mustard / Rai / Sarso Small (100.0 GRAM),Haldiram's Lite Chiwda (200.0 GRAM),0.524422486686895
Britannia Treat Jimjam Naughty Jam Cream Biscuits | Trans Fat-free,Kurkure Green Chutney Style (68.0 GRAM),0.524284389376144
Rajdhani Roasted Chana (200.0 GRAM),Haldiram's Salted Peanut,0.5240811220467287
Haldiram's All In One Mixture,Lay's Spanish Tomato Tango Potato Chips,0.5239654728214306
Haldiram's Panchratan Mixture,The Theatre Project Gourmet Popcorn - Cheddar Cheese (60.0 GRAM),0.5238197597009897
Open Secret Arabian Dates (Khajur) With Seed,Haldiram's Moong Dal,0.523811514595101
"Uncle Chipps Potato Chips, Plain Salted Flavour, Crispy Chips & Snacks (48.0 GRAM)",Aashirvaad 100% Chana Dal Besan (500.0 GRAM),0.5236700130900596
Lal Sweets Motichoor Laddu,YiPPee! Magic Masala Noodles with Added Veggies - The Better Noodles,0.523629167432656
Daily Good Saunf / Fennel,Let's Try Namkeen Combo Pack Of 6 (Crunchy Party Mix Peanut Party Mix Aloo Bhujia),0.5234655042090767
Peppy Tomato Disc (55.0 GRAM),Palekar Jeeo Butter | Toasted Buns With Jeera And Khari | Trans Fat-free,0.523464334165197
Britannia Nutrichoice High-Fibre Digestive Biscuits,Cheetos Cheese Puffs (28.0 GRAM),0.5232855043578136
Vim Lemon Dishwash Bar,Parle Hide & Seek Chocolate Chip Biscuits | Trans Fat-free,0.5232049656702171
Bingo! Mad Angles Masala Madness Crisps,Palekar Jeeo Butter | Toasted Buns With Jeera And Khari | Trans Fat-free,0.5229226834470109
Tata Sampann 100% Chana Dal Fine Besan,The Theatre Project Gourmet Popcorn - Cheddar Cheese (60.0 GRAM),0.5228311782917502
Kurkure Playz Puffcorn Yummy Cheese,Lay's Spanish Tomato Tango Potato Chips,0.5226966028030097
Uncle Chipps - Spicy Treat,Scotch-Brite Scrub Sponge (Pack of 3),0.5226880852979338
Let's Try Salted Peanuts,Chheda's Yellow Banana Chips (170.0 GRAM),0.522628386266708
Britannia Treat Jimjam Naughty Jam Cream Biscuits | Trans Fat-free,Daily Good Raw Peanut - Singdana,0.522625812963451
Pintola High Protein Oats Dark Chocolate With Almonds Raisin Pumpkin And Chia Seeds,Scotch-Brite Scrub Sponge (Pack of 3),0.522581327110577
Let'S Try Roasted Chana (450.0 GRAM),Bingo! Mad Angles Masala Madness Crisps,0.5224730211257568
Too Yumm! Karare Munchy Masala | Spicy | No Palm Oil Crisps,Society Natural Tea (250.0 GRAM),0.5224510746896481
Britannia Little Hearts Classic Crunch Flavoured Biscuits | Cholesterol-free,Kurkure Solid Masti Masala Twisteez (61.0 GRAM),0.5223996982592221
Let'S Try Special Makhana Mixture | Fasting Snacks (90.0 GRAM),MAGGI 2-Minute Instant Noodles | Masala Noodles | Made With Quality Spices,0.5222200956937799
Beyond Snack Kerala Banana Chips - with Coconut Oil & Rock Salt,MAGGI 2-Minute Instant Noodles | Masala Noodles | Made With Quality Spices,0.5218591259426337
Peppy Tomato Disc (55.0 GRAM),Peppy Cheese Balls (55.0 GRAM),0.5218590465056258
Garden Sabudana Chivda Namkeen,Haldiram's Moong Dal,0.5216717755502323
Haldiram's Salted Peanut,The Whole Truth Double Cocoa Protein Bar,0.5215755764958248
Rajdhani Roasted Chana (200.0 GRAM),Haldiram's All In One Mixture,0.5215692954466182
Crax Curls Chatpata Masala Puff Snacks,YiPPee! Magic Masala Noodles with Added Veggies - The Better Noodles,0.5214424731902454
Mysore Sandal Soap,Aashirvaad 100% Chana Dal Besan (500.0 GRAM),0.52136225171491
Peppy Cheese Balls (55.0 GRAM),RiteBite Max Protein 10g Protein Bar Choco Almond,0.5213483840218336
Palekar Jeeo Butter | Toasted Buns With Jeera And Khari | Trans Fat-free,Sunfeast Dark Fantasy Bourbon Chocolate Cream Biscuits | Trans Fat-free,0.521246150300325
Garden Sabudana Chivda Namkeen,Let's Try Salted Peanuts,0.5210997074016545
Chheda's Mix Farsan (170.0 GRAM),MAGGI 2-Minute Instant Noodles | Masala Noodles | Made With Quality Spices,0.5210415762520614
Cadbury Oreo Vanilla Flavour Creme Sandwich Biscuit Mega Family Pack,Britannia Treat Jimjam Naughty Jam Cream Biscuits | Trans Fat-free,0.5209983231698472
Daily Good Tamarind / Imli (200.0 GRAM),Britannia Treat Jimjam Naughty Jam Cream Biscuits | Trans Fat-free,0.5209654938081032
Maggi Pazzta Instant Pasta - Masala Penne (69.0 GRAM),Britannia 50-50 Maska Chaska Biscuits Butter Flavoured Crackers | Trans Fat-free,0.5209527458228495
Britannia 50-50 Maska Chaska Biscuits Butter Flavoured Crackers | Trans Fat-free,Kurkure Green Chutney Style (68.0 GRAM),0.5208888046586688
Let's Try Kerala Garlic Mix (180.0 GRAM),Sunfeast Dark Fantasy Bourbon Chocolate Cream Biscuits | Trans Fat-free,0.5208331184855071
Fevikwik Instant Adhesive (3 gm),Scotch-Brite Scrub Sponge (Pack of 3),0.5206026229101159
Kurkure Yummy PuffCorn Yummy Cheese Chips,Bingo! Original Style Chilli Sprinkled - Flat Cut Spicy Potato Chips Pack for Snacks,0.5205999446374077
Bingo! Original Style Chilli Sprinkled - Flat Cut Spicy Potato Chips Pack for Snacks,Kurkure Yummy PuffCorn Yummy Cheese Chips,0.5205999446374077
Let's Try Potato Wafers | Vrat | Fasting Chips,Sunfeast Dark Fantasy Bourbon Chocolate Cream Biscuits | Trans Fat-free,0.5204486262970488
The Whole Truth Double Cocoa Protein Bar,Lay's Spanish Tomato Tango Potato Chips,0.5204406392694064
Amul Taaza Homogenised Toned Milk (Tetra Pack),Kurkure Green Chutney Style (68.0 GRAM),0.5203863395737891
Korean Nongshim Shin Ramyun Noodle Soup Veg,Modern Kitchens Butter Murukku,0.5202467752960112
Let'S Try Roasted Chana (450.0 GRAM),Sunfeast Dark Fantasy Bourbon Chocolate Cream Biscuits | Trans Fat-free,0.5201302397830975
Palekar Jeeo Butter | Toasted Buns With Jeera And Khari | Trans Fat-free,Let's Try Salted Peanuts,0.5200913404370764
Daily Good Mustard / Rai / Sarso Small (100.0 GRAM),Lay's Spanish Tomato Tango Potato Chips,0.5200575397925795
Kurkure Playz Puffcorn Yummy Cheese,Sunfeast Dark Fantasy Bourbon Chocolate Cream Biscuits | Trans Fat-free,0.5199539692621169
Kotton Multipurpose Napkin | 100% Virgin Pulp-Paper | 25 cm X 25 cm | 100Pcs,YiPPee! Magic Masala Noodles with Added Veggies - The Better Noodles,0.5199022694438115
Balaji Simply Salted Chips (135.0 GRAM),Peppy Tomato Disc (55.0 GRAM),0.5198613194193038
Crax Crunchy Pipes Salted Puff Snacks,The Healthy Binge Quinoa Baked Chips Smokey Bbq -High Protein And Fibre (40.0 GRAM),0.5198334842050871
Chheda's Golden Plain Salted Chips (170.0 GRAM),RiteBite Max Protein 10g Protein Bar Choco Almond,0.5197265370444046
Vim Lemon Dishwash Bar,Kurkure Solid Masti Masala Twisteez (61.0 GRAM),0.5197178444998034
Pintola High Protein Oats Dark Chocolate With Almonds Raisin Pumpkin And Chia Seeds,Sunfeast Dark Fantasy Bourbon Chocolate Cream Biscuits | Trans Fat-free,0.5196547630138202
Let's Try Potato Wafers | Vrat | Fasting Chips,Let's Try Salted Peanuts,0.519274115373786
Let's Try Salted Peanuts,Haldiram's Moong Dal,0.5192359344879248
Crax Crunchy Pipes Salted Puff Snacks,Modern Kitchens Potato Chips Salted (70.0 GRAM),0.5189028212069526
"Ritebite Max Protein Cheese & Jalapeno 10G Multigrain Protein Chips, Healthy Snacks & Munchies",Britannia Treat Jimjam Naughty Jam Cream Biscuits | Trans Fat-free,0.5187740166297802
Britannia Good Day Cashew Dry Fruit Biscuits| Trans Fat-free,Kurkure Green Chutney Style (68.0 GRAM),0.5187242798924041
Beyond Snack Kerala Banana Chips - Peri Peri (70.0 GRAM),Let's Try Salted Peanuts,0.5185184724729757
Chheda's Golden Plain Salted Chips (170.0 GRAM),Haldiram's Bhujia Sev (200.0 GRAM),0.5184745079988414
Yu 100% Whole Wheat Hakka Noodles,RiteBite Max Protein 10g Protein Bar Choco Almond,0.5184350992255138
Haldiram's Panchratan Mixture,Haldiram's Ratlami Sev (200.0 GRAM),0.5182912886544802
Open Secret Arabian Dates (Khajur) With Seed,The Theatre Project Gourmet Popcorn - Cheddar Cheese (60.0 GRAM),0.5182141345746931
Society Natural Tea (250.0 GRAM),Palekar Jeeo Butter | Toasted Buns With Jeera And Khari | Trans Fat-free,0.5182040469232405
Lay's American Cream & Onion Potato Chips (48.0 GRAM),Britannia 50-50 Maska Chaska Biscuits Butter Flavoured Crackers | Trans Fat-free,0.5181911826909747
Amul Taaza Homogenised Toned Milk (Tetra Pack),Cadbury Oreo Vanilla Flavour Creme Sandwich Biscuit Mega Family Pack,0.5180918526123293
The Theatre Project Gourmet Popcorn - Cheddar Cheese (60.0 GRAM),Let's Try Namkeen Combo Pack Of 6 (Crunchy Party Mix Peanut Party Mix Aloo Bhujia),0.5179796550199027
Chheda's Golden Plain Salted Chips (170.0 GRAM),Let's Try Salted Peanuts,0.5179566812958888
Amul Taaza Homogenised Toned Milk (Tetra Pack),Britannia Treat Jimjam Naughty Jam Cream Biscuits | Trans Fat-free,0.5178678611422173
ZOFF Green Cardamom Whole - Elaichi,Let's Try Salted Peanuts,0.5178541697479347
Haldiram's Salted Peanut,Crax Crunchy Pipes Salted Puff Snacks,0.5176629271158371
Peppy Tomato Disc (55.0 GRAM),Haldiram's Moong Dal,0.5176120011478522
Haldiram's All In One Mixture,Haldiram's Salted Peanut,0.5174510906207443
Kurkure Masala Munch,MAGGI 2-Minute Instant Noodles | Masala Noodles | Made With Quality Spices,0.517162727478668
Namaskaram Methi Khakhra,Kurkure Solid Masti Masala Twisteez (61.0 GRAM),0.5171002215874619
Cadbury Oreo Vanilla Flavour Creme Sandwich Biscuit Mega Family Pack,Cadbury Oreo Vanilla Flavour Creme Sandwich Biscuit Family Pack,0.5168969501715489
Hindalco Fresh wrapp Aluminium Foil - 9 m,Let's Try Namkeen Combo Pack Of 6 (Crunchy Party Mix Peanut Party Mix Aloo Bhujia),0.5168937437934459
Let's Try Potato Wafers | Vrat | Fasting Chips,Haldiram's Moong Dal,0.516864680303024
Kurkure Red Chilli Chataka Chips (68.0 GRAM),Chheda's Yellow Banana Chips (170.0 GRAM),0.5166738121900496
Let's Try Namkeen Combo Pack Of 6 (Crunchy Party Mix Peanut Party Mix Aloo Bhujia),MAGGI 2-Minute Instant Noodles | Masala Noodles | Made With Quality Spices,0.5165513972548633
Cadbury Oreo Chocolate Flavour Creme Sandwich Biscuit Family Pack,Haldiram's Moong Dal,0.5165342041647227
Haldiram's Lite Chiwda (200.0 GRAM),Scotch-Brite Scrub Sponge (Pack of 3),0.5163222536855339
Malkist Double Chocolatey Crunchy Layered Crackers,Britannia Treat Jimjam Naughty Jam Cream Biscuits | Trans Fat-free,0.5162731949031343
"Ritebite Max Protein Cheese & Jalapeno 10G Multigrain Protein Chips, Healthy Snacks & Munchies",Catch Jeera Whole (100.0 GRAM),0.5161813760370322
The Healthy Binge Quinoa Baked Chips Smokey Bbq -High Protein And Fibre (40.0 GRAM),Haldiram's Masala Tasty Nuts (200.0 GRAM),0.5160857844261918
Society Natural Tea (250.0 GRAM),Let's Try Namkeen Combo Pack Of 6 (Crunchy Party Mix Peanut Party Mix Aloo Bhujia),0.5160508558846508
Daily Good Tamarind / Imli (200.0 GRAM),Catch Jeera Whole (100.0 GRAM),0.5152215729696368
Everest Chhole Masala,Rajdhani Roasted Chana (200.0 GRAM),0.5150158507303855
Uncle Chipps - Spicy Treat,Let's Try Namkeen Combo Pack Of 6 (Crunchy Party Mix Peanut Party Mix Aloo Bhujia),0.5149950416230724
Peppy Cheese Balls (55.0 GRAM),Let's Try Salted Peanuts,0.5148902985061341
RiteBite Max Protein 10g Protein Bar Choco Almond,MAGGI 2-Minute Instant Noodles | Masala Noodles | Made With Quality Spices,0.5148602730636627
Let's Try Namkeen Combo Pack Of 6 (Crunchy Party Mix Peanut Party Mix Aloo Bhujia),Cheetos Cheese Puffs (28.0 GRAM),0.5147833937564361
Haldiram's Salted Peanut,Lay's Spanish Tomato Tango Potato Chips,0.5147752839057624
Kurkure Playz Puffcorn Yummy Cheese,Britannia Marie Gold Biscuits Plain | Trans Fat-free,0.5146881436577591
Chheda's Mix Farsan (170.0 GRAM),Kurkure Solid Masti Masala Twisteez (61.0 GRAM),0.5145878331858607
Haldiram's Bhujia Sev (200.0 GRAM),Haldiram's Moong Dal,0.5144801179869734
Rajdhani Roasted Chana (200.0 GRAM),Lay's Spanish Tomato Tango Potato Chips,0.514420158250664
The Theatre Project Gourmet Popcorn - Cheddar Cheese (60.0 GRAM),Palekar Jeeo Butter | Toasted Buns With Jeera And Khari | Trans Fat-free,0.5143201646728505
Vim Lemon Dishwash Bar,Chheda's Long Masala Banana Chips (170.0 GRAM),0.5139153365436984
Tulips Paper Stick Cotton Buds Jar (100.0 PIECE),Let's Try Salted Peanuts,0.5138565377365709
YiPPee! 100% Suji Cheese Pasta Treat,Let's Try Namkeen Combo Pack Of 6 (Crunchy Party Mix Peanut Party Mix Aloo Bhujia),0.5138257609836557
Namaskaram Methi Khakhra,Britannia 50-50 Maska Chaska Biscuits Butter Flavoured Crackers | Trans Fat-free,0.5138177669548295
Lay's American Cream & Onion Potato Chips (48.0 GRAM),Britannia Treat Jimjam Naughty Jam Cream Biscuits | Trans Fat-free,0.5136811184837291
Lay's Spanish Tomato Tango Potato Chips,Scotch-Brite Scrub Sponge (Pack of 3),0.5136562590795124
Colombian Brew Original Instant Coffee Sachets | 40 Sachets,Haldiram's Lite Chiwda (200.0 GRAM),0.5136466821659313
Haldiram's Lite Chiwda (200.0 GRAM),The Whole Truth Double Cocoa Protein Bar,0.5136084271153044
Chheda's Farali Potato Chivda (170.0 GRAM),Unibic Choco Chip Flavoured Biscuits | Trans Fat-free,0.5135090232273949
Cadbury Oreo Vanilla Flavour Creme Sandwich Biscuit Mega Family Pack,Unibic Choco Chip Flavoured Biscuits | Trans Fat-free,0.5133725786882088
Aashirvaad Jeera (100.0 GRAM),Haldiram's Moong Dal,0.5133642591133244
Let's Try Potato Wafers | Vrat | Fasting Chips,Palekar Jeeo Butter | Toasted Buns With Jeera And Khari | Trans Fat-free,0.5133115254447931
Let's Try Namkeen Combo Pack Of 6 (Crunchy Party Mix Peanut Party Mix Aloo Bhujia),Palekar Jeeo Butter | Toasted Buns With Jeera And Khari | Trans Fat-free,0.5132020773583442
YiPPee! 100% Suji Cheese Pasta Treat,Kurkure Masala Munch,0.5131558307533539
Sunfeast Dark Fantasy Vanilla Cream Dark Crunchy Biscuits | Artificial Colour-free,Aashirvaad 100% Chana Dal Besan (500.0 GRAM),0.5131213342673753
ZOFF Green Cardamom Whole - Elaichi,RiteBite Max Protein 10g Protein Bar Choco Almond,0.5130951008141249
"Ritebite Max Protein Cheese & Jalapeno 10G Multigrain Protein Chips, Healthy Snacks & Munchies",MAGGI 2-Minute Instant Noodles | Masala Noodles | Made With Quality Spices,0.5129932378478363
Daily Good Tamarind / Imli (200.0 GRAM),Kurkure Solid Masti Masala Twisteez (61.0 GRAM),0.5128504472070654
Mysore Sandal Soap,Haldiram's Moong Dal,0.5128421012409512
Tulips Paper Stick Cotton Buds Jar (100.0 PIECE),The Theatre Project Gourmet Popcorn - Cheddar Cheese (60.0 GRAM),0.5128119531565487
Palekar Jeeo Butter | Toasted Buns With Jeera And Khari | Trans Fat-free,MAGGI 2-Minute Instant Noodles | Masala Noodles | Made With Quality Spices,0.5127657716077975
Too Yumm! Noodles Masala | Spicy No Palm Oil Crisps (67.0 GRAM),Lay's Spanish Tomato Tango Potato Chips,0.5126870389884088
Too Yumm! Karare Munchy Masala | Spicy | No Palm Oil Crisps,Uncle Chipps - Spicy Treat,0.5125559210526316
Beyond Snack Kerala Banana Chips - with Coconut Oil & Rock Salt,Haldiram's Moong Dal,0.5125260102727563
Daily Good Tamarind / Imli (200.0 GRAM),Daily Good Raw Peanut - Singdana,0.512510746275479
The Healthy Binge Quinoa Baked Chips Smokey Bbq -High Protein And Fibre (40.0 GRAM),Kinder Joy - Single Pack - Assorted,0.5124077496722614
Beyond Snack Kerala Banana Chips - with Coconut Oil & Rock Salt,RiteBite Max Protein 10g Protein Bar Choco Almond,0.5122175214561757
Tata Sampann 100% Chana Dal Fine Besan,Haldiram's Salted Peanut,0.5120168183108684
"Ritebite Max Protein Cheese & Jalapeno 10G Multigrain Protein Chips, Healthy Snacks & Munchies",Aashirvaad 100% Chana Dal Besan (500.0 GRAM),0.5115628390000272
ACT II Ready to Eat Popcorn - Sour Cream & Cheese Popcorn (50.0 GRAM),Palekar Jeeo Butter | Toasted Buns With Jeera And Khari | Trans Fat-free,0.511494818285296
Let'S Try Roasted Chana (450.0 GRAM),Chheda's Golden Plain Salted Chips (170.0 GRAM),0.5114481272262136
Peppy Tomato Disc (55.0 GRAM),Sunfeast Dark Fantasy Bourbon Chocolate Cream Biscuits | Trans Fat-free,0.5112403091526212
Chheda's Small Bhakarwadi,MAGGI 2-Minute Instant Noodles | Masala Noodles | Made With Quality Spices,0.5112042466086111
Crax Crunchy Pipes Salted Puff Snacks,Piknik Classic Tomato Chilli,0.5109220530472857
Cadbury Oreo Chocolate Flavour Creme Sandwich Biscuit Family Pack,Britannia Treat Jimjam Naughty Jam Cream Biscuits | Trans Fat-free,0.5108867992885844
Bingo! Original Style Chilli Sprinkled - Flat Cut Spicy Potato Chips Pack for Snacks,Kurkure Solid Masti Masala Twisteez (61.0 GRAM),0.510756535470206
Peppy Tomato Disc (55.0 GRAM),Chheda's Golden Plain Salted Chips (170.0 GRAM),0.5107453472506365
Hindalco Fresh wrapp Aluminium Foil - 9 m,Haldiram's Salted Peanut,0.5105333408498589
Haldirams Namkeen - Khara Boondi,Kurkure Masala Munch,0.5104550105914942
Britannia Little Hearts Classic Crunch Flavoured Biscuits | Cholesterol-free,Kurkure Green Chutney Style (68.0 GRAM),0.5104259008944655
Chheda's Farali Potato Chivda (170.0 GRAM),Britannia Treat Jimjam Naughty Jam Cream Biscuits | Trans Fat-free,0.5104123991324179
Rajdhani Roasted Chana (200.0 GRAM),Scotch-Brite Scrub Sponge (Pack of 3),0.510181868803882
Chheda's Small Bhakarwadi,Haldiram's Moong Dal,0.5100438502480016
Tata Sampann 100% Chana Dal Fine Besan,Too Yumm! Karare Munchy Masala | Spicy | No Palm Oil Crisps,0.5099738777089783
Uncle Chipps - Spicy Treat,Cheetos Cheese Puffs (28.0 GRAM),0.5099030736611329
Lay's West Indies Hot 'n' Sweet Chilli Potato Chips,Cheetos Masala Balls (28.0 GRAM),0.5098306101320661
Catch Jeera Whole (100.0 GRAM),Kurkure Green Chutney Style (68.0 GRAM),0.5098282524757813
"Ritebite Max Protein Cheese & Jalapeno 10G Multigrain Protein Chips, Healthy Snacks & Munchies",Kurkure Solid Masti Masala Twisteez (61.0 GRAM),0.509810251939923
Haldiram's Ratlami Sev (200.0 GRAM),Rajdhani Roasted Chana (200.0 GRAM),0.5097968289237024
Britannia Nutrichoice High-Fibre Digestive Biscuits,Kurkure Green Chutney Style (68.0 GRAM),0.509766989768202
Haldiram's Bhujia Sev (200.0 GRAM),MAGGI 2-Minute Instant Noodles | Masala Noodles | Made With Quality Spices,0.5096180899186902
Namaskaram Methi Khakhra,MAGGI 2-Minute Instant Noodles | Masala Noodles | Made With Quality Spices,0.5095743908885136
Peppy Tomato Disc (55.0 GRAM),Let's Try Namkeen Combo Pack Of 6 (Crunchy Party Mix Peanut Party Mix Aloo Bhujia),0.5095202144038319
The Theatre Project Gourmet Popcorn - Cheddar Cheese (60.0 GRAM),Cheetos Cheese Puffs (28.0 GRAM),0.509499924488409
Daily Good Saunf / Fennel,Lay's Spanish Tomato Tango Potato Chips,0.5089834174477289
Cadbury Oreo Chocolate Flavour Creme Sandwich Biscuit Family Pack,Kurkure Green Chutney Style (68.0 GRAM),0.5089552588927748
Malkist Double Chocolatey Crunchy Layered Crackers,Kurkure Yummy PuffCorn Yummy Cheese Chips,0.508941837991989
Uncle Chipps - Spicy Treat,Sunfeast Dark Fantasy Bourbon Chocolate Cream Biscuits | Trans Fat-free,0.5088589085013113
The Theatre Project Gourmet Popcorn - Cheddar Cheese (60.0 GRAM),Let's Try Salted Peanuts,0.5085083421946606
Beyond Snack Kerala Banana Chips - with Coconut Oil & Rock Salt,Chheda's Golden Plain Salted Chips (170.0 GRAM),0.5084494867054219
Haldirams Namkeen - Khara Boondi,The Theatre Project Gourmet Popcorn - Cheddar Cheese (60.0 GRAM),0.5084421269892998
Palekar Knot Premium Salty Khari | Preservative-free,Haldiram's Salted Peanut,0.5083272056383642
Lets Try Lite Mixture (180.0 GRAM),Kurkure Masala Munch,0.5083147380103978
Sunfeast Dark Fantasy Vanilla Cream Dark Crunchy Biscuits | Artificial Colour-free,Haldiram's Moong Dal,0.5080419877056893
Modern Kitchens Potato Chips Salted (70.0 GRAM),Haldiram's Masala Tasty Nuts (200.0 GRAM),0.5079855745677978
Cheetos Cheese Puffs (28.0 GRAM),MAGGI 2-Minute Instant Noodles | Masala Noodles | Made With Quality Spices,0.5077840962459689
Too Yumm! Karare Chilli Achari Flavour | Tangy | No Palm Oil Crisps,Cheetos Masala Balls (28.0 GRAM),0.5075064523553339
Cadbury Oreo Chocolate Flavour Creme Sandwich Biscuit,Aashirvaad 100% Chana Dal Besan (500.0 GRAM),0.5075005839549209
Beyond Snack Kerala Banana Chips - with Coconut Oil & Rock Salt,Palekar Jeeo Butter | Toasted Buns With Jeera And Khari | Trans Fat-free,0.5074305740142333
Garden Sabudana Chivda Namkeen,Palekar Jeeo Butter | Toasted Buns With Jeera And Khari | Trans Fat-free,0.50731588865746
Britannia Treat Jimjam Naughty Jam Cream Biscuits | Trans Fat-free,Kurkure Solid Masti Masala Twisteez (61.0 GRAM),0.5072964965605503
Palekar Jeeo Butter | Toasted Buns With Jeera And Khari | Trans Fat-free,Haldiram's Bhujia Sev (200.0 GRAM),0.5071365155134011
Let's Try Kerala Garlic Mix (180.0 GRAM),Kurkure Masala Munch,0.507046832768195
Fevikwik Instant Adhesive (3 gm),Palekar Jeeo Butter | Toasted Buns With Jeera And Khari | Trans Fat-free,0.5068317215691551
Chheda's Yellow Banana Chips (170.0 GRAM),Haldiram's Moong Dal,0.5066507556660036
Haldiram's Bhujia Sev (200.0 GRAM),Chheda's Yellow Banana Chips (170.0 GRAM),0.5065832402128492
Uncle Chipps - Spicy Treat,Let's Try Lite Snacks Sticks | Vrat | Fasting Special,0.5065219606026383
Balaji Masala Masti Chips (135.0 GRAM),Kurkure Green Chutney Style (68.0 GRAM),0.5063847777872559
Lay's Spanish Tomato Tango Potato Chips,Uncle Chipps - Spicy Treat,0.5063813987022351
Unibic Choco Chip Flavoured Biscuits | Trans Fat-free,Kurkure Green Chutney Style (68.0 GRAM),0.5063441607043244
The Theatre Project Gourmet Popcorn - Cheddar Cheese (60.0 GRAM),Haldiram's Moong Dal,0.5062855096376451
Maggi Pazzta Instant Pasta - Masala Penne (69.0 GRAM),Kurkure Green Chutney Style (68.0 GRAM),0.5060494976430577
Sunfeast Dark Fantasy Choco Centre Fills | Preservative-free,Maggi Pazzta Instant Pasta - Masala Penne (69.0 GRAM),0.5059690303379146
"Aashirvaad Chilli Powder, Red Hot Chilli Powder with No Added Flavours and Colours",Haldiram's Masala Tasty Nuts (200.0 GRAM),0.5058864606233027
Bauli Moonfils Croissants Choco Cream (Egg) (50.0 GRAM),Chheda's Yellow Banana Chips (170.0 GRAM),0.5058717389669949
Maggi Pazzta Instant Pasta - Masala Penne (69.0 GRAM),Bingo! Original Style Chilli Sprinkled - Flat Cut Spicy Potato Chips Pack for Snacks,0.5056841184975958
Peppy Tomato Disc (55.0 GRAM),Let's Try Salted Peanuts,0.5056053499045786
Haldiram's Salted Peanut,Daily Good Saunf / Fennel,0.5054541008593139
Lets Try Lite Mixture (180.0 GRAM),Haldiram's Moong Dal,0.5053263865271864
Lay's American Cream & Onion Potato Chips,MAGGI 2-Minute Instant Noodles | Masala Noodles | Made With Quality Spices,0.5051696679264969
Uncle Chipps - Spicy Treat,Kurkure Masala Munch,0.5050837165617283
Maggi Pazzta Instant Pasta - Masala Penne (69.0 GRAM),Malkist Double Chocolatey Crunchy Layered Crackers,0.5047474646048801
ACT II Ready to Eat Popcorn - Sour Cream & Cheese Popcorn (50.0 GRAM),Kurkure Masala Munch,0.504705659887655
Cadbury Oreo Chocolate Flavour Creme Sandwich Biscuit,Britannia Treat Jimjam Naughty Jam Cream Biscuits | Trans Fat-free,0.5047017290792795
Daily Good Tamarind / Imli (200.0 GRAM),Daily Good Cashew | W320 (100.0 GRAM),0.5046266563635844
Open Secret Arabian Dates (Khajur) With Seed,Haldiram's Bhujia Sev (200.0 GRAM),0.504543845863199
Namaskaram Mini Bhakarwadi,Aashirvaad 100% Chana Dal Besan (500.0 GRAM),0.5044760249387186
Too Yumm! Noodles Masala | Spicy No Palm Oil Crisps (67.0 GRAM),The Theatre Project Gourmet Popcorn - Cheddar Cheese (60.0 GRAM),0.5043590088737484
Kurkure Red Chilli Chataka Chips (68.0 GRAM),Kurkure Solid Masti Masala Twisteez (61.0 GRAM),0.5041837746496057
Hindalco Fresh wrapp Aluminium Foil - 9 m,Rajdhani Roasted Chana (200.0 GRAM),0.5038725545653002
Haldiram's Moong Dal,MAGGI 2-Minute Instant Noodles | Masala Noodles | Made With Quality Spices,0.5038124043821549
Cadbury Oreo Chocolate Flavour Creme Sandwich Biscuit,"Uncle Chipps Potato Chips, Plain Salted Flavour, Crispy Chips & Snacks (48.0 GRAM)",0.5038045196984449
Rajdhani Roasted Chana (200.0 GRAM),Daily Good Saunf / Fennel,0.5037921181275569
Chheda's Golden Plain Salted Chips (170.0 GRAM),Let's Try Namkeen Combo Pack Of 6 (Crunchy Party Mix Peanut Party Mix Aloo Bhujia),0.503716580490131
Bingo! Original Style Chilli Sprinkled - Flat Cut Spicy Potato Chips Pack for Snacks,Daily Good Tamarind / Imli (200.0 GRAM),0.5036596540499062
Crax Crunchy Pipes Salted Puff Snacks,Rajdhani Roasted Chana (200.0 GRAM),0.5036086087535845
Beyond Snack Kerala Banana Chips - Peri Peri (70.0 GRAM),Palekar Jeeo Butter | Toasted Buns With Jeera And Khari | Trans Fat-free,0.5034267996943759
Tulips Paper Stick Cotton Buds Jar (100.0 PIECE),Palekar Jeeo Butter | Toasted Buns With Jeera And Khari | Trans Fat-free,0.5032851290035937
Beyond Snack Kerala Banana Chips - Peri Peri (70.0 GRAM),Haldiram's Moong Dal,0.5032694652482479
Bingo! Original Style Chilli Sprinkled - Flat Cut Spicy Potato Chips Pack for Snacks,Lay's American Cream & Onion Potato Chips (48.0 GRAM),0.5032602891027825
Open Secret Arabian Dates (Khajur) With Seed,Sunfeast Dark Fantasy Bourbon Chocolate Cream Biscuits | Trans Fat-free,0.5032510375626426
Cadbury Oreo Chocolate Flavour Creme Sandwich Biscuit Family Pack,Aashirvaad 100% Chana Dal Besan (500.0 GRAM),0.5032358731653837
Kurkure Red Chilli Chataka Chips (68.0 GRAM),Cheetos Cheese Puffs (28.0 GRAM),0.5031439898167226
Amul Taaza Homogenised Toned Milk (Tetra Pack),Maggi Pazzta Instant Pasta - Masala Penne (69.0 GRAM),0.5031029748283753
Haldiram's Lite Chiwda (200.0 GRAM),Haldiram's Masala Tasty Nuts (200.0 GRAM),0.5030768474510658
Kurkure Masala Munch,Cheetos Cheese Puffs (28.0 GRAM),0.5030414747413728
Daily Good Raw Peanut - Singdana,Britannia Treat Jimjam Naughty Jam Cream Biscuits | Trans Fat-free,0.5029651888791319
Cheetos Cheese Puffs (28.0 GRAM),Sunfeast Dark Fantasy Bourbon Chocolate Cream Biscuits | Trans Fat-free,0.5029386410328506
YiPPee! Magic Masala Noodles with Added Veggies - The Better Noodles,Cheetos Cheese Puffs (28.0 GRAM),0.502929491713204
Garden Sabudana Chivda Namkeen,Cheetos Cheese Puffs (28.0 GRAM),0.502925731914365
"Aashirvaad Chilli Powder, Red Hot Chilli Powder with No Added Flavours and Colours",Let's Try Namkeen Combo Pack Of 6 (Crunchy Party Mix Peanut Party Mix Aloo Bhujia),0.5028870077291129
Mysore Sandal Soap,MAGGI 2-Minute Instant Noodles | Masala Noodles | Made With Quality Spices,0.5026881368131012
Mysore Sandal Soap,Kurkure Solid Masti Masala Twisteez (61.0 GRAM),0.5026762265641018
Daily Good Saunf / Fennel,Haldiram's All In One Mixture,0.5025155516544619
Sunfeast Dark Fantasy Bourbon Chocolate Cream Biscuits | Trans Fat-free,MAGGI 2-Minute Instant Noodles | Masala Noodles | Made With Quality Spices,0.5024860962763802
Chheda's Salt & Pepper Banana Chips,Chheda's Yellow Banana Chips (170.0 GRAM),0.5023217618514371
Vim Lemon Dishwash Bar,Britannia 50-50 Maska Chaska Biscuits Butter Flavoured Crackers | Trans Fat-free,0.5023214471669428
Peppy Cheese Balls (55.0 GRAM),MAGGI 2-Minute Instant Noodles | Masala Noodles | Made With Quality Spices,0.5022943686720777
Sunfeast Dark Fantasy Vanilla Cream Dark Crunchy Biscuits | Artificial Colour-free,MAGGI 2-Minute Instant Noodles | Masala Noodles | Made With Quality Spices,0.5021937299905656
Garden Sabudana Chivda Namkeen,Let's Try Namkeen Combo Pack Of 6 (Crunchy Party Mix Peanut Party Mix Aloo Bhujia),0.5021917722345566
Maggi Pazzta Instant Pasta - Masala Penne (69.0 GRAM),Kurkure Solid Masti Masala Twisteez (61.0 GRAM),0.5021890949262212
Lay's American Cream & Onion Potato Chips (48.0 GRAM),Catch Jeera Whole (100.0 GRAM),0.5021726274288933
Let's Try Cheese Balls (60.0 GRAM),MAGGI 2-Minute Instant Noodles | Masala Noodles | Made With Quality Spices,0.5020530594779632
Haldiram's Salted Peanut,Mr Makhana Super Snack - Himalayan Salt And Pepper,0.5018980414567636
Chheda's Long Masala Banana Chips (170.0 GRAM),Kurkure Solid Masti Masala Twisteez (61.0 GRAM),0.5017579746835443
Let's Try Salted Peanuts,Sunfeast Dark Fantasy Bourbon Chocolate Cream Biscuits | Trans Fat-free,0.5017387455655801
Haldiram's Bhujia Sev (200.0 GRAM),Sunfeast Dark Fantasy Bourbon Chocolate Cream Biscuits | Trans Fat-free,0.50167203385895
Kurkure Playz Puffcorn Yummy Cheese,RiteBite Max Protein 10g Protein Bar Choco Almond,0.5014575021786579
Yu 100% Whole Wheat Hakka Noodles,Sunfeast Dark Fantasy Bourbon Chocolate Cream Biscuits | Trans Fat-free,0.5012502244134407
Let's Try Salted Peanuts,Haldiram's Bhujia Sev (200.0 GRAM),0.500999504808817
Let's Try Namkeen Combo Pack Of 6 (Crunchy Party Mix Peanut Party Mix Aloo Bhujia),Haldiram's Moong Dal,0.5009719557059139
Malkist Double Chocolatey Crunchy Layered Crackers,Lay's American Cream & Onion Potato Chips (48.0 GRAM),0.5009357612085434
Fevikwik Instant Adhesive (3 gm),Lay's Spanish Tomato Tango Potato Chips,0.5007433761141311
Haldirams Namkeen - Khara Boondi,Haldiram's Bhujia Sev (200.0 GRAM),0.5003998907241873
"Ritebite Max Protein Cheese & Jalapeno 10G Multigrain Protein Chips, Healthy Snacks & Munchies",Daily Good Tamarind / Imli (200.0 GRAM),0.5002741944970452
Kurkure Green Chutney Style (68.0 GRAM),MAGGI 2-Minute Instant Noodles | Masala Noodles | Made With Quality Spices,0.5001418100336424
Chheda's Golden Plain Salted Chips (170.0 GRAM),Kurkure Solid Masti Masala Twisteez (61.0 GRAM),0.5000902361023208
Kurkure Playz Puffcorn Yummy Cheese,Haldiram's Moong Dal,0.5000720377832976
Bauli Moonfils Croissants Choco Cream (Egg) (50.0 GRAM),MAGGI 2-Minute Instant Noodles | Masala Noodles | Made With Quality Spices,0.5000314800618715
Haldiram's Salted Peanut,Haldiram's Masala Tasty Nuts (200.0 GRAM),0.4998903017013796
YiPPee! 100% Suji Masala Pasta Treat,Let's Try Salted Peanuts,0.4998646319792881
Haldiram's Bhujia Sev (200.0 GRAM),Let's Try Salted Peanuts,0.4997790901069826
Palekar Jeeo Butter | Toasted Buns With Jeera And Khari | Trans Fat-free,Chheda's Yellow Banana Chips (170.0 GRAM),0.4997324744192131
Chheda's Yellow Banana Chips (170.0 GRAM),Cheetos Cheese Puffs (28.0 GRAM),0.4996519337393822
Aashirvaad Jeera (100.0 GRAM),MAGGI 2-Minute Instant Noodles | Masala Noodles | Made With Quality Spices,0.4996093182474052
Kurkure Playz Puffcorn Yummy Cheese,Society Natural Tea (250.0 GRAM),0.4995987190657169
Mr Makhana Super Snack - Himalayan Salt And Pepper,Haldiram's Masala Tasty Nuts (200.0 GRAM),0.4995384644957902
Too Yumm! Noodles Masala | Spicy No Palm Oil Crisps (67.0 GRAM),Kurkure Masala Munch,0.49942590886028776
Daily Good Saunf / Fennel,Snapin Oregano Pizza Seasoning Sachet Pouch,0.4993188854489164
Rajam Banana Chips (150.0 GRAM),Britannia 50-50 Maska Chaska Biscuits Butter Flavoured Crackers | Trans Fat-free,0.49930505139986314
ACT II Ready to Eat Popcorn - Sour Cream & Cheese Popcorn (50.0 GRAM),Lay's Spanish Tomato Tango Potato Chips,0.49922220447353305
Let's Try Kerala Garlic Mix (180.0 GRAM),RiteBite Max Protein 10g Protein Bar Choco Almond,0.49916910484728705
Colombian Brew Original Instant Coffee Sachets | 40 Sachets,MAGGI 2-Minute Instant Noodles | Masala Noodles | Made With Quality Spices,0.49901419100708677
Pintola High Protein Oats Dark Chocolate With Almonds Raisin Pumpkin And Chia Seeds,Let's Try Salted Peanuts,0.49876101706079967
Kurkure Red Chilli Chataka Chips (68.0 GRAM),RiteBite Max Protein 10g Protein Bar Choco Almond,0.498592030737637
Beyond Snack Kerala Banana Chips - with Coconut Oil & Rock Salt,Let's Try Salted Peanuts,0.4984458700373122
Chheda's Farali Potato Chivda (170.0 GRAM),Daily Good Tamarind / Imli (200.0 GRAM),0.49838131502358846
Bauli Moonfils Croissants Choco Cream (Egg) (50.0 GRAM),Sunfeast Dark Fantasy Bourbon Chocolate Cream Biscuits | Trans Fat-free,0.49818204510750186
ACT II Ready to Eat Caramel Popcorn - Classic Caramel Bliss (35.0 GRAM),Bingo! Mad Angles Masala Madness Crisps,0.4981710927715872
Hindalco Fresh wrapp Aluminium Foil - 9 m,Let's Try Salted Peanuts,0.49812639185277524
Mr Makhana Super Snack - Himalayan Salt And Pepper,The Theatre Project Gourmet Popcorn - Cheddar Cheese (60.0 GRAM),0.4980859342314451
Too Yumm! Karare Munchy Masala | Spicy | No Palm Oil Crisps,Haldiram's Bhujia Sev (200.0 GRAM),0.4979082017078752
Beyond Snack Kerala Banana Chips - with Coconut Oil & Rock Salt,Cheetos Cheese Puffs (28.0 GRAM),0.4978497294881322
Let's Try Namkeen Combo Pack Of 6 (Crunchy Party Mix Peanut Party Mix Aloo Bhujia),Sunfeast Dark Fantasy Bourbon Chocolate Cream Biscuits | Trans Fat-free,0.4976751962265572
Chheda's Farali Potato Chivda (170.0 GRAM),Chheda's Small Bhakarwadi,0.4976410094673317
"Maggi Nutri-licious Masala Veg Atta Noodles, Instant Noodles",Palekar Jeeo Butter | Toasted Buns With Jeera And Khari | Trans Fat-free,0.4976309743625376
Peppy Cheese Balls (55.0 GRAM),Let's Try Namkeen Combo Pack Of 6 (Crunchy Party Mix Peanut Party Mix Aloo Bhujia),0.4975189202062267
Peppy Cheese Balls (55.0 GRAM),Palekar Jeeo Butter | Toasted Buns With Jeera And Khari | Trans Fat-free,0.4975186363791898
Cadbury Oreo Chocolate Flavour Creme Sandwich Biscuit,MAGGI 2-Minute Instant Noodles | Masala Noodles | Made With Quality Spices,0.49720469528513306
Lets Try Lite Mixture (180.0 GRAM),Let's Try Salted Peanuts,0.4971400029580173
Chheda's Yellow Banana Chips (170.0 GRAM),YiPPee! Magic Masala Noodles with Added Veggies - The Better Noodles,0.49712698197587746
Society Natural Tea (250.0 GRAM),ACT II Ready to Eat Caramel Popcorn - Classic Caramel Bliss (35.0 GRAM),0.49693033753975585
Haldiram's Ratlami Sev (200.0 GRAM),The Theatre Project Gourmet Popcorn - Cheddar Cheese (60.0 GRAM),0.49690319474763234
ZOFF Green Cardamom Whole - Elaichi,Aashirvaad 100% Chana Dal Besan (500.0 GRAM),0.4968783403952878
Cadbury Oreo Chocolate Flavour Creme Sandwich Biscuit,Kurkure Solid Masti Masala Twisteez (61.0 GRAM),0.49687297671414066
Let's Try Kerala Garlic Mix (180.0 GRAM),Cheetos Cheese Puffs (28.0 GRAM),0.4966855400696864
YiPPee! Suji Tricolor Creamy Corn Pasta,The Theatre Project Gourmet Popcorn - Cheddar Cheese (60.0 GRAM),0.49668407190055913
ACT II Ready to Eat Popcorn - Sour Cream & Cheese Popcorn (50.0 GRAM),Beyond Snack Kerala Banana Chips - Peri Peri (70.0 GRAM),0.49664148394939445
Lay's American Cream & Onion Potato Chips (48.0 GRAM),Kurkure Solid Masti Masala Twisteez (61.0 GRAM),0.49659999458244175
The Healthy Binge Quinoa Baked Chips Smokey Bbq -High Protein And Fibre (40.0 GRAM),Let's Try Salted Peanuts,0.49643600765812956
Mysore Sandal Soap,Sunfeast Dark Fantasy Bourbon Chocolate Cream Biscuits | Trans Fat-free,0.4963588232493036
Beyond Snack Kerala Banana Chips - Original Style (70.0 GRAM),Cheetos Cheese Puffs (28.0 GRAM),0.49626079149308944
"Ritebite Max Protein Cheese & Jalapeno 10G Multigrain Protein Chips, Healthy Snacks & Munchies",Max Protein Choco Chips Flavoured Biscuits | Maida-free,0.4962565920027234
Britannia Treat Jimjam Naughty Jam Cream Biscuits | Trans Fat-free,Daily Good Tamarind / Imli (200.0 GRAM),0.49619816783637627
Modern Kitchens Butter Murukku,Haldiram's Panchratan Mixture,0.4960736120763215
Ezee Small Garbage Bags 17 x 19 Inch (30.0 PIECE),Kurkure Solid Masti Masala Twisteez (61.0 GRAM),0.49592971527818436
Too Yumm! Karare Munchy Masala | Spicy | No Palm Oil Crisps,The Theatre Project Gourmet Popcorn - Cheddar Cheese (60.0 GRAM),0.49583268833849325
Too Yumm! Noodles Masala | Spicy No Palm Oil Crisps (67.0 GRAM),Let's Try Salted Peanuts,0.49568516181223715
Haldiram's Ratlami Sev (200.0 GRAM),The Whole Truth Double Cocoa Protein Bar,0.4955388739946381
Amul Taaza Homogenised Toned Milk (Tetra Pack),Cadbury Oreo Vanilla Flavour Creme Sandwich Biscuit Family Pack,0.49541432788537687
YiPPee! Suji Tricolor Creamy Corn Pasta,Let's Try Namkeen Combo Pack Of 6 (Crunchy Party Mix Peanut Party Mix Aloo Bhujia),0.49538123149435004
Fevikwik Instant Adhesive (3 gm),RiteBite Max Protein 10g Protein Bar Choco Almond,0.49530884070780246
Kurkure Masala Munch,Kurkure Solid Masti Masala Twisteez (61.0 GRAM),0.49511572114871366
Britannia Treat Jimjam Naughty Jam Cream Biscuits | Trans Fat-free,MAGGI 2-Minute Instant Noodles | Masala Noodles | Made With Quality Spices,0.49506186327260815
"Uncle Chipps Potato Chips, Plain Salted Flavour, Crispy Chips & Snacks (48.0 GRAM)",MAGGI 2-Minute Instant Noodles | Masala Noodles | Made With Quality Spices,0.4949171142751353
Maggi Masala-ae-Magic Sabzi Masala,MAGGI 2-Minute Instant Noodles | Masala Noodles | Made With Quality Spices,0.49481460310107694
Cadbury Oreo Vanilla Flavour Creme Sandwich Biscuit Mega Family Pack,Kurkure Green Chutney Style (68.0 GRAM),0.49481095353494464
Britannia Nutrichoice High-Fibre Digestive Biscuits,MAGGI 2-Minute Instant Noodles | Masala Noodles | Made With Quality Spices,0.49467896313312165
ACT II Ready to Eat Caramel Popcorn - Classic Caramel Bliss (35.0 GRAM),The Theatre Project Gourmet Popcorn - Cheddar Cheese (60.0 GRAM),0.49463598836663847
Aashirvaad Jeera (100.0 GRAM),Cheetos Cheese Puffs (28.0 GRAM),0.4945915305848284
Too Yumm! Karare Munchy Masala | Spicy | No Palm Oil Crisps,Haldiram's Lite Chiwda (200.0 GRAM),0.49457254603842216
Mysore Sandal Soap,Bingo! Mad Angles Masala Madness Crisps,0.4945563774646805
Daily Good Pistachios California Salted,Kurkure Green Chutney Style (68.0 GRAM),0.4944429485922429
YiPPee! Magic Masala Noodles with Added Veggies - The Better Noodles,Sunfeast Dark Fantasy Bourbon Chocolate Cream Biscuits | Trans Fat-free,0.4943576476168781
MAGGI Pazzta Instant Pasta - Cheese Macaroni,Kurkure Green Chutney Style (68.0 GRAM),0.49432076263068236
YiPPee! Suji Tricolor Creamy Corn Pasta,Haldiram's Moong Dal,0.4942088763105884
Cheetos Cheese Puffs (28.0 GRAM),Haldiram's Moong Dal,0.49415892931459954
Bingo! Original Style Chilli Sprinkled - Flat Cut Spicy Potato Chips Pack for Snacks,Maggi Pazzta Instant Pasta - Masala Penne (69.0 GRAM),0.49373684387504624
Haldiram's Moong Dal,Cheetos Cheese Puffs (28.0 GRAM),0.4935422125309934
Namaskaram Mini Bhakarwadi,MAGGI 2-Minute Instant Noodles | Masala Noodles | Made With Quality Spices,0.49349721692401244
Kurkure Masala Munch,Sunfeast Dark Fantasy Bourbon Chocolate Cream Biscuits | Trans Fat-free,0.49349527154237627
"Ritebite Max Protein Cheese & Jalapeno 10G Multigrain Protein Chips, Healthy Snacks & Munchies",Parle Hide & Seek Chocolate Chip Biscuits | Trans Fat-free,0.49308410834156724
Palekar Jeeo Butter | Toasted Buns With Jeera And Khari | Trans Fat-free,RiteBite Max Protein 10g Protein Bar Choco Almond,0.4930711567813974
Unibic Choco Chip Flavoured Biscuits | Trans Fat-free,Britannia Treat Jimjam Naughty Jam Cream Biscuits | Trans Fat-free,0.492929153005948
Mysore Sandal Soap,RiteBite Max Protein 10g Protein Bar Choco Almond,0.49285509314546755
ZOFF Green Cardamom Whole - Elaichi,Sunfeast Dark Fantasy Bourbon Chocolate Cream Biscuits | Trans Fat-free,0.49256148041386993
Daily Good Tamarind / Imli (200.0 GRAM),MAGGI 2-Minute Instant Noodles | Masala Noodles | Made With Quality Spices,0.49254873546417277
Beyond Snack Kerala Banana Chips - Peri Peri (70.0 GRAM),Haldiram's Bhujia Sev (200.0 GRAM),0.49254431944123295
Too Yumm! Karare Munchy Masala | Spicy | No Palm Oil Crisps,Let's Try Salted Peanuts,0.4921541153415453
Society Natural Tea (250.0 GRAM),Haldiram's Moong Dal,0.49211713895810594
Parle Hide & Seek Chocolate Chip Biscuits | Trans Fat-free,MAGGI 2-Minute Instant Noodles | Masala Noodles | Made With Quality Spices,0.49209930135660035
Let's Try Salted Peanuts,Palekar Jeeo Butter | Toasted Buns With Jeera And Khari | Trans Fat-free,0.49172766419228586
Let's Try Kerala Garlic Mix (180.0 GRAM),Let's Try Salted Peanuts,0.491667893137098
Garden Sabudana Chivda Namkeen,Haldiram's Bhujia Sev (200.0 GRAM),0.49164156225750644
Let's Try Cheese Balls (60.0 GRAM),Kurkure Solid Masti Masala Twisteez (61.0 GRAM),0.4915892558983666
Too Yumm! Karare Munchy Masala | Spicy | No Palm Oil Crisps,Beyond Snack Kerala Banana Chips - Peri Peri (70.0 GRAM),0.4915573308270677
"Uncle Chipps Potato Chips, Plain Salted Flavour, Crispy Chips & Snacks (48.0 GRAM)",RiteBite Max Protein 10g Protein Bar Choco Almond,0.4915175567733377
Britannia Marie Gold Biscuits Plain | Trans Fat-free,MAGGI 2-Minute Instant Noodles | Masala Noodles | Made With Quality Spices,0.4915073087912543
Malkist Double Chocolatey Crunchy Layered Crackers,Maggi Pazzta Instant Pasta - Masala Penne (69.0 GRAM),0.49145630418047337
Haldiram's Lite Chiwda (200.0 GRAM),Haldiram's Panchratan Mixture,0.49142261757864936
Parle Hide & Seek Chocolate Chip Biscuits | Trans Fat-free,Kurkure Solid Masti Masala Twisteez (61.0 GRAM),0.4913876132540389
Open Secret Arabian Dates (Khajur) With Seed,MAGGI 2-Minute Instant Noodles | Masala Noodles | Made With Quality Spices,0.4913853769359352
RiteBite Max Protein 10g Protein Bar Choco Almond,Kurkure Solid Masti Masala Twisteez (61.0 GRAM),0.4912195207752024
Let's Try Salted Peanuts,RiteBite Max Protein 10g Protein Bar Choco Almond,0.4911882926925524
Lets Try Lite Mixture (180.0 GRAM),RiteBite Max Protein 10g Protein Bar Choco Almond,0.49114450826592704
Scotch-Brite Scrub Sponge (Pack of 3),Let's Try Namkeen Combo Pack Of 6 (Crunchy Party Mix Peanut Party Mix Aloo Bhujia),0.4909581847845791
Lay's American Cream & Onion Potato Chips (48.0 GRAM),Lay's Potato Chips - Chile Lemon Flavour,0.4909288644496814
Sunfeast Dark Fantasy Choco Centre Fills | Preservative-free,Catch Jeera Whole (100.0 GRAM),0.4907936469255092
Chheda's Salt & Pepper Banana Chips,MAGGI 2-Minute Instant Noodles | Masala Noodles | Made With Quality Spices,0.490471187273699
Kurkure Masala Munch,YiPPee! Magic Masala Noodles with Added Veggies - The Better Noodles,0.490447319122084
Modern Kitchens Butter Murukku,Rajdhani Roasted Chana (200.0 GRAM),0.4904091895725431
Palekar Knot Premium Salty Khari | Preservative-free,Rajdhani Roasted Chana (200.0 GRAM),0.4899596419003339
YiPPee! 100% Suji Masala Pasta Treat,Haldiram's Moong Dal,0.489894511510359
Cadbury Oreo Vanilla Flavour Creme Sandwich Biscuit Mega Family Pack,Max Protein Choco Chips Flavoured Biscuits | Maida-free,0.4898283978057969
Namaskaram Methi Khakhra,Origami Luncheon Tissue Paper Napkins - 32 X 32 cm - 50 Serviettes,0.48971517882711973
Too Yumm! Noodles Masala | Spicy No Palm Oil Crisps (67.0 GRAM),Sunfeast Dark Fantasy Bourbon Chocolate Cream Biscuits | Trans Fat-free,0.4896126099681098
Hindalco Fresh wrapp Aluminium Foil - 9 m,Palekar Jeeo Butter | Toasted Buns With Jeera And Khari | Trans Fat-free,0.4895323798701188
Bauli Moonfils Croissants Choco Cream (Egg) (50.0 GRAM),RiteBite Max Protein 10g Protein Bar Choco Almond,0.4894526450151937
Peppy Tomato Disc (55.0 GRAM),RiteBite Max Protein 10g Protein Bar Choco Almond,0.48929382254834614
Let's Try Cheese Balls (60.0 GRAM),RiteBite Max Protein 10g Protein Bar Choco Almond,0.4892867107195301
ACT II Ready to Eat Caramel Popcorn - Classic Caramel Bliss (35.0 GRAM),Sunfeast Dark Fantasy Bourbon Chocolate Cream Biscuits | Trans Fat-free,0.48896395913761753
Lay's American Cream & Onion Potato Chips (48.0 GRAM),Parle Hide & Seek Chocolate Chip Biscuits | Trans Fat-free,0.4888475746141627
Namaskaram Methi Khakhra,Aashirvaad 100% Chana Dal Besan (500.0 GRAM),0.4888272108372126
Catch Jeera Whole (100.0 GRAM),Kurkure Solid Masti Masala Twisteez (61.0 GRAM),0.4886483169537376
Too Yumm! Noodles Masala | Spicy No Palm Oil Crisps (67.0 GRAM),Palekar Jeeo Butter | Toasted Buns With Jeera And Khari | Trans Fat-free,0.48860041701675144
Beyond Snack Kerala Banana Chips - Peri Peri (70.0 GRAM),Lay's Spanish Tomato Tango Potato Chips,0.4884752880243662
"Uncle Chipps Potato Chips, Plain Salted Flavour, Crispy Chips & Snacks (48.0 GRAM)",Haldiram's Moong Dal,0.4881477945965853
Maggi Pazzta Instant Pasta - Masala Penne (69.0 GRAM),Daily Good Tamarind / Imli (200.0 GRAM),0.4881063606601439
Amul Taaza Homogenised Toned Milk (Tetra Pack),Daily Good Tamarind / Imli (200.0 GRAM),0.4879308279334744
Cadbury Oreo Vanilla Flavour Creme Sandwich Biscuit Mega Family Pack,Bingo! Original Style Chilli Sprinkled - Flat Cut Spicy Potato Chips Pack for Snacks,0.4878697760233145
Lay's Spanish Tomato Tango Potato Chips,Too Yumm! Karare Munchy Masala | Spicy | No Palm Oil Crisps,0.48764002793799566
Bingo! Original Style Chilli Sprinkled - Flat Cut Spicy Potato Chips Pack for Snacks,MAGGI 2-Minute Instant Noodles | Masala Noodles | Made With Quality Spices,0.4876142594616812
Ezee Biodegradable Medium Garbage Bags 19 x 21 Inch (30.0 PIECE),Max Protein Choco Chips Flavoured Biscuits | Maida-free,0.48755908792085756
Cheetos Masala Balls (28.0 GRAM),MAGGI 2-Minute Instant Noodles | Masala Noodles | Made With Quality Spices,0.48710276648500606
Pintola High Protein Oats Dark Chocolate With Almonds Raisin Pumpkin And Chia Seeds,Cheetos Cheese Puffs (28.0 GRAM),0.48707475175564446
Hindalco Fresh wrapp Aluminium Foil - 9 m,Haldiram's Lite Chiwda (200.0 GRAM),0.4869637376378311
Om Shanthi Havan Samagri | Cycle,Lal Sweets Motichoor Laddu,0.4867869269949066
Let's Try Salted Peanuts,Chheda's Golden Plain Salted Chips (170.0 GRAM),0.48675821439008565
Kurkure Red Chilli Chataka Chips (68.0 GRAM),Cheetos Masala Balls (28.0 GRAM),0.4867498432814827
Lay's Potato Chips - Sizzling Hot Spicy Flavour,Kurkure Solid Masti Masala Twisteez (61.0 GRAM),0.486742241958528
Pintola High Protein Oats Dark Chocolate With Almonds Raisin Pumpkin And Chia Seeds,RiteBite Max Protein 10g Protein Bar Choco Almond,0.48652439273877873
Fevikwik Instant Adhesive (3 gm),Haldiram's Moong Dal,0.48650860101618304
Namaskaram Mini Bhakarwadi,Kurkure Solid Masti Masala Twisteez (61.0 GRAM),0.4863952151774102
Chheda's Long Masala Banana Chips (170.0 GRAM),Haldiram's Moong Dal,0.48629406879431986
Haldiram's Bhujia Sev (200.0 GRAM),Chheda's Golden Plain Salted Chips (170.0 GRAM),0.4860579415397739
Amul Taaza Homogenised Toned Milk (Tetra Pack),Lay's American Cream & Onion Potato Chips (48.0 GRAM),0.4859327665080172
Catch Jeera Whole (100.0 GRAM),Britannia 50-50 Maska Chaska Biscuits Butter Flavoured Crackers | Trans Fat-free,0.48587402083283854
Lay's India's Magic Masala Potato Chips,Kurkure Solid Masti Masala Twisteez (61.0 GRAM),0.4856336193989842
YiPPee! 100% Suji Masala Pasta Treat,Max Protein Choco Chips Flavoured Biscuits | Maida-free,0.48562206236219285
YiPPee! 100% Suji Masala Pasta Treat,Chheda's Golden Plain Salted Chips (170.0 GRAM),0.4856159263364101
Haldiram's Ratlami Sev (200.0 GRAM),Beyond Snack Kerala Banana Chips - Peri Peri (70.0 GRAM),0.4856070471083876
Daily Good Tamarind / Imli (200.0 GRAM),Aashirvaad 100% Chana Dal Besan (500.0 GRAM),0.48542505674510394
Cheetos Cheese Puffs (28.0 GRAM),YiPPee! Magic Masala Noodles with Added Veggies - The Better Noodles,0.48533297936273023
Cadbury Oreo Vanilla Flavour Creme Sandwich Biscuit Family Pack,Cadbury Oreo Vanilla Flavour Creme Sandwich Biscuit Mega Family Pack,0.4852449439057337
Let's Try Namkeen Combo Pack Of 6 (Crunchy Party Mix Peanut Party Mix Aloo Bhujia),Chheda's Golden Plain Salted Chips (170.0 GRAM),0.48522458749467384
Garden Sabudana Chivda Namkeen,The Theatre Project Gourmet Popcorn - Cheddar Cheese (60.0 GRAM),0.4851035653650254
Britannia Little Hearts Classic Crunch Flavoured Biscuits | Cholesterol-free,Kurkure Yummy PuffCorn Yummy Cheese Chips,0.48492575615031314
Bauli Moonfils Croissants Choco Cream (Egg) (50.0 GRAM),Let's Try Salted Peanuts,0.4849164487038965
Kurkure Red Chilli Chataka Chips (68.0 GRAM),Sunfeast Dark Fantasy Bourbon Chocolate Cream Biscuits | Trans Fat-free,0.48480910835108604
Cadbury Oreo Vanilla Flavour Creme Sandwich Biscuit Mega Family Pack,Daily Good Tamarind / Imli (200.0 GRAM),0.48464962624634605
Ezee Small Garbage Bags 17 x 19 Inch (30.0 PIECE),MAGGI 2-Minute Instant Noodles | Masala Noodles | Made With Quality Spices,0.4846023529844806
Haldirams Namkeen - Khara Boondi,Palekar Jeeo Butter | Toasted Buns With Jeera And Khari | Trans Fat-free,0.4845908114471384
Haldiram's Masala Tasty Nuts (200.0 GRAM),Haldiram's Moong Dal,0.4845416577356014
YiPPee! Suji Tricolor Creamy Corn Pasta,Sunfeast Dark Fantasy Bourbon Chocolate Cream Biscuits | Trans Fat-free,0.4843568610485197
Let's Try Kerala Garlic Mix (180.0 GRAM),Aashirvaad 100% Chana Dal Besan (500.0 GRAM),0.4841344425069323
Daily Good Tamarind / Imli (200.0 GRAM),Max Protein Choco Chips Flavoured Biscuits | Maida-free,0.4840136448339777
The Theatre Project Gourmet Popcorn - Cheddar Cheese (60.0 GRAM),MAGGI 2-Minute Instant Noodles | Masala Noodles | Made With Quality Spices,0.4837056054771074
"Maggi Nutri-licious Masala Veg Atta Noodles, Instant Noodles",Let's Try Namkeen Combo Pack Of 6 (Crunchy Party Mix Peanut Party Mix Aloo Bhujia),0.4836752899197146
ACT II Ready to Eat Popcorn - Sour Cream & Cheese Popcorn (50.0 GRAM),Sunfeast Dark Fantasy Bourbon Chocolate Cream Biscuits | Trans Fat-free,0.48364788892988575
Balaji Masala Masti Chips (135.0 GRAM),Britannia 50-50 Maska Chaska Biscuits Butter Flavoured Crackers | Trans Fat-free,0.48358736207033426
Britannia Little Hearts Classic Crunch Flavoured Biscuits | Cholesterol-free,Parle Hide & Seek Chocolate Chip Biscuits | Trans Fat-free,0.4835028832277367
Aashirvaad 100% Chana Dal Besan (500.0 GRAM),MAGGI 2-Minute Instant Noodles | Masala Noodles | Made With Quality Spices,0.4833312525276453
The Theatre Project Gourmet Popcorn - Cheddar Cheese (60.0 GRAM),Chheda's Yellow Banana Chips (170.0 GRAM),0.4833264011091558
Palekar Knot Premium Salty Khari | Preservative-free,Haldiram's Masala Tasty Nuts (200.0 GRAM),0.48326105660932095
Lay's Spanish Tomato Tango Potato Chips,Society Natural Tea (250.0 GRAM),0.4831886523566788
Beyond Snack Kerala Banana Chips - Original Style (70.0 GRAM),Haldiram's Moong Dal,0.4831540395676673
Lay's American Cream & Onion Potato Chips (48.0 GRAM),Lay's India's Magic Masala Potato Chips,0.48307693365488574
YiPPee! 100% Suji Masala Pasta Treat,Bingo! Mad Angles Masala Madness Crisps,0.48286876386048694
Cadbury Oreo Vanilla Flavour Creme Sandwich Biscuit Mega Family Pack,Amul Taaza Homogenised Toned Milk (Tetra Pack),0.4827611607500922
Haldiram's Bhujia Sev (200.0 GRAM),RiteBite Max Protein 10g Protein Bar Choco Almond,0.4826860813653953
Hindalco Fresh wrapp Aluminium Foil - 9 m,Beyond Snack Kerala Banana Chips - Peri Peri (70.0 GRAM),0.4826573982125124
Let's Try Namkeen Combo Pack Of 6 (Crunchy Party Mix Peanut Party Mix Aloo Bhujia),RiteBite Max Protein 10g Protein Bar Choco Almond,0.48261151693194354
YiPPee! Magic Masala Noodles with Added Veggies - The Better Noodles,Haldiram's Moong Dal,0.4824001763417356
Sunfeast Dark Fantasy Chocolate Cream Biscuits | Made With Real Chocolate,Lay's American Cream & Onion Potato Chips (48.0 GRAM),0.4822886987537419
Palekar Knot Premium Salty Khari | Preservative-free,Lay's Spanish Tomato Tango Potato Chips,0.4822861438060322
Crax Curls Chatpata Masala Puff Snacks,The Theatre Project Gourmet Popcorn - Cheddar Cheese (60.0 GRAM),0.48226586003566396
Beyond Snack Kerala Banana Chips - Peri Peri (70.0 GRAM),Let's Try Namkeen Combo Pack Of 6 (Crunchy Party Mix Peanut Party Mix Aloo Bhujia),0.4822143931256713
Kurkure Red Chilli Chataka Chips (68.0 GRAM),Haldiram's Moong Dal,0.4820985905537413
Cadbury Oreo Vanilla Flavour Creme Sandwich Biscuit Family Pack,Britannia Treat Jimjam Naughty Jam Cream Biscuits | Trans Fat-free,0.48173754524857415
Aashirvaad Jeera (100.0 GRAM),YiPPee! Magic Masala Noodles with Added Veggies - The Better Noodles,0.48140795255803553
Bingo! Mad Angles Achaari Masti Crisps,MAGGI 2-Minute Instant Noodles | Masala Noodles | Made With Quality Spices,0.48140498428577755
Lay's India's Magic Masala Potato Chips,MAGGI 2-Minute Instant Noodles | Masala Noodles | Made With Quality Spices,0.4813332471917372
Origami Luncheon Tissue Paper Napkins - 32 X 32 cm - 50 Serviettes,MAGGI 2-Minute Instant Noodles | Masala Noodles | Made With Quality Spices,0.48101006633312304
Chheda's Yellow Banana Chips (170.0 GRAM),MAGGI 2-Minute Instant Noodles | Masala Noodles | Made With Quality Spices,0.4806890995001776
MAGGI Pazzta Instant Pasta - Cheese Macaroni,Catch Jeera Whole (100.0 GRAM),0.4805606124540358
Maggi Masala-ae-Magic Sabzi Masala,Kurkure Solid Masti Masala Twisteez (61.0 GRAM),0.4805198100818265
Lay's American Cream & Onion Potato Chips,Chheda's Yellow Banana Chips (170.0 GRAM),0.48030766073444187
Fevikwik Instant Adhesive (3 gm),Society Natural Tea (250.0 GRAM),0.48023616572862915
Everest Chhole Masala,Scotch-Brite Scrub Sponge (Pack of 3),0.48008430120678836
Lay's American Cream & Onion Potato Chips,Sunfeast Dark Fantasy Bourbon Chocolate Cream Biscuits | Trans Fat-free,0.4798113252122079
Daily Good Raw Peanut - Singdana,Britannia 50-50 Maska Chaska Biscuits Butter Flavoured Crackers | Trans Fat-free,0.4797981842199496
Britannia 50-50 Maska Chaska Biscuits Butter Flavoured Crackers | Trans Fat-free,Aashirvaad 100% Chana Dal Besan (500.0 GRAM),0.4796729894720213
The Theatre Project Gourmet Popcorn - Cheddar Cheese (60.0 GRAM),RiteBite Max Protein 10g Protein Bar Choco Almond,0.4796504217267709
YiPPee! Suji Tricolor Creamy Corn Pasta,Palekar Jeeo Butter | Toasted Buns With Jeera And Khari | Trans Fat-free,0.4795843625065125
Haldiram's Lite Chiwda (200.0 GRAM),Let's Try Salted Peanuts,0.4793146986762895
Sunfeast Dark Fantasy Bourbon Chocolate Cream Biscuits | Trans Fat-free,Kurkure Solid Masti Masala Twisteez (61.0 GRAM),0.4792636552409958
Rajdhani Roasted Chana (200.0 GRAM),Crax Crunchy Pipes Salted Puff Snacks,0.47917272542942385
"Maggi Nutri-licious Masala Veg Atta Noodles, Instant Noodles",The Theatre Project Gourmet Popcorn - Cheddar Cheese (60.0 GRAM),0.4791487525726912
Sunfeast Dark Fantasy Vanilla Cream Dark Crunchy Biscuits | Artificial Colour-free,Kurkure Solid Masti Masala Twisteez (61.0 GRAM),0.4788769859838628
Mysore Sandal Soap,YiPPee! Magic Masala Noodles with Added Veggies - The Better Noodles,0.47851619427803577
YiPPee! 100% Suji Masala Pasta Treat,Haldiram's Bhujia Sev (200.0 GRAM),0.4783486530216481
Haldiram's Bhujia Sev (200.0 GRAM),Palekar Jeeo Butter | Toasted Buns With Jeera And Khari | Trans Fat-free,0.478311350524862
Cadbury Oreo Vanilla Flavour Creme Sandwich Biscuit Family Pack,Daily Good Cashew | W320 (100.0 GRAM),0.47827335781313746
Daily Good Raw Peanut - Singdana,Kurkure Green Chutney Style (68.0 GRAM),0.47826482405306664
Lay's American Cream & Onion Potato Chips,Haldiram's Moong Dal,0.4781199738417156
Om Shanthi Havan Samagri | Cycle,Crax Crunchy Pipes Salted Puff Snacks,0.47807499655890295
Beyond Snack Kerala Banana Chips - Peri Peri (70.0 GRAM),Cheetos Cheese Puffs (28.0 GRAM),0.4780131513452621
YiPPee! 100% Suji Masala Pasta Treat,Sunfeast Dark Fantasy Bourbon Chocolate Cream Biscuits | Trans Fat-free,0.47793144119425046
The Theatre Project Gourmet Popcorn - Cheddar Cheese (60.0 GRAM),Sunfeast Dark Fantasy Bourbon Chocolate Cream Biscuits | Trans Fat-free,0.477738975520966
Modern Kitchens Butter Murukku,Peppy Tomato Disc (55.0 GRAM),0.47761033660935615
Kurkure Green Chutney Style (68.0 GRAM),Kurkure Solid Masti Masala Twisteez (61.0 GRAM),0.47746167598619865
Sunfeast Dark Fantasy Vanilla Cream Dark Crunchy Biscuits | Artificial Colour-free,RiteBite Max Protein 10g Protein Bar Choco Almond,0.4774419169839571
YiPPee! Magic Masala Noodles with Added Veggies - The Better Noodles,MAGGI 2-Minute Instant Noodles | Masala Noodles | Made With Quality Spices,0.47743751175359556
Balaji Masala Masti Chips (135.0 GRAM),Catch Jeera Whole (100.0 GRAM),0.47742676266137035
Korean Nongshim Shin Ramyun Noodle Soup Veg,Let'S Try Roasted Chana (450.0 GRAM),0.47726371750748475
Korean Nongshim Shin Ramyun Noodle Soup Veg,Society Natural Tea (250.0 GRAM),0.47726371750748475
"Uncle Chipps Potato Chips, Plain Salted Flavour, Crispy Chips & Snacks (48.0 GRAM)",Cheetos Cheese Puffs (28.0 GRAM),0.4771210524684662
Unibic Choco Chip Flavoured Biscuits | Trans Fat-free,Bingo! Original Style Chilli Sprinkled - Flat Cut Spicy Potato Chips Pack for Snacks,0.47710294628013633
Let's Try Namkeen Combo Pack Of 6 (Crunchy Party Mix Peanut Party Mix Aloo Bhujia),Let's Try Salted Peanuts,0.47653965027134126
Haldiram's Moong Dal,Kurkure Solid Masti Masala Twisteez (61.0 GRAM),0.4763143475126171
Britannia Good Day Cashew Dry Fruit Biscuits| Trans Fat-free,MAGGI 2-Minute Instant Noodles | Masala Noodles | Made With Quality Spices,0.4762365934075753
Let's Try Salted Peanuts,MAGGI 2-Minute Instant Noodles | Masala Noodles | Made With Quality Spices,0.47621757299319917
Sunfeast Dark Fantasy Vanilla Cream Dark Crunchy Biscuits | Artificial Colour-free,Cheetos Cheese Puffs (28.0 GRAM),0.47621340303447424
Britannia Marie Gold Biscuits Plain | Trans Fat-free,Colombian Brew Original Instant Coffee Sachets | 40 Sachets,0.47620020001395447
Tulips Paper Stick Cotton Buds Jar (100.0 PIECE),Ezee Medium Garbage Bags 19x 21 Inch (30.0 PIECE),0.47618252793108096
Tulips Paper Stick Cotton Buds Jar (100.0 PIECE),Uncle Chipps - Spicy Treat,0.4760967636482511
Britannia Treat Jimjam Naughty Jam Cream Biscuits | Trans Fat-free,Aashirvaad 100% Chana Dal Besan (500.0 GRAM),0.4759692274672461
Bauli Moonfils Croissants Choco Cream (Egg) (50.0 GRAM),Max Protein Choco Chips Flavoured Biscuits | Maida-free,0.4753825208930683
Malkist Double Chocolatey Crunchy Layered Crackers,Kurkure Green Chutney Style (68.0 GRAM),0.47529561023620887
ACT II Ready to Eat Caramel Popcorn - Classic Caramel Bliss (35.0 GRAM),Haldiram's Bhujia Sev (200.0 GRAM),0.47490499119678115
Britannia Marie Gold Biscuits Plain | Trans Fat-free,YiPPee! Magic Masala Noodles with Added Veggies - The Better Noodles,0.47453893298584443
Scotch-Brite Scrub Sponge (Pack of 3),Too Yumm! Karare Munchy Masala | Spicy | No Palm Oil Crisps,0.4744533091123331
Sunfeast Dark Fantasy Choco Centre Fills | Preservative-free,Kurkure Solid Masti Masala Twisteez (61.0 GRAM),0.47445020208655764
Nestle Milkmaid Partly Skimmed Sweetened Condensed Milk,Cheetos Cheese Puffs (28.0 GRAM),0.4742730067145731
Let's Try Cheese Balls (60.0 GRAM),Aashirvaad 100% Chana Dal Besan (500.0 GRAM),0.4742451109069432
Kurkure Masala Munch,Haldiram's Moong Dal,0.47420709576789144
Britannia Marie Gold Biscuits Plain | Trans Fat-free,Maggi Special Masala Instant Noodles,0.47413476169740143
Britannia Good Day Cashew Dry Fruit Biscuits| Trans Fat-free,Kurkure Solid Masti Masala Twisteez (61.0 GRAM),0.47403547736450496
"Ching's Secret Veg Hakka Noodles, Cooks In 5-7 mins, Just Soak & Drain",Sunfeast All Rounder Crunchy Potato Chatpata Masala Flavoured Crackers | Trans Fat-free,0.47400158796011505
Bingo! Mad Angles Achaari Masti Crisps,Kurkure Solid Masti Masala Twisteez (61.0 GRAM),0.4739881987966348
Britannia Treat Jimjam Naughty Jam Cream Biscuits | Trans Fat-free,Catch Jeera Whole (100.0 GRAM),0.47365378520568785
Haldiram's Moong Dal,Sunfeast Dark Fantasy Bourbon Chocolate Cream Biscuits | Trans Fat-free,0.4736343321949342
Kurkure Solid Masti Masala Twisteez (61.0 GRAM),Sunfeast Dark Fantasy Bourbon Chocolate Cream Biscuits | Trans Fat-free,0.47347460574894684
Unibic Choco Chip Flavoured Biscuits | Trans Fat-free,Cadbury Oreo Vanilla Flavour Creme Sandwich Biscuit Mega Family Pack,0.47337211084647957
Aashirvaad 100% Chana Dal Besan (500.0 GRAM),Kurkure Solid Masti Masala Twisteez (61.0 GRAM),0.47302122914130285
Beyond Snack Kerala Banana Chips - with Coconut Oil & Rock Salt,Sunfeast Dark Fantasy Bourbon Chocolate Cream Biscuits | Trans Fat-free,0.4729832991291617
Vim Lemon Dishwash Bar,Kurkure Green Chutney Style (68.0 GRAM),0.4728903338761766
Korean Nongshim Shin Ramyun Noodle Soup Veg,Peppy Tomato Disc (55.0 GRAM),0.47279409792085847
Garden Sabudana Chivda Namkeen,RiteBite Max Protein 10g Protein Bar Choco Almond,0.47262369580338515
Bauli Moonfils Croissants Choco Cream (Egg) (50.0 GRAM),Palekar Jeeo Butter | Toasted Buns With Jeera And Khari | Trans Fat-free,0.472500538439465
Beyond Snack Kerala Banana Chips - Peri Peri (70.0 GRAM),Sunfeast Dark Fantasy Bourbon Chocolate Cream Biscuits | Trans Fat-free,0.4724291614771208
Scotch-Brite Scrub Sponge (Pack of 3),Palekar Jeeo Butter | Toasted Buns With Jeera And Khari | Trans Fat-free,0.47213740035579027
Origami Luncheon Tissue Paper Napkins - 32 X 32 cm - 50 Serviettes,Kurkure Solid Masti Masala Twisteez (61.0 GRAM),0.47212397773307985
Kurkure Masala Munch,RiteBite Max Protein 10g Protein Bar Choco Almond,0.471910839550288
Scotch-Brite Scrub Sponge (Pack of 3),Rajdhani Roasted Chana (200.0 GRAM),0.4718198812731811
Parle Marie Butter Marie Biscuits | Trans Fat-free,Daily Good Tamarind / Imli (200.0 GRAM),0.4717932378796392
"Aashirvaad Chilli Powder, Red Hot Chilli Powder with No Added Flavours and Colours",Palekar Jeeo Butter | Toasted Buns With Jeera And Khari | Trans Fat-free,0.4717312024202963
Cheetos Masala Balls (28.0 GRAM),Kurkure Solid Masti Masala Twisteez (61.0 GRAM),0.4713924417283495
Sunfeast Dark Fantasy Choco Centre Fills | Preservative-free,Britannia Treat Jimjam Naughty Jam Cream Biscuits | Trans Fat-free,0.4712703439842264
"Uncle Chipps Potato Chips, Plain Salted Flavour, Crispy Chips & Snacks (48.0 GRAM)",Britannia 50-50 Maska Chaska Biscuits Butter Flavoured Crackers | Trans Fat-free,0.4712382841803262
Satyam Puffed Rice Kurmura - R (200.0 GRAM),RiteBite Max Protein 10g Protein Bar Choco Almond,0.4711469665053832
Crax Curls Chatpata Masala Puff Snacks,Palekar Jeeo Butter | Toasted Buns With Jeera And Khari | Trans Fat-free,0.47109008907098904
Britannia Little Hearts Classic Crunch Flavoured Biscuits | Cholesterol-free,MAGGI 2-Minute Instant Noodles | Masala Noodles | Made With Quality Spices,0.4710226577236819
Namaskaram Mini Bhakarwadi,RiteBite Max Protein 10g Protein Bar Choco Almond,0.47100461743096617
Lay's Spanish Tomato Tango Potato Chips,Let's Try Namkeen Combo Pack Of 6 (Crunchy Party Mix Peanut Party Mix Aloo Bhujia),0.47090300038822025
YiPPee! Magic Masala Noodles with Added Veggies - The Better Noodles,Let's Try Salted Peanuts,0.4707572413891484
Scotch-Brite Scrub Sponge (Pack of 3),Haldiram's Lite Chiwda (200.0 GRAM),0.47061047779178455
Modern Kitchens Butter Murukku,Peppy Cheese Balls (55.0 GRAM),0.4705612433566094
Britannia Marie Gold Biscuits Plain | Trans Fat-free,Ezee Medium Garbage Bags 19x 21 Inch (30.0 PIECE),0.47049610506341755
Garden Sabudana Chivda Namkeen,Chheda's Yellow Banana Chips (170.0 GRAM),0.4703190044431601
Bauli Moonfils Croissants Choco Cream,MAGGI 2-Minute Instant Noodles | Masala Noodles | Made With Quality Spices,0.47029201863604947
Chheda's Yellow Banana Chips (170.0 GRAM),Chheda's Golden Plain Salted Chips (170.0 GRAM),0.47016418435405993
RiteBite Max Protein 10g Protein Bar Choco Berry (50.0 GRAM),Kurkure Green Chutney Style (68.0 GRAM),0.47015855649270455
Cadbury Oreo Vanilla Flavour Creme Sandwich Biscuit Family Pack,Kurkure Solid Masti Masala Twisteez (61.0 GRAM),0.47011882328113785
Cadbury Oreo Vanilla Flavour Creme Sandwich Biscuit Family Pack,Kurkure Green Chutney Style (68.0 GRAM),0.47000350334960694
Scotch-Brite Scrub Sponge (Pack of 3),The Theatre Project Gourmet Popcorn - Cheddar Cheese (60.0 GRAM),0.4699637262603392
"Aashirvaad Chilli Powder, Red Hot Chilli Powder with No Added Flavours and Colours",Sunfeast Dark Fantasy Bourbon Chocolate Cream Biscuits | Trans Fat-free,0.46984246352888387
Daily Good Raw Peanut - Singdana,Daily Good Tamarind / Imli (200.0 GRAM),0.46978186249832454
Lay's India's Magic Masala Potato Chips,Kurkure Green Chutney Style (68.0 GRAM),0.4697737022602896
Parle Krack Jack Sweet and Salty Plain Crackers | Artificial Colour-free,Kurkure Solid Masti Masala Twisteez (61.0 GRAM),0.46972517134621544
The Healthy Binge Quinoa Baked Chips Smokey Bbq -High Protein And Fibre (40.0 GRAM),Haldiram's Moong Dal,0.46915052212945085
YiPPee! 100% Suji Cheese Pasta Treat,Sunfeast Dark Fantasy Bourbon Chocolate Cream Biscuits | Trans Fat-free,0.4688981921407983
Balaji Masala Masti Chips (135.0 GRAM),Bingo! Mad Angles Achaari Masti Crisps,0.4687265577737448
Sunfeast Dark Fantasy Bourbon Chocolate Cream Biscuits | Trans Fat-free,Cheetos Cheese Puffs (28.0 GRAM),0.46867826365825815
Haldirams Namkeen - Khara Boondi,Haldiram's Masala Tasty Nuts (200.0 GRAM),0.4686106161563225
RiteBite Max Protein 10g Protein Bar Choco Almond,Sunfeast Dark Fantasy Bourbon Chocolate Cream Biscuits | Trans Fat-free,0.4685909622429757
Sunfeast Dark Fantasy Choco Centre Fills | Preservative-free,MAGGI 2-Minute Instant Noodles | Masala Noodles | Made With Quality Spices,0.4684586972443828
"Uncle Chipps Potato Chips, Plain Salted Flavour, Crispy Chips & Snacks (48.0 GRAM)",Sunfeast Dark Fantasy Bourbon Chocolate Cream Biscuits | Trans Fat-free,0.4682458238519884
Maggi Masala-ae-Magic Sabzi Masala,Sunfeast Dark Fantasy Bourbon Chocolate Cream Biscuits | Trans Fat-free,0.4678500949159641
Sunfeast Dark Fantasy Choco Centre Fills | Preservative-free,Kurkure Green Chutney Style (68.0 GRAM),0.46779602155900335
"Maggi Nutri-licious Masala Veg Atta Noodles, Instant Noodles",Haldiram's Bhujia Sev (200.0 GRAM),0.467794831724061
Cheetos Cheese Puffs (28.0 GRAM),Kurkure Solid Masti Masala Twisteez (61.0 GRAM),0.4677189566641583
Beyond Snack Kerala Banana Chips - Original Style (70.0 GRAM),Kurkure Solid Masti Masala Twisteez (61.0 GRAM),0.4675561608140966
RiteBite Max Protein 10g Protein Bar Choco Berry (50.0 GRAM),RiteBite Max Protein 10g Protein Bar Choco Almond,0.4674300288165347
Chheda's Yellow Banana Chips (170.0 GRAM),Sunfeast Dark Fantasy Bourbon Chocolate Cream Biscuits | Trans Fat-free,0.4673433014888367
Namaskaram Methi Khakhra,Kurkure Green Chutney Style (68.0 GRAM),0.46733337975807165
YiPPee! Magic Masala Noodles with Added Veggies - The Better Noodles,Palekar Jeeo Butter | Toasted Buns With Jeera And Khari | Trans Fat-free,0.46716643453798323
Balaji Masala Masti Chips (135.0 GRAM),MAGGI 2-Minute Instant Noodles | Masala Noodles | Made With Quality Spices,0.46702610183996585
Rajam Banana Chips (150.0 GRAM),Kurkure Green Chutney Style (68.0 GRAM),0.46681246675515653
Lay's Spanish Tomato Tango Potato Chips,Sunfeast Dark Fantasy Bourbon Chocolate Cream Biscuits | Trans Fat-free,0.46677404348990903
Rajam Banana Chips (150.0 GRAM),Daily Good Tamarind / Imli (200.0 GRAM),0.46650657149622743
Om Shanthi Havan Samagri | Cycle,Piknik Classic Tomato Chilli,0.46650413837011884
Korean Nongshim Shin Ramyun Noodle Soup Veg,Let's Try Salted Peanuts,0.4664338447666555
Britannia Marie Gold Biscuits Plain | Trans Fat-free,Haldiram's Masala Tasty Nuts (200.0 GRAM),0.4664005070435461
Nestle Milkmaid Partly Skimmed Sweetened Condensed Milk,Haldiram's Moong Dal,0.466370032591821
Kurkure Solid Masti Masala Twisteez (61.0 GRAM),RiteBite Max Protein 10g Protein Bar Choco Almond,0.4663554770261519
Daily Good Mustard / Rai / Sarso Small (100.0 GRAM),Let's Try Namkeen Combo Pack Of 6 (Crunchy Party Mix Peanut Party Mix Aloo Bhujia),0.46604546870133917
YiPPee! Magic Masala Noodles with Added Veggies - The Better Noodles,Haldiram's Bhujia Sev (200.0 GRAM),0.4660383335187838
Lay's Spanish Tomato Tango Potato Chips,The Theatre Project Gourmet Popcorn - Cheddar Cheese (60.0 GRAM),0.46595890410958896
Let's Try Namkeen Combo Pack Of 6 (Crunchy Party Mix Peanut Party Mix Aloo Bhujia),Haldiram's Bhujia Sev (200.0 GRAM),0.4658504839470403
Britannia 50-50 Maska Chaska Biscuits Butter Flavoured Crackers | Trans Fat-free,RiteBite Max Protein 10g Protein Bar Choco Almond,0.465549968368806
Chheda's Long Masala Banana Chips (170.0 GRAM),MAGGI 2-Minute Instant Noodles | Masala Noodles | Made With Quality Spices,0.46554817113794067
Britannia Little Hearts Classic Crunch Flavoured Biscuits | Cholesterol-free,Maggi Pazzta Instant Pasta - Masala Penne (69.0 GRAM),0.4655269405575169
Ezee Biodegradable Medium Garbage Bags 19 x 21 Inch (30.0 PIECE),MAGGI 2-Minute Instant Noodles | Masala Noodles | Made With Quality Spices,0.46513070369938153
Modern Kitchens Butter Murukku,Lay's Spanish Tomato Tango Potato Chips,0.4650951229155522
Malkist Double Chocolatey Crunchy Layered Crackers,Britannia 50-50 Maska Chaska Biscuits Butter Flavoured Crackers | Trans Fat-free,0.4650096938290048
Scotch-Brite Scrub Sponge (Pack of 3),Uncle Chipps - Spicy Treat,0.46500235663786327
Cheetos Cheese Puffs (28.0 GRAM),RiteBite Max Protein 10g Protein Bar Choco Almond,0.46497570447823644
YiPPee! Magic Masala Noodles with Added Veggies - The Better Noodles,Let's Try Namkeen Combo Pack Of 6 (Crunchy Party Mix Peanut Party Mix Aloo Bhujia),0.4649645684519972
Haldiram's Moong Dal,YiPPee! Magic Masala Noodles with Added Veggies - The Better Noodles,0.4649409668486721
MAGGI 2-Minute Instant Noodles | Masala Noodles | Made With Quality Spices,Kurkure Solid Masti Masala Twisteez (61.0 GRAM),0.4645595755579024
RiteBite Max Protein 10g Protein Bar Choco Berry (50.0 GRAM),MAGGI 2-Minute Instant Noodles | Masala Noodles | Made With Quality Spices,0.46448791650387905
Haldiram's Moong Dal,RiteBite Max Protein 10g Protein Bar Choco Almond,0.4642679789006441
Parle Krack Jack Sweet and Salty Plain Crackers | Artificial Colour-free,Cheetos Masala Balls (28.0 GRAM),0.4642267142864526
Satyam Puffed Rice Kurmura - R (200.0 GRAM),Max Protein Choco Chips Flavoured Biscuits | Maida-free,0.4641745373642495
Bauli Moonfils Croissants Choco Cream,Kurkure Solid Masti Masala Twisteez (61.0 GRAM),0.46408775906489147
Ezee Small Garbage Bags 17 x 19 Inch (30.0 PIECE),Aashirvaad 100% Chana Dal Besan (500.0 GRAM),0.4639463028901996
Chheda's Small Bhakarwadi,Kurkure Solid Masti Masala Twisteez (61.0 GRAM),0.46356715037704627
Daily Good Cashew | W320 (100.0 GRAM),Daily Good Tamarind / Imli (200.0 GRAM),0.46349758423940624
Mysore Sandal Soap,Chheda's Yellow Banana Chips (170.0 GRAM),0.4634391150135643
Chheda's Salt & Pepper Banana Chips,Sunfeast Dark Fantasy Bourbon Chocolate Cream Biscuits | Trans Fat-free,0.46339183850425086
Britannia Marie Gold Biscuits Plain | Trans Fat-free,Haldiram's Moong Dal,0.46324925770014963
Haldirams Namkeen - Khara Boondi,Let's Try Namkeen Combo Pack Of 6 (Crunchy Party Mix Peanut Party Mix Aloo Bhujia),0.4630593650117196
Let's Try Cheese Balls (60.0 GRAM),Sunfeast Dark Fantasy Bourbon Chocolate Cream Biscuits | Trans Fat-free,0.4627401937313542
Aashirvaad Jeera (100.0 GRAM),Chheda's Yellow Banana Chips (170.0 GRAM),0.4624085986035516
Palekar Knot Premium Salty Khari | Preservative-free,Haldiram's Soan Papdi,0.4623708304381222
Haldirams Namkeen - Khara Boondi,Let's Try Salted Peanuts,0.4622529852065774
Max Protein Choco Chips Flavoured Biscuits | Maida-free,MAGGI 2-Minute Instant Noodles | Masala Noodles | Made With Quality Spices,0.4622220126219206
Beyond Snack Kerala Banana Chips - Original Style (70.0 GRAM),Chheda's Yellow Banana Chips (170.0 GRAM),0.461883747049512
Cadbury Oreo Vanilla Flavour Creme Sandwich Biscuit Family Pack,Chheda's Farali Potato Chivda (170.0 GRAM),0.46187207879081155
Chheda's Yellow Banana Chips (170.0 GRAM),Kurkure Solid Masti Masala Twisteez (61.0 GRAM),0.46174185426883424
Scotch-Brite Scrub Sponge (Pack of 3),Sunfeast Dark Fantasy Bourbon Chocolate Cream Biscuits | Trans Fat-free,0.46148445372122854
Chheda's Long Masala Banana Chips (170.0 GRAM),Aashirvaad 100% Chana Dal Besan (500.0 GRAM),0.4614149502991356
Chheda's Salt & Pepper Banana Chips,Kurkure Solid Masti Masala Twisteez (61.0 GRAM),0.4613013097763103
BAY6 Dishwashbar,MAGGI 2-Minute Instant Noodles | Masala Noodles | Made With Quality Spices,0.4612365220650902
Lay's West Indies Hot 'n' Sweet Chilli Potato Chips,RiteBite Max Protein 10g Protein Bar Choco Almond,0.46103203325302344
Chheda's Long Masala Banana Chips (170.0 GRAM),Sunfeast Dark Fantasy Bourbon Chocolate Cream Biscuits | Trans Fat-free,0.46099055959428037
Cadbury Oreo Vanilla Flavour Creme Sandwich Biscuit Family Pack,Cadbury Oreo Chocolate Flavour Creme Sandwich Biscuit,0.4609150882725142
Britannia Little Hearts Classic Crunch Flavoured Biscuits | Cholesterol-free,Daily Good Raw Peanut - Singdana,0.4608837468951618
Britannia Treat Jimjam Naughty Jam Cream Biscuits | Trans Fat-free,Max Protein Choco Chips Flavoured Biscuits | Maida-free,0.4608590049545048
"Aashirvaad Chilli Powder, Red Hot Chilli Powder with No Added Flavours and Colours",Let's Try Salted Peanuts,0.460408225592996
Let's Try Cheese Balls (60.0 GRAM),Haldiram's Moong Dal,0.46039697989265405
Parle Hide & Seek Chocolate Chip Biscuits | Trans Fat-free,Max Protein Choco Chips Flavoured Biscuits | Maida-free,0.46003119414586224
Catch Jeera Whole (100.0 GRAM),Parle Hide & Seek Chocolate Chip Biscuits | Trans Fat-free,0.45973500227661585
"Eveready Ultima Alkaline AAA Battery, 400% Longer Lasting",Max Protein Choco Chips Flavoured Biscuits | Maida-free,0.4595730549616299
Om Shanthi Havan Samagri | Cycle,YiPPee! Magic Masala Noodles with Added Veggies - The Better Noodles,0.4595037204875245
Britannia Treat Jimjam Naughty Jam Cream Biscuits | Trans Fat-free,Lay's India's Magic Masala Potato Chips,0.4594942988552903
Kurkure Masala Munch,Bingo! Mad Angles Masala Madness Crisps,0.45944505994556073
Aashirvaad Jeera (100.0 GRAM),Sunfeast Dark Fantasy Bourbon Chocolate Cream Biscuits | Trans Fat-free,0.45933940503283527
"Uncle Chipps Potato Chips, Plain Salted Flavour, Crispy Chips & Snacks (48.0 GRAM)",Origami Luncheon Tissue Paper Napkins - 32 X 32 cm - 50 Serviettes,0.45916919116595417
Chheda's Yellow Banana Chips (170.0 GRAM),RiteBite Max Protein 10g Protein Bar Choco Almond,0.45895808975997027
Max Protein Choco Chips Flavoured Biscuits | Maida-free,RiteBite Max Protein 10g Protein Bar Choco Almond,0.45892019973448017
Everest Chhole Masala,Haldiram's Masala Tasty Nuts (200.0 GRAM),0.4588385347551719
Cheetos Masala Balls (28.0 GRAM),Sunfeast Dark Fantasy Bourbon Chocolate Cream Biscuits | Trans Fat-free,0.458696998404213
RiteBite Max Protein 10g Protein Bar Choco Almond,Max Protein Choco Chips Flavoured Biscuits | Maida-free,0.4586421585170545
Chheda's Long Masala Banana Chips (170.0 GRAM),Cheetos Cheese Puffs (28.0 GRAM),0.45863168456801157
Lay's Spanish Tomato Tango Potato Chips,Haldiram's Lite Chiwda (200.0 GRAM),0.4586131090767244
Vim Lemon Dishwash Bar,Cheetos Masala Balls (28.0 GRAM),0.45859831090641034
Malkist Double Chocolatey Crunchy Layered Crackers,Kurkure Solid Masti Masala Twisteez (61.0 GRAM),0.4585545022067792
Kurkure Red Chilli Chataka Chips (68.0 GRAM),Chheda's Golden Plain Salted Chips (170.0 GRAM),0.4584400248004878
Daily Good Cashew | W320 (100.0 GRAM),Kurkure Green Chutney Style (68.0 GRAM),0.458280059955399
Sunfeast Dark Fantasy Vanilla Cream Dark Crunchy Biscuits | Artificial Colour-free,"Uncle Chipps Potato Chips, Plain Salted Flavour, Crispy Chips & Snacks (48.0 GRAM)",0.4581544300656112
Sunfeast Yippee! Korean Noodles Fiery Hot,Daily Good Raw Peanut - Singdana,0.45803490456845875
Kotton Multipurpose Napkin | 100% Virgin Pulp-Paper | 25 cm X 25 cm | 100Pcs,Kinder Joy - Single Pack - Assorted,0.4579202002935172
Parle Shakti Milk Glucose Biscuits | Cholesterol-free and Trans Fat-free,Rajdhani Roasted Chana (200.0 GRAM),0.4578446642743469
Namaskaram Mini Bhakarwadi,Max Protein Choco Chips Flavoured Biscuits | Maida-free,0.45781641111020477
Modern Kitchens Butter Murukku,The Theatre Project Gourmet Popcorn - Cheddar Cheese (60.0 GRAM),0.45747395053097634
Modern Kitchens Butter Murukku,Let's Try Salted Peanuts,0.45743784994400905
RiteBite Max Protein 10g Protein Bar Choco Berry (50.0 GRAM),Max Protein Choco Chips Flavoured Biscuits | Maida-free,0.4573272421702117
Daily Good Cashew | W320 (100.0 GRAM),Aashirvaad 100% Chana Dal Besan (500.0 GRAM),0.4572977217471245
Sunfeast Dark Fantasy Vanilla Cream Dark Crunchy Biscuits | Artificial Colour-free,Sunfeast Dark Fantasy Bourbon Chocolate Cream Biscuits | Trans Fat-free,0.4572374156491163
Daily Good Raw Peanut - Singdana,Aashirvaad 100% Chana Dal Besan (500.0 GRAM),0.45705213679168233
Balaji Cream & Onion Wafers (135.0 GRAM),MAGGI 2-Minute Instant Noodles | Masala Noodles | Made With Quality Spices,0.4569923379332478
Daily Good Raw Peanut - Singdana,Lay's American Cream & Onion Potato Chips (48.0 GRAM),0.4568521873781415
Britannia 50-50 Maska Chaska Biscuits Butter Flavoured Crackers | Trans Fat-free,Sunfeast Dark Fantasy Bourbon Chocolate Cream Biscuits | Trans Fat-free,0.4568393521000618
Chheda's Salt & Pepper Banana Chips,Cheetos Cheese Puffs (28.0 GRAM),0.45661614365033953
"Maggi Nutri-licious Masala Veg Atta Noodles, Instant Noodles",Cheetos Cheese Puffs (28.0 GRAM),0.4562673788646896
YiPPee! Magic Masala Noodles with Added Veggies - The Better Noodles,Chheda's Yellow Banana Chips (170.0 GRAM),0.4559289876677056
Cadbury Oreo Vanilla Flavour Creme Sandwich Biscuit Family Pack,Daily Good Tamarind / Imli (200.0 GRAM),0.45557915502744495
MAGGI Pazzta Instant Pasta - Cheese Macaroni,Parle Hide & Seek Chocolate Chip Biscuits | Trans Fat-free,0.4554208401031013
Britannia Little Hearts Classic Crunch Flavoured Biscuits | Cholesterol-free,Chheda's Small Bhakarwadi,0.45520682451240735
Bauli Moonfils Croissants Choco Cream,Aashirvaad 100% Chana Dal Besan (500.0 GRAM),0.4551920713490473
Let's Try Kerala Garlic Mix (180.0 GRAM),Cheetos Masala Balls (28.0 GRAM),0.45498110886565335
Aashirvaad Jeera (100.0 GRAM),Max Protein Choco Chips Flavoured Biscuits | Maida-free,0.4547391204117979
Chheda's Long Masala Banana Chips (170.0 GRAM),RiteBite Max Protein 10g Protein Bar Choco Almond,0.4546759605197124
RiteBite Max Protein 10g Protein Bar Choco Berry (50.0 GRAM),Kurkure Solid Masti Masala Twisteez (61.0 GRAM),0.45465117516429754
"Aashirvaad Chilli Powder, Red Hot Chilli Powder with No Added Flavours and Colours",Haldiram's Moong Dal,0.45457618725102505
Let's Try Cheese Balls (60.0 GRAM),Max Protein Choco Chips Flavoured Biscuits | Maida-free,0.45450423450249433
Parle Hide & Seek Chocolate Chip Biscuits | Trans Fat-free,RiteBite Max Protein 10g Protein Bar Choco Almond,0.4543282815663946
Britannia 50-50 Maska Chaska Biscuits Butter Flavoured Crackers | Trans Fat-free,Origami Luncheon Tissue Paper Napkins - 32 X 32 cm - 50 Serviettes,0.45411255775770665
Chheda's Salt & Pepper Banana Chips,Chheda's Golden Plain Salted Chips (170.0 GRAM),0.4540360835587397
Chheda's Long Masala Banana Chips (170.0 GRAM),Max Protein Choco Chips Flavoured Biscuits | Maida-free,0.45381384832350324
Parle Marie Butter Marie Biscuits | Trans Fat-free,Catch Jeera Whole (100.0 GRAM),0.4537917744108075
Aashirvaad Jeera (100.0 GRAM),RiteBite Max Protein 10g Protein Bar Choco Almond,0.45374129412251046
Britannia Little Hearts Classic Crunch Flavoured Biscuits | Cholesterol-free,Britannia Treat Jimjam Naughty Jam Cream Biscuits | Trans Fat-free,0.45371471126966867
Namaskaram Mini Bhakarwadi,Namaskaram Methi Khakhra,0.4533910604670529
Chheda's Yellow Banana Chips (170.0 GRAM),Let's Try Salted Peanuts,0.4532666841390484
Daily Good Mustard / Rai / Sarso Small (100.0 GRAM),Sunfeast Dark Fantasy Bourbon Chocolate Cream Biscuits | Trans Fat-free,0.453032357499228
Beyond Snack Kerala Banana Chips - Original Style (70.0 GRAM),Catch Jeera Whole (100.0 GRAM),0.4529752295233219
Lay's India's Magic Masala Potato Chips,Cheetos Masala Balls (28.0 GRAM),0.45289943679405786
Kurkure Masala Munch,Chheda's Yellow Banana Chips (170.0 GRAM),0.4528282941396043
Haldiram's Moong Dal,Max Protein Choco Chips Flavoured Biscuits | Maida-free,0.45270558760796387
Bauli Moonfils Croissants Choco Cream,RiteBite Max Protein 10g Protein Bar Choco Almond,0.4525390954975931
Om Shanthi Havan Samagri | Cycle,Palekar Knot Premium Salty Khari | Preservative-free,0.452501599744041
Lay's Spanish Tomato Tango Potato Chips,Haldiram's Moong Dal,0.4523359604678801
Sunfeast Dark Fantasy Vanilla Cream Dark Crunchy Biscuits | Artificial Colour-free,Max Protein Choco Chips Flavoured Biscuits | Maida-free,0.4523138526494703
YiPPee! Magic Masala Noodles with Added Veggies - The Better Noodles,RiteBite Max Protein 10g Protein Bar Choco Almond,0.4521302136482652
Britannia Good Day Cashew Dry Fruit Biscuits| Trans Fat-free,Sunfeast Dark Fantasy Bourbon Chocolate Cream Biscuits | Trans Fat-free,0.45176672422622943
Dabur Real Litchi Fruit Juice,Kurkure Green Chutney Style (68.0 GRAM),0.45174768259550396
Sunfeast Dark Fantasy Chocolate Cream Biscuits | Made With Real Chocolate,Kurkure Green Chutney Style (68.0 GRAM),0.4512931151743742
Nova Nova Waffle Chips- Classic Chocolate Drizzle,Max Protein Choco Chips Flavoured Biscuits | Maida-free,0.4510789851989973
"Uncle Chipps Potato Chips, Plain Salted Flavour, Crispy Chips & Snacks (48.0 GRAM)",Max Protein Choco Chips Flavoured Biscuits | Maida-free,0.45092364205787494
RiteBite Max Protein 10g Protein Bar Choco Almond,Cheetos Cheese Puffs (28.0 GRAM),0.4508902043170675
RiteBite Max Protein 10g Protein Bar Choco Almond,Haldiram's Moong Dal,0.4507664802986687
Catch Jeera Whole (100.0 GRAM),Daily Good Tamarind / Imli (200.0 GRAM),0.4507280960565716
Catch Jeera Whole (100.0 GRAM),MAGGI 2-Minute Instant Noodles | Masala Noodles | Made With Quality Spices,0.4503465982028242
Sunfeast Dark Fantasy Bourbon Chocolate Cream Biscuits | Trans Fat-free,RiteBite Max Protein 10g Protein Bar Choco Almond,0.4503116442762511
Aashirvaad Jeera (100.0 GRAM),Kurkure Solid Masti Masala Twisteez (61.0 GRAM),0.44985668340860174
Namaskaram Methi Khakhra,RiteBite Max Protein 10g Protein Bar Choco Almond,0.449621041587593
Balaji Masala Masti Chips (135.0 GRAM),Lay's India's Magic Masala Potato Chips,0.4495299243732966
"Ching's Secret Veg Hakka Noodles, Cooks In 5-7 mins, Just Soak & Drain",Haldiram's Masala Tasty Nuts (200.0 GRAM),0.44944985900909284
Britannia Good Day Cashew Dry Fruit Biscuits| Trans Fat-free,Parle Hide & Seek Chocolate Chip Biscuits | Trans Fat-free,0.4492641108027254
Parle Shakti Milk Glucose Biscuits | Cholesterol-free and Trans Fat-free,YiPPee! Magic Masala Noodles with Added Veggies - The Better Noodles,0.44919910462465784
Unibic Choco Chip Flavoured Biscuits | Trans Fat-free,Britannia 50-50 Maska Chaska Biscuits Butter Flavoured Crackers | Trans Fat-free,0.4491233804458441
Daily Good Mustard / Rai / Sarso Small (100.0 GRAM),MAGGI 2-Minute Instant Noodles | Masala Noodles | Made With Quality Spices,0.44906355946150556
Chheda's Small Bhakarwadi,RiteBite Max Protein 10g Protein Bar Choco Almond,0.4488864951934985
Origami Luncheon Tissue Paper Napkins - 32 X 32 cm - 50 Serviettes,RiteBite Max Protein 10g Protein Bar Choco Almond,0.44855558685447794
Daily Good Mustard / Rai / Sarso Small (100.0 GRAM),Haldiram's Masala Tasty Nuts (200.0 GRAM),0.4484414779151621
Ezee Biodegradable Medium Garbage Bags 19 x 21 Inch (30.0 PIECE),Sunfeast Dark Fantasy Bourbon Chocolate Cream Biscuits | Trans Fat-free,0.44837956029459103
Beyond Snack Kerala Banana Chips - Original Style (70.0 GRAM),MAGGI 2-Minute Instant Noodles | Masala Noodles | Made With Quality Spices,0.44805532222312816
Maggi Masala-ae-Magic Sabzi Masala,RiteBite Max Protein 10g Protein Bar Choco Almond,0.4479911600557703
Om Shanthi Havan Samagri | Cycle,Kotton Multipurpose Napkin | 100% Virgin Pulp-Paper | 25 cm X 25 cm | 100Pcs,0.44789963676986067
Haldirams Namkeen - Khara Boondi,Sunfeast Dark Fantasy Bourbon Chocolate Cream Biscuits | Trans Fat-free,0.44787430917539145
Nestle Milkmaid Partly Skimmed Sweetened Condensed Milk,YiPPee! Magic Masala Noodles with Added Veggies - The Better Noodles,0.44785499214822283
Haldiram's Moong Dal,Chheda's Yellow Banana Chips (170.0 GRAM),0.44784622831732007
Kurkure Masala Munch,Aashirvaad 100% Chana Dal Besan (500.0 GRAM),0.4478069943819502
Rajam Banana Chips (150.0 GRAM),Aashirvaad 100% Chana Dal Besan (500.0 GRAM),0.4477698312047571
Namaskaram Methi Khakhra,Max Protein Choco Chips Flavoured Biscuits | Maida-free,0.4475921184541063
Korean Nongshim Shin Ramyun Noodle Soup Veg,"Maggi Nutri-licious Masala Veg Atta Noodles, Instant Noodles",0.44738663299234216
Bingo! Mad Angles Very Peri Peri Crisps,MAGGI 2-Minute Instant Noodles | Masala Noodles | Made With Quality Spices,0.4468555393020271
Balaji Cream & Onion Wafers (135.0 GRAM),Kurkure Solid Masti Masala Twisteez (61.0 GRAM),0.4468141674228675
Korean Nongshim Shin Ramyun Noodle Soup Veg,Cheetos Cheese Puffs (28.0 GRAM),0.44677933747895227
Rajam Banana Chips (150.0 GRAM),Daily Good Cashew | W320 (100.0 GRAM),0.44656386188400937
Cadbury Oreo Vanilla Flavour Creme Sandwich Biscuit Family Pack,Max Protein Choco Chips Flavoured Biscuits | Maida-free,0.44647113640431074
Chheda's Salt & Pepper Banana Chips,YiPPee! Magic Masala Noodles with Added Veggies - The Better Noodles,0.4464580682771313
Parle Hide & Seek Chocolate Chip Biscuits | Trans Fat-free,Catch Jeera Whole (100.0 GRAM),0.44630952029197934
Britannia Little Hearts Classic Crunch Flavoured Biscuits | Cholesterol-free,RiteBite Max Protein 10g Protein Bar Choco Almond,0.44622361349125317
Crax Curls Chatpata Masala Puff Snacks,Let's Try Salted Peanuts,0.44612313280758475
Daily Good Pistachios California Salted,Kurkure Solid Masti Masala Twisteez (61.0 GRAM),0.4459742326933251
Korean Nongshim Shin Ramyun Noodle Soup Veg,Beyond Snack Kerala Banana Chips - Peri Peri (70.0 GRAM),0.4457095986720046
Parle Hide & Seek Chocolate Chip Biscuits | Trans Fat-free,Origami Luncheon Tissue Paper Napkins - 32 X 32 cm - 50 Serviettes,0.44540695920502027
Britannia Marie Gold Biscuits Plain | Trans Fat-free,Sunfeast Dark Fantasy Bourbon Chocolate Cream Biscuits | Trans Fat-free,0.44490521349537415
Daily Good Cashew | W320 (100.0 GRAM),"Uncle Chipps Potato Chips, Plain Salted Flavour, Crispy Chips & Snacks (48.0 GRAM)",0.4448982222218362
Rajam Banana Chips (150.0 GRAM),Max Protein Choco Chips Flavoured Biscuits | Maida-free,0.44466146764065684
Balaji Masala Masti Chips (135.0 GRAM),Kurkure Solid Masti Masala Twisteez (61.0 GRAM),0.4446284936479129
Namaskaram Mini Bhakarwadi,Origami Luncheon Tissue Paper Napkins - 32 X 32 cm - 50 Serviettes,0.4446141435230625
Sunfeast All Rounder Crunchy Potato Chatpata Masala Flavoured Crackers | Trans Fat-free,MAGGI 2-Minute Instant Noodles | Masala Noodles | Made With Quality Spices,0.44457292386689046
Sunfeast Dark Fantasy Bourbon Chocolate Cream Biscuits | Trans Fat-free,YiPPee! Magic Masala Noodles with Added Veggies - The Better Noodles,0.4445634616688409
Lay's West Indies Hot 'n' Sweet Chilli Potato Chips,Britannia 50-50 Maska Chaska Biscuits Butter Flavoured Crackers | Trans Fat-free,0.4440593516054547
Chheda's Mix Farsan (170.0 GRAM),Sunfeast Dark Fantasy Bourbon Chocolate Cream Biscuits | Trans Fat-free,0.4439842132394932
Catch Jeera Whole (100.0 GRAM),Lay's India's Magic Masala Potato Chips,0.4436488872981347
Maggi Masala-ae-Magic Sabzi Masala,Kurkure Masala Munch,0.44322480583303125
Chheda's Small Bhakarwadi,Sunfeast Dark Fantasy Bourbon Chocolate Cream Biscuits | Trans Fat-free,0.44315552350840376
Britannia Marie Gold Biscuits Plain | Trans Fat-free,RiteBite Max Protein 10g Protein Bar Choco Almond,0.4427182262178111
Lay's West Indies Hot 'n' Sweet Chilli Potato Chips,Max Protein Choco Chips Flavoured Biscuits | Maida-free,0.4426476022980813
Let's Try Cheese Balls (60.0 GRAM),Kurkure Masala Munch,0.4425969040247678
Catch Jeera Whole (100.0 GRAM),Cheetos Masala Balls (28.0 GRAM),0.4424944918127366
Malkist Double Chocolatey Crunchy Layered Crackers,Chheda's Farali Potato Chivda (170.0 GRAM),0.44238782680962574
Britannia Marie Gold Biscuits Plain | Trans Fat-free,Kurkure Solid Masti Masala Twisteez (61.0 GRAM),0.4423723142673145
Cheetos Cheese Puffs (28.0 GRAM),Chheda's Yellow Banana Chips (170.0 GRAM),0.4422116119957392
Parle Hide & Seek Chocolate Chip Biscuits | Trans Fat-free,Haldiram's Moong Dal,0.44208333838548236
Catch Jeera Whole (100.0 GRAM),Max Protein Choco Chips Flavoured Biscuits | Maida-free,0.4420084307506737
BAY6 Dishwashbar,Kurkure Solid Masti Masala Twisteez (61.0 GRAM),0.4419447855889367
Sunfeast Dark Fantasy Bourbon Chocolate Cream Biscuits | Trans Fat-free,Haldiram's Moong Dal,0.44192169986591134
Chheda's Long Masala Banana Chips (170.0 GRAM),Chheda's Yellow Banana Chips (170.0 GRAM),0.4415980551972445
Ezee Biodegradable Medium Garbage Bags 19 x 21 Inch (30.0 PIECE),RiteBite Max Protein 10g Protein Bar Choco Almond,0.44146169388228285
Unibic Choco Chip Flavoured Biscuits | Trans Fat-free,Daily Good Cashew | W320 (100.0 GRAM),0.4412181695774424
Unibic Choco Chip Flavoured Biscuits | Trans Fat-free,MAGGI 2-Minute Instant Noodles | Masala Noodles | Made With Quality Spices,0.4411973445147306
Let's Try Cheese Balls (60.0 GRAM),YiPPee! Magic Masala Noodles with Added Veggies - The Better Noodles,0.4411674907810928
Britannia 50-50 Maska Chaska Biscuits Butter Flavoured Crackers | Trans Fat-free,Lay's India's Magic Masala Potato Chips,0.441145578581542
Daily Good Raw Peanut - Singdana,Bingo! Original Style Chilli Sprinkled - Flat Cut Spicy Potato Chips Pack for Snacks,0.4410318878369035
Max Protein Choco Chips Flavoured Biscuits | Maida-free,Sunfeast Dark Fantasy Bourbon Chocolate Cream Biscuits | Trans Fat-free,0.44085213261962086
Cheetos Masala Balls (28.0 GRAM),Kurkure Green Chutney Style (68.0 GRAM),0.44059505186286047
Chheda's Yellow Banana Chips (170.0 GRAM),Haldiram's Bhujia Sev (200.0 GRAM),0.4404238575274404
Korean Nongshim Shin Ramyun Noodle Soup Veg,Max Protein Choco Chips Flavoured Biscuits | Maida-free,0.44010176265592177
Max Protein Choco Chips Flavoured Biscuits | Maida-free,Haldiram's Moong Dal,0.43980679911306864
Daily Good Cashew | W320 (100.0 GRAM),MAGGI 2-Minute Instant Noodles | Masala Noodles | Made With Quality Spices,0.43973236861555215
Rajam Banana Chips (150.0 GRAM),Origami Luncheon Tissue Paper Napkins - 32 X 32 cm - 50 Serviettes,0.43954344512258003
Ezee Small Garbage Bags 17 x 19 Inch (30.0 PIECE),Sunfeast Dark Fantasy Bourbon Chocolate Cream Biscuits | Trans Fat-free,0.4394125565386411
Satyam Puffed Rice Kurmura - R (200.0 GRAM),Sunfeast Dark Fantasy Bourbon Chocolate Cream Biscuits | Trans Fat-free,0.4393875586687732
MAGGI Pazzta Instant Pasta - Cheese Macaroni,Max Protein Choco Chips Flavoured Biscuits | Maida-free,0.4391120783180648
Kurkure Solid Masti Masala Twisteez (61.0 GRAM),Haldiram's Moong Dal,0.4390540735400144
Ezee Medium Garbage Bags 19x 21 Inch (30.0 PIECE),Cheetos Cheese Puffs (28.0 GRAM),0.43876452249706044
Britannia Good Day Cashew Dry Fruit Biscuits| Trans Fat-free,Cheetos Masala Balls (28.0 GRAM),0.4387626301906279
Daily Good Cashew | W320 (100.0 GRAM),Daily Good Raw Peanut - Singdana,0.4386433185645605
Cheetos Masala Balls (28.0 GRAM),RiteBite Max Protein 10g Protein Bar Choco Almond,0.4382102329138873
RiteBite Max Protein 10g Protein Bar Choco Berry (50.0 GRAM),Cheetos Masala Balls (28.0 GRAM),0.43815374430851023
Haldiram's Masala Tasty Nuts (200.0 GRAM),MAGGI 2-Minute Instant Noodles | Masala Noodles | Made With Quality Spices,0.43783697047496795
Daily Good Raw Peanut - Singdana,Daily Good Cashew | W320 (100.0 GRAM),0.4377513568092894
Daily Good Cashew | W320 (100.0 GRAM),Catch Jeera Whole (100.0 GRAM),0.4377069603683308
Crax Curls Chatpata Masala Puff Snacks,Haldiram's Bhujia Sev (200.0 GRAM),0.43748314913427855
Haldiram's Masala Tasty Nuts (200.0 GRAM),Max Protein Choco Chips Flavoured Biscuits | Maida-free,0.4373067769807783
Beyond Snack Kerala Banana Chips - Original Style (70.0 GRAM),Britannia 50-50 Maska Chaska Biscuits Butter Flavoured Crackers | Trans Fat-free,0.43730420445467255
Chheda's Mix Farsan (170.0 GRAM),RiteBite Max Protein 10g Protein Bar Choco Almond,0.4373030637326695
Satyam Puffed Rice Kurmura - R (200.0 GRAM),Chheda's Small Bhakarwadi,0.43704897887487626
Cheetos Masala Balls (28.0 GRAM),Cheetos Cheese Puffs (28.0 GRAM),0.4368528473857799
Malkist Double Chocolatey Crunchy Layered Crackers,MAGGI 2-Minute Instant Noodles | Masala Noodles | Made With Quality Spices,0.4368257996424622
Dabur Real Litchi Fruit Juice,MAGGI 2-Minute Instant Noodles | Masala Noodles | Made With Quality Spices,0.43643813031370604
Max Protein Choco Chips Flavoured Biscuits | Maida-free,Kurkure Solid Masti Masala Twisteez (61.0 GRAM),0.43607942809213357
Chheda's Small Bhakarwadi,Max Protein Choco Chips Flavoured Biscuits | Maida-free,0.4354965182942819
Bingo! Mad Angles Achaari Masti Crisps,Haldiram's Moong Dal,0.43526912463018663
Aashirvaad 100% Chana Dal Besan (500.0 GRAM),Sunfeast Dark Fantasy Bourbon Chocolate Cream Biscuits | Trans Fat-free,0.43520987226604035
RiteBite Max Protein 10g Protein Bar Choco Berry (50.0 GRAM),Haldiram's Moong Dal,0.4351907612987203
Daily Good Raw Peanut - Singdana,Parle Hide & Seek Chocolate Chip Biscuits | Trans Fat-free,0.4351033170331713
Catch Jeera Whole (100.0 GRAM),Britannia Treat Jimjam Naughty Jam Cream Biscuits | Trans Fat-free,0.4350462265660136
Namaskaram Mini Bhakarwadi,Britannia 50-50 Maska Chaska Biscuits Butter Flavoured Crackers | Trans Fat-free,0.4349769031184405
Everest Chhole Masala,Let's Try Namkeen Combo Pack Of 6 (Crunchy Party Mix Peanut Party Mix Aloo Bhujia),0.4349032415835666
Bingo! Mad Angles Very Peri Peri Crisps,RiteBite Max Protein 10g Protein Bar Choco Almond,0.43481863145724164
Let's Try Cheese Balls (60.0 GRAM),Cheetos Cheese Puffs (28.0 GRAM),0.43459984756097564
Unibic Choco Chip Flavoured Biscuits | Trans Fat-free,Cadbury Oreo Vanilla Flavour Creme Sandwich Biscuit Family Pack,0.43454594384012424
Nestle Milkmaid Partly Skimmed Sweetened Condensed Milk,Sunfeast Dark Fantasy Bourbon Chocolate Cream Biscuits | Trans Fat-free,0.4344430331151433
Daily Good Cashew | W320 (100.0 GRAM),Britannia 50-50 Maska Chaska Biscuits Butter Flavoured Crackers | Trans Fat-free,0.43409816190001943
Aashirvaad 100% Chana Dal Besan (500.0 GRAM),RiteBite Max Protein 10g Protein Bar Choco Almond,0.43397124315727414
Balaji Masala Masti Chips (135.0 GRAM),Aashirvaad 100% Chana Dal Besan (500.0 GRAM),0.43394977468609186
Chheda's Salt & Pepper Banana Chips,Kurkure Masala Munch,0.4338124593316507
Ezee Small Garbage Bags 17 x 19 Inch (30.0 PIECE),Kurkure Green Chutney Style (68.0 GRAM),0.43338864230687035
Ezee Biodegradable Medium Garbage Bags 19 x 21 Inch (30.0 PIECE),Kurkure Solid Masti Masala Twisteez (61.0 GRAM),0.4332743441676291
Britannia 50-50 Maska Chaska Biscuits Butter Flavoured Crackers | Trans Fat-free,Max Protein Choco Chips Flavoured Biscuits | Maida-free,0.43270448388834754
Britannia 50-50 Maska Chaska Biscuits Butter Flavoured Crackers | Trans Fat-free,"Uncle Chipps Potato Chips, Plain Salted Flavour, Crispy Chips & Snacks (48.0 GRAM)",0.4322546876139506
Chheda's Salt & Pepper Banana Chips,Max Protein Choco Chips Flavoured Biscuits | Maida-free,0.432235352330083
Beyond Snack Kerala Banana Chips - Original Style (70.0 GRAM),Kurkure Green Chutney Style (68.0 GRAM),0.4319319506112981
Maggi Masala-ae-Magic Sabzi Masala,Let'S Try Roasted Chana (450.0 GRAM),0.43185365170680007
Cheetos Cheese Puffs (28.0 GRAM),Haldiram's Bhujia Sev (200.0 GRAM),0.4318124308294208
"Ching's Secret Veg Hakka Noodles, Cooks In 5-7 mins, Just Soak & Drain",Max Protein Choco Chips Flavoured Biscuits | Maida-free,0.4316987216758673
Satyam Puffed Rice Kurmura - R (200.0 GRAM),Haldiram's Moong Dal,0.43169404393844096
Everest Chhole Masala,Let's Try Salted Peanuts,0.4315616916058531
"Maggi Nutri-licious Masala Veg Atta Noodles, Instant Noodles",Haldiram's Moong Dal,0.43133686446335373
Daily Good Raw Peanut - Singdana,Kurkure Yummy PuffCorn Yummy Cheese Chips,0.4309429230824645
Ezee Small Garbage Bags 17 x 19 Inch (30.0 PIECE),RiteBite Max Protein 10g Protein Bar Choco Almond,0.430882001872032
Beyond Snack Kerala Banana Chips - Original Style (70.0 GRAM),Max Protein Choco Chips Flavoured Biscuits | Maida-free,0.43073842962599745
Origami Luncheon Tissue Paper Napkins - 32 X 32 cm - 50 Serviettes,Max Protein Choco Chips Flavoured Biscuits | Maida-free,0.4307164000798043
Kurkure Solid Masti Masala Twisteez (61.0 GRAM),Cheetos Cheese Puffs (28.0 GRAM),0.4305930104909035
Daily Good Cashew | W320 (100.0 GRAM),Origami Luncheon Tissue Paper Napkins - 32 X 32 cm - 50 Serviettes,0.43043871891676394
Parle Marie Butter Marie Biscuits | Trans Fat-free,"Uncle Chipps Potato Chips, Plain Salted Flavour, Crispy Chips & Snacks (48.0 GRAM)",0.43028930914224306
Kurkure Green Chutney Style (68.0 GRAM),Cheetos Masala Balls (28.0 GRAM),0.43017736490215075
Lay's India's Magic Masala Potato Chips,Britannia 50-50 Maska Chaska Biscuits Butter Flavoured Crackers | Trans Fat-free,0.4301403011970653
Ezee Small Garbage Bags 17 x 19 Inch (30.0 PIECE),Max Protein Choco Chips Flavoured Biscuits | Maida-free,0.4300685229701022
Parle Marie Butter Marie Biscuits | Trans Fat-free,Kurkure Green Chutney Style (68.0 GRAM),0.43000840355297143
Daily Good Cashew | W320 (100.0 GRAM),Cadbury Oreo Chocolate Flavour Creme Sandwich Biscuit,0.42968777876895625
Britannia Good Day Cashew Dry Fruit Biscuits| Trans Fat-free,Haldiram's Moong Dal,0.4295463287147086
Ezee Medium Garbage Bags 19x 21 Inch (30.0 PIECE),Haldiram's Moong Dal,0.4294203006845613
Chheda's Salt & Pepper Banana Chips,RiteBite Max Protein 10g Protein Bar Choco Almond,0.42925970517823675
MAGGI 2-Minute Instant Noodles | Masala Noodles | Made With Quality Spices,Sunfeast Dark Fantasy Bourbon Chocolate Cream Biscuits | Trans Fat-free,0.4292580646858574
Chheda's Mix Farsan (170.0 GRAM),Cheetos Masala Balls (28.0 GRAM),0.42922190664906007
Haldiram's Masala Tasty Nuts (200.0 GRAM),RiteBite Max Protein 10g Protein Bar Choco Almond,0.42906239882358593
Ezee Biodegradable Medium Garbage Bags 19 x 21 Inch (30.0 PIECE),Aashirvaad 100% Chana Dal Besan (500.0 GRAM),0.4287166141379293
Lay's West Indies Hot 'n' Sweet Chilli Potato Chips,Sunfeast Dark Fantasy Bourbon Chocolate Cream Biscuits | Trans Fat-free,0.4285115289211863
Lay's India's Magic Masala Potato Chips,Sunfeast Dark Fantasy Bourbon Chocolate Cream Biscuits | Trans Fat-free,0.42843148460506186
"Maggi Nutri-licious Masala Veg Atta Noodles, Instant Noodles",Let's Try Salted Peanuts,0.4282711105206217
BAY6 Dishwashbar,RiteBite Max Protein 10g Protein Bar Choco Almond,0.42798868264458545
Ezee Small Garbage Bags 17 x 19 Inch (30.0 PIECE),Britannia 50-50 Maska Chaska Biscuits Butter Flavoured Crackers | Trans Fat-free,0.42787453233872896
Balaji Tomato Wafers (135.0 GRAM),Kurkure Green Chutney Style (68.0 GRAM),0.42776685567317274
Bauli Moonfils Croissants Choco Cream,Sunfeast Dark Fantasy Bourbon Chocolate Cream Biscuits | Trans Fat-free,0.42739694580400256
Beyond Snack Kerala Banana Chips - Original Style (70.0 GRAM),Sunfeast Dark Fantasy Bourbon Chocolate Cream Biscuits | Trans Fat-free,0.4271529882091113
Crax Curls Chatpata Masala Puff Snacks,Cheetos Cheese Puffs (28.0 GRAM),0.4267597536027434
Parle Shakti Milk Glucose Biscuits | Cholesterol-free and Trans Fat-free,Sunfeast Dark Fantasy Bourbon Chocolate Cream Biscuits | Trans Fat-free,0.42669720972782926
Ezee Biodegradable Medium Garbage Bags 19 x 21 Inch (30.0 PIECE),Origami Luncheon Tissue Paper Napkins - 32 X 32 cm - 50 Serviettes,0.42642343235970454
Unibic Choco Chip Flavoured Biscuits | Trans Fat-free,Daily Good Tamarind / Imli (200.0 GRAM),0.42627451900052354
Chheda's Mix Farsan (170.0 GRAM),Aashirvaad 100% Chana Dal Besan (500.0 GRAM),0.4262282484461257
Rajam Banana Chips (150.0 GRAM),MAGGI 2-Minute Instant Noodles | Masala Noodles | Made With Quality Spices,0.42612413432213436
Cheetos Cheese Puffs (28.0 GRAM),Max Protein Choco Chips Flavoured Biscuits | Maida-free,0.4256820147535556
Aashirvaad 100% Chana Dal Besan (500.0 GRAM),Max Protein Choco Chips Flavoured Biscuits | Maida-free,0.42556406462477936
Crax Curls Chatpata Masala Puff Snacks,Sunfeast Dark Fantasy Bourbon Chocolate Cream Biscuits | Trans Fat-free,0.42555704108927267
Parle Marie Butter Marie Biscuits | Trans Fat-free,Britannia 50-50 Maska Chaska Biscuits Butter Flavoured Crackers | Trans Fat-free,0.4255021586940784
Satyam Puffed Rice Kurmura - R (200.0 GRAM),Ezee Medium Garbage Bags 19x 21 Inch (30.0 PIECE),0.42531226233749125
Sunfeast Yippee! Korean Noodles Fiery Hot,Kurkure Green Chutney Style (68.0 GRAM),0.42502945623623756
Satyam Puffed Rice Kurmura - R (200.0 GRAM),Cheetos Cheese Puffs (28.0 GRAM),0.424733639070077
Ezee Medium Garbage Bags 19x 21 Inch (30.0 PIECE),Max Protein Choco Chips Flavoured Biscuits | Maida-free,0.42471320064434753
BAY6 Dishwashbar,Haldiram's Moong Dal,0.42467427988565826
MAGGI Pazzta Instant Pasta - Cheese Macaroni,Cheetos Masala Balls (28.0 GRAM),0.42458736647846185
MAGGI Pazzta Instant Pasta - Cheese Macaroni,MAGGI 2-Minute Instant Noodles | Masala Noodles | Made With Quality Spices,0.4241283368946015
Balaji Tomato Wafers (135.0 GRAM),Haldiram's Soan Papdi,0.42400515475639994
Aashirvaad 100% Chana Dal Besan (500.0 GRAM),Haldiram's Moong Dal,0.42396881304709066
Daily Good Pistachios California Salted,MAGGI 2-Minute Instant Noodles | Masala Noodles | Made With Quality Spices,0.42394251310934167
Nova Nova Waffle Chips- Classic Chocolate Drizzle,RiteBite Max Protein 10g Protein Bar Choco Almond,0.4236225768404923
Sunfeast Dark Fantasy Bourbon Chocolate Cream Biscuits | Trans Fat-free,Max Protein Choco Chips Flavoured Biscuits | Maida-free,0.4233982064168792
RiteBite Max Protein 10g Protein Bar Choco Almond,YiPPee! Magic Masala Noodles with Added Veggies - The Better Noodles,0.4230939051098663
Daily Good Pistachios California Salted,Cheetos Masala Balls (28.0 GRAM),0.423082064332637
Maggi Masala-ae-Magic Sabzi Masala,Max Protein Choco Chips Flavoured Biscuits | Maida-free,0.4229244777098066
Aashirvaad Jeera (100.0 GRAM),Aashirvaad 100% Chana Dal Besan (500.0 GRAM),0.42289679039176165
Satyam Puffed Rice Kurmura - R (200.0 GRAM),MAGGI 2-Minute Instant Noodles | Masala Noodles | Made With Quality Spices,0.42276250611432103
MAGGI 2-Minute Instant Noodles | Masala Noodles | Made With Quality Spices,RiteBite Max Protein 10g Protein Bar Choco Almond,0.422671597872946
"Maggi Nutri-licious Masala Veg Atta Noodles, Instant Noodles",Sunfeast Dark Fantasy Bourbon Chocolate Cream Biscuits | Trans Fat-free,0.4223705341564346
Parle Hide & Seek Chocolate Chip Biscuits | Trans Fat-free,Britannia 50-50 Maska Chaska Biscuits Butter Flavoured Crackers | Trans Fat-free,0.42211787627621555
"Maggi Nutri-licious Masala Veg Atta Noodles, Instant Noodles",Society Natural Tea (250.0 GRAM),0.42195531118078344
Bingo! Mad Angles Achaari Masti Crisps,Cheetos Masala Balls (28.0 GRAM),0.4217693216981201
Ezee Biodegradable Medium Garbage Bags 19 x 21 Inch (30.0 PIECE),Haldiram's Moong Dal,0.42171048730169136
Ezee Medium Garbage Bags 19x 21 Inch (30.0 PIECE),YiPPee! Magic Masala Noodles with Added Veggies - The Better Noodles,0.4216234854652554
Tang Mango Instant Drink Mix,RiteBite Max Protein 10g Protein Bar Choco Almond,0.42141487950310963
Bingo! Mad Angles Achaari Masti Crisps,Sunfeast Dark Fantasy Bourbon Chocolate Cream Biscuits | Trans Fat-free,0.4209689434367512
MAGGI Pazzta Instant Pasta - Cheese Macaroni,Britannia 50-50 Maska Chaska Biscuits Butter Flavoured Crackers | Trans Fat-free,0.42080708399307004
Namaskaram Mini Bhakarwadi,Cheetos Cheese Puffs (28.0 GRAM),0.4208015570673499
Sunfeast Dark Fantasy Chocolate Cream Biscuits | Made With Real Chocolate,MAGGI 2-Minute Instant Noodles | Masala Noodles | Made With Quality Spices,0.4207442358918611
BAY6 Dishwashbar,Max Protein Choco Chips Flavoured Biscuits | Maida-free,0.42003035959899926
Origami 3 Ply Toilet Tissue Paper Roll - 160 Pulls Per Roll (1.0 PIECE),Kurkure Green Chutney Style (68.0 GRAM),0.41990705115207183
Om Shanthi Havan Samagri | Cycle,Haldiram's Lite Chiwda (200.0 GRAM),0.419571434661167
Namaskaram Methi Khakhra,Catch Jeera Whole (100.0 GRAM),0.41845674254394283
Kinder Joy - Single Pack - Assorted,MAGGI 2-Minute Instant Noodles | Masala Noodles | Made With Quality Spices,0.4183887460096817
Kurkure Solid Masti Masala Twisteez (61.0 GRAM),Kurkure Green Chutney Style (68.0 GRAM),0.4181410478075813
Bingo! Mad Angles Very Peri Peri Crisps,Sunfeast Dark Fantasy Bourbon Chocolate Cream Biscuits | Trans Fat-free,0.41807738951264434
Tang Mango Instant Drink Mix,Max Protein Choco Chips Flavoured Biscuits | Maida-free,0.418014345841724
Namaskaram Methi Khakhra,Sunfeast Dark Fantasy Bourbon Chocolate Cream Biscuits | Trans Fat-free,0.41800004829782655
Parle Shakti Milk Glucose Biscuits | Cholesterol-free and Trans Fat-free,MAGGI 2-Minute Instant Noodles | Masala Noodles | Made With Quality Spices,0.4179255581257395
BAY6 Dishwashbar,Sunfeast Dark Fantasy Bourbon Chocolate Cream Biscuits | Trans Fat-free,0.41785848412505394
Kurkure Green Chutney Style (68.0 GRAM),RiteBite Max Protein 10g Protein Bar Choco Almond,0.41776611435556676
Balaji Tomato Wafers (135.0 GRAM),Kurkure Solid Masti Masala Twisteez (61.0 GRAM),0.4173871040646508
MAGGI Pazzta Instant Pasta - Cheese Macaroni,Lay's American Cream & Onion Potato Chips (48.0 GRAM),0.4172671282899443
Ezee Medium Garbage Bags 19x 21 Inch (30.0 PIECE),Cheetos Masala Balls (28.0 GRAM),0.4170949813894453
Parle Hide & Seek Chocolate Chip Biscuits | Trans Fat-free,Sunfeast Dark Fantasy Bourbon Chocolate Cream Biscuits | Trans Fat-free,0.41701893435509885
Kotton Multipurpose Napkin | 100% Virgin Pulp-Paper | 25 cm X 25 cm | 100Pcs,Max Protein Choco Chips Flavoured Biscuits | Maida-free,0.4166558391738168
Haldiram's Masala Tasty Nuts (200.0 GRAM),Cheetos Cheese Puffs (28.0 GRAM),0.4162596927800714
Maggi Masala-ae-Magic Sabzi Masala,Balaji Simply Salted Chips (135.0 GRAM),0.4161297006744867
RiteBite Max Protein 10g Protein Bar Choco Berry (50.0 GRAM),Aashirvaad 100% Chana Dal Besan (500.0 GRAM),0.41585249038241273
Kurkure Green Chutney Style (68.0 GRAM),Sunfeast Dark Fantasy Bourbon Chocolate Cream Biscuits | Trans Fat-free,0.4155106751263881
Ezee Biodegradable Medium Garbage Bags 19 x 21 Inch (30.0 PIECE),Cheetos Cheese Puffs (28.0 GRAM),0.4146967786706233
Bingo! Mad Angles Very Peri Peri Crisps,Kurkure Solid Masti Masala Twisteez (61.0 GRAM),0.4146701364477754
Namaskaram Mini Bhakarwadi,Sunfeast Dark Fantasy Bourbon Chocolate Cream Biscuits | Trans Fat-free,0.4145902992366726
Parle Shakti Milk Glucose Biscuits | Cholesterol-free and Trans Fat-free,Haldiram's All In One Mixture,0.4144109482980796
Kurkure Solid Masti Masala Twisteez (61.0 GRAM),Max Protein Choco Chips Flavoured Biscuits | Maida-free,0.4137555789953742
Dabur Real Litchi Fruit Juice,RiteBite Max Protein 10g Protein Bar Choco Almond,0.41350217671665057
Parle Krack Jack Sweet and Salty Plain Crackers | Artificial Colour-free,Lay's India's Magic Masala Potato Chips,0.41328375256586575
Ezee Biodegradable Medium Garbage Bags 19 x 21 Inch (30.0 PIECE),YiPPee! Magic Masala Noodles with Added Veggies - The Better Noodles,0.4132389275156624
Ezee Medium Garbage Bags 19x 21 Inch (30.0 PIECE),Sunfeast Dark Fantasy Bourbon Chocolate Cream Biscuits | Trans Fat-free,0.41309776107415463
Max Protein Choco Chips Flavoured Biscuits | Maida-free,Cheetos Cheese Puffs (28.0 GRAM),0.41303708007496565
Chheda's Small Bhakarwadi,Cheetos Masala Balls (28.0 GRAM),0.41303082687661785
Nestle Milkmaid Partly Skimmed Sweetened Condensed Milk,Chheda's Yellow Banana Chips (170.0 GRAM),0.41275756303877564
Sunfeast Dark Fantasy Vanilla Cream Dark Crunchy Biscuits | Artificial Colour-free,Kurkure Masala Munch,0.412688574732366
Tang Mango Instant Drink Mix,MAGGI 2-Minute Instant Noodles | Masala Noodles | Made With Quality Spices,0.41266914461868703
Sunfeast Dark Fantasy Chocolate Cream Biscuits | Made With Real Chocolate,Kurkure Solid Masti Masala Twisteez (61.0 GRAM),0.412628204247805
Origami Luncheon Tissue Paper Napkins - 32 X 32 cm - 50 Serviettes,Sunfeast Dark Fantasy Bourbon Chocolate Cream Biscuits | Trans Fat-free,0.4123412825468019
Chheda's Small Bhakarwadi,Cheetos Cheese Puffs (28.0 GRAM),0.4123118416031057
Bingo! Mad Angles Achaari Masti Crisps,RiteBite Max Protein 10g Protein Bar Choco Almond,0.4119115196467547
Parle Shakti Milk Glucose Biscuits | Cholesterol-free and Trans Fat-free,Modern Kitchens Butter Murukku,0.4115722226142689
Nestle Milkmaid Partly Skimmed Sweetened Condensed Milk,RiteBite Max Protein 10g Protein Bar Choco Almond,0.4115527921901778
Om Shanthi Havan Samagri | Cycle,Rajdhani Roasted Chana (200.0 GRAM),0.4115239245265062
Parle Krack Jack Sweet and Salty Plain Crackers | Artificial Colour-free,Kurkure Green Chutney Style (68.0 GRAM),0.4115189045165111
RiteBite Max Protein 10g Protein Bar Choco Berry (50.0 GRAM),Britannia 50-50 Maska Chaska Biscuits Butter Flavoured Crackers | Trans Fat-free,0.41151696869559307
Parle Krack Jack Sweet and Salty Plain Crackers | Artificial Colour-free,Sunfeast Dark Fantasy Bourbon Chocolate Cream Biscuits | Trans Fat-free,0.41148173071298433
Cheetos Cheese Puffs (28.0 GRAM),Kurkure Masala Munch,0.41126780185758516
Satyam Puffed Rice Kurmura - R (200.0 GRAM),YiPPee! Magic Masala Noodles with Added Veggies - The Better Noodles,0.4110217343800556
Cheetos Masala Balls (28.0 GRAM),Max Protein Choco Chips Flavoured Biscuits | Maida-free,0.4109507402446593
"Ching's Secret Veg Hakka Noodles, Cooks In 5-7 mins, Just Soak & Drain",Sunfeast Dark Fantasy Bourbon Chocolate Cream Biscuits | Trans Fat-free,0.41026756655911917
Everest Chhole Masala,Haldiram's Bhujia Sev (200.0 GRAM),0.41020317024849484
Tang Mango Instant Drink Mix,Kurkure Solid Masti Masala Twisteez (61.0 GRAM),0.41010864289070614
RiteBite Max Protein 10g Protein Bar Choco Almond,Origami Luncheon Tissue Paper Napkins - 32 X 32 cm - 50 Serviettes,0.40969366132152496
Kurkure Solid Masti Masala Twisteez (61.0 GRAM),Origami Luncheon Tissue Paper Napkins - 32 X 32 cm - 50 Serviettes,0.4093930790314873
Nova Nova Waffle Chips- Classic Chocolate Drizzle,Haldiram's Moong Dal,0.4093595951363419
Chheda's Small Bhakarwadi,Haldiram's Masala Tasty Nuts (200.0 GRAM),0.4093557988624246
Parle Marie Butter Marie Biscuits | Trans Fat-free,Lay's India's Magic Masala Potato Chips,0.40903857885500633
RiteBite Max Protein 10g Protein Bar Choco Berry (50.0 GRAM),Origami Luncheon Tissue Paper Napkins - 32 X 32 cm - 50 Serviettes,0.4090354957908736
Dabur Real Litchi Fruit Juice,Max Protein Choco Chips Flavoured Biscuits | Maida-free,0.40890860203163704
Aashirvaad 100% Chana Dal Besan (500.0 GRAM),Cheetos Cheese Puffs (28.0 GRAM),0.4088740920484411
Kinder Joy - Single Pack - Assorted,YiPPee! Magic Masala Noodles with Added Veggies - The Better Noodles,0.40840226569663846
Balaji Masala Masti Chips (135.0 GRAM),Sunfeast Dark Fantasy Bourbon Chocolate Cream Biscuits | Trans Fat-free,0.4081528765054694
MAGGI Pazzta Instant Pasta - Cheese Macaroni,Kurkure Solid Masti Masala Twisteez (61.0 GRAM),0.4079658361503627
Kurkure Green Chutney Style (68.0 GRAM),Max Protein Choco Chips Flavoured Biscuits | Maida-free,0.40780153034129796
Tang Mango Instant Drink Mix,Sunfeast Dark Fantasy Bourbon Chocolate Cream Biscuits | Trans Fat-free,0.40768300376245425
Origami Luncheon Tissue Paper Napkins - 32 X 32 cm - 50 Serviettes,Haldiram's Moong Dal,0.40759873657871176
Ezee Medium Garbage Bags 19x 21 Inch (30.0 PIECE),Haldiram's Masala Tasty Nuts (200.0 GRAM),0.40750277920556555
Om Shanthi Havan Samagri | Cycle,Kinder Joy - Single Pack - Assorted,0.40674954792043405
Aashirvaad 100% Chana Dal Besan (500.0 GRAM),Origami Luncheon Tissue Paper Napkins - 32 X 32 cm - 50 Serviettes,0.4064791735957373
Parle Shakti Milk Glucose Biscuits | Cholesterol-free and Trans Fat-free,Haldiram's Mini Bhakarwadi,0.4064086163559837
Kurkure Green Chutney Style (68.0 GRAM),Cheetos Cheese Puffs (28.0 GRAM),0.4063135996987368
Kurkure Solid Masti Masala Twisteez (61.0 GRAM),Aashirvaad 100% Chana Dal Besan (500.0 GRAM),0.4058178582581659
Cheetos Masala Balls (28.0 GRAM),Haldiram's Moong Dal,0.40558139236306284
Sunfeast All Rounder Crunchy Potato Chatpata Masala Flavoured Crackers | Trans Fat-free,YiPPee! Magic Masala Noodles with Added Veggies - The Better Noodles,0.4052805078135072
Origami Luncheon Tissue Paper Napkins - 32 X 32 cm - 50 Serviettes,Kurkure Green Chutney Style (68.0 GRAM),0.4050690225150044
Haldiram's Masala Tasty Nuts (200.0 GRAM),YiPPee! Magic Masala Noodles with Added Veggies - The Better Noodles,0.40464934176549994
MAGGI 2-Minute Instant Noodles | Masala Noodles | Made With Quality Spices,Cheetos Cheese Puffs (28.0 GRAM),0.4042344446780246
Ezee Medium Garbage Bags 19x 21 Inch (30.0 PIECE),MAGGI 2-Minute Instant Noodles | Masala Noodles | Made With Quality Spices,0.40423267638249144
Kinder Joy - Single Pack - Assorted,Max Protein Choco Chips Flavoured Biscuits | Maida-free,0.4041897266093529
Parle Marie Butter Marie Biscuits | Trans Fat-free,Origami Luncheon Tissue Paper Napkins - 32 X 32 cm - 50 Serviettes,0.4040729957024889
Nestle Milkmaid Partly Skimmed Sweetened Condensed Milk,Kurkure Solid Masti Masala Twisteez (61.0 GRAM),0.40391137647373104
Chheda's Mix Farsan (170.0 GRAM),Max Protein Choco Chips Flavoured Biscuits | Maida-free,0.40371621683922626
Crax Curls Chatpata Masala Puff Snacks,Haldiram's Moong Dal,0.40337123364100264
Origami 3 Ply Toilet Tissue Paper Roll - 160 Pulls Per Roll (1.0 PIECE),Kurkure Solid Masti Masala Twisteez (61.0 GRAM),0.40333512719050313
Satyam Puffed Rice Kurmura - R (200.0 GRAM),Cheetos Masala Balls (28.0 GRAM),0.40321870734708853
Balaji Tomato Wafers (135.0 GRAM),MAGGI 2-Minute Instant Noodles | Masala Noodles | Made With Quality Spices,0.40314045583355534
Kurkure Solid Masti Masala Twisteez (61.0 GRAM),Cheetos Masala Balls (28.0 GRAM),0.4030647691706384
Sunfeast Dark Fantasy Chocolate Cream Biscuits | Made With Real Chocolate,Daily Good Raw Peanut - Singdana,0.40287895316748024
Origami Luncheon Tissue Paper Napkins - 32 X 32 cm - 50 Serviettes,Aashirvaad 100% Chana Dal Besan (500.0 GRAM),0.4021651023341865
Bauli Moonfils Croissants Choco Cream,Max Protein Choco Chips Flavoured Biscuits | Maida-free,0.40174360308472223
Chheda's Long Masala Banana Chips (170.0 GRAM),"Uncle Chipps Potato Chips, Plain Salted Flavour, Crispy Chips & Snacks (48.0 GRAM)",0.40168899513835343
MAGGI 2-Minute Instant Noodles | Masala Noodles | Made With Quality Spices,Haldiram's Moong Dal,0.4015738477500132
Sunfeast Dark Fantasy Chocolate Cream Biscuits | Made With Real Chocolate,Britannia 50-50 Maska Chaska Biscuits Butter Flavoured Crackers | Trans Fat-free,0.4015082098054234
MAGGI Pazzta Instant Pasta - Cheese Macaroni,Britannia Treat Jimjam Naughty Jam Cream Biscuits | Trans Fat-free,0.40122350264213313
Haldiram's Masala Tasty Nuts (200.0 GRAM),Sunfeast Dark Fantasy Bourbon Chocolate Cream Biscuits | Trans Fat-free,0.40118226694153913
Kurkure Green Chutney Style (68.0 GRAM),Britannia 50-50 Maska Chaska Biscuits Butter Flavoured Crackers | Trans Fat-free,0.401147977271736
Sunfeast Dark Fantasy Chocolate Cream Biscuits | Made With Real Chocolate,Origami Luncheon Tissue Paper Napkins - 32 X 32 cm - 50 Serviettes,0.4010945706727409
Kurkure Green Chutney Style (68.0 GRAM),Origami Luncheon Tissue Paper Napkins - 32 X 32 cm - 50 Serviettes,0.4010783188667979
Lay's India's Magic Masala Potato Chips,RiteBite Max Protein 10g Protein Bar Choco Almond,0.400946545505649
Maggi Masala-ae-Magic Sabzi Masala,YiPPee! Magic Masala Noodles with Added Veggies - The Better Noodles,0.4007850886308403
Bingo! Mad Angles Achaari Masti Crisps,Kurkure Green Chutney Style (68.0 GRAM),0.40023530435096855
Bingo! Mad Angles Achaari Masti Crisps,Cheetos Cheese Puffs (28.0 GRAM),0.40023299417593605
Haldiram's Masala Tasty Nuts (200.0 GRAM),Kurkure Green Chutney Style (68.0 GRAM),0.4001613829132382
Nestle Milkmaid Partly Skimmed Sweetened Condensed Milk,Kurkure Masala Munch,0.3994672855485138
Bauli Moonfils Croissants Choco Cream,Haldiram's Moong Dal,0.3991400668545585
Nestle Milkmaid Partly Skimmed Sweetened Condensed Milk,Haldiram's Bhujia Sev (200.0 GRAM),0.39833647023371893
Haldiram's Moong Dal,Let's Try Salted Peanuts,0.3980574636825232
Sunfeast Dark Fantasy Bourbon Chocolate Cream Biscuits | Trans Fat-free,Cheetos Masala Balls (28.0 GRAM),0.3970049550990076
Britannia Good Day Cashew Dry Fruit Biscuits| Trans Fat-free,Kurkure Red Chilli Chataka Chips (68.0 GRAM),0.39690638086960267
Chheda's Small Bhakarwadi,Bingo! Mad Angles Achaari Masti Crisps,0.3967735889485818
Haldiram's Moong Dal,Haldiram's Bhujia Sev (200.0 GRAM),0.3953746690408818
Haldiram's Soan Papdi,Max Protein Choco Chips Flavoured Biscuits | Maida-free,0.3952452091185049
Sunfeast All Rounder Crunchy Potato Chatpata Masala Flavoured Crackers | Trans Fat-free,Kurkure Solid Masti Masala Twisteez (61.0 GRAM),0.3951506037972916
RiteBite Max Protein 10g Protein Bar Choco Almond,Cheetos Masala Balls (28.0 GRAM),0.39466923580416696
Everest Chhole Masala,Sunfeast Dark Fantasy Bourbon Chocolate Cream Biscuits | Trans Fat-free,0.39445647125360805
Origami 3 Ply Toilet Tissue Paper Roll - 160 Pulls Per Roll (1.0 PIECE),Origami Luncheon Tissue Paper Napkins - 32 X 32 cm - 50 Serviettes,0.3941247305921982
Ezee Small Garbage Bags 17 x 19 Inch (30.0 PIECE),Cheetos Masala Balls (28.0 GRAM),0.3940501099266558
Lay's India's Magic Masala Potato Chips,Aashirvaad 100% Chana Dal Besan (500.0 GRAM),0.3939325244415164
RiteBite Max Protein 10g Protein Bar Choco Almond,Chheda's Yellow Banana Chips (170.0 GRAM),0.39389107316984934
BAY6 Dishwashbar,Cheetos Cheese Puffs (28.0 GRAM),0.39387252145683704
Max Protein Choco Chips Flavoured Biscuits | Maida-free,Origami Luncheon Tissue Paper Napkins - 32 X 32 cm - 50 Serviettes,0.3936385143626598
Nova Nova Waffle Chips- Classic Chocolate Drizzle,YiPPee! Magic Masala Noodles with Added Veggies - The Better Noodles,0.3935152531009051
Kinder Joy - Single Pack - Assorted,Cheetos Cheese Puffs (28.0 GRAM),0.39335352928055356
Lay's India's Magic Masala Potato Chips,Max Protein Choco Chips Flavoured Biscuits | Maida-free,0.3930417362699907
Aashirvaad 100% Chana Dal Besan (500.0 GRAM),Kurkure Masala Munch,0.39286493775880216
Ezee Small Garbage Bags 17 x 19 Inch (30.0 PIECE),Lay's India's Magic Masala Potato Chips,0.39235132135177836
BAY6 Dishwashbar,YiPPee! Magic Masala Noodles with Added Veggies - The Better Noodles,0.3922956810355097
Bingo! Mad Angles Very Peri Peri Crisps,Kurkure Green Chutney Style (68.0 GRAM),0.392284452036956
Ezee Medium Garbage Bags 19x 21 Inch (30.0 PIECE),Kurkure Solid Masti Masala Twisteez (61.0 GRAM),0.3919414235385624
Sunfeast All Rounder Crunchy Potato Chatpata Masala Flavoured Crackers | Trans Fat-free,Sunfeast Dark Fantasy Bourbon Chocolate Cream Biscuits | Trans Fat-free,0.39178053365366905
Origami Luncheon Tissue Paper Napkins - 32 X 32 cm - 50 Serviettes,Cheetos Cheese Puffs (28.0 GRAM),0.39149826084850375
Crax Curls Chatpata Masala Puff Snacks,Kurkure Solid Masti Masala Twisteez (61.0 GRAM),0.3914750258123681
Bauli Moonfils Croissants Choco Cream,YiPPee! Magic Masala Noodles with Added Veggies - The Better Noodles,0.39084939365026516
BAY6 Dishwashbar,Aashirvaad 100% Chana Dal Besan (500.0 GRAM),0.3907426542628013
Nova Nova Waffle Chips- Classic Chocolate Drizzle,Cheetos Cheese Puffs (28.0 GRAM),0.39037740693196404
Nova Nova Waffle Chips- Classic Chocolate Drizzle,Kurkure Solid Masti Masala Twisteez (61.0 GRAM),0.3899350619427128
Britannia Good Day Cashew Dry Fruit Biscuits| Trans Fat-free,RiteBite Max Protein 10g Protein Bar Choco Almond,0.38970577808524703
Om Shanthi Havan Samagri | Cycle,Max Protein Choco Chips Flavoured Biscuits | Maida-free,0.3895750581449951
Tang Mango Instant Drink Mix,Cheetos Masala Balls (28.0 GRAM),0.3890574802651667
Britannia Good Day Cashew Dry Fruit Biscuits| Trans Fat-free,Chheda's Small Bhakarwadi,0.38877408840607225
Kinder Joy - Single Pack - Assorted,Sunfeast Dark Fantasy Bourbon Chocolate Cream Biscuits | Trans Fat-free,0.38837728513073483
Bauli Moonfils Croissants Choco Cream,Cheetos Masala Balls (28.0 GRAM),0.3878764570812721
Bauli Moonfils Croissants Choco Cream,Kurkure Masala Munch,0.3875582497997358
Kinder Joy - Single Pack - Assorted,RiteBite Max Protein 10g Protein Bar Choco Almond,0.387403330365526
Bingo! Mad Angles Achaari Masti Crisps,Parle Hide & Seek Chocolate Chip Biscuits | Trans Fat-free,0.3866162294257748
Bingo! Mad Angles Very Peri Peri Crisps,Max Protein Choco Chips Flavoured Biscuits | Maida-free,0.3865550964539487
Sunfeast Dark Fantasy Chocolate Cream Biscuits | Made With Real Chocolate,Aashirvaad 100% Chana Dal Besan (500.0 GRAM),0.38647779161232376
Nova Nova Waffle Chips- Classic Chocolate Drizzle,Aashirvaad 100% Chana Dal Besan (500.0 GRAM),0.3859727188512319
Sunfeast Dark Fantasy Bourbon Chocolate Cream Biscuits | Trans Fat-free,Chheda's Yellow Banana Chips (170.0 GRAM),0.3854414358783071
Haldiram's Soan Papdi,YiPPee! Magic Masala Noodles with Added Veggies - The Better Noodles,0.3852544367190159
Max Protein Choco Chips Flavoured Biscuits | Maida-free,Aashirvaad 100% Chana Dal Besan (500.0 GRAM),0.38480189950121796
Balaji Tomato Wafers (135.0 GRAM),RiteBite Max Protein 10g Protein Bar Choco Almond,0.3841353695934625
Haldiram's Masala Tasty Nuts (200.0 GRAM),Kurkure Solid Masti Masala Twisteez (61.0 GRAM),0.38400347280129493
Ezee Medium Garbage Bags 19x 21 Inch (30.0 PIECE),RiteBite Max Protein 10g Protein Bar Choco Almond,0.3839240105965873
Sunfeast All Rounder Crunchy Potato Chatpata Masala Flavoured Crackers | Trans Fat-free,RiteBite Max Protein 10g Protein Bar Choco Almond,0.3836571791007508
Lay's India's Magic Masala Potato Chips,Cheetos Cheese Puffs (28.0 GRAM),0.383597055361893
Haldiram's Masala Tasty Nuts (200.0 GRAM),Chheda's Yellow Banana Chips (170.0 GRAM),0.38352945330548904
Haldiram's Soan Papdi,Kurkure Green Chutney Style (68.0 GRAM),0.3831468874718128
Everest Chhole Masala,Max Protein Choco Chips Flavoured Biscuits | Maida-free,0.38312571713767307
Tang Mango Instant Drink Mix,Origami Luncheon Tissue Paper Napkins - 32 X 32 cm - 50 Serviettes,0.3824689201818809
BAY6 Dishwashbar,Origami Luncheon Tissue Paper Napkins - 32 X 32 cm - 50 Serviettes,0.3822552802320515
Max Protein Choco Chips Flavoured Biscuits | Maida-free,YiPPee! Magic Masala Noodles with Added Veggies - The Better Noodles,0.3822027738374424
Bingo! Mad Angles Very Peri Peri Crisps,Cheetos Masala Balls (28.0 GRAM),0.38215115184396914
Cheetos Masala Balls (28.0 GRAM),Aashirvaad 100% Chana Dal Besan (500.0 GRAM),0.3818923607421128
Kinder Joy - Single Pack - Assorted,Haldiram's Moong Dal,0.3814566461711288
Bingo! Mad Angles Very Peri Peri Crisps,Origami Luncheon Tissue Paper Napkins - 32 X 32 cm - 50 Serviettes,0.380873274626366
Aashirvaad 100% Chana Dal Besan (500.0 GRAM),Cheetos Masala Balls (28.0 GRAM),0.3806121722317526
Cheetos Masala Balls (28.0 GRAM),Origami Luncheon Tissue Paper Napkins - 32 X 32 cm - 50 Serviettes,0.3803032744801054
Sunfeast All Rounder Crunchy Potato Chatpata Masala Flavoured Crackers | Trans Fat-free,Max Protein Choco Chips Flavoured Biscuits | Maida-free,0.3802102730934326
Dabur Real Litchi Fruit Juice,Origami Luncheon Tissue Paper Napkins - 32 X 32 cm - 50 Serviettes,0.3793098815307709
MAGGI 2-Minute Instant Noodles | Masala Noodles | Made With Quality Spices,Max Protein Choco Chips Flavoured Biscuits | Maida-free,0.37922862028640175
Sunfeast Yippee! Korean Noodles Fiery Hot,Origami Luncheon Tissue Paper Napkins - 32 X 32 cm - 50 Serviettes,0.3792051824309793
MAGGI 2-Minute Instant Noodles | Masala Noodles | Made With Quality Spices,Kurkure Green Chutney Style (68.0 GRAM),0.37874740414700425
Sunfeast Dark Fantasy Bourbon Chocolate Cream Biscuits | Trans Fat-free,Aashirvaad 100% Chana Dal Besan (500.0 GRAM),0.3779436606083407
Kurkure Green Chutney Style (68.0 GRAM),Parle Hide & Seek Chocolate Chip Biscuits | Trans Fat-free,0.37793090373420346
Haldiram's Soan Papdi,Sunfeast Dark Fantasy Bourbon Chocolate Cream Biscuits | Trans Fat-free,0.3776422399917228
Dabur Real Litchi Fruit Juice,Kurkure Solid Masti Masala Twisteez (61.0 GRAM),0.3769374486121661
Max Protein Choco Chips Flavoured Biscuits | Maida-free,Kurkure Green Chutney Style (68.0 GRAM),0.376404557241387
Dabur Real Litchi Fruit Juice,Haldiram's Moong Dal,0.37639885963760555
Nova Nova Waffle Chips- Classic Chocolate Drizzle,BAY6 Dishwashbar,0.3761897233201581
Balaji Tomato Wafers (135.0 GRAM),Max Protein Choco Chips Flavoured Biscuits | Maida-free,0.37560915983413684
Origami Luncheon Tissue Paper Napkins - 32 X 32 cm - 50 Serviettes,Cheetos Masala Balls (28.0 GRAM),0.37500568388270566
Sunfeast All Rounder Crunchy Potato Chatpata Masala Flavoured Crackers | Trans Fat-free,Haldiram's Moong Dal,0.3746735483334257
Bingo! Mad Angles Achaari Masti Crisps,Max Protein Choco Chips Flavoured Biscuits | Maida-free,0.3743502857577194
Nova Nova Waffle Chips- Classic Chocolate Drizzle,Sunfeast Dark Fantasy Bourbon Chocolate Cream Biscuits | Trans Fat-free,0.3720734251120545
Sunfeast Yippee! Korean Noodles Fiery Hot,Max Protein Choco Chips Flavoured Biscuits | Maida-free,0.3716324844891057
Parle Krack Jack Sweet and Salty Plain Crackers | Artificial Colour-free,Kurkure Masala Munch,0.3712833363686032
Sunfeast Dark Fantasy Chocolate Cream Biscuits | Made With Real Chocolate,Max Protein Choco Chips Flavoured Biscuits | Maida-free,0.37124670205609145
Sunfeast Yippee! Korean Noodles Fiery Hot,Kurkure Solid Masti Masala Twisteez (61.0 GRAM),0.3699117429165212
Tang Mango Instant Drink Mix,BAY6 Dishwashbar,0.3695742270814155
Haldiram's Soan Papdi,Cheetos Masala Balls (28.0 GRAM),0.3671422854885369
Bingo! Mad Angles Very Peri Peri Crisps,Haldiram's Moong Dal,0.3670939374559367
Tang Mango Instant Drink Mix,Cheetos Cheese Puffs (28.0 GRAM),0.3668481273573831
MAGGI 2-Minute Instant Noodles | Masala Noodles | Made With Quality Spices,YiPPee! Magic Masala Noodles with Added Veggies - The Better Noodles,0.3667781540226207
Tang Mango Instant Drink Mix,Haldiram's Moong Dal,0.3667474644376209
Kinder Joy - Single Pack - Assorted,Origami Luncheon Tissue Paper Napkins - 32 X 32 cm - 50 Serviettes,0.3663161173928893
Sunfeast Yippee! Korean Noodles Fiery Hot,Aashirvaad 100% Chana Dal Besan (500.0 GRAM),0.3660901208708264
Haldiram's Soan Papdi,RiteBite Max Protein 10g Protein Bar Choco Almond,0.36522183422034926
Nova Nova Waffle Chips- Classic Chocolate Drizzle,Origami Luncheon Tissue Paper Napkins - 32 X 32 cm - 50 Serviettes,0.36133389149300826
Kinder Joy - Single Pack - Assorted,Kurkure Solid Masti Masala Twisteez (61.0 GRAM),0.3609412258076643
Bingo! Mad Angles Very Peri Peri Crisps,Aashirvaad 100% Chana Dal Besan (500.0 GRAM),0.3608353133602434
MAGGI 2-Minute Instant Noodles | Masala Noodles | Made With Quality Spices,Origami Luncheon Tissue Paper Napkins - 32 X 32 cm - 50 Serviettes,0.36067066664239583
MAGGI 2-Minute Instant Noodles | Masala Noodles | Made With Quality Spices,Cheetos Masala Balls (28.0 GRAM),0.3601513433814595
Parle Shakti Milk Glucose Biscuits | Cholesterol-free and Trans Fat-free,Lay's Spanish Tomato Tango Potato Chips,0.35945783674109744
Kinder Joy - Single Pack - Assorted,Kurkure Green Chutney Style (68.0 GRAM),0.3577967716036664
Sunfeast Dark Fantasy Chocolate Cream Biscuits | Made With Real Chocolate,Cheetos Masala Balls (28.0 GRAM),0.357724704759236
Haldiram's Soan Papdi,Crax Crunchy Pipes Salted Puff Snacks,0.35436449807068726
Parle Shakti Milk Glucose Biscuits | Cholesterol-free and Trans Fat-free,Scotch-Brite Scrub Sponge (Pack of 3),0.35430592501397273
Parle Shakti Milk Glucose Biscuits | Cholesterol-free and Trans Fat-free,Cheetos Masala Balls (28.0 GRAM),0.3531438168834989
Sunfeast All Rounder Crunchy Potato Chatpata Masala Flavoured Crackers | Trans Fat-free,Cheetos Cheese Puffs (28.0 GRAM),0.3510229537992495
Balaji Tomato Wafers (135.0 GRAM),Sunfeast Dark Fantasy Bourbon Chocolate Cream Biscuits | Trans Fat-free,0.35037177128887154
Haldiram's Soan Papdi,BAY6 Dishwashbar,0.3476240914569561
Sunfeast All Rounder Crunchy Potato Chatpata Masala Flavoured Crackers | Trans Fat-free,Kurkure Green Chutney Style (68.0 GRAM),0.3470149492450737
Haldiram's Soan Papdi,Haldiram's Lite Chiwda (200.0 GRAM),0.3464505370064569
Sunfeast All Rounder Crunchy Potato Chatpata Masala Flavoured Crackers | Trans Fat-free,Chheda's Yellow Banana Chips (170.0 GRAM),0.3459499633904729
Balaji Tomato Wafers (135.0 GRAM),Cheetos Masala Balls (28.0 GRAM),0.34591831304408377
Balaji Tomato Wafers (135.0 GRAM),MAGGI Pazzta Instant Pasta - Cheese Macaroni,0.3390479423587603
Haldiram's Soan Papdi,Kinder Joy - Single Pack - Assorted,0.33555339697199327
