sku1,sku2,association_composite_score
"Meetha Paan, 12 Pcs | Mouth Freshener | by GO DESi",The Belgian Waffle Co Classic Chocolate Wafers | Preservative-free,0.8877470355731225
Sofit Chocolate Soy Milk (200.0 MILLILITRE),Fortune Indori Poha,0.8714285714285714
Mysore Pak | Sweets By GO DESi,Nutraj Cashew/Kaju,0.8068181818181819
Daily Good Medium Poha | Avalakki | Indori Poha,Polka Pop Zero Sugar Blueberry Sparkling Water,0.7721289721801885
Knorr Chinese Hot And Sour Veg Soup,Nissin Geki - Hot and Spicy Korean Veg Flavoured Ramen Cup Noodles,0.769380764163373
Moi Soi Veg Hakka Noodles,Dehaat Honest Farms Pesticide Free Poha | Thick,0.7690317812269032
Sunfeast Dark Fantasy Crème | Made With Real Chocolate,Dehaat Honest Farms Pesticide Free Poha | Thick,0.7599843485065865
Snackible Biscuit Sticks (with Chocolatey Dip) | Made with Jaggery (30.0 GRAM),Polka Pop Zero Sugar Blueberry Sparkling Water,0.7549705505761843
Lays Wafer Chips Red Chilli Flavor (82.0 GRAM),Crax Mast Matar Green Peas Namkeen Snacks,0.7501560224672352
Farmley Premium Omani Fard Dates,"Taali Roasted Bharuchi Peanuts | Salted | Protein Rich, No Palm Oil ,Restaurant-Style Crunch (150.0 GRAM)",0.7459901800327331
Mysore Pak | Sweets By GO DESi,Tata Tea Agni Tea,0.7423264907135875
Satyam Thin Poha Patla (500.0 GRAM),Polka Pop Zero Sugar Blueberry Sparkling Water,0.7401672064472395
Snackible Biscuit Sticks (with Chocolatey Dip) | Made with Jaggery (30.0 GRAM),Daily Good Watermelon Seeds / Tarbuj Beej,0.7389090909090908
Polka Pop Zero Sugar Blueberry Sparkling Water,Daily Good Watermelon Seeds / Tarbuj Beej,0.7371745625266752
Daily Good Medium Poha | Avalakki | Indori Poha,Heka Bites Roasted Makhana Himalayan Pink Salt,0.7368595041322313
Heka Bites Roasted Makhana Himalayan Pink Salt,Daily Good Watermelon Seeds / Tarbuj Beej,0.7357397504456328
Heka Bites Roasted Makhana Himalayan Pink Salt,Polka Pop Zero Sugar Blueberry Sparkling Water,0.7286020938465014
Haldiram's Mixture (200.0 GRAM),Dehaat Honest Farms Pesticide Free Poha | Thick,0.728556424320224
Lays Wafer Chips Red Chilli Flavor (82.0 GRAM),Britannia Good Day Chunkies Coconut Flavoured Biscuits | Trans Fat-free,0.7285083848190644
Daily Good Medium Poha | Avalakki | Indori Poha,Daily Good Watermelon Seeds / Tarbuj Beej,0.7277134986225895
Satyam Thin Poha Patla (500.0 GRAM),Heka Bites Roasted Makhana Himalayan Pink Salt,0.7245360176156024
Satyam Thin Poha Patla (500.0 GRAM),Daily Good Watermelon Seeds / Tarbuj Beej,0.7244206773618538
Sofit Chocolate Soy Milk (200.0 MILLILITRE),Sweet Karam Coffee Classic Tapioca Chips | No Palm Oil,0.7243867243867246
Farmley Prasadam Makhana | Foxnuts,Dehaat Honest Farms Pesticide Free Poha | Thick,0.7222211510652656
Farmley Prasadam Makhana | Foxnuts,Balaji Rumbles Pudina Twist Wafers,0.7214345287739783
Lays Wafer Chips Red Chilli Flavor (82.0 GRAM),Crax Aloo Bhujia Namkeen Snacks (160.0 GRAM),0.717135961383749
Organic India Jaggery Powder,Everest Cumin Powder (50.0 GRAM),0.7058909090909091
Polka Pop Zero Sugar Blueberry Sparkling Water,Heka Bites Roasted Makhana Himalayan Pink Salt,0.7051141071025081
Farmley Premium Omani Fard Dates,Brooke Bond Red Label Tea,0.7039627039627039
Snackible Biscuit Sticks (with Chocolatey Dip) | Made with Jaggery (30.0 GRAM),Heka Bites Roasted Makhana Himalayan Pink Salt,0.6992941176470587
Sweet Karam Coffee Classic Tapioca Chips | No Palm Oil,Sweet Karam Coffee Indian Masala Tapioca Chips | No Palm Oil,0.6967758392000817
Crax Mast Matar Green Peas Namkeen Snacks,Crax Aloo Bhujia Namkeen Snacks (160.0 GRAM),0.6963494117784229
Moi Soi Veg Hakka Noodles,Balaji Rumbles Pudina Twist Wafers,0.6913747567417292
Daily Good Watermelon Seeds / Tarbuj Beej,Polka Pop Zero Sugar Blueberry Sparkling Water,0.6856035982796547
Sunfeast Dark Fantasy Crème | Made With Real Chocolate,Crax Fritts Peri Peri Corn & Potato Stick Snacks,0.6848484848484848
Organic India Jaggery Powder,Bhagirathi Rajgira Peeth | Amaranth Flour,0.6832475700400229
"Ching’s Secret Schezwan Fried Rice Masala, Cooks in 4/5Mins, 5 Single Use Pouches",Bhagirathi Rajgira Peeth | Amaranth Flour,0.6832475700400229
Parle Melody Chocolaty (391.0 GRAM),Bhagirathi Rajgira Peeth | Amaranth Flour,0.6832475700400229
Farmley Premium Omani Fard Dates,Nutraj Cashew/Kaju,0.6826923076923076
Lays Wafer Chips Red Chilli Flavor (82.0 GRAM),Kurkure Schezwan Chutney (68.0 GRAM),0.6812046848856664
Sunfeast Dark Fantasy Crème | Made With Real Chocolate,Balaji Rumbles Pudina Twist Wafers,0.6789972035519796
Lay's Potato Chips Wafer style - Salt with Pepper Flavour (40.0 GRAM),Balaji Rumbles Pudina Twist Wafers,0.67489036562727
Sofit Chocolate Soy Milk (200.0 MILLILITRE),Haldiram's Mixture (400.0 GRAM),0.6747817154596816
Fortune Indori Poha,Haldiram's Mixture (400.0 GRAM),0.6747817154596816
Everest Kanda Lasoon Masala,Bhagirathi Rajgira Peeth | Amaranth Flour,0.6741376024394892
Organic Tattva Brown Sugar Pouch,Mr Makhana Lime Chilli,0.6738095238095237
Snackible Biscuit Sticks (with Chocolatey Dip) | Made with Jaggery (30.0 GRAM),Daily Good Medium Poha | Avalakki | Indori Poha,0.6725289256198346
MOM Roasted Makhana Cheddar Cheese,Britannia Good Day Chunkies Chocochip Cookies,0.6719367588932806
Farmley Prasadam Makhana | Foxnuts,Lay's Potato Chips Wafer style - Salt with Pepper Flavour (40.0 GRAM),0.6697692209613669
Parle Poppins Rolls Fruit Flavour Chocolat (100.0 GRAM),Top Ramen Noodles Curry Veg Pouch,0.669547769717549
Dehaat Honest Farms Pesticide Free Poha | Thick,Balaji Rumbles Pudina Twist Wafers,0.6686466364246628
Dabur Fruit Power Mixed Fruit Juice (1250.0 MILLILITRE),Charliee Rajgira Laddu,0.6683806692644519
Lays Wafer Chips Red Chilli Flavor (82.0 GRAM),Crax Fritts Cream and Onion Corn & Potato Stick Snacks,0.6671589496289041
Sunfeast Dark Fantasy Crème | Made With Real Chocolate,Lay's Potato Chips Wafer style - Salt with Pepper Flavour (40.0 GRAM),0.6645161290322581
Daily Good Watermelon Seeds / Tarbuj Beej,Heka Bites Roasted Makhana Himalayan Pink Salt,0.6622103386809268
"Ching’s Secret Schezwan Fried Rice Masala, Cooks in 4/5Mins, 5 Single Use Pouches",Everest Cumin Powder (50.0 GRAM),0.6617727272727273
Sofit Chocolate Soy Milk (200.0 MILLILITRE),Parle Hide & Seek Milano Chocolate Flavoured Biscuits,0.6615644820295983
Crax Mast Matar Green Peas Namkeen Snacks,Kurkure Schezwan Chutney (68.0 GRAM),0.6614596215556472
Dabur Fruit Power Mixed Fruit Juice (1250.0 MILLILITRE),Bhagirathi Rajgira Peeth | Amaranth Flour,0.6612073258451835
"Meetha Paan, 12 Pcs | Mouth Freshener | by GO DESi",The Belgian Crisps Double Choco Waffle Wafers | Artificial Colour-free,0.6607172643869892
Parle Melody Chocolaty (391.0 GRAM),Everest Kanda Lasoon Masala,0.6592795883361922
Moi Soi Veg Hakka Noodles,Crax Fritts Peri Peri Corn & Potato Stick Snacks,0.6563131313131313
Organic India Jaggery Powder,Charliee Rajgira Laddu,0.6561270236612702
Lay's Potato Chips Wafer style - Salt with Pepper Flavour (40.0 GRAM),Dehaat Honest Farms Pesticide Free Poha | Thick,0.6549173878835561
Parle Poppins Rolls Fruit Flavour Chocolat (100.0 GRAM),Nissin Geki - Hot and Spicy Korean Kimchi Flavoured Ramen Instant Noodles,0.6549018313809603
Fortune Indori Poha,Sofit Chocolate Soy Milk (200.0 MILLILITRE),0.6538461538461537
Haldiram's Mixture (200.0 GRAM),Crax Fritts Peri Peri Corn & Potato Stick Snacks,0.6488038277511962
Knorr Korean Ramen Spicy Jjajangmyeon Veg Meal,Mr Makhana Super Snack - Pudina Party,0.6472871716168638
Farmley Prasadam Makhana | Foxnuts,Haldirams Namkeen - Khara Boondi,0.6464433811802233
Lay's Potato Chips Wafer style - Salt with Pepper Flavour (40.0 GRAM),Haldirams Namkeen - Khara Boondi,0.6464433811802233
Sunfeast Dark Fantasy Crème | Made With Real Chocolate,Haldirams Namkeen - Khara Boondi,0.6464433811802233
Moi Soi Veg Hakka Noodles,Haldirams Namkeen - Khara Boondi,0.6464433811802233
Haldiram's Mixture (200.0 GRAM),Haldirams Namkeen - Khara Boondi,0.6464433811802233
Haldiram's Mixture (200.0 GRAM),Balaji Rumbles Pudina Twist Wafers,0.645494052060928
Parle Poppins Rolls Fruit Flavour Chocolat (100.0 GRAM),Winkies Swiss Roll - Cream & Real Strawberry Jam,0.6449917640599263
Daily Good Medium Poha | Avalakki | Indori Poha,Unibic Fruit & Nut cookies,0.6440861671860183
Polka Pop Zero Sugar Blueberry Sparkling Water,Daily Good Medium Poha | Avalakki | Indori Poha,0.6393760912582934
Polka Pop Zero Sugar Blueberry Sparkling Water,Unibic Fruit & Nut cookies,0.6386431854914884
Parle Melody Chocolaty (391.0 GRAM),Charliee Rajgira Laddu,0.6385347400079888
MOM Roasted Makhana Cheddar Cheese,Heka Bites Raw Premium Fox Nuts Makhana,0.6382852919438285
Sweet Karam Coffee Classic Tapioca Chips | No Palm Oil,Parle Hide & Seek Milano Chocolate Flavoured Biscuits,0.6370620938062799
Knorr Chinese Hot And Sour Veg Soup,Mr Makhana Lime Chilli,0.6370562770562771
Fortune Indori Poha,Parle Hide & Seek Milano Chocolate Flavoured Biscuits,0.6361196942592291
Moi Soi Veg Hakka Noodles,Balaji Simply Salted Chips (135.0 GRAM),0.6342024900164435
Crax Mast Matar Green Peas Namkeen Snacks,Crax Fritts Cream and Onion Corn & Potato Stick Snacks,0.6327803886174308
Sunfeast Dark Fantasy Crème | Made With Real Chocolate,Balaji Tomato Wafers (135.0 GRAM),0.6312178387650086
"Ching’s Secret Schezwan Fried Rice Masala, Cooks in 4/5Mins, 5 Single Use Pouches",Everest Kanda Lasoon Masala,0.6308939393939395
Bingo! Cheese Nachos with Free Dip,Parle Hide & Seek Milano Chocolate Flavoured Biscuits,0.6307940410049659
Dehaat Honest Farms Pesticide Free Poha | Thick,Haldirams Namkeen - Khara Boondi,0.6306764694441203
Heka Bites Roasted Makhana Himalayan Pink Salt,Daily Good Medium Poha | Avalakki | Indori Poha,0.630495867768595
Sofit Chocolate Soy Milk (200.0 MILLILITRE),Sweet Karam Coffee Indian Masala Tapioca Chips | No Palm Oil,0.629004329004329
Daily Good Medium Poha | Avalakki | Indori Poha,Snackible Biscuit Sticks (with Chocolatey Dip) | Made with Jaggery (30.0 GRAM),0.6288925619834711
Sweet Karam Coffee Classic Tapioca Chips | No Palm Oil,Sweet Karam Coffee Onion Kodubale / Ring Murukku | No Palm Oil and No Maida,0.6273525634350378
Everest Kanda Lasoon Masala,Charliee Rajgira Laddu,0.6261984225819843
Parle Melody Chocolaty (391.0 GRAM),Everest Cumin Powder (50.0 GRAM),0.625978730703259
Smith & Jones Pasta Masala (98.0 GRAM),Paper Boat Chikki Family Pack,0.625425376762275
Farmley Prasadam Makhana | Foxnuts,Crax Fritts Peri Peri Corn & Potato Stick Snacks,0.625296442687747
Satyam Thin Poha Patla (500.0 GRAM),Unibic Fruit & Nut cookies,0.6251424563864294
TMI COLMAN Fresh Phool Makhana,Sweet Karam Coffee Classic Tapioca Chips | No Palm Oil,0.6246523203044942
Snackible Biscuit Sticks (with Chocolatey Dip) | Made with Jaggery (30.0 GRAM),Unibic Fruit & Nut cookies,0.6234754098360655
Sunfeast Dark Fantasy Crème | Made With Real Chocolate,Farmley Prasadam Makhana | Foxnuts,0.6223203906068355
Lays Wafer Chips Red Chilli Flavor (82.0 GRAM),Lay's Potato Chips - Sizzling Hot Spicy Flavour,0.6217815331365163
Sunfeast Farmlite Super Millets Ragi and Jowar Butter Cookies | Delightfully Tasty & Crunchy,Lal Sweets Motichoor Laddu,0.6207038123167155
Organic India Jaggery Powder,"Paper Boat Mango | Juicy Sips, Chewy Bites | Refreshing Summer Juice Drink",0.6207038123167155
Parle Poppins Rolls Fruit Flavour Chocolat (100.0 GRAM),Nissin Cup Noodles Super Hot Chilli,0.619002050580998
Knorr Classic Vegetable Soup - Sweet Corn,Mr Makhana Super Snack - Pudina Party,0.618176372893354
Dehaat Honest Farms Pesticide Free Poha | Thick,Crax Fritts Peri Peri Corn & Potato Stick Snacks,0.6180339985218033
Fortune Indori Poha,Sweet Karam Coffee Classic Tapioca Chips | No Palm Oil,0.6175861175861176
Fortune Indori Poha,Sunfeast All Rounder Crunchy Potato Chatpata Masala Flavoured Crackers | Trans Fat-free,0.6159090909090909
Fortune Indori Poha,Sweet Karam Coffee Indian Masala Tapioca Chips | No Palm Oil,0.6158084339902521
Heka Bites Roasted Makhana Himalayan Pink Salt,Unibic Fruit & Nut cookies,0.6147234154466557
Lays Wafer Chips Red Chilli Flavor (82.0 GRAM),Lay's India's Magic Masala Potato Chips,0.6144817982892381
Crax Mast Matar Green Peas Namkeen Snacks,Lay's India's Magic Masala Potato Chips,0.6144817982892381
Lays Wafer Chips Red Chilli Flavor (82.0 GRAM),Fortune Suji,0.61424774056353
Haldiram's Mixture (200.0 GRAM),Let's Try Salted Peanuts,0.6140812379110251
"Ching’s Secret Schezwan Fried Rice Masala, Cooks in 4/5Mins, 5 Single Use Pouches","Paper Boat Mango | Juicy Sips, Chewy Bites | Refreshing Summer Juice Drink",0.6125366568914956
Organic Tattva Brown Sugar Pouch,Mr Makhana Super Snack - Pudina Party,0.6120759481608538
Dabur Fruit Power Mixed Fruit Juice (1250.0 MILLILITRE),Lal Sweets Motichoor Laddu,0.6112193737583956
Knorr Chinese Hot And Sour Veg Soup,Cornitos Nacho Chips - Sizzlin Jalapeno (55.0 GRAM),0.6110437710437711
Sunfeast Dark Fantasy Crème | Made With Real Chocolate,Haldiram's Mixture (200.0 GRAM),0.6101885730368702
Sunfeast Dark Fantasy Crème | Made With Real Chocolate,Moi Soi Veg Hakka Noodles,0.6096256684491977
Charliee Rajgira Laddu,Bhagirathi Rajgira Peeth | Amaranth Flour,0.6083711240082395
Stroom Cookie Crunch Delight 10G Protein Bars (45.0 GRAM),Paper Boat Chikki Family Pack,0.6080015026296017
Organic India Jaggery Powder,ACT II Ready to Eat Popcorn - Sour Cream & Cheese Popcorn (50.0 GRAM),0.6076483396842678
Too Yumm! Aloo Bhujia | No Palm Oil | 35% Less Saturated Fat (200.0 GRAM),Bhagirathi Rajgira Peeth | Amaranth Flour,0.6073311733689092
"Wai Wai Ready to Eat Noodles, Chicken Masala Pack | 6 in 1",Bhagirathi Rajgira Peeth | Amaranth Flour,0.6073311733689092
Farmley Prasadam Makhana | Foxnuts,Balaji Simply Salted Chips (135.0 GRAM),0.6066284687113807
Smith & Jones Pasta Masala (98.0 GRAM),"Wai Wai Ready to Eat Noodles, Chicken Masala Pack | 6 in 1",0.6062388591800355
Moi Soi Veg Hakka Noodles,Balaji Tomato Wafers (135.0 GRAM),0.6049170954831332
Parle Poppins Rolls Fruit Flavour Chocolat (100.0 GRAM),Everest Shahi Biryani Masala (50.0 GRAM),0.6045167464114832
Sofit Chocolate Soy Milk (200.0 MILLILITRE),Cornitos Nacho Chips - Sizzlin Jalapeno (55.0 GRAM),0.6043290043290044
Daily Good Medium Poha | Avalakki | Indori Poha,Sweet Karam Coffee Madras Mixture,0.6037190082644628
Tata Sampann Unpolished Moong Dal,Society Natural Tea (250.0 GRAM),0.6034518113465481
Haldiram's Mixture (200.0 GRAM),Sunfeast Farmlite Gold Oats and Chocolate Biscuits | Trans Fat-free,0.603216939835081
Tata Sampann Unpolished Toor Dal | Arhar Dal,Society Natural Tea (250.0 GRAM),0.6026240310840701
Sweet Karam Coffee Indian Masala Tapioca Chips | No Palm Oil,Sweet Karam Coffee Classic Tapioca Chips | No Palm Oil,0.6018263442505867
Tata Sampann Unpolished Toor Dal | Arhar Dal,Lets Try Lite Mixture (180.0 GRAM),0.6018042055777906
Beyond Snack Kerala Banana Chips - Salt & Black Pepper,Bhagirathi Rajgira Peeth | Amaranth Flour,0.60125786163522
Mysore Pak | Sweets By GO DESi,Haldiram's Mini Bhakarwadi,0.6011618174322585
"ACT II Microwave Popcorn - Butter Lover's, Big Pack, Hot & Fresh in 3 mins (99.0 GRAM)",Nissin Geki - Hot and Spicy Korean Kimchi Flavoured Ramen Instant Noodles,0.6011176230066785
"Taali Roasted Bharuchi Peanuts | Salted | Protein Rich, No Palm Oil ,Restaurant-Style Crunch (150.0 GRAM)",Nutraj Cashew/Kaju,0.6008220502901354
The Belgian Waffle Co Classic Chocolate Wafers | Preservative-free,"Meetha Paan, 12 Pcs | Mouth Freshener | by GO DESi",0.6007905138339922
"Ching’s Secret Schezwan Fried Rice Masala, Cooks in 4/5Mins, 5 Single Use Pouches",ACT II Ready to Eat Popcorn - Sour Cream & Cheese Popcorn (50.0 GRAM),0.5996529667936854
Crax Mast Matar Green Peas Namkeen Snacks,Lay's Potato Chips - Sizzling Hot Spicy Flavour,0.5992532167185266
Parle Poppins Rolls Fruit Flavour Chocolat (100.0 GRAM),Everest Dry Ginger Powder (100.0 GRAM),0.5992025518341308
Tata Sampann Unpolished Moong Dal,Kurkure Solid Masti Masala Twisteez (61.0 GRAM),0.5982512315270936
Haldiram's Mixture (200.0 GRAM),Balaji Tomato Wafers (135.0 GRAM),0.5979958472510607
Sunfeast Dark Fantasy Crème | Made With Real Chocolate,Balaji Simply Salted Chips (135.0 GRAM),0.5968964611919468
Farmley Premium Omani Fard Dates,Haldirams Namkeen - Khara Boondi,0.5967169672432829
Lay's Potato Chips Wafer style - Salt with Pepper Flavour (40.0 GRAM),Crax Fritts Peri Peri Corn & Potato Stick Snacks,0.5964809384164221
MOM Roasted Makhana Cheddar Cheese,Britannia Marie Gold Biscuits Plain | Trans Fat-free,0.5961161576425148
Sunfeast Farmlite Gold Oats and Chocolate Biscuits | Trans Fat-free,Bhagirathi Rajgira Peeth | Amaranth Flour,0.5960244759923604
MOM Roasted Makhana Cheddar Cheese,YiPPee! Magic Masala Noodles with Added Veggies - The Better Noodles,0.5956473230047876
Parle Melody Chocolaty (391.0 GRAM),Paper Boat Chikki Family Pack,0.5953531888351785
Knorr Classic Vegetable Soup - Sweet Corn,Mr Makhana Lime Chilli,0.595052566481138
Nutraj Cashew/Kaju,Haldiram's Mini Bhakarwadi,0.5948997151673392
Mysore Pak | Sweets By GO DESi,Rajdhani Roasted Chana (200.0 GRAM),0.5948761431772758
Organic India Jaggery Powder,Parle Melody Chocolaty (391.0 GRAM),0.594819897084048
Tata Sampann Unpolished Toor Dal | Arhar Dal,Bingo! Mad Angles Achaari Masti Crisps,0.5934749796818763
Smith & Jones Pasta Masala (98.0 GRAM),YiPPee! Magic Masala Noodles with Added Veggies - The Better Noodles,0.5925814911952041
Everest Kanda Lasoon Masala,Lal Sweets Motichoor Laddu,0.5923910068426198
Mysore Pak | Sweets By GO DESi,Farmley Cream And Onion Makhana Roasted In Olive Oil,0.5923444976076555
Parle Melody Chocolaty (391.0 GRAM),Lal Sweets Motichoor Laddu,0.5917335251480108
Charliee Rajgira Laddu,Lal Sweets Motichoor Laddu,0.5907202828104287
Lay's Potato Chips Wafer style - Salt with Pepper Flavour (40.0 GRAM),Balaji Tomato Wafers (135.0 GRAM),0.5904941072317822
Organic Tattva Brown Sugar Pouch,Haldiram's Mixture (400.0 GRAM),0.5904340010272213
Lays Wafer Chips Red Chilli Flavor (82.0 GRAM),Lay's Spanish Tomato Tango Potato Chips,0.5898931637936685
TMI COLMAN Fresh Phool Makhana,Parle Hide & Seek Milano Chocolate Flavoured Biscuits,0.5896552992002941
Knorr Chinese Hot And Sour Veg Soup,Korean Nongshim Kimchi Ramyun Noodle Soup Veg,0.589165885660731
Tata Sampann Unpolished Toor Dal | Arhar Dal,Modern Kitchens Butter Murukku,0.5885015024799971
Tata Sampann Unpolished Moong Dal,Cheetos Cheese Puffs (28.0 GRAM),0.5882998099461514
Wheel Green Lemon & Jasmine Detergent Powder,Chheda's Yellow Banana Chips (170.0 GRAM),0.5882061201210137
Sweet Karam Coffee Kerala Nendran Banana Chips (65.0 GRAM),Mr Makhana Lime Chilli,0.588051948051948
Organic India Jaggery Powder,Lal Sweets Motichoor Laddu,0.5880351906158358
Tata Sampann Unpolished Toor Dal | Arhar Dal,YiPPee! Magic Masala Noodles with Added Veggies - The Better Noodles,0.5879259688176887
Lays Wafer Chips Red Chilli Flavor (82.0 GRAM),Doritos Nacho Cheese Flavoured Corn Chips (45.0 GRAM),0.5878897871638343
L'Oreal Paris Total Repair 5 Conditioner,Daily Good Sooji Rava Barik / Chiroti Sooji,0.5874145006839945
Tata Sampann Unpolished Toor Dal | Arhar Dal,Kurkure Solid Masti Masala Twisteez (61.0 GRAM),0.586568210844073
Heka Bites Roasted Makhana Himalayan Pink Salt,Sweet Karam Coffee Madras Mixture,0.5859625668449197
MOM Roasted Makhana Cheddar Cheese,Sunfeast All Rounder Crunchy Potato Chatpata Masala Flavoured Crackers | Trans Fat-free,0.5858647450110864
Farmley Premium Omani Fard Dates,Haldiram's Mini Bhakarwadi,0.5857474118570724
Mr Makhana Lime Chilli,Mr Makhana Super Snack - Pudina Party,0.5856407743200196
Dehaat Honest Farms Pesticide Free Poha | Thick,Balaji Tomato Wafers (135.0 GRAM),0.5850311676358615
Satyam Thin Poha Patla (500.0 GRAM),Snackible Biscuit Sticks (with Chocolatey Dip) | Made with Jaggery (30.0 GRAM),0.5849625668449198
Parle Hide & Seek Milano Mixed Berries Centre Fills| Preservative-free,Haldiram's Mixture (400.0 GRAM),0.5848108200650574
Polka Pop Zero Sugar Blueberry Sparkling Water,Snackible Biscuit Sticks (with Chocolatey Dip) | Made with Jaggery (30.0 GRAM),0.5846043533930858
Tata Sampann Unpolished Toor Dal-Arhar Dal,YiPPee! Magic Masala Noodles with Added Veggies - The Better Noodles,0.5845581441190602
Satyam Thin Poha Patla (500.0 GRAM),Haldiram Aloo Bhujia ,0.5839872057574091
Satvyk Raw Peanuts/ Groundnuts,Pintola High Protein Oats Dark Chocolate With Almonds Raisin Pumpkin And Chia Seeds,0.5837967914438502
Smith & Jones Pasta Masala (98.0 GRAM),Bhagirathi Rajgira Peeth | Amaranth Flour,0.5827699862106076
Organic India Jaggery Powder,Everest Kanda Lasoon Masala,0.5823636363636363
Maggi Pazzta Instant Pasta - Cheesy Tomato Twist (68.0 GRAM),YiPPee! Magic Masala Noodles with Added Veggies - The Better Noodles,0.5821413662622373
Maggi Pazzta Instant Pasta - Cheesy Tomato Twist (68.0 GRAM),Society Natural Tea (250.0 GRAM),0.5821412822636813
"Tata Salt, Free Flowing and Iodised Namak, Vacuum Evaporated, Salt in Fresh",Surf Excel Easy Wash Detergent Powder,0.5819961856325492
Polka Pop Zero Sugar Blueberry Sparkling Water,Sweet Karam Coffee Madras Mixture,0.5819889031156636
Daily Good Watermelon Seeds / Tarbuj Beej,Unibic Fruit & Nut cookies,0.581329053460201
Bingo! Cheese Nachos with Free Dip,Haldiram's Mixture (400.0 GRAM),0.580626127256005
Haldiram's Mixture (200.0 GRAM),Sunfeast Dark Fantasy Crème | Made With Real Chocolate,0.5804672108077681
Knorr Korean Ramen Spicy Jjajangmyeon Veg Meal,Mr Makhana Lime Chilli,0.5803144224196856
Sweet Karam Coffee Indian Masala Tapioca Chips | No Palm Oil,Sweet Karam Coffee Onion Kodubale / Ring Murukku | No Palm Oil and No Maida,0.5802391298173867
Beyond Snack Kerala Banana Chips - Salt & Black Pepper,Charliee Rajgira Laddu,0.5801544209215441
Haldiram's Mixture (200.0 GRAM),Chheda's Yellow Banana Chips (170.0 GRAM),0.5795378194034408
Tata Sampann Unpolished Toor Dal | Arhar Dal,Let'S Try Roasted Chana (450.0 GRAM),0.5794461837346828
Bhagirathi Rajgira Peeth | Amaranth Flour,Lal Sweets Motichoor Laddu,0.579405743374094
Sofit Chocolate Soy Milk (200.0 MILLILITRE),Sweet Karam Coffee Onion Kodubale / Ring Murukku | No Palm Oil and No Maida,0.5786450662739322
Tata Sampann Unpolished Toor Dal | Arhar Dal,Let's Try Purani Delhi Methi Mathri,0.578226711560045
Heka Bites Roasted Makhana Himalayan Pink Salt,Everest Chhole Masala,0.578080249793633
Tata Sampann Unpolished Moong Dal,YiPPee! Magic Masala Noodles with Added Veggies - The Better Noodles,0.5778310861113408
Haldiram's Mixture (200.0 GRAM),Paper Boat Chikki Family Pack,0.5776424532405394
Crax Double Mazza Roasted Chana Peanuts Namkeen Snacks (160.0 GRAM),Lay's India's Magic Masala Potato Chips,0.576860463700101
"MAGGI Coconut Milk Powder | Instant, Creamy & Tasty Dishes",Parle Hide & Seek Milano Chocolate Flavoured Biscuits,0.5767485227950344
Smith & Jones Pasta Masala (98.0 GRAM),Lal Sweets Motichoor Laddu,0.5765050888390547
Farmley Prasadam Makhana | Foxnuts,Balaji Tomato Wafers (135.0 GRAM),0.5763293310463121
Snackible Biscuit Sticks (with Chocolatey Dip) | Made with Jaggery (30.0 GRAM),Sweet Karam Coffee Madras Mixture,0.5755454545454545
TMI COLMAN Fresh Phool Makhana,Sweet Karam Coffee Indian Masala Tapioca Chips | No Palm Oil,0.5743083003952569
Heka Bites Roasted Makhana Himalayan Pink Salt,Haldiram Aloo Bhujia ,0.5742540856614524
Smoodh Toffee Caramel Milk,Lal Sweets Motichoor Laddu,0.5741757753487958
Knorr Chinese Hot And Sour Veg Soup,Knorr Classic Vegetable Soup - Sweet Corn,0.5741414141414141
Tata Sampann Unpolished Toor Dal | Arhar Dal,Too Yumm! Karare Chilli Achari Flavour | Tangy | No Palm Oil Crisps,0.5740449477473699
Lay's Potato Chips Wafer style - Salt with Pepper Flavour (40.0 GRAM),Balaji Simply Salted Chips (135.0 GRAM),0.5728280554987231
Sunfeast Farmlite Gold Oats and Chocolate Biscuits | Trans Fat-free,Chheda's Yellow Banana Chips (170.0 GRAM),0.5726874905688848
Sunfeast Farmlite Super Millets Ragi and Jowar Butter Cookies | Delightfully Tasty & Crunchy,"Wai Wai Ready to Eat Noodles, Chicken Masala Pack | 6 in 1",0.5725589225589225
"Ching’s Secret Schezwan Fried Rice Masala, Cooks in 4/5Mins, 5 Single Use Pouches","Wai Wai Ready to Eat Noodles, Chicken Masala Pack | 6 in 1",0.5725589225589225
Tata Sampann Unpolished Toor Dal-Arhar Dal,Society Natural Tea (250.0 GRAM),0.5725421440986951
Dehaat Honest Farms Pesticide Free Poha | Thick,Balaji Simply Salted Chips (135.0 GRAM),0.5723290763563026
Sofit Chocolate Soy Milk (200.0 MILLILITRE),Sunfeast All Rounder Crunchy Potato Chatpata Masala Flavoured Crackers | Trans Fat-free,0.5719155844155844
Moi Soi Veg Hakka Noodles,Paper Boat Chikki Family Pack,0.5716253443526171
Sofit Chocolate Soy Milk (200.0 MILLILITRE),TMI COLMAN Fresh Phool Makhana,0.5706945228684359
Crax Double Mazza Roasted Chana Peanuts Namkeen Snacks (160.0 GRAM),Kurkure Schezwan Chutney (68.0 GRAM),0.5699875934757618
Sunfeast Farmlite Gold Oats and Chocolate Biscuits | Trans Fat-free,Piknik Classic Tomato Chilli,0.5699631871217321
Sunfeast Farmlite Gold Oats and Chocolate Biscuits | Trans Fat-free,Lal Sweets Motichoor Laddu,0.5699631871217321
Moi Soi Veg Hakka Noodles,MAGGI Pazzta Instant Pasta - Cheese Macaroni,0.5693823216187432
Smoodh Toffee Caramel Milk,Bhagirathi Rajgira Peeth | Amaranth Flour,0.5693729750333524
Too Yumm! Sour Cream & Onion Veggie Stix | Munching Snack | On-the-Go Munchies,Bhagirathi Rajgira Peeth | Amaranth Flour,0.5693729750333524
Parle Poppins Rolls Fruit Flavour Chocolat (100.0 GRAM),Knorr Classic Tomato Soup,0.5692040017398869
Lay's Potato Chips Wafer style - Salt with Pepper Flavour (40.0 GRAM),Farmley Prasadam Makhana | Foxnuts,0.5687874537804413
Satyam Thin Poha Patla (500.0 GRAM),Daily Good Medium Poha | Avalakki | Indori Poha,0.5686825473991248
Polka Pop Zero Sugar Blueberry Sparkling Water,Haldiram Aloo Bhujia ,0.5686335515215335
Satyam Thin Poha Patla (500.0 GRAM),Everest Chhole Masala,0.5686035243871801
Wheel Green Lemon & Jasmine Detergent Powder,Chheda's Golden Plain Salted Chips (170.0 GRAM),0.5679549088325069
Ferrero Rocher Moments Pack,Kotton Multipurpose Napkin | 100% Virgin Pulp-Paper | 25 cm X 25 cm | 100Pcs,0.5676355236197903
"Wai Wai Ready to Eat Noodles, Chicken Masala Pack | 6 in 1",Paper Boat Chikki Family Pack,0.5673910825425977
Fortune Indori Poha,Parle Melody Chocolaty Toffee (176.0 GRAM),0.5672667757774139
Parle Melody Chocolaty (391.0 GRAM),"Paper Boat Mango | Juicy Sips, Chewy Bites | Refreshing Summer Juice Drink",0.5670779616001771
Parle Poppins Rolls Fruit Flavour Chocolat (100.0 GRAM),"B Natural Orange Juice, 100% Pulp, No Concentrate",0.5666721663091899
Fortune Indori Poha,Sweet Karam Coffee Onion Kodubale / Ring Murukku | No Palm Oil and No Maida,0.5665056592891644
Knorr Classic Tomato Soup,Nissin Geki - Hot and Spicy Korean Kimchi Flavoured Ramen Instant Noodles,0.5655970361926475
Daily Good Medium Poha | Avalakki | Indori Poha,Haldiram Aloo Bhujia ,0.5655827604850544
Smith & Jones Pasta Masala (98.0 GRAM),Haldiram's Soan Papdi,0.5654839368085888
Tata Sampann Unpolished Moong Dal,Maggi Pazzta Instant Pasta - Cheesy Tomato Twist (68.0 GRAM),0.5654334038054968
Knorr Chinese Hot And Sour Veg Soup,Top Ramen Noodles Curry Veg Pouch,0.5653958944281525
Bingo! Cheese Nachos with Free Dip,Sweet Karam Coffee Onion Kodubale / Ring Murukku | No Palm Oil and No Maida,0.5651882042675618
Stroom Cookie Crunch Delight 10G Protein Bars (45.0 GRAM),Charliee Rajgira Laddu,0.565085474923582
Tata Sampann Unpolished Toor Dal | Arhar Dal,Cheetos Cheese Puffs (28.0 GRAM),0.5648969368481563
Bhagirathi Rajgira Peeth | Amaranth Flour,Charliee Rajgira Laddu,0.5646905864016227
"Wai Wai Ready to Eat Noodles, Chicken Masala Pack | 6 in 1",Lal Sweets Motichoor Laddu,0.5646428442127367
Satyam Thin Poha Patla (500.0 GRAM),Sweet Karam Coffee Madras Mixture,0.5642602495543673
Let's Try Purani Delhi Methi Mathri,YiPPee! Magic Masala Noodles with Added Veggies - The Better Noodles,0.5632944550142003
Heka Bites Roasted Chana Jor - Indian Herbs - Low Calorie & Healthy Snacks,Mr Makhana Super Snack - Pudina Party,0.5632175915194783
Smith & Jones Pasta Masala (98.0 GRAM),Smoodh Chocolate Milk Drink | Pet,0.5631732730580518
Beyond Snack Kerala Banana Chips - Salt & Black Pepper,ACT II Ready to Eat Popcorn - Sour Cream & Cheese Popcorn (50.0 GRAM),0.5628742514970059
"Wai Wai Ready to Eat Noodles, Chicken Masala Pack | 6 in 1",Charliee Rajgira Laddu,0.562760020294267
Polka Pop Zero Sugar Blueberry Sparkling Water,Everest Chhole Masala,0.5627306241352937
"ACT II Nachoz Cheese, Tortilla Chips, Ready to Eat Snacks",Kotton Multipurpose Napkin | 100% Virgin Pulp-Paper | 25 cm X 25 cm | 100Pcs,0.5626995625448357
Daily Good Medium Poha | Avalakki | Indori Poha,Everest Chhole Masala,0.5624005768484108
Knorr Chinese Hot And Sour Veg Soup,Coca-Cola Zero Sugar Soft Drink,0.5620859760394644
Dehaat Honest Farms Pesticide Free Poha | Thick,Moi Soi Veg Hakka Noodles,0.5617147080561715
MOM Roasted Makhana Cheddar Cheese,Kurkure Red Chilli Chataka Chips (68.0 GRAM),0.5615390635189774
Sweet Karam Coffee Indian Masala Tapioca Chips | No Palm Oil,Parle Hide & Seek Milano Chocolate Flavoured Biscuits,0.5613274392978409
"Ching’s Secret Schezwan Fried Rice Masala, Cooks in 4/5Mins, 5 Single Use Pouches",Charliee Rajgira Laddu,0.5611612702366127
Daily Good Watermelon Seeds / Tarbuj Beej,Daily Good Medium Poha | Avalakki | Indori Poha,0.5604407713498623
"ACT II Nachoz Cheese, Tortilla Chips, Ready to Eat Snacks",Everest Chhole Masala,0.5603628935989601
"Ching’s Secret Schezwan Fried Rice Masala, Cooks in 4/5Mins, 5 Single Use Pouches",Palekar Knot Premium Salty Khari | Preservative-free,0.5602030947775628
The Belgian Waffle Co Classic Chocolate Wafers | Preservative-free,The Belgian Crisps Double Choco Waffle Wafers | Artificial Colour-free,0.5601733328498386
Heka Bites Roasted Makhana Himalayan Pink Salt,Snackible Biscuit Sticks (with Chocolatey Dip) | Made with Jaggery (30.0 GRAM),0.5595294117647058
Nutraj Cashew/Kaju,Rajdhani Roasted Chana (200.0 GRAM),0.5592455408515534
Tata Sampann Unpolished Toor Dal-Arhar Dal,Let'S Try Roasted Chana (450.0 GRAM),0.5592272105150045
Smoodh Chocolate Milk Drink | Pet,Lal Sweets Motichoor Laddu,0.5590712579738186
Paper Boat Chikki Family Pack,Bhagirathi Rajgira Peeth | Amaranth Flour,0.5590207391236551
Sweet Karam Coffee Classic Tapioca Chips | No Palm Oil,TMI COLMAN Fresh Phool Makhana,0.5589518372127069
Fortune Indori Poha,Bingo! Cheese Nachos with Free Dip,0.5586599447064563
Everest Kanda Lasoon Masala,Paper Boat Chikki Family Pack,0.5579063360881542
TMI COLMAN Fresh Phool Makhana,Haldiram's Mixture (400.0 GRAM),0.5574283736406065
"Ching’s Secret Schezwan Fried Rice Masala, Cooks in 4/5Mins, 5 Single Use Pouches",Paper Boat Chikki Family Pack,0.5573347107438017
Brooke Bond Red Label Tea,Nutraj Cashew/Kaju,0.5570887445887446
Farmley Prasadam Makhana | Foxnuts,Smoodh Toffee Caramel Milk,0.5569050185650976
Parle Poppins Rolls Fruit Flavour Chocolat (100.0 GRAM),Cornitos Nacho Chips - Sizzlin Jalapeno (55.0 GRAM),0.5566188197767146
Smoodh Chocolate Milk Drink | Pet,Bhagirathi Rajgira Peeth | Amaranth Flour,0.5564593611666165
Heka Bites Raw Premium Fox Nuts Makhana,YiPPee! Magic Masala Noodles with Added Veggies - The Better Noodles,0.555746588867608
Beyond Snack Kerala Banana Chips - Salt & Black Pepper,Crax Crunchy Pipes Salted Puff Snacks,0.5546544622425629
Stroom Choco Almond Bliss Protein Bars (45.0 GRAM),Paper Boat Chikki Family Pack,0.5545982064357305
Too Yumm! Sour Cream & Onion Veggie Stix | Munching Snack | On-the-Go Munchies,Lal Sweets Motichoor Laddu,0.5543766106815959
"ACT II Microwave Popcorn - Butter Lover's, Big Pack, Hot & Fresh in 3 mins (99.0 GRAM)",Heka Bites Roasted Makhana Himalayan Pink Salt,0.5528016740292955
"ACT II Nachoz Cheese, Tortilla Chips, Ready to Eat Snacks",Heka Bites Roasted Makhana Himalayan Pink Salt,0.5528016740292955
Dabur Fruit Power Mixed Fruit Juice (1250.0 MILLILITRE),Chheda's Yellow Banana Chips (170.0 GRAM),0.5525342650943199
Sunfeast Farmlite Super Millets Ragi and Jowar Butter Cookies | Delightfully Tasty & Crunchy,Charliee Rajgira Laddu,0.5525280199252802
Knorr Chinese Hot And Sour Veg Soup,"B Natural Orange Juice, 100% Pulp, No Concentrate",0.5521421107628005
MOM Roasted Makhana Cheddar Cheese,"Ching's Secret Veg Hakka Noodles, Cooks In 5-7 mins, Just Soak & Drain",0.552122100083834
Dehaat Honest Farms Pesticide Free Poha | Thick,Paper Boat Chikki Family Pack,0.5521064301552107
Daily Good Watermelon Seeds / Tarbuj Beej,Haldiram Aloo Bhujia ,0.5515434721042197
Dehaat Honest Farms Pesticide Free Poha | Thick,Lay's Potato Chips Wafer style - Salt with Pepper Flavour (40.0 GRAM),0.5510621557828481
Organic India Jaggery Powder,Chheda's Yellow Banana Chips (170.0 GRAM),0.5505609284332688
Crax Mast Matar Green Peas Namkeen Snacks,Lay's Spanish Tomato Tango Potato Chips,0.5504719620264586
Bingo! Cheese Nachos with Free Dip,Sweet Karam Coffee Classic Tapioca Chips | No Palm Oil,0.5503092944953409
Sweet Karam Coffee Classic Tapioca Chips | No Palm Oil,Sweet Karam Coffee Garlic Murukku Sticks (95.0 GRAM),0.5498714746026575
MOM Roasted Makhana Cheddar Cheese,Sunfeast Dark Fantasy Bourbon Chocolate Cream Biscuits | Trans Fat-free,0.5498224146946603
Britannia Milk Bikis Glucose Biscuits | Trans Fat-free,Haldiram's Soan Papdi,0.5497299854898744
MOM Roasted Makhana Cheddar Cheese,Kurkure Solid Masti Masala Twisteez (61.0 GRAM),0.5497013533144736
Satvyk Raw Peanuts/ Groundnuts,YiPPee! Magic Masala Noodles with Added Veggies - The Better Noodles,0.5494846554719165
Crax Double Mazza Roasted Chana Peanuts Namkeen Snacks (160.0 GRAM),Crax Mast Matar Green Peas Namkeen Snacks,0.549434002850152
Satyam Nighties Spices Chilli Kashmiri (100.0 GRAM),Chheda's Golden Plain Salted Chips (170.0 GRAM),0.5493611469362047
Beyond Snack Kerala Banana Chips - Salt & Black Pepper,Paper Boat Chikki Family Pack,0.5487603305785124
Organic India Jaggery Powder,Paper Boat Chikki Family Pack,0.5487603305785124
MOM Roasted Makhana Himalayan Salt N Pepper,RiteBite Max Protein 10g Protein Bar Choco Almond,0.5487464957949539
Nescafe Cafe Style Iced Frappe Cold Coffee,YiPPee! Magic Masala Noodles with Added Veggies - The Better Noodles,0.5487118219199167
Daily Good Watermelon Seeds / Tarbuj Beej,Sweet Karam Coffee Madras Mixture,0.5486790986790986
MOM Roasted Makhana Cheddar Cheese,MAGGI 2-Minute Instant Noodles | Masala Noodles | Made With Quality Spices,0.548400122582157
Tata Sampann Unpolished Toor Dal-Arhar Dal,Kurkure Masala Munch,0.5477665263397429
Mapro Rose Sharbat,Chheda's Golden Plain Salted Chips (170.0 GRAM),0.5469195418387104
"ACT II Nachoz Cheese, Tortilla Chips, Ready to Eat Snacks",Haldiram Aloo Bhujia ,0.5467474419120091
Sunfeast Farmlite Super Millets Ragi and Jowar Butter Cookies | Delightfully Tasty & Crunchy,Bhagirathi Rajgira Peeth | Amaranth Flour,0.5465980560320183
Modern Kitchens Spicy Murukku (150.0 GRAM),Crax Crunchy Pipes Salted Puff Snacks,0.5458174183267955
Tata Sampann Unpolished Toor Dal-Arhar Dal,Maggi Masala-ae-Magic Sabzi Masala,0.5455666643153881
Satyam Poha Jada,Chheda's Golden Plain Salted Chips (170.0 GRAM),0.5455099553906724
Daily Good Watermelon Seeds / Tarbuj Beej,Everest Chhole Masala,0.5452762003097573
Tata Sampann Unpolished Toor Dal-Arhar Dal,Cheetos Cheese Puffs (28.0 GRAM),0.5451856394772845
Charliee Rajgira Laddu,Paper Boat Chikki Family Pack,0.5450016981772896
"Tata Salt, Free Flowing and Iodised Namak, Vacuum Evaporated, Salt in Fresh",Chheda's Golden Plain Salted Chips (170.0 GRAM),0.5442901209644858
"Tata Salt, Free Flowing and Iodised Namak, Vacuum Evaporated, Salt in Fresh",Palekar Jeeo Butter | Toasted Buns With Jeera And Khari | Trans Fat-free,0.5441817060373761
Too Yumm! Sour Cream & Onion Veggie Stix | Munching Snack | On-the-Go Munchies,Charliee Rajgira Laddu,0.5441563832597457
Bhagirathi Rajgira Peeth | Amaranth Flour,Paper Boat Chikki Family Pack,0.5435833463277717
Sofit Chocolate Soy Milk (200.0 MILLILITRE),Maggi Chicken Instant Noodles,0.5432900432900434
Parle Melody Chocolaty (391.0 GRAM),ACT II Ready to Eat Popcorn - Sour Cream & Cheese Popcorn (50.0 GRAM),0.5430819321905075
Farmley Premium Omani Fard Dates,Everest Cumin Powder (50.0 GRAM),0.5429930069930069
Winkies Swiss Roll - Cream & Real Strawberry Jam,Everest Shahi Biryani Masala (50.0 GRAM),0.5427242921013413
Snackible Biscuit Sticks (with Chocolatey Dip) | Made with Jaggery (30.0 GRAM),Haldiram Aloo Bhujia ,0.5427187765505522
Dabur Fruit Power Mixed Fruit Juice (1250.0 MILLILITRE),Too Yumm! Sour Cream & Onion Veggie Stix | Munching Snack | On-the-Go Munchies,0.5423087176752865
Satyam Chilli Bedgi,Chheda's Golden Plain Salted Chips (170.0 GRAM),0.5414503464203232
Snackible Biscuit Sticks (with Chocolatey Dip) | Made with Jaggery (30.0 GRAM),Everest Chhole Masala,0.5413105552165953
"Tata Salt, Free Flowing and Iodised Namak, Vacuum Evaporated, Salt in Fresh",Chheda's Yellow Banana Chips (170.0 GRAM),0.5411496305113327
Sunfeast Farmlite Super Millets Ragi and Jowar Butter Cookies | Delightfully Tasty & Crunchy,Daily Good Poha / Avalakki Thick,0.5410758965804837
Crax Corn Rings Masala Mania Puff Snacks,Chheda's Yellow Banana Chips (170.0 GRAM),0.5409895744242248
MOM Roasted Makhana Himalayan Salt N Pepper,YiPPee! Magic Masala Noodles with Added Veggies - The Better Noodles,0.5407626768136323
Smoodh Toffee Caramel Milk,Paper Boat Chikki Family Pack,0.5404457801152016
MOM Roasted Makhana Himalayan Salt N Pepper,Haldiram's Moong Dal,0.5403506691177925
Fortune Indori Poha,"Ritebite Max Protein Peri Peri 10G Multigrain Protein Chips, Healthy Snacks & Munchies",0.5402972027972027
Bingo! Cheese Nachos with Free Dip,Sweet Karam Coffee Indian Masala Tapioca Chips | No Palm Oil,0.5399064642193606
Knorr Chinese Hot And Sour Veg Soup,Haldiram's Mixture (400.0 GRAM),0.5398253723677452
Farmley Prasadam Makhana | Foxnuts,Lal Sweets Motichoor Laddu,0.5397424454927962
Farmley Prasadam Makhana | Foxnuts,Sunfeast Dark Fantasy Crème | Made With Real Chocolate,0.5394559404789584
TMI COLMAN Fresh Phool Makhana,Parle Melody Chocolaty Toffee (176.0 GRAM),0.5392397611639055
Maggi Pazzta Instant Pasta - Cheesy Tomato Twist (68.0 GRAM),Cheetos Cheese Puffs (28.0 GRAM),0.5391481462383334
Knorr Chinese Hot And Sour Veg Soup,Nissin Cup Noodles Super Hot Chilli,0.539047619047619
Satyam Thin Poha Patla (500.0 GRAM),Snackible Cheese Dosa Khakra | Millet Snack (100.0 GRAM),0.5390374331550801
Tata Tea Agni Tea,Haldiram's Mini Bhakarwadi,0.5390345806247432
Tata Sampann Unpolished Toor Dal-Arhar Dal,Bingo! Mad Angles Masala Madness Crisps,0.5389030675165188
Paper Boat Chikki Family Pack,Lal Sweets Motichoor Laddu,0.5388201241573676
Haldirams Soya Sticks,MAGGI 2-Minute Instant Noodles | Masala Noodles | Made With Quality Spices,0.5383050788274526
Parle Melody Chocolaty (391.0 GRAM),Haldiram's Soan Papdi,0.5382938996765873
Brooke Bond Red Label Tea,YiPPee! Magic Masala Noodles with Added Veggies - The Better Noodles,0.5378553505942041
Beyond Snack Kerala Banana Chips - Salt & Black Pepper,YiPPee! Magic Masala Noodles with Added Veggies - The Better Noodles,0.5372738853503184
Gits Khaman Dhokla Instant Snack Mix,Mr Makhana Lime Chilli,0.5371628371628371
Tata Tea Agni Tea,Farmley Cream And Onion Makhana Roasted In Olive Oil,0.5370112414467254
Everest Kanda Lasoon Masala,Everest Cumin Powder (50.0 GRAM),0.5364770909090909
"MAGGI Coconut Milk Powder | Instant, Creamy & Tasty Dishes",Chheda's Golden Plain Salted Chips (170.0 GRAM),0.5364018583418122
"Wai Wai Ready to Eat Noodles, Chicken Masala Pack | 6 in 1",Chheda's Yellow Banana Chips (170.0 GRAM),0.536211603823897
Kellogg's Corn Flakes Power of 5 (Super Saver PacK),The Healthy Binge Ragi Baked Chips Chatpata Chaat- High Protein & Fibre (40.0 GRAM),0.5357809983896941
Let's Try Lite Snacks Sticks | Vrat | Fasting Special,YiPPee! Magic Masala Noodles with Added Veggies - The Better Noodles,0.5355987616513267
Farmley Premium Omani Fard Dates,Parle Shakti Milk Glucose Biscuits | Cholesterol-free and Trans Fat-free,0.5350761707729922
Parle Poppins Rolls Fruit Flavour Chocolat (100.0 GRAM),Kinder Creamy Milky And Cocoa With Extruded Rice (19.0 GRAM),0.5347939226055569
Lay's India's Magic Masala Potato Chips (67.0 GRAM),YiPPee! Magic Masala Noodles with Added Veggies - The Better Noodles,0.5346166193134939
Beyond Snack Kerala Banana Chips - Salt & Black Pepper,Tata Sampann Chilli Powder with Natural Oils Lal Mirchi Powder,0.534590909090909
"ACT II Microwave Popcorn - Butter Lover's, Big Pack, Hot & Fresh in 3 mins (99.0 GRAM)",Kotton Multipurpose Napkin | 100% Virgin Pulp-Paper | 25 cm X 25 cm | 100Pcs,0.5345645844175938
Heka Bites Raw Premium Fox Nuts Makhana,Kurkure Red Chilli Chataka Chips (68.0 GRAM),0.5344933497874674
Tata Sampann Turmeric Powder With Natural Oils Haldi Powder,YiPPee! Magic Masala Noodles with Added Veggies - The Better Noodles,0.5342211928199189
Moi Soi Veg Hakka Noodles,YiPPee! Magic Masala Noodles with Added Veggies - The Better Noodles,0.5342211928199189
Satvyk Raw Peanuts/ Groundnuts,Bhagirathi Jowar Atta (500.0 GRAM),0.5340259740259741
Sweet Karam Coffee Classic Tapioca Chips | No Palm Oil,Parle Melody Chocolaty Toffee (176.0 GRAM),0.5338419657568594
Tata Sampann Unpolished Moong Dal,Haldiram's Moong Dal,0.5338141690881417
Moi Soi Veg Hakka Noodles,Too Yumm! Sour Cream & Onion Veggie Stix | Munching Snack | On-the-Go Munchies,0.5337006427915518
Fortune Soya Chunks (200.0 GRAM),Haldiram's Mixture (400.0 GRAM),0.5335483331541668
Tata Sampann Unpolished Toor Dal-Arhar Dal,Cheetos Masala Balls (28.0 GRAM),0.5330424982966453
Knorr Korean Ramen Spicy Jjajangmyeon Veg Meal,Catch Chatpata Chat Masala Carton (100.0 GRAM),0.532910901331954
"Kotton Toilet Roll - 2 Ply -100% Virgin Pulp/Paper, Pack of 10 ,230 sheets (10.0 PIECE)",Parle Krack Jack Sweet and Salty Plain Crackers | Artificial Colour-free,0.5324420677361854
Tata Sampann Unpolished Moong Dal,Korean Nongshim Shin Ramyun Noodle Soup Veg,0.5324262101534829
Too Yumm! Aloo Bhujia | No Palm Oil | 35% Less Saturated Fat (200.0 GRAM),Lal Sweets Motichoor Laddu,0.5323775388291517
"ACT II Microwave Popcorn - Butter Lover's, Big Pack, Hot & Fresh in 3 mins (99.0 GRAM)",Everest Chhole Masala,0.5323447489190121
Crax Natkhat Classic Wheat Puff Snacks,Crax Fritts Cream and Onion Corn & Potato Stick Snacks,0.5322618235088479
Fortune Suji,MAGGI 2-Minute Instant Noodles | Masala Noodles | Made With Quality Spices,0.5322222705293007
Let's Try Soya Sticks (160.0 GRAM),YiPPee! Magic Masala Noodles with Added Veggies - The Better Noodles,0.5321806229466571
Daily Good Watermelon Seeds / Tarbuj Beej,Snackible Biscuit Sticks (with Chocolatey Dip) | Made with Jaggery (30.0 GRAM),0.5321398601398601
Superyou Cheese Protein Wafer Bar (40.0 GRAM),YiPPee! Magic Masala Noodles with Added Veggies - The Better Noodles,0.5320406981553478
Dabur Hommade Ginger Garlic Paste (200.0 GRAM),Let's Try Namkeen Combo Pack Of 6 (Crunchy Party Mix Peanut Party Mix Aloo Bhujia),0.5319945725915874
Snapin Chilli Flakes Sachet Pouch,YiPPee! Magic Masala Noodles with Added Veggies - The Better Noodles,0.5317593440050805
Everest Coriander Powder,Rajdhani Roasted Chana (200.0 GRAM),0.5313209996754299
"Ching’s Secret Schezwan Fried Rice Masala, Cooks in 4/5Mins, 5 Single Use Pouches",Parle Melody Chocolaty (391.0 GRAM),0.5310891938250429
Superyou Cheese Protein Wafer Bar (40.0 GRAM),Sunfeast Dark Fantasy Bourbon Chocolate Cream Biscuits | Trans Fat-free,0.5309289031472376
"ACT II Nachoz Cheese, Tortilla Chips, Ready to Eat Snacks",YiPPee! Magic Masala Noodles with Added Veggies - The Better Noodles,0.5309030487651368
Knorr Classic Tomato Soup,Parle Poppins Rolls Fruit Flavour Chocolat (100.0 GRAM),0.5304480208786428
MOM Roasted Makhana Himalayan Salt N Pepper,The Theatre Project Gourmet Popcorn - Cheddar Cheese (60.0 GRAM),0.530175706646295
Mysore Pak | Sweets By GO DESi,Haldiram's Salted Peanut,0.5296003008712731
Bhagirathi Jowar Atta (500.0 GRAM),YiPPee! Magic Masala Noodles with Added Veggies - The Better Noodles,0.5295487042529808
Snackible Biscuit Sticks (with Chocolatey Dip) | Made with Jaggery (30.0 GRAM),Snackible Cheese Dosa Khakra | Millet Snack (100.0 GRAM),0.5294545454545454
Sunfeast Farmlite Super Millets Ragi and Jowar Butter Cookies | Delightfully Tasty & Crunchy,Sunfeast Farmlite Gold Oats and Chocolate Biscuits | Trans Fat-free,0.5289748549323017
Everest Kanda Lasoon Masala,ACT II Ready to Eat Popcorn - Sour Cream & Cheese Popcorn (50.0 GRAM),0.5287606604971874
Lay's Classic Salted Potato Chips,Haldiram's Moong Dal,0.5287302246206356
Britannia Good Day Chunkies Chocochip Cookies,MAGGI 2-Minute Instant Noodles | Masala Noodles | Made With Quality Spices,0.5284231498441466
TMI COLMAN Fresh Phool Makhana,Sweet Karam Coffee Onion Kodubale / Ring Murukku | No Palm Oil and No Maida,0.5283281039892426
Too Yumm! Sour Cream & Onion Veggie Stix | Munching Snack | On-the-Go Munchies,Chheda's Yellow Banana Chips (170.0 GRAM),0.5283160424359651
Superyou Cheese Protein Wafer Bar (40.0 GRAM),Britannia Marie Gold Biscuits Plain | Trans Fat-free,0.5282069543359866
Smith & Jones Pasta Masala (98.0 GRAM),Charliee Rajgira Laddu,0.5281517837521061
Sunfeast Farmlite Gold Oats and Chocolate Biscuits | Trans Fat-free,Smoodh Toffee Caramel Milk,0.5280229763788757
Sunfeast Farmlite Gold Oats and Chocolate Biscuits | Trans Fat-free,Too Yumm! Sour Cream & Onion Veggie Stix | Munching Snack | On-the-Go Munchies,0.5280229763788757
Beyond Snack Kerala Banana Chips - Salt & Black Pepper,Everest Kanda Lasoon Masala,0.528009696969697
The Belgian Waffle Co Classic Chocolate Wafers | Preservative-free,Let's Try Butter Murukku (180.0 GRAM),0.5279483082443304
Britannia Nutrichoice High-Fibre Digestive Biscuits,YiPPee! Magic Masala Noodles with Added Veggies - The Better Noodles,0.527526691656762
Saffola Masala Oats |Classic Masala | Anytime Snack | Ready in 3 mins | Millets Goodness,Everest Chhole Masala,0.5272505407953851
Nestle Nan Excellapro Stage 2 Follow-Up Formula 6+ Months,Sweet Karam Coffee Indian Masala Tapioca Chips | No Palm Oil,0.5271920983672647
Tata Sampann Unpolished Moong Dal,Let's Try Namkeen Combo Pack Of 6 (Crunchy Party Mix Peanut Party Mix Aloo Bhujia),0.5267532467532469
Nongshim Korean SoonVeggie Cup Noodle Soup Veg,MAGGI 2-Minute Instant Noodles | Masala Noodles | Made With Quality Spices,0.5266617393446662
Dabur Hommade Ginger Garlic Paste (200.0 GRAM),MAGGI 2-Minute Instant Noodles | Masala Noodles | Made With Quality Spices,0.5260570760388743
Knorr Classic Vegetable Soup - Sweet Corn,Korean Nongshim Kimchi Ramyun Noodle Soup Veg,0.5260409693399384
Orbit Sugar-Free Mixed Fruit Chewing Gum Pot (19800.0 MILLIGRAM),YiPPee! Magic Masala Noodles with Added Veggies - The Better Noodles,0.5259094062272469
"Vicks Vaporub - Relief for Cold, Cough, Congestion",Lal Sweets Motichoor Laddu,0.5258851298190401
Let's Try Combo Pack | Aloo Bhujia | Navratan | Peanut Party | Crunchy Party,YiPPee! Magic Masala Noodles with Added Veggies - The Better Noodles,0.525741491346587
Unibic Wafer Belgium Chocolate Qubz Cubes Wafers | Maida-free,Lal Sweets Motichoor Laddu,0.5255386969271962
Tata Sampann Unpolished Toor Dal-Arhar Dal,Bhagirathi Jowar Atta (500.0 GRAM),0.5255042829510914
Sunfeast Farmlite Gold Oats and Chocolate Biscuits | Trans Fat-free,Paper Boat Chikki Family Pack,0.5254088271496395
Bingo! Cheese Nachos with Free Dip,YiPPee! Magic Masala Noodles with Added Veggies - The Better Noodles,0.525347086626897
Let's Try Purani Delhi Methi Mathri,Society Natural Tea (250.0 GRAM),0.525226576542366
Sweet Karam Coffee Classic Tapioca Chips | No Palm Oil,Haldiram's Mixture (400.0 GRAM),0.5248302231353079
MOM Roasted Makhana Himalayan Salt N Pepper,Lay's Spanish Tomato Tango Potato Chips,0.5248176481053194
Too Yumm! Dahi Papdi Chaat Multigrain Healthy Chips High Protein Crunchy Crisps,Balaji Rumbles Pudina Twist Wafers,0.5246796572901661
Maggi Pazzta Instant Pasta - Cheesy Tomato Twist (68.0 GRAM),RiteBite Max Protein 10g Protein Bar Choco Almond,0.524641352568819
Knorr Classic Tomato Soup,Nissin Geki - Hot and Spicy Korean Veg Flavoured Ramen Cup Noodles,0.5245777937477543
Everest Turmeric Powder (200.0 GRAM),YiPPee! Magic Masala Noodles with Added Veggies - The Better Noodles,0.5245471671954133
Too Yumm! Aloo Bhujia | No Palm Oil | 35% Less Saturated Fat (200.0 GRAM),Charliee Rajgira Laddu,0.5243900189105669
"Disano Penne Pasta, 100% Durum Wheat, No Maida (800.0 GRAM)",YiPPee! Magic Masala Noodles with Added Veggies - The Better Noodles,0.5243448346333321
Lets Try Crunchy Party Mix (180.0 GRAM),YiPPee! Magic Masala Noodles with Added Veggies - The Better Noodles,0.5241997274423447
Maggi Chicken Instant Noodles,Chheda's Golden Plain Salted Chips (170.0 GRAM),0.5241312275954308
Maggi Pazzta Instant Pasta - Cheesy Tomato Twist (68.0 GRAM),Let'S Try Roasted Chana (450.0 GRAM),0.5239271540373132
Britannia Treat Croissant - With Cocoa Creme Filling 100% VEG (45.0 GRAM),MAGGI 2-Minute Instant Noodles | Masala Noodles | Made With Quality Spices,0.5237299179211887
Tata Sampann Unpolished Moong Dal,Aashirvaad 100% Chana Dal Besan (500.0 GRAM),0.5237166823201737
Bevzilla Assorted Instant Coffee Powder,Chheda's Golden Plain Salted Chips (170.0 GRAM),0.5236463698455738
Maggi Pazzta Instant Pasta - Cheesy Tomato Twist (68.0 GRAM),Balaji Simply Salted Chips (135.0 GRAM),0.5235857766414824
"MAGGI Coconut Milk Powder | Instant, Creamy & Tasty Dishes",TMI COLMAN Fresh Phool Makhana,0.5235431235431236
Sugar Free D'Lite Yummy Berry Biscuits | Made with Oats & Quinoa | Sugar-free,YiPPee! Magic Masala Noodles with Added Veggies - The Better Noodles,0.5233187194970635
Brooke Bond Red Label Tea,Haldirams Namkeen - Khara Boondi,0.5233113085744665
Mysore Pak | Sweets By GO DESi,"B Natural Orange Juice, 100% Pulp, No Concentrate",0.5230819996700216
Bingo! Original Style Potato Chips - Korean Style,MAGGI 2-Minute Instant Noodles | Masala Noodles | Made With Quality Spices,0.5227892265553671
Beyond Snack Kerala Banana Chips - Salt & Black Pepper,Lal Sweets Motichoor Laddu,0.5226979472140761
Beyond Snack Kerala Banana Chips - Salt & Black Pepper,Piknik Classic Tomato Chilli,0.5226979472140761
Parle Melody Chocolaty (391.0 GRAM),Om Shanthi Havan Samagri | Cycle,0.5226415094339623
Dabur Hommade Ginger Garlic Paste (200.0 GRAM),Fortune Suji,0.5225689733152419
Dehaat Honest Farms Pesticide Free Poha | Thick,Chheda's Yellow Banana Chips (170.0 GRAM),0.5222122627415828
Sunfeast Farmlite Super Millets Ragi and Jowar Butter Cookies | Delightfully Tasty & Crunchy,Let's Try Salted Peanuts,0.5219690522243714
Sunfeast Farmlite Gold Oats and Chocolate Biscuits | Trans Fat-free,Balaji Rumbles Pudina Twist Wafers,0.521888808049261
Smith & Jones Pasta Masala (98.0 GRAM),Chheda's Yellow Banana Chips (170.0 GRAM),0.5217734289073461
Everest Dry Ginger Powder (100.0 GRAM),YiPPee! Magic Masala Noodles with Added Veggies - The Better Noodles,0.5215016406099208
Korean Kab's Jackpot 2x Hot and Spicy Instant Noodles Non Veg,Society Natural Tea (250.0 GRAM),0.5215015653612145
Tata Tea Agni Tea,Haldirams Namkeen - Khara Boondi,0.5213253074034059
MOM Roasted Makhana Himalayan Salt N Pepper,Haldiram's Salted Peanut,0.5210888674644133
"Tata Salt, Free Flowing and Iodised Namak, Vacuum Evaporated, Salt in Fresh",Ezee Small Garbage Bags 17 x 19 Inch (30.0 PIECE),0.52107343075085
Winkies Swiss Roll - Cream & Real Strawberry Jam,Everest Coriander Powder (100.0 GRAM),0.5210302050754603
Crax Double Mazza Roasted Chana Peanuts Namkeen Snacks (160.0 GRAM),Lay's Spanish Tomato Tango Potato Chips,0.5210054133733195
Tata Sampann Unpolished Moong Dal,MAGGI 2-Minute Instant Noodles | Masala Noodles | Made With Quality Spices,0.5208742477035161
MOM Roasted Makhana Himalayan Salt N Pepper,MAGGI 2-Minute Instant Noodles | Masala Noodles | Made With Quality Spices,0.5208742477035161
Too Yumm! Aloo Bhujia | No Palm Oil | 35% Less Saturated Fat (200.0 GRAM),Paper Boat Chikki Family Pack,0.5208142026323845
MTR Vermicelli,Chheda's Golden Plain Salted Chips (170.0 GRAM),0.5206253330964646
Kurkure Playz Puffcorn Yummy Cheese,YiPPee! Magic Masala Noodles with Added Veggies - The Better Noodles,0.5205845569082597
Garden Onion Pakoda Namkeen,YiPPee! Magic Masala Noodles with Added Veggies - The Better Noodles,0.5204590543631998
Sunfeast Farmlite Super Millets Ragi and Jowar Butter Cookies | Delightfully Tasty & Crunchy,Too Yumm! Sour Cream & Onion Veggie Stix | Munching Snack | On-the-Go Munchies,0.5203581267217632
Paper Boat Chikki Family Pack,Charliee Rajgira Laddu,0.5202374213582184
Dabur Fruit Power Mixed Fruit Juice (1250.0 MILLILITRE),Haldiram's Soan Papdi,0.5201746099259027
Kellogg's Corn Flakes Power of 5 (Super Saver PacK),YiPPee! Magic Masala Noodles with Added Veggies - The Better Noodles,0.5200883570310323
Orbit Sugar Free Spearmint Chewing Gum Tube (19800.0 MILLIGRAM),YiPPee! Magic Masala Noodles with Added Veggies - The Better Noodles,0.5200883570310322
Farmley Premium Omani Fard Dates,Let's Try Namkeen Combo Pack Of 6 (Crunchy Party Mix Peanut Party Mix Aloo Bhujia),0.5199999999999999
Sunfeast Farmlite Super Millets Ragi and Jowar Butter Cookies | Delightfully Tasty & Crunchy,Chheda's Yellow Banana Chips (170.0 GRAM),0.5199742101869762
Satvyk Raw Peanuts/ Groundnuts,Lets Try Lite Mixture (180.0 GRAM),0.5199588336192109
Paper Boat Zero Sugar Green Apple Sparkling Water | Sugar Free Cold Drink,Haldiram's Masala Tasty Nuts (200.0 GRAM),0.5198172868275961
"Beyond Snack Kerala Banana Chips - Sour Cream, Onion & Parsley (70.0 GRAM)",Haldiram's Lite Chiwda (200.0 GRAM),0.5197941367487804
Sunfeast Farmlite Gold Oats and Chocolate Biscuits | Trans Fat-free,"Wai Wai Ready to Eat Noodles, Chicken Masala Pack | 6 in 1",0.5197698020393056
Organic Tattva Brown Sugar Pouch,Catch Chatpata Chat Masala Carton (100.0 GRAM),0.5192465192465192
Epigamia Turbo Coffee Protein Milkshake,Paper Boat Chikki Family Pack,0.5190976100067008
Maggi Pazzta Instant Pasta - Cheesy Tomato Twist (68.0 GRAM),Aashirvaad 100% Chana Dal Besan (500.0 GRAM),0.5186419082666835
Paper Boat Zero Sugar Green Apple Sparkling Water | Sugar Free Cold Drink,Peppy Cheese Balls (55.0 GRAM),0.5186033378877526
Daily Good Medium Poha | Avalakki | Indori Poha,Snackible Cheese Dosa Khakra | Millet Snack (100.0 GRAM),0.5183471074380165
Too Yumm! Sour Cream & Onion Veggie Stix | Munching Snack | On-the-Go Munchies,YiPPee! Magic Masala Noodles with Added Veggies - The Better Noodles,0.5180326718253759
"ACT II Microwave Popcorn - Butter Lover's, Big Pack, Hot & Fresh in 3 mins (99.0 GRAM)",Haldiram Aloo Bhujia ,0.5179712607587454
Crax Aloo Bhujia Namkeen Snacks (160.0 GRAM),Lay's Spanish Tomato Tango Potato Chips,0.517969120223939
Namaskaram Plain Boondi,Paper Boat Chikki Family Pack,0.5179625569235959
Sunfeast Dark Fantasy Crunchy Choco Cookies with Vanilla Fills Centre Fills | Artificial Flavour-free,YiPPee! Magic Masala Noodles with Added Veggies - The Better Noodles,0.5177366531557613
Balaji Simply Salted Chips (135.0 GRAM),YiPPee! Magic Masala Noodles with Added Veggies - The Better Noodles,0.5174589922330998
Disano Rolled Oats 100% Whole Grain,YiPPee! Magic Masala Noodles with Added Veggies - The Better Noodles,0.5172617898732548
Smith & Jones Pasta Masala (98.0 GRAM),Tata Sampann Chilli Powder with Natural Oils Lal Mirchi Powder,0.5172125668449197
Maggi Pazzta Instant Pasta - Cheesy Tomato Twist (68.0 GRAM),Bingo! Mad Angles Masala Madness Crisps,0.5172002213488088
Dabur Fruit Power Mixed Fruit Juice (1250.0 MILLILITRE),"Wai Wai Ready to Eat Noodles, Chicken Masala Pack | 6 in 1",0.5171499945693494
Dabur Hommade Ginger Garlic Paste (200.0 GRAM),Uncle Chipps - Spicy Treat,0.5169545530773101
Heka Bites Raw Premium Fox Nuts Makhana,Britannia Good Day Chunkies Chocochip Cookies,0.5168744299179081
Cavin's Chilled Latte Cold Coffee,Lal Sweets Motichoor Laddu,0.5166200641069358
Farmley Premium Omani Fard Dates,YiPPee! Magic Masala Noodles with Added Veggies - The Better Noodles,0.5166095051445369
Lay's Potato Chips Wafer style - Salt with Pepper Flavour (40.0 GRAM),Smoodh Toffee Caramel Milk,0.5164844930240825
Lay's India's Magic Masala Potato Chips (67.0 GRAM),MAGGI 2-Minute Instant Noodles | Masala Noodles | Made With Quality Spices,0.5163761972052128
Nestle Nan Excellapro Stage 2 Follow-Up Formula 6+ Months,Parle Hide & Seek Milano Chocolate Flavoured Biscuits,0.5163430103645645
MTR Vermicelli,Haldiram's Moong Dal,0.5162158997775435
Bingo! Cheese Nachos with Free Dip,TMI COLMAN Fresh Phool Makhana,0.5161319974262341
Dehaat Honest Farms Pesticide Free Poha | Thick,Farmley Prasadam Makhana | Foxnuts,0.5160705678203027
Namaskaram Plain Boondi,Bhagirathi Rajgira Peeth | Amaranth Flour,0.5159216345200173
Tata Sampann Kitchen King Masala with Natural Oils Rich Aroma & Flavour,Tata Sampann Chilli Powder with Natural Oils Lal Mirchi Powder,0.5158333333333333
Fortune Soya Chunks (200.0 GRAM),Sunfeast All Rounder Crunchy Potato Chatpata Masala Flavoured Crackers | Trans Fat-free,0.5156448202959831
Paper Boat Zero Sugar Green Apple Sparkling Water | Sugar Free Cold Drink,RiteBite Max Protein 10g Protein Bar Choco Almond,0.5154319891773909
Nestle Nan Excellapro Stage 2 Follow-Up Formula 6+ Months,Sweet Karam Coffee Classic Tapioca Chips | No Palm Oil,0.5153157592181983
Dabur Hommade Ginger Garlic Paste (200.0 GRAM),Tata Sampann 100% Chana Dal Fine Besan,0.5149588953627584
Mapro Rose Sharbat,RiteBite Max Protein 10g Protein Bar Choco Almond,0.5148732553137839
Too Yumm! Sour Cream & Onion Veggie Stix | Munching Snack | On-the-Go Munchies,Piknik Classic Tomato Chilli,0.5147782813471964
Satyam Nighties Spices Jeera,Haldiram's Salted Peanut,0.5145548377783391
Superyou Strawberry Protein Wafer Bar (40.0 GRAM),Mr Makhana Lime Chilli,0.5145454545454545
Maggi Pazzta Instant Pasta - Cheesy Tomato Twist (68.0 GRAM),Let's Try Namkeen Combo Pack Of 6 (Crunchy Party Mix Peanut Party Mix Aloo Bhujia),0.5145031712473573
Sunfeast Farmlite Super Millets Ragi and Jowar Butter Cookies | Delightfully Tasty & Crunchy,Paper Boat Chikki Family Pack,0.5144628099173554
Saffola Masala Oats |Classic Masala | Anytime Snack | Ready in 3 mins | Millets Goodness,Snackible Cheese Dosa Khakra | Millet Snack (100.0 GRAM),0.5142332415059687
"MAGGI Coconut Milk Powder | Instant, Creamy & Tasty Dishes",Ferrero Rocher Moments Pack,0.514129145708093
Nescafe Cafe Style Iced Latte Cold Coffee (170.0 MILLILITRE),Cheetos Cheese Puffs (28.0 GRAM),0.5141196840977603
Knorr Classic Vegetable Soup - Sweet Corn,Haldiram's Mixture (400.0 GRAM),0.5141194022549955
Palekar Jeeo Butter | Toasted Buns With Jeera And Khari | Trans Fat-free,YiPPee! Magic Masala Noodles with Added Veggies - The Better Noodles,0.5140272645689941
Brooke Bond Red Label Tea,Haldiram's Mini Bhakarwadi,0.5136911826206866
Kellogg's Corn Flakes Power of 5 (Super Saver PacK),Crax Crunchy Pipes Salted Puff Snacks,0.5135689465208917
ACT II Ready to Eat Caramel Popcorn - Classic Caramel Bliss (35.0 GRAM),YiPPee! Magic Masala Noodles with Added Veggies - The Better Noodles,0.5134073801126493
"Beyond Snack Kerala Banana Chips - Sour Cream, Onion & Parsley (70.0 GRAM)",Balaji Rumbles Pudina Twist Wafers,0.5133284147045615
Bevzilla Assorted Instant Coffee Powder,YiPPee! Magic Masala Noodles with Added Veggies - The Better Noodles,0.5131121487267305
"Wai Wai Ready to Eat Noodles, Chicken Masala Pack | 6 in 1",Haldiram's Soan Papdi,0.5130117116885564
"ACT II Nachoz Cheese, Tortilla Chips, Ready to Eat Snacks",Polka Pop Zero Sugar Blueberry Sparkling Water,0.5128876022936035
Gits Gulab Jamun Instant Dessert Mix,YiPPee! Magic Masala Noodles with Added Veggies - The Better Noodles,0.5128523451071221
Knorr International Italian Mushroom Soup,YiPPee! Magic Masala Noodles with Added Veggies - The Better Noodles,0.5128523451071221
Sunfeast Farmlite Gold Oats and Chocolate Biscuits | Trans Fat-free,Balaji Simply Salted Chips (135.0 GRAM),0.5127594600132946
Satyam Poha Jada,Haldiram's Bhujia Sev (200.0 GRAM),0.5127520793972455
Bevzilla Assorted Instant Coffee Powder,Haldiram's Moong Dal,0.5127212079995525
Tata Sampann 100% Pure California Almonds/Badam Giri Whole Premium Quality,Bhagirathi Rajgira Peeth | Amaranth Flour,0.5124356775300172
Stroom Cookie Crunch Delight 10G Protein Bars (45.0 GRAM),Bhagirathi Rajgira Peeth | Amaranth Flour,0.5124356775300172
Colombian Brew Original Instant Coffee Sachets | 40 Sachets,YiPPee! Magic Masala Noodles with Added Veggies - The Better Noodles,0.5122668972245799
Crax Double Mazza Roasted Chana Peanuts Namkeen Snacks (160.0 GRAM),Crax Aloo Bhujia Namkeen Snacks (160.0 GRAM),0.5122399724169635
Paper Boat Zero Sugar Green Apple Sparkling Water | Sugar Free Cold Drink,Haldiram's Salted Peanut,0.5121971982008897
Epigamia Turbo Coffee Protein Milkshake,Lal Sweets Motichoor Laddu,0.5121027185543314
Let's Try Purani Delhi Methi Mathri,Cheetos Cheese Puffs (28.0 GRAM),0.5120387234716502
Lay's Classic Salted Potato Chips,MAGGI 2-Minute Instant Noodles | Masala Noodles | Made With Quality Spices,0.5119299424399203
"ACT II Nachoz Cheese, Tortilla Chips, Ready to Eat Snacks",Daily Good Medium Poha | Avalakki | Indori Poha,0.5117067912324829
Hershey's Milkshake Cashew Butterscotch Ice Cream Flavor,YiPPee! Magic Masala Noodles with Added Veggies - The Better Noodles,0.5115322618507332
"ACT II Microwave Popcorn - Butter Lover's, Big Pack, Hot & Fresh in 3 mins (99.0 GRAM)",Nissin Cup Noodles Super Hot Chilli,0.5113495200451722
Crax Corn Rings Masala Mania Puff Snacks,MAGGI 2-Minute Instant Noodles | Masala Noodles | Made With Quality Spices,0.5112284283015989
Sweet Karam Coffee Indian Masala Tapioca Chips | No Palm Oil,Haldiram's Mixture (400.0 GRAM),0.5111982692876376
Cavin's Chilled Latte Cold Coffee,YiPPee! Magic Masala Noodles with Added Veggies - The Better Noodles,0.511148516718062
Nissin Geki - Hot and Spicy Korean Veg Flavoured Ramen Cup Noodles,Nissin Geki - Hot and Spicy Korean Kimchi Flavoured Ramen Instant Noodles,0.5109499795556768
Satvyk Raw Peanuts/ Groundnuts,Bhagirathi Makai Atta (500.0 GRAM),0.5108377896613191
Lay's Classic Salted Potato Chips,YiPPee! Magic Masala Noodles with Added Veggies - The Better Noodles,0.5106322050850134
Everest Dry Ginger Powder (100.0 GRAM),Winkies Swiss Roll - Cream & Real Strawberry Jam,0.510618479880775
Tata Sampann Unpolished Toor Dal-Arhar Dal,Palekar Jeeo Butter | Toasted Buns With Jeera And Khari | Trans Fat-free,0.5104535151913963
Fortune Suji,Uncle Chipps - Spicy Treat,0.5103812747434691
Maggi Pazzta Instant Pasta - Cheesy Tomato Twist (68.0 GRAM),Sunfeast Dark Fantasy Bourbon Chocolate Cream Biscuits | Trans Fat-free,0.5100803796915894
Beyond Snack Kerala Banana Chips - Desi Masala (70.0 GRAM),Haldiram's Moong Dal,0.5100613137891377
Everest Kanda Lasoon Masala,Parle Melody Chocolaty (391.0 GRAM),0.5098456260720412
Catch Turmeric Powder (200.0 GRAM),YiPPee! Magic Masala Noodles with Added Veggies - The Better Noodles,0.509831123633737
Paper Boat Zero Sugar Green Apple Sparkling Water | Sugar Free Cold Drink,YiPPee! Magic Masala Noodles with Added Veggies - The Better Noodles,0.509831123633737
Nescafe Cafe Style Iced Latte Cold Coffee (170.0 MILLILITRE),MAGGI 2-Minute Instant Noodles | Masala Noodles | Made With Quality Spices,0.5098194883889594
Too Yumm! Aloo Bhujia | No Palm Oil | 35% Less Saturated Fat (200.0 GRAM),Chheda's Yellow Banana Chips (170.0 GRAM),0.509778637438212
Smoodh Toffee Caramel Milk,Chheda's Yellow Banana Chips (170.0 GRAM),0.5097786374382118
Balaji Rumbles Pudina Twist Wafers,Balaji Tomato Wafers (135.0 GRAM),0.5096070624891813
Haldirams Soya Sticks,YiPPee! Magic Masala Noodles with Added Veggies - The Better Noodles,0.5095833200351981
Pintola High Protein Oats Dark Chocolate With Almonds Raisin Pumpkin And Chia Seeds,YiPPee! Magic Masala Noodles with Added Veggies - The Better Noodles,0.509530297353452
Crax Corn Rings Masala Mania Puff Snacks,YiPPee! Magic Masala Noodles with Added Veggies - The Better Noodles,0.509474308928358
Haldirams Namkeen - Mini Samosa,YiPPee! Magic Masala Noodles with Added Veggies - The Better Noodles,0.5094559719607173
Too Yumm! Sour Cream & Onion Veggie Stix | Munching Snack | On-the-Go Munchies,Paper Boat Chikki Family Pack,0.5092662158777861
Smoodh Chocolate Milk Drink | Pet,Paper Boat Chikki Family Pack,0.509159069608929
Too Yumm! Sour Cream & Onion Veggie Stix | Munching Snack | On-the-Go Munchies,"Wai Wai Ready to Eat Noodles, Chicken Masala Pack | 6 in 1",0.5089412644968201
Dabur Fruit Power Mixed Fruit Juice (1250.0 MILLILITRE),Paper Boat Chikki Family Pack,0.508930951746201
"Taali Roasted Protein Puffs | Smokey Bbq | Protein Rich,No Maida , No Palm Oil | Cheeseballs 2.0 (60.0 GRAM)",YiPPee! Magic Masala Noodles with Added Veggies - The Better Noodles,0.5087820883999228
Parle Hide & Seek Milano Mixed Berries Centre Fills| Preservative-free,YiPPee! Magic Masala Noodles with Added Veggies - The Better Noodles,0.5087820883999228
Smoodh Toffee Caramel Milk,YiPPee! Magic Masala Noodles with Added Veggies - The Better Noodles,0.5087820883999228
Superyou Cheese Protein Wafer Bar (40.0 GRAM),Britannia Good Day Chunkies Chocochip Cookies,0.5087521174477696
Too Yumm! Dahi Papdi Chaat Multigrain Healthy Chips High Protein Crunchy Crisps,Crax Crunchy Pipes Salted Puff Snacks,0.5085287554135068
Beyond Snack Kerala Banana Chips - Original Style (25.0 GRAM),Crax Crunchy Pipes Salted Puff Snacks,0.5082977109994162
TMI COLMAN Fresh Phool Makhana,Chheda's Golden Plain Salted Chips (170.0 GRAM),0.5082784872522798
Society Natural Tea (250.0 GRAM),YiPPee! Magic Masala Noodles with Added Veggies - The Better Noodles,0.5081870216298644
Cavin's Masala Buttermilk,Lal Sweets Motichoor Laddu,0.508178559791463
"Wai Wai Ready to Eat Noodles, Chicken Masala Pack | 6 in 1",Piknik Classic Tomato Chilli,0.508178559791463
Ching's Secret Manchurian Instant Noodle,Lal Sweets Motichoor Laddu,0.508178559791463
Haldiram's All In One Mixture (400.0 GRAM),YiPPee! Magic Masala Noodles with Added Veggies - The Better Noodles,0.5079680370584829
Fortune Suji,Britannia Marie Gold Biscuits Plain | Trans Fat-free,0.5079025549613785
Britannia Good Day Chunkies Chocochip Cookies,YiPPee! Magic Masala Noodles with Added Veggies - The Better Noodles,0.5076760403816621
Jatin Verna Plastic Cloth Hanging Clips Set of 12 pcs,YiPPee! Magic Masala Noodles with Added Veggies - The Better Noodles,0.5076760403816621
"ACT II Nachoz Cheese, Tortilla Chips, Ready to Eat Snacks",Let's Try Namkeen Combo Pack Of 6 (Crunchy Party Mix Peanut Party Mix Aloo Bhujia),0.5076679841897233
Peppy Cheese Balls (55.0 GRAM),YiPPee! Magic Masala Noodles with Added Veggies - The Better Noodles,0.5076496640378244
Tata Tea Agni Tea,Kurkure Masala Munch,0.5075184482395109
Nutraj Cashew/Kaju,Everest Cumin Powder (50.0 GRAM),0.5073590909090909
Doritos Dinamita Fiery Lime And Chilli Rolled Tortilla Chips (56.0 GRAM),Aashirvaad 100% Chana Dal Besan (500.0 GRAM),0.5072476042597908
Too Yumm! Bhoot Karare Spicy Chilli Flavour Crisps | No Palm Oil Snacks,Lal Sweets Motichoor Laddu,0.5072233369347121
Everest Coriander Powder (200.0 GRAM),YiPPee! Magic Masala Noodles with Added Veggies - The Better Noodles,0.5072166050509999
Nescafe Cafe Style Iced Frappe Cold Coffee,Society Natural Tea (250.0 GRAM),0.5069787369587503
Lay's Potato Chips Wafer style - Salt with Pepper Flavour (40.0 GRAM),Haldiram's Lite Chiwda (200.0 GRAM),0.5069260148337693
Catch Chatpata Chat Masala Carton (100.0 GRAM),Mr Makhana Lime Chilli,0.5065988065988065
Veeba Chef'S Special Veg Mayonnaise Smart,Paper Boat Chikki Family Pack,0.5065479974570883
Yu 100% Whole Wheat Hakka Noodles,YiPPee! Magic Masala Noodles with Added Veggies - The Better Noodles,0.5065005543712235
Heka Bites Roasted Jowar Puffs Majestic Masala - Low Calorie & Healthy Snacks,YiPPee! Magic Masala Noodles with Added Veggies - The Better Noodles,0.506437470481029
"Yogabar Multigrain Energy Bars Chocolate Chunk with Nuts, Oats and Millets,Chia Seeds, Protein Bars",YiPPee! Magic Masala Noodles with Added Veggies - The Better Noodles,0.5064156600817836
Tata Tea Agni Tea,Rajdhani Roasted Chana (200.0 GRAM),0.5063909820953513
Let's Try Kerala Garlic Mix (180.0 GRAM),YiPPee! Magic Masala Noodles with Added Veggies - The Better Noodles,0.5063593165503993
Tulips Paper Stick Cotton Buds Jar (100.0 PIECE),YiPPee! Magic Masala Noodles with Added Veggies - The Better Noodles,0.5062539786438983
Lay's Potato Chips Wafer style - Salt with Pepper Flavour (40.0 GRAM),Lal Sweets Motichoor Laddu,0.5058367231103963
"Wai Wai Ready to Eat Noodles, Chicken Masala Pack | 6 in 1",Crax Crunchy Pipes Salted Puff Snacks,0.5057875988463326
Everest Kanda Lasoon Masala,Chheda's Yellow Banana Chips (170.0 GRAM),0.5057004083387062
Smoodh Chocolate Milk Drink | Pet,Charliee Rajgira Laddu,0.505534657405862
Peppy Tomato Disc (55.0 GRAM),YiPPee! Magic Masala Noodles with Added Veggies - The Better Noodles,0.5054379807766368
Open Secret Arabian Dates (Khajur) With Seed,YiPPee! Magic Masala Noodles with Added Veggies - The Better Noodles,0.5051217856056787
Dabur Hommade Ginger Garlic Paste (200.0 GRAM),Britannia Marie Gold Biscuits Plain | Trans Fat-free,0.5050903838578369
Nutraj Cashew/Kaju,Haldirams Namkeen - Khara Boondi,0.5050338915470495
Stroom Cookie Crunch Delight 10G Protein Bars (45.0 GRAM),Lal Sweets Motichoor Laddu,0.5048786990135964
Cavin's Chilled Latte Cold Coffee,Haldiram's Soan Papdi,0.5048206187563545
Korean Kab's Jackpot 2x Hot and Spicy Instant Noodles Non Veg,Pintola High Protein Oats Dark Chocolate With Almonds Raisin Pumpkin And Chia Seeds,0.5045157456922162
Everest Kanda Lasoon Masala,Haldiram's Soan Papdi,0.5044359935230164
"ACT II Microwave Popcorn - Butter Lover's, Big Pack, Hot & Fresh in 3 mins (99.0 GRAM)",YiPPee! Magic Masala Noodles with Added Veggies - The Better Noodles,0.50435789632688
Haldiram's Mathri (200.0 GRAM),Crax Crunchy Pipes Salted Puff Snacks,0.5042313293114208
Farmley Peri Peri Makhana Roasted In Olive Oil,Crax Fritts Peri Peri Corn & Potato Stick Snacks,0.5041245791245792
Britannia Good Day Chunkies Chocochip Cookies,Britannia Marie Gold Biscuits Plain | Trans Fat-free,0.504073696289685
Kellogg's Multigrain Chocos | More Chocolatey | No-Maida,YiPPee! Magic Masala Noodles with Added Veggies - The Better Noodles,0.5040492317636445
Britannia Milk Bikis Glucose Biscuits | Trans Fat-free,Lay's American Cream & Onion Potato Chips (48.0 GRAM),0.5040150487233256
Nutraj Cashew/Kaju,Parle Shakti Milk Glucose Biscuits | Cholesterol-free and Trans Fat-free,0.503914064236497
Garden Onion Pakoda Namkeen,Palekar Knot Premium Salty Khari | Preservative-free,0.5037891999873165
Everest Coriander Powder (200.0 GRAM),Om Shanthi Havan Samagri | Cycle,0.5036363636363637
Crax Corn Rings Masala Mania Puff Snacks,Cheetos Cheese Puffs (28.0 GRAM),0.5035652694189279
Beyond Snack Kerala Banana Chips - Peri Peri (70.0 GRAM),YiPPee! Magic Masala Noodles with Added Veggies - The Better Noodles,0.5033827682781277
Daily Good Coriander / Dhania Whole (200.0 GRAM),YiPPee! Magic Masala Noodles with Added Veggies - The Better Noodles,0.503281741498302
Winkies Fruit Cake Slice,YiPPee! Magic Masala Noodles with Added Veggies - The Better Noodles,0.503191076439484
Paper Boat Zero Sugar Green Apple Sparkling Water | Sugar Free Cold Drink,Haldiram's Moong Dal,0.5031532668872027
Ching's Secret Hot Garlic Instant Noodles Pouch,Paper Boat Chikki Family Pack,0.5030303030303029
Britannia Milk Bikis Glucose Biscuits | Trans Fat-free,Malkist Cheese Crunchy Layered Crackers,0.5030030751489526
Let's Try Potato Wafers | Vrat | Fasting Chips,YiPPee! Magic Masala Noodles with Added Veggies - The Better Noodles,0.5027274838930522
Lay's Classic Salted Potato Chips,RiteBite Max Protein 10g Protein Bar Choco Almond,0.5025557133206312
Haldiram's Mathri (200.0 GRAM),Chheda's Golden Plain Salted Chips (170.0 GRAM),0.5024823290643152
Everest Powder - Tea Masala (100.0 GRAM),YiPPee! Magic Masala Noodles with Added Veggies - The Better Noodles,0.502286997909711
ZOFF Black Mustard Seeds Whole - Rai (200.0 GRAM),Crax Crunchy Pipes Salted Puff Snacks,0.5022616756812981
"Meetha Paan, 12 Pcs | Mouth Freshener | by GO DESi",Korean Nongshim Shin Ramyun Noodle Soup Veg,0.5022176308539945
Dabur Hommade Ginger Garlic Paste (200.0 GRAM),Chheda's Yellow Banana Chips (170.0 GRAM),0.502170001058537
Heka Bites Roasted Quinoa Puffs Indian Chaat - Low Calorie & Healthy Snacks (40.0 GRAM),YiPPee! Magic Masala Noodles with Added Veggies - The Better Noodles,0.5020875872367659
"ACT II Microwave Popcorn - Butter Lover's, Big Pack, Hot & Fresh in 3 mins (99.0 GRAM)",Daily Good Watermelon Seeds / Tarbuj Beej,0.5019762845849802
"ACT II Nachoz Cheese, Tortilla Chips, Ready to Eat Snacks",Daily Good Watermelon Seeds / Tarbuj Beej,0.5019762845849802
"ACT II Nachoz Cheese, Tortilla Chips, Ready to Eat Snacks",Top Ramen Masala Instant Noodles,0.5018674982775502
Beyond Snack Kerala Banana Chips - with Coconut Oil & Rock Salt,YiPPee! Magic Masala Noodles with Added Veggies - The Better Noodles,0.5017786102600048
Sunfeast Dark Fantasy Choco Rolls | Crunchy Wafer Rolls,YiPPee! Magic Masala Noodles with Added Veggies - The Better Noodles,0.5015137728513525
Satyam Nighties Spices Chilli Kashmiri (100.0 GRAM),YiPPee! Magic Masala Noodles with Added Veggies - The Better Noodles,0.5015137728513525
Farmley Peri Peri Makhana Roasted In Olive Oil,Kurkure Schezwan Chutney (68.0 GRAM),0.5014423374852823
Saffola Masala Oats |Classic Masala | Anytime Snack | Ready in 3 mins | Millets Goodness,Haldiram Aloo Bhujia ,0.5014031564583816
Nissin Geki - Hot and Spicy Korean Veg Flavoured Ramen Instant Noodles | 5 in 1 pack,Haldiram Aloo Bhujia ,0.5014031564583816
Tata Sampann Kitchen King Masala with Natural Oils Rich Aroma & Flavour,Bhagirathi Rajgira Peeth | Amaranth Flour,0.5010482180293501
Ching's Secret Hot Garlic Instant Noodles Pouch,Bhagirathi Rajgira Peeth | Amaranth Flour,0.5010482180293501
MOM Roasted Makhana Himalayan Salt N Pepper,Kinder Joy - Single Pack - Assorted,0.5009743995935021
Dabur Fruit Power Mixed Fruit Juice (1250.0 MILLILITRE),Everest Kanda Lasoon Masala,0.5009579667644184
Dabur Fruit Power Mixed Fruit Juice (1250.0 MILLILITRE),Everest Cumin Powder (50.0 GRAM),0.5009548387096774
Nescafe Cafe Style Iced Latte Cold Coffee (170.0 MILLILITRE),Kurkure Green Chutney Style (68.0 GRAM),0.500932880606182
"ACT II Microwave Popcorn - Butter Lover's, Big Pack, Hot & Fresh in 3 mins (99.0 GRAM)",Kinder Creamy Milky And Cocoa With Extruded Rice (19.0 GRAM),0.5006911217437534
Too Yumm! Karare Chilli Achari Flavour | Tangy | No Palm Oil Crisps,YiPPee! Magic Masala Noodles with Added Veggies - The Better Noodles,0.5006838267852527
Satvyk Raw Peanuts/ Groundnuts,Let'S Try Roasted Chana (450.0 GRAM),0.5006415027467659
Let's Try Pudina Rings (60.0 GRAM),Crax Crunchy Pipes Salted Puff Snacks,0.5005237460076603
Let's Try Purani Delhi Methi Mathri,Sunfeast Dark Fantasy Bourbon Chocolate Cream Biscuits | Trans Fat-free,0.5004657693601011
Winkies Swiss Roll - Cream & Real Strawberry Jam,YiPPee! Magic Masala Noodles with Added Veggies - The Better Noodles,0.5004413984261536
Figaro Extra Virgin Olive Oil,YiPPee! Magic Masala Noodles with Added Veggies - The Better Noodles,0.5000601097416384
Malkist Cheese Crunchy Layered Crackers,Haldiram's Soan Papdi,0.5000128033396274
Britannia Nutrichoice Oats Orange & Almond Biscuits | Maida-free and Trans Fat-free,Parle Hide & Seek Chocolate Chip Biscuits | Trans Fat-free,0.5000050647646044
Bingo! Mad Angles Masala Madness Crisps,YiPPee! Magic Masala Noodles with Added Veggies - The Better Noodles,0.49990401168958853
Haldiram's Panchratan Mixture,YiPPee! Magic Masala Noodles with Added Veggies - The Better Noodles,0.49981908787888785
Paper Boat Zero Sugar Green Apple Sparkling Water | Sugar Free Cold Drink,Garden Sabudana Chivda Namkeen,0.49964144269431926
"Taali Roasted Bharuchi Peanuts | Salted | Protein Rich, No Palm Oil ,Restaurant-Style Crunch (150.0 GRAM)",Haldiram's Mini Bhakarwadi,0.4995469948639216
Korean Nongshim Shin Ramyun Noodle Soup Veg,YiPPee! Magic Masala Noodles with Added Veggies - The Better Noodles,0.4995315049744696
"Disano Penne Pasta, 100% Durum Wheat, No Maida (800.0 GRAM)",Chheda's Golden Plain Salted Chips (170.0 GRAM),0.4994662286497635
Gits Khaman Dhokla Instant Snack Mix,Mr Makhana Super Snack - Pudina Party,0.4992963011830936
Too Yumm! Karare Munchy Masala | Spicy | No Palm Oil Crisps,YiPPee! Magic Masala Noodles with Added Veggies - The Better Noodles,0.4992424242424242
Sofit Chocolate Soy Milk,Crax Crunchy Pipes Salted Puff Snacks,0.49897891963109353
Bingo! Cheese Nachos with Free Dip,Parle Melody Chocolaty Toffee (176.0 GRAM),0.4989069317619541
Crax Fritts Cream and Onion Corn & Potato Stick Snacks,Kurkure Solid Masti Masala Twisteez (61.0 GRAM),0.49881391158393606
Britannia Good Day Oats Cookies Fruits and Nuts Dry Fruit Biscuits | Trans Fat-free,YiPPee! Magic Masala Noodles with Added Veggies - The Better Noodles,0.49874976553006506
Whiskas Adult Ocean Fish Flavour Dry Cat Food,Parle Krack Jack Sweet and Salty Plain Crackers | Artificial Colour-free,0.4986774488065736
Heka Bites Raw Premium Fox Nuts Makhana,MAGGI 2-Minute Instant Noodles | Masala Noodles | Made With Quality Spices,0.498614664468323
Moov Fast Pain Relief Spray (50.0 GRAM),YiPPee! Magic Masala Noodles with Added Veggies - The Better Noodles,0.4986064466319243
The Theatre Project Gourmet Popcorn - Piri Piri & Lime (60.0 GRAM),YiPPee! Magic Masala Noodles with Added Veggies - The Better Noodles,0.4985130921202914
"MAGGI Coconut Milk Powder | Instant, Creamy & Tasty Dishes",Parle Melody Chocolaty Toffee (176.0 GRAM),0.4985071665922729
"Tata Salt, Free Flowing and Iodised Namak, Vacuum Evaporated, Salt in Fresh",Lay's West Indies Hot 'n' Sweet Chilli Potato Chips,0.4984291071247592
"MAGGI Coconut Milk Powder | Instant, Creamy & Tasty Dishes",Sweet Karam Coffee Classic Tapioca Chips | No Palm Oil,0.4984028317361652
Nissin Cup Noodles Super Hot Chilli,YiPPee! Magic Masala Noodles with Added Veggies - The Better Noodles,0.4983987804733938
Heka Bites Raw Premium Fox Nuts Makhana,Britannia Marie Gold Biscuits Plain | Trans Fat-free,0.49813519813519813
MOM Roasted Makhana Himalayan Salt N Pepper,Chheda's Yellow Banana Chips (170.0 GRAM),0.4981265542967671
Crax Corn Rings Masala Mania Puff Snacks,Chheda's Golden Plain Salted Chips (170.0 GRAM),0.49808743988882553
Balaji Cream & Onion Wafers (135.0 GRAM),Balaji Tomato Wafers (135.0 GRAM),0.4980703259005145
HELL Energy Drink Apple Flavoured Drink,YiPPee! Magic Masala Noodles with Added Veggies - The Better Noodles,0.4979569375829031
Catch Masala Amchur Powder,YiPPee! Magic Masala Noodles with Added Veggies - The Better Noodles,0.4977216082173158
Candyman Choco Double Eclairs (75.0 PIECE),YiPPee! Magic Masala Noodles with Added Veggies - The Better Noodles,0.4977216082173158
"Beyond Snack Kerala Banana Chips - Sour Cream, Onion & Parsley (70.0 GRAM)",Balaji Tomato Wafers (135.0 GRAM),0.49769098825702596
Wheel Green Lemon & Jasmine Detergent Powder,Crax Curls Chatpata Masala Puff Snacks,0.49751661765796035
Let'S Try Roasted Chana (450.0 GRAM),YiPPee! Magic Masala Noodles with Added Veggies - The Better Noodles,0.49747581976881344
Everest Dry Mango Powder,YiPPee! Magic Masala Noodles with Added Veggies - The Better Noodles,0.49747581976881344
Heka Bites Raw Premium Fox Nuts Makhana,Sunfeast All Rounder Crunchy Potato Chatpata Masala Flavoured Crackers | Trans Fat-free,0.4974650349650349
"Wai Wai Ready to Eat Noodles, Chicken Masala Pack | 6 in 1",Om Shanthi Havan Samagri | Cycle,0.49741863075196413
Haldiram's All In One Mixture,YiPPee! Magic Masala Noodles with Added Veggies - The Better Noodles,0.4972252653393151
Sunfeast Nice Biscuit Coconut Flavoured Biscuits | Trans Fat-free,MAGGI 2-Minute Instant Noodles | Masala Noodles | Made With Quality Spices,0.4971981455351744
Polka Pop Zero Sugar Blueberry Sparkling Water,Snackible Cheese Dosa Khakra | Millet Snack (100.0 GRAM),0.49714041826717886
MAGGI Pazzta Instant Pasta - Mushroom Penne (68.0 GRAM),YiPPee! Magic Masala Noodles with Added Veggies - The Better Noodles,0.49707559787036704
Bingo! Original Style Potato Chips - Korean Style,Let's Try Namkeen Combo Pack Of 6 (Crunchy Party Mix Peanut Party Mix Aloo Bhujia),0.4970588235294118
Satyam Poha Jada,Cheetos Cheese Puffs (28.0 GRAM),0.49687635723592466
Everest Dry Ginger Powder (100.0 GRAM),Everest Coriander Powder (100.0 GRAM),0.496606914212548
Everest Kanda Lasoon Masala,"Paper Boat Mango | Juicy Sips, Chewy Bites | Refreshing Summer Juice Drink",0.4965630498533724
Sweet Karam Coffee Madras Mixture,Haldiram Aloo Bhujia ,0.4963891248937977
Tata Sampann Turmeric Powder With Natural Oils Haldi Powder,Haldiram Aloo Bhujia ,0.4963891248937977
Dabur Hommade Ginger Garlic Paste (200.0 GRAM),Haldirams Soya Sticks,0.4963835083708159
Sofit Chocolate Soy Milk,Parle Hide & Seek Milano Chocolate Flavoured Biscuits,0.4961733615221987
Maggi Chicken Instant Noodles,The Healthy Binge Quinoa Baked Chips Smokey Bbq -High Protein And Fibre (40.0 GRAM),0.4960790702726187
BORGES Durum Wheat Pasta Penne Rigate,YiPPee! Magic Masala Noodles with Added Veggies - The Better Noodles,0.49606253618992474
Sugar Free D'Lite Choco Chip Biscuits | Trans Fat-free,YiPPee! Magic Masala Noodles with Added Veggies - The Better Noodles,0.49606253618992474
Beyond Snack Kerala Banana Chips - Desi Masala (70.0 GRAM),Crax Crunchy Pipes Salted Puff Snacks,0.4959652419456599
Rajdhani Roasted Chana (200.0 GRAM),YiPPee! Magic Masala Noodles with Added Veggies - The Better Noodles,0.4959015291999248
Crax Corn Rings Masala Mania Puff Snacks,Kurkure Solid Masti Masala Twisteez (61.0 GRAM),0.49586653302909456
Let's Try Namkeen Combo Pack Of 6 (Crunchy Party Mix Peanut Party Mix Aloo Bhujia),YiPPee! Magic Masala Noodles with Added Veggies - The Better Noodles,0.495810940651705
Crax Natkhat Classic Wheat Puff Snacks,Kurkure Solid Masti Masala Twisteez (61.0 GRAM),0.4958022891302763
Farmley Premium Omani Fard Dates,Everest Chhole Masala,0.49570563664523387
Lay's India's Magic Masala Potato Chips (67.0 GRAM),Sunfeast Dark Fantasy Bourbon Chocolate Cream Biscuits | Trans Fat-free,0.49561782430885437
Catch Peri Peri Sprinkler (90.0 GRAM),YiPPee! Magic Masala Noodles with Added Veggies - The Better Noodles,0.49561361081780714
"Meetha Paan, 12 Pcs | Mouth Freshener | by GO DESi",Society Natural Tea (250.0 GRAM),0.49542648709315373
Nissin Geki - Hot and Spicy Korean Veg Flavoured Ramen Cup Noodles,Nissin Cup Noodles Super Hot Chilli,0.4953698475437606
Superyou Strawberry Protein Wafer Bar (40.0 GRAM),Mr Makhana Super Snack - Pudina Party,0.4953544882790166
Satyam Nighties Spices Chilli Kashmiri (100.0 GRAM),Crax Crunchy Pipes Salted Puff Snacks,0.49522719843085977
Crax Fritts Cream and Onion Corn & Potato Stick Snacks,Lay's Spanish Tomato Tango Potato Chips,0.49519028054245395
Satvyk Raw Peanuts/ Groundnuts,Ezee Medium Garbage Bags 19x 21 Inch (30.0 PIECE),0.4948306595365419
Fortune Suji,YiPPee! Magic Masala Noodles with Added Veggies - The Better Noodles,0.4948155212673759
"B Natural Orange Juice, 100% Pulp, No Concentrate",YiPPee! Magic Masala Noodles with Added Veggies - The Better Noodles,0.49474672044406287
Satyam Poha Jada,Kinder Joy - Single Pack - Assorted,0.4947224130548961
Let's Try Purani Delhi Methi Mathri,Aashirvaad 100% Chana Dal Besan (500.0 GRAM),0.494621311080164
Too Yumm! Bhoot Karare Spicy Chilli Flavour Crisps | No Palm Oil Snacks,Bhagirathi Rajgira Peeth | Amaranth Flour,0.4944554783184376
Charliee Rajgira Laddu,Chheda's Yellow Banana Chips (170.0 GRAM),0.4944154456250055
YiPPee! Suji Tricolor Creamy Corn Pasta,YiPPee! Magic Masala Noodles with Added Veggies - The Better Noodles,0.4943539396244026
Fortune Soya Chunks (200.0 GRAM),Unibic Fruit & Nut cookies,0.49429868644508373
Knorr Classic Vegetable Soup - Sweet Corn,YiPPee! Magic Masala Noodles with Added Veggies - The Better Noodles,0.4942454573027822
Knorr Classic Vegetable Soup - Sweet Corn,Knorr Chinese Hot And Sour Veg Soup,0.4941414141414141
Nestle Nan Excellapro Stage 2 Follow-Up Formula 6+ Months,The Healthy Binge Quinoa Baked Chips Smokey Bbq -High Protein And Fibre (40.0 GRAM),0.4940133037694013
Modern Kitchens Butter Murukku,YiPPee! Magic Masala Noodles with Added Veggies - The Better Noodles,0.4940109955108928
Orbit Sugar Free Sweetmint Chewing Gum Tube (19800.0 MILLIGRAM),YiPPee! Magic Masala Noodles with Added Veggies - The Better Noodles,0.4939187914354306
Palekar Tea Time Ajwain Rusk | Trans Fat-free,YiPPee! Magic Masala Noodles with Added Veggies - The Better Noodles,0.4939187914354306
Pulse Guava 50 Candies,YiPPee! Magic Masala Noodles with Added Veggies - The Better Noodles,0.49381790932933683
Bingo! Mad Angles Masala Madness Crisps,Cheetos Cheese Puffs (28.0 GRAM),0.4938033304067025
Crax Natkhat Classic Wheat Puff Snacks,Crax Fritts Peri Peri Corn & Potato Stick Snacks,0.49372797744890773
Namaskaram Plain Boondi,Haldiram's Soan Papdi,0.4936350890113159
Nescafe Cafe Style Iced Latte Cold Coffee (170.0 MILLILITRE),Haldiram's Moong Dal,0.4935424741489078
Daadi'S Besan Laddoo Pure Ghee,YiPPee! Magic Masala Noodles with Added Veggies - The Better Noodles,0.49351862574792515
TMI COLMAN Fresh Phool Makhana,Bingo! Cheese Nachos with Free Dip,0.4933817446456477
Britannia Nice Time Coconut Flavoured Biscuits | Artificial Flavour-free,Lay's American Cream & Onion Potato Chips (48.0 GRAM),0.4933668434686074
Namaskaram Plain Boondi,Piknik Classic Tomato Chilli,0.49336285833981686
Namaskaram Plain Boondi,Lal Sweets Motichoor Laddu,0.49336285833981686
Gits Khaman Dhokla Instant Snack Mix,YiPPee! Magic Masala Noodles with Added Veggies - The Better Noodles,0.49312725491069437
Lets Try Lite Mixture (180.0 GRAM),YiPPee! Magic Masala Noodles with Added Veggies - The Better Noodles,0.49303864264566105
Haldirams Kaju - Salted,Lal Sweets Motichoor Laddu,0.4929992002132764
"ACT II Microwave Popcorn - Butter Lover's, Big Pack, Hot & Fresh in 3 mins (99.0 GRAM)",Unibic Choco Chip Flavoured Biscuits | Trans Fat-free,0.4929487236681269
Crax Cheese Balls Puff Snacks (65.0 GRAM),YiPPee! Magic Masala Noodles with Added Veggies - The Better Noodles,0.49291182142231055
Satyam Nighties Spices Jeera,Crax Crunchy Pipes Salted Puff Snacks,0.49277152637252486
Superyou Cheese Protein Wafer Bar (40.0 GRAM),Sunfeast All Rounder Crunchy Potato Chatpata Masala Flavoured Crackers | Trans Fat-free,0.49272727272727274
Nutrela Soya Granules (200.0 GRAM),YiPPee! Magic Masala Noodles with Added Veggies - The Better Noodles,0.49266225985655887
Knorr Classic Tomato Soup,Kinder Creamy Milky And Cocoa With Extruded Rice (19.0 GRAM),0.4926586438548161
Everest Dry Ginger Powder (100.0 GRAM),Everest Shahi Biryani Masala (50.0 GRAM),0.4926515151515151
Dabur Hommade Ginger Garlic Paste (200.0 GRAM),"Cheetos Masala Balls, Crispy Chips & Snacks (84.0 GRAM)",0.492585557063169
Haldiram's Mini Bhakarwadi,YiPPee! Magic Masala Noodles with Added Veggies - The Better Noodles,0.49257545268587827
Crax Corn Rings Masala Mania Puff Snacks,Haldiram's Moong Dal,0.49248550487950354
TMI COLMAN Fresh Phool Makhana,Haldiram's Salted Peanut,0.4921828883097157
Satvyk Raw Peanuts/ Groundnuts,Palekar Jeeo Butter | Toasted Buns With Jeera And Khari | Trans Fat-free,0.4921295428511923
Too Yumm! Noodles Masala | Spicy No Palm Oil Crisps (67.0 GRAM),YiPPee! Magic Masala Noodles with Added Veggies - The Better Noodles,0.492106287509223
Heka Bites Raw Premium Fox Nuts Makhana,Kurkure Solid Masti Masala Twisteez (61.0 GRAM),0.4919884253677357
Wheel Green Lemon & Jasmine Detergent Powder,Kurkure Solid Masti Masala Twisteez (61.0 GRAM),0.4919884253677357
Knorr International Italian Mushroom Soup,Mr Makhana Super Snack - Pudina Party,0.49193825042881645
Knorr Classic Tomato Soup,Top Ramen Masala Instant Noodles,0.4918871787095307
Smoodh Toffee Caramel Milk,Charliee Rajgira Laddu,0.49183365410015467
Cadbury Chocobakes Choclayered Chocolate Cake,RiteBite Max Protein 10g Protein Bar Choco Almond,0.4917083295653709
Dabur Hommade Ginger Garlic Paste (200.0 GRAM),Haldiram's Moong Dal,0.4917008977528299
Kurkure Yummy PuffCorn Yummy Cheese Chips,Kurkure Green Chutney Style (68.0 GRAM),0.4916985078269942
"Britannia Jimjam Pops, Crunchy Cookie Vanilla Cream Biscuits",Let's Try Namkeen Combo Pack Of 6 (Crunchy Party Mix Peanut Party Mix Aloo Bhujia),0.49163636363636354
Whiskas Adult Ocean Fish Flavour Dry Cat Food,Kurkure Green Chutney Style (68.0 GRAM),0.49156026406293235
Nestle Nan Excellapro Stage 2 Follow-Up Formula 6+ Months,YiPPee! Magic Masala Noodles with Added Veggies - The Better Noodles,0.4914090414789498
"Farmley Seed Mix Superfood Rich In Protein- Pumpkin, Watermelon, Sunflower, Flax, Chia Seeds",YiPPee! Magic Masala Noodles with Added Veggies - The Better Noodles,0.4912927041111754
Sunfeast Nice Biscuit Coconut Flavoured Biscuits | Trans Fat-free,Cheetos Cheese Puffs (28.0 GRAM),0.4912402453422409
Unibic Wafer Belgium Chocolate Qubz Cubes Wafers | Maida-free,YiPPee! Magic Masala Noodles with Added Veggies - The Better Noodles,0.4910853201077516
MOM Roasted Makhana Himalayan Salt N Pepper,Heka Bites Roasted Jowar Puffs Majestic Masala - Low Calorie & Healthy Snacks,0.4910263929618769
Too Yumm! Sour Cream & Onion Veggie Stix | Munching Snack | On-the-Go Munchies,Smoodh Chocolate Milk Drink | Pet,0.4909715713839425
Bhagirathi Rajgira Peeth | Amaranth Flour,Om Shanthi Havan Samagri | Cycle,0.4909662664379646
Nestle Nan Excellapro Stage 2 Follow-Up Formula 6+ Months,Haldiram's Salted Peanut,0.4908490593441067
Lay's Potato Chips - Chile Lemon Flavour,Lay's American Cream & Onion Potato Chips (48.0 GRAM),0.4905010302025227
Everest Pav Bhaji Masala (100.0 GRAM),YiPPee! Magic Masala Noodles with Added Veggies - The Better Noodles,0.49048879982824023
Beyond Snack Kerala Banana Chips - Desi Masala (70.0 GRAM),YiPPee! Magic Masala Noodles with Added Veggies - The Better Noodles,0.4904325704576305
"Aashirvaad Chilli Powder, Red Hot Chilli Powder with No Added Flavours and Colours",YiPPee! Magic Masala Noodles with Added Veggies - The Better Noodles,0.4902809215490164
Mapro Rose Sharbat,Crax Crunchy Pipes Salted Puff Snacks,0.4902249034972147
Britannia Good Day Chunkies Chocochip Cookies,Sunfeast Dark Fantasy Bourbon Chocolate Cream Biscuits | Trans Fat-free,0.4900591087495886
Britannia Treat Croissant - With Cocoa Creme Filling 100% VEG (45.0 GRAM),YiPPee! Magic Masala Noodles with Added Veggies - The Better Noodles,0.4900374851430835
"Beyond Snack Kerala Banana Chips - Sour Cream, Onion & Parsley (70.0 GRAM)",Piknik Classic Tomato Chilli,0.49002932551319645
Tata Sampann 100% Pure California Almonds/Badam Giri Whole Premium Quality,Lal Sweets Motichoor Laddu,0.49002932551319645
Too Yumm! Sour Cream & Onion Veggie Stix | Munching Snack | On-the-Go Munchies,Crax Curls Chatpata Masala Puff Snacks,0.48997848708738523
Everest Sabji Masala,YiPPee! Magic Masala Noodles with Added Veggies - The Better Noodles,0.48993830734807375
Saffola Masala Oats |Classic Masala | Anytime Snack | Ready in 3 mins | Millets Goodness,Daily Good Watermelon Seeds / Tarbuj Beej,0.4898071625344352
"Assorted Candy 20 Pcs, Tangy Imli, Kaccha & Real Aam, Chilli Guava No Refined Sugar (20.0 PIECE)",Uncle Chipps - Spicy Treat,0.48980138463284534
Nissin Geki - Hot and Spicy Korean Chicken Flavoured Ramen Instant Noodles,YiPPee! Magic Masala Noodles with Added Veggies - The Better Noodles,0.4897726477344312
Let's Try Salted Peanuts,YiPPee! Magic Masala Noodles with Added Veggies - The Better Noodles,0.4897298229619682
Sweet Karam Coffee Kerala Nendran Banana Chips (65.0 GRAM),Mr Makhana Super Snack - Pudina Party,0.48966075852868307
Satyam Singdana,YiPPee! Magic Masala Noodles with Added Veggies - The Better Noodles,0.48958276430935965
Hindalco Fresh wrapp Aluminium Foil - 9 m,YiPPee! Magic Masala Noodles with Added Veggies - The Better Noodles,0.4895827643093596
Sugar Free D'Lite Yummy Berry Biscuits | Made with Oats & Quinoa | Sugar-free,Haldiram's Mini Bhakarwadi,0.48951747990912475
Haldiram's Ratlami Sev (200.0 GRAM),YiPPee! Magic Masala Noodles with Added Veggies - The Better Noodles,0.48941290433751283
"Disano Penne Pasta, 100% Durum Wheat, No Maida (800.0 GRAM)",Crax Crunchy Pipes Salted Puff Snacks,0.48940099609637905
Kellogg's Corn Flakes Power of 5 (Super Saver PacK),Haldiram's Salted Peanut,0.4891447223324953
Heka Bites Roasted Makhana Himalayan Pink Salt,Snackible Cheese Dosa Khakra | Millet Snack (100.0 GRAM),0.4891265597147949
Fevikwik Instant Adhesive (3 gm),YiPPee! Magic Masala Noodles with Added Veggies - The Better Noodles,0.4890962419277731
Britannia Treat Croissant - With Cocoa Creme Filling 100% VEG (45.0 GRAM),Kurkure Solid Masti Masala Twisteez (61.0 GRAM),0.4889057911235769
Mapro Rose Sharbat,Haldiram's Lite Chiwda (200.0 GRAM),0.48890197875079083
Beyond Snack Kerala Banana Chips - Desi Masala (70.0 GRAM),Too Yumm! Karare Munchy Masala | Spicy | No Palm Oil Crisps,0.48885370094386493
Crax Natkhat Classic Wheat Puff Snacks,Crax Curls Chatpata Masala Puff Snacks,0.48883900223369364
Satvyk Raw Peanuts/ Groundnuts,Aashirvaad 100% Chana Dal Besan (500.0 GRAM),0.488802236832162
Balaji Simply Salted Chips (135.0 GRAM),Cheetos Cheese Puffs (28.0 GRAM),0.4887015360639864
Scotch-Brite Scrub Sponge (Pack of 3),YiPPee! Magic Masala Noodles with Added Veggies - The Better Noodles,0.4886586177393287
Charliee Rajgira Laddu,Haldiram's Soan Papdi,0.48852014867909455
The Healthy Binge Ragi Baked Chips Chatpata Chaat- High Protein & Fibre (40.0 GRAM),YiPPee! Magic Masala Noodles with Added Veggies - The Better Noodles,0.48843080486392587
"Britannia Jimjam Pops, Crunchy Cookie Vanilla Cream Biscuits",YiPPee! Magic Masala Noodles with Added Veggies - The Better Noodles,0.4884308048639258
Everest Shahi Biryani Masala (50.0 GRAM),YiPPee! Magic Masala Noodles with Added Veggies - The Better Noodles,0.4884308048639258
"Cheetos Masala Balls, Crispy Chips & Snacks (84.0 GRAM)",YiPPee! Magic Masala Noodles with Added Veggies - The Better Noodles,0.4884308048639258
Tata Sampann 100% Pure California Almonds/Badam Giri Whole Premium Quality,Paper Boat Chikki Family Pack,0.4880801017164653
Namaskaram Plain Boondi,Tata Sampann Chilli Powder with Natural Oils Lal Mirchi Powder,0.48807977736549174
Palekar Knot Premium Salty Khari | Preservative-free,YiPPee! Magic Masala Noodles with Added Veggies - The Better Noodles,0.48805965683591374
Daily Good Till - Sesame White (100.0 GRAM),YiPPee! Magic Masala Noodles with Added Veggies - The Better Noodles,0.48781719832515213
Nongshim Korean SoonVeggie Cup Noodle Soup Veg,RiteBite Max Protein 10g Protein Bar Choco Almond,0.4877746629288479
Satyam Nighties Spices Jeera,RiteBite Max Protein 10g Protein Bar Choco Almond,0.48777466292884786
Catch Black Pepper Sprinkler (50.0 GRAM),YiPPee! Magic Masala Noodles with Added Veggies - The Better Noodles,0.48766283190030335
The Healthy Binge Quinoa Baked Chips Smokey Bbq -High Protein And Fibre (40.0 GRAM),YiPPee! Magic Masala Noodles with Added Veggies - The Better Noodles,0.4874460653379905
Top Ramen Noodles Curry Veg Pouch,YiPPee! Magic Masala Noodles with Added Veggies - The Better Noodles,0.4874460653379905
The Theatre Project Gourmet Popcorn - Cheddar Cheese (60.0 GRAM),YiPPee! Magic Masala Noodles with Added Veggies - The Better Noodles,0.4874046897276571
Daily Good Watermelon Seeds / Tarbuj Beej,Snackible Cheese Dosa Khakra | Millet Snack (100.0 GRAM),0.4873348873348873
"Wai Wai Ready to Eat Noodles, Chicken Masala Pack | 6 in 1",Crax Curls Chatpata Masala Puff Snacks,0.48707491086760807
Daily Good Medium Poha | Avalakki | Indori Poha,"Paper Boat Mango | Juicy Sips, Chewy Bites | Refreshing Summer Juice Drink",0.4870594508131165
Mr Makhana Piri Piri,YiPPee! Magic Masala Noodles with Added Veggies - The Better Noodles,0.48705880822104963
Let's Try Purani Delhi Methi Mathri,Let's Try Namkeen Combo Pack Of 6 (Crunchy Party Mix Peanut Party Mix Aloo Bhujia),0.4865151515151515
BORGES Durum Wheat Pasta Penne Rigate,Let's Try Namkeen Combo Pack Of 6 (Crunchy Party Mix Peanut Party Mix Aloo Bhujia),0.4865151515151515
Farmley Peri Peri Makhana Roasted In Olive Oil,Lay's India's Magic Masala Potato Chips,0.48646475697898023
Sugar Free D'Lite Yummy Berry Biscuits | Made with Oats & Quinoa | Sugar-free,MAGGI 2-Minute Instant Noodles | Masala Noodles | Made With Quality Spices,0.4861492978566149
Everest Tikhalal Powder Pouch (200.0 GRAM),YiPPee! Magic Masala Noodles with Added Veggies - The Better Noodles,0.4860597815393437
YiPPee! 100% Suji Masala Pasta Treat,YiPPee! Magic Masala Noodles with Added Veggies - The Better Noodles,0.48595982271453
Nescafe Cafe Style Iced Latte Cold Coffee (170.0 MILLILITRE),Kurkure Solid Masti Masala Twisteez (61.0 GRAM),0.4859339931668486
Tata Tea Agni Tea,YiPPee! Magic Masala Noodles with Added Veggies - The Better Noodles,0.485804832794765
Satvyk Raw Peanuts/ Groundnuts,Let's Try Butter Murukku (180.0 GRAM),0.485712443584784
Too Yumm! Dahi Papdi Chaat Multigrain Healthy Chips High Protein Crunchy Crisps,The Healthy Binge Ragi Baked Chips Chatpata Chaat- High Protein & Fibre (40.0 GRAM),0.4856899029823931
Uncle Chipps - Spicy Treat,YiPPee! Magic Masala Noodles with Added Veggies - The Better Noodles,0.4856868115781735
Too Yumm! Dahi Papdi Chaat Multigrain Healthy Chips High Protein Crunchy Crisps,YiPPee! Magic Masala Noodles with Added Veggies - The Better Noodles,0.4856556298362899
Too Yumm! Aloo Bhujia | No Palm Oil | 35% Less Saturated Fat (200.0 GRAM),ACT II Ready to Eat Popcorn - Sour Cream & Cheese Popcorn (50.0 GRAM),0.48564487187241684
Nutraj Cashew/Kaju,Haldiram's Panchratan Mixture,0.4856291215261422
Garden Sabudana Chivda Namkeen,YiPPee! Magic Masala Noodles with Added Veggies - The Better Noodles,0.48547658628611984
Everest Super Garam Masala Pouch,Piknik Classic Tomato Chilli,0.48536237955592804
"Beyond Snack Kerala Banana Chips - Sour Cream, Onion & Parsley (70.0 GRAM)",Kotton Multipurpose Napkin | 100% Virgin Pulp-Paper | 25 cm X 25 cm | 100Pcs,0.4853283726949207
Daily Good Mustard / Rai / Sarso Small (100.0 GRAM),YiPPee! Magic Masala Noodles with Added Veggies - The Better Noodles,0.4852998381660802
Sunfeast Nice Biscuit Coconut Flavoured Biscuits | Trans Fat-free,Haldiram's Moong Dal,0.485285608261947
Doublemint Lemonmint Flavour Chewymints Tube (27300.0 MILLIGRAM),YiPPee! Magic Masala Noodles with Added Veggies - The Better Noodles,0.48516006286706925
Heka Bites Raw Premium Fox Nuts Makhana,Daily Good Chilli With Stem / Guntur With Stem,0.4851340326340327
The Whole Truth Double Cocoa Protein Bar,YiPPee! Magic Masala Noodles with Added Veggies - The Better Noodles,0.4850389242745931
Let's Try Butter Murukku (180.0 GRAM),YiPPee! Magic Masala Noodles with Added Veggies - The Better Noodles,0.4849667566024795
Daily Good Till - Sesame White (100.0 GRAM),Let's Try Namkeen Combo Pack Of 6 (Crunchy Party Mix Peanut Party Mix Aloo Bhujia),0.4848423937871174
Bhagirathi Makai Atta (500.0 GRAM),YiPPee! Magic Masala Noodles with Added Veggies - The Better Noodles,0.4848394018869852
"Britannia Jimjam Pops, Crunchy Cookie Vanilla Cream Biscuits",Britannia Marie Gold Biscuits Plain | Trans Fat-free,0.4846373411534701
Britannia Treat Rich Creme Strawberry Flavoured Wafers | Trans Fat-free,YiPPee! Magic Masala Noodles with Added Veggies - The Better Noodles,0.4844490319981874
ACT II Ready to Eat Popcorn - Sour Cream & Cheese Popcorn (50.0 GRAM),YiPPee! Magic Masala Noodles with Added Veggies - The Better Noodles,0.48440929374603425
"Taali Roasted Bharuchi Peanuts | Salted | Protein Rich, No Palm Oil ,Restaurant-Style Crunch (150.0 GRAM)",Parle Shakti Milk Glucose Biscuits | Cholesterol-free and Trans Fat-free,0.4843629553612387
Malkist Cheese Crunchy Layered Crackers,Lay's American Cream & Onion Potato Chips (48.0 GRAM),0.48425946378046336
Farmley Cream And Onion Makhana Roasted In Olive Oil,MAGGI 2-Minute Instant Noodles | Masala Noodles | Made With Quality Spices,0.4842502771618625
Daily Good Saunf / Fennel,YiPPee! Magic Masala Noodles with Added Veggies - The Better Noodles,0.48405866210938936
Crax Aloo Bhujia Namkeen Snacks (160.0 GRAM),MAGGI 2-Minute Instant Noodles | Masala Noodles | Made With Quality Spices,0.4839981947687538
Beyond Snack Kerala Banana Chips - Desi Masala (70.0 GRAM),Haldiram's Masala Tasty Nuts (200.0 GRAM),0.4838603133685101
Maggi Special Masala Instant Noodles,YiPPee! Magic Masala Noodles with Added Veggies - The Better Noodles,0.48385616476073356
Catch Red Chilli Powder (200.0 GRAM),YiPPee! Magic Masala Noodles with Added Veggies - The Better Noodles,0.4837343548171574
"Haldirams Namkeen - Tasty Nuts, (400.0 GRAM)",YiPPee! Magic Masala Noodles with Added Veggies - The Better Noodles,0.4836733619594071
Haldiram's Bhujia Sev (200.0 GRAM),YiPPee! Magic Masala Noodles with Added Veggies - The Better Noodles,0.4836397285701917
Too Yumm! Chili Chataka Veggie Stix | Munching Snack | On-the-Go Munchies (75.0 GRAM),YiPPee! Magic Masala Noodles with Added Veggies - The Better Noodles,0.4833429839799267
Bingo! Mad Angles Masala Madness Crisps,Sunfeast Dark Fantasy Bourbon Chocolate Cream Biscuits | Trans Fat-free,0.4833211293475898
Chheda's Farali Potato Chivda (170.0 GRAM),Daily Good Raw Peanut - Singdana,0.48330765770953155
Namaskaram Plain Boondi,"Wai Wai Ready to Eat Noodles, Chicken Masala Pack | 6 in 1",0.48297487345106394
Everest - Ginger Garlic Paste (200.0 GRAM),YiPPee! Magic Masala Noodles with Added Veggies - The Better Noodles,0.48288045480865394
The Theatre Project TTP Kettle Cooked - Hot & Sweet Chilli (42.0 GRAM),Haldiram's Salted Peanut,0.48279219347103425
Bevzilla Assorted Instant Coffee Powder,Crax Crunchy Pipes Salted Puff Snacks,0.4827746770002965
Doritos Dinamita Fiery Lime And Chilli Rolled Tortilla Chips (56.0 GRAM),Kurkure Solid Masti Masala Twisteez (61.0 GRAM),0.4827056248890991
Ching's Secret Hot Garlic Instant Noodles Pouch,Om Shanthi Havan Samagri | Cycle,0.48265151515151516
Maggi Chicken Instant Noodles,Modern Kitchens Butter Murukku,0.4825712320335977
Lets Try Crunchy Party Mix (180.0 GRAM),Haldiram's Lite Chiwda (200.0 GRAM),0.48255260240337794
Everest Coriander Powder (200.0 GRAM),"Paper Boat Mango | Juicy Sips, Chewy Bites | Refreshing Summer Juice Drink",0.4824904128129935
Lets Try Crunchy Party Mix (180.0 GRAM),The Whole Truth Double Cocoa Protein Bar,0.4823997551270278
Paper Boat Zero Sugar Green Apple Sparkling Water | Sugar Free Cold Drink,MAGGI 2-Minute Instant Noodles | Masala Noodles | Made With Quality Spices,0.4823904115329812
Everest Kasuri Methi,YiPPee! Magic Masala Noodles with Added Veggies - The Better Noodles,0.4823591512123025
Britannia Milk Bikis Glucose Biscuits | Trans Fat-free,Britannia 50-50 Maska Chaska Biscuits Butter Flavoured Crackers | Trans Fat-free,0.48219494409333974
Nutraj Cashew/Kaju,"Taali Roasted Bharuchi Peanuts | Salted | Protein Rich, No Palm Oil ,Restaurant-Style Crunch (150.0 GRAM)",0.4821385396518375
Snapin Oregano Pizza Seasoning Sachet Pouch,YiPPee! Magic Masala Noodles with Added Veggies - The Better Noodles,0.48169109408252425
Gits Khaman Dhokla Instant Snack Mix,Korean Nongshim Kimchi Ramyun Noodle Soup Veg,0.4815298103957898
Everest Coriander Powder,YiPPee! Magic Masala Noodles with Added Veggies - The Better Noodles,0.4813861297937731
Catch Dhania Powder (200.0 GRAM),YiPPee! Magic Masala Noodles with Added Veggies - The Better Noodles,0.4813861297937731
Nescafe Cafe Style Iced Latte Cold Coffee (170.0 MILLILITRE),Britannia 50-50 Maska Chaska Biscuits Butter Flavoured Crackers | Trans Fat-free,0.4813835646618198
Beyond Snack Kerala Banana Chips - Desi Masala (70.0 GRAM),Chheda's Yellow Banana Chips (170.0 GRAM),0.48136474617116404
ACT II Ready to Eat Caramel Popcorn - Classic Caramel Bliss (35.0 GRAM),Society Natural Tea (250.0 GRAM),0.481203717128757
"MAGGI Coconut Milk Powder | Instant, Creamy & Tasty Dishes",Kotton Multipurpose Napkin | 100% Virgin Pulp-Paper | 25 cm X 25 cm | 100Pcs,0.4811802669453914
Stroom Cookie Crunch Delight 10G Protein Bars (45.0 GRAM),Lay's Spanish Tomato Tango Potato Chips,0.48115023208422963
Daily Good Saunf - Fennel,YiPPee! Magic Masala Noodles with Added Veggies - The Better Noodles,0.4811155969569777
Heka Bites Raw Premium Fox Nuts Makhana,Palekar Jeeo Butter | Toasted Buns With Jeera And Khari | Trans Fat-free,0.4810881749026078
Wheel Green Lemon & Jasmine Detergent Powder,Let's Try Potato Wafers | Vrat | Fasting Chips,0.481081298739648
"Tata Salt, Free Flowing and Iodised Namak, Vacuum Evaporated, Salt in Fresh",Maggi Masala-ae-Magic Sabzi Masala,0.481081298739648
Satyam Nighties Spices Jeera,Chheda's Golden Plain Salted Chips (170.0 GRAM),0.48104059702632024
Nissin Geki - Hot and Spicy Korean Veg Flavoured Ramen Instant Noodles | 5 in 1 pack,YiPPee! Magic Masala Noodles with Added Veggies - The Better Noodles,0.48103033812356344
Britannia Treat Croissant - With Cocoa Creme Filling 100% VEG (45.0 GRAM),Sunfeast Dark Fantasy Bourbon Chocolate Cream Biscuits | Trans Fat-free,0.4809968492705777
Heka Bites Raw Premium Fox Nuts Makhana,"Ching's Secret Veg Hakka Noodles, Cooks In 5-7 mins, Just Soak & Drain",0.48093273040269496
"Disano Penne Pasta, 100% Durum Wheat, No Maida (800.0 GRAM)",Haldiram's Salted Peanut,0.480923802629428
"Disano Penne Pasta, 100% Durum Wheat, No Maida (800.0 GRAM)",Haldiram's Moong Dal,0.4808813355146957
Paper Boat Zero Sugar Green Apple Sparkling Water | Sugar Free Cold Drink,Crax Crunchy Pipes Salted Puff Snacks,0.4808391542402724
Satyam Poha Jada,Crax Crunchy Pipes Salted Puff Snacks,0.4808391542402724
Lal Milk Cake Signature,YiPPee! Magic Masala Noodles with Added Veggies - The Better Noodles,0.4806366962756716
"Taali Roasted Bharuchi Peanuts | Salted | Protein Rich, No Palm Oil ,Restaurant-Style Crunch (150.0 GRAM)",YiPPee! Magic Masala Noodles with Added Veggies - The Better Noodles,0.4806366962756716
Fortune Soya Chunks (200.0 GRAM),Cornitos Nachos Peri Peri (150.0 GRAM),0.4804792107117688
Cornitos Nacho Crisps - Sizzlin Jalapeno (77.0 GRAM),Om Shanthi Havan Samagri | Cycle,0.48044258373205734
Pulse Kachcha Aam 50 Candies (190.0 GRAM),YiPPee! Magic Masala Noodles with Added Veggies - The Better Noodles,0.48035014816580945
Bingo! Original Style Potato Chips - Korean Style,YiPPee! Magic Masala Noodles with Added Veggies - The Better Noodles,0.48035014816580945
Daily Good Poha / Avalakki Thick,Haldiram Aloo Bhujia ,0.47969101977504613
Maggi Chicken Instant Noodles,Kotton Multipurpose Napkin | 100% Virgin Pulp-Paper | 25 cm X 25 cm | 100Pcs,0.4793366643900452
Let's Try Purani Delhi Methi Mathri,RiteBite Max Protein 10g Protein Bar Choco Almond,0.47906440109083287
Lay's West Indies Hot 'n' Sweet Chilli Potato Chips,Kurkure Solid Masti Masala Twisteez (61.0 GRAM),0.4789162691381582
Catch Sprinkler Chat Masala (100.0 GRAM),YiPPee! Magic Masala Noodles with Added Veggies - The Better Noodles,0.4789086446773585
Everest Turmeric Powder (200.0 GRAM),Om Shanthi Havan Samagri | Cycle,0.4788092189500639
"Ritebite Max Protein Spanish Tomato 10G Multigrain Protein Chips, Healthy Snacks & Munchies",YiPPee! Magic Masala Noodles with Added Veggies - The Better Noodles,0.4786621887666473
Everest Cumin Powder (50.0 GRAM),YiPPee! Magic Masala Noodles with Added Veggies - The Better Noodles,0.4786621887666473
Balaji Rumbles Pudina Twist Wafers,Haldiram's Lite Chiwda (200.0 GRAM),0.4786497747402893
Satyam Nighties Spices Tamarind,Crax Crunchy Pipes Salted Puff Snacks,0.4785528819853763
Polka Pop Zero Sugar Blueberry Sparkling Water,"Paper Boat Mango | Juicy Sips, Chewy Bites | Refreshing Summer Juice Drink",0.4785262897030276
Brooke Bond Red Label Tea,Rajdhani Roasted Chana (200.0 GRAM),0.4784189087986557
Satyam Poha Jada,YiPPee! Magic Masala Noodles with Added Veggies - The Better Noodles,0.47836006661930874
The Theatre Project TTP Kettle Cooked - Hot & Sweet Chilli (42.0 GRAM),Haldiram's Masala Tasty Nuts (200.0 GRAM),0.47826007826007816
Haldiram's Mathri (200.0 GRAM),YiPPee! Magic Masala Noodles with Added Veggies - The Better Noodles,0.4782551630959274
Doritos Nacho Cheese Flavoured Corn Chips,YiPPee! Magic Masala Noodles with Added Veggies - The Better Noodles,0.4782551630959274
Paper Boat Zero Sugar Green Apple Sparkling Water | Sugar Free Cold Drink,The Theatre Project Gourmet Popcorn - Cheddar Cheese (60.0 GRAM),0.47825128176856485
Britannia 50-50 Maska Chaska Biscuits Butter Flavoured Crackers | Trans Fat-free,Kurkure Solid Masti Masala Twisteez (61.0 GRAM),0.47820723698208484
Tata Sampann 100% Pure California Almonds/Badam Giri Whole Premium Quality,Charliee Rajgira Laddu,0.4781492480122616
"Taali Roasted Bharuchi Peanuts | Masala | Protein Rich, No Palm Oil ,Restaurant-Style Crunch",YiPPee! Magic Masala Noodles with Added Veggies - The Better Noodles,0.4780936449726258
"Vicks Vaporub - Relief for Cold, Cough, Congestion",Piknik Classic Tomato Chilli,0.47807739074458194
Kellogg's Corn Flakes Power of 5 (Super Saver PacK),Let's Try Namkeen Combo Pack Of 6 (Crunchy Party Mix Peanut Party Mix Aloo Bhujia),0.477979797979798
Sofit Chocolate Soy Milk,Haldiram's Mixture (400.0 GRAM),0.47797038178394113
Daadi'S Besan Laddoo Pure Ghee,Crax Crunchy Pipes Salted Puff Snacks,0.47796928090978436
Heka Bites Roasted Jowar Puffs Majestic Masala - Low Calorie & Healthy Snacks,Haldiram's Moong Dal,0.47793763657661137
Lay's Spanish Tomato Tango Potato Chips,YiPPee! Magic Masala Noodles with Added Veggies - The Better Noodles,0.47776728986047534
Britannia Good Day Chunkies Chocochip Cookies,Let's Try Namkeen Combo Pack Of 6 (Crunchy Party Mix Peanut Party Mix Aloo Bhujia),0.4776086956521739
The Theatre Project TTP Kettle Cooked - Hot & Sweet Chilli (42.0 GRAM),Crax Crunchy Pipes Salted Puff Snacks,0.47749178912066365
Superyou Cheese Protein Wafer Bar (40.0 GRAM),MAGGI 2-Minute Instant Noodles | Masala Noodles | Made With Quality Spices,0.4774680603948897
Satyam Nighties Spices Jeera,YiPPee! Magic Masala Noodles with Added Veggies - The Better Noodles,0.477330104753382
Everest Chicken Masala,YiPPee! Magic Masala Noodles with Added Veggies - The Better Noodles,0.477330104753382
Let'S Try Special Makhana Mixture | Fasting Snacks (90.0 GRAM),YiPPee! Magic Masala Noodles with Added Veggies - The Better Noodles,0.477330104753382
Bingo! Mad Angles Masala Madness Crisps,MAGGI 2-Minute Instant Noodles | Masala Noodles | Made With Quality Spices,0.47717674370154317
Let's Try Teekha Tadka Makhana Puffs (60.0 GRAM),Kurkure Solid Masti Masala Twisteez (61.0 GRAM),0.4771506792058516
Tata Tea Agni Tea,MAGGI 2-Minute Instant Noodles | Masala Noodles | Made With Quality Spices,0.47700132719802274
ZOFF Black Mustard Seeds Whole - Rai (200.0 GRAM),YiPPee! Magic Masala Noodles with Added Veggies - The Better Noodles,0.4769832078749276
Everest Kashmiri Lal Chilli Powder,YiPPee! Magic Masala Noodles with Added Veggies - The Better Noodles,0.4769832078749276
"Ritebite Max Protein Peri Peri 10G Multigrain Protein Chips, Healthy Snacks & Munchies",YiPPee! Magic Masala Noodles with Added Veggies - The Better Noodles,0.4769832078749276
Farmley Cream And Onion Makhana Roasted In Olive Oil,YiPPee! Magic Masala Noodles with Added Veggies - The Better Noodles,0.4769832078749276
Kurkure Red Chilli Chataka Chips (68.0 GRAM),MAGGI 2-Minute Instant Noodles | Masala Noodles | Made With Quality Spices,0.47695739936772935
Crax Corn Rings Masala Mania Puff Snacks,Sunfeast Dark Fantasy Bourbon Chocolate Cream Biscuits | Trans Fat-free,0.47663406605723907
Saffola Masala Oats |Classic Masala | Anytime Snack | Ready in 3 mins | Millets Goodness,Polka Pop Zero Sugar Blueberry Sparkling Water,0.47662282233344977
Korean Samyang Hot Chicken Ramen Non Veg,YiPPee! Magic Masala Noodles with Added Veggies - The Better Noodles,0.4765178584038301
Veeba Thousand Island Dressing,Mr Makhana Lime Chilli,0.4764309764309765
Mysore Pak | Sweets By GO DESi,Haldirams Namkeen - Khara Boondi,0.4763267019222698
Heka Bites Roasted Jowar Puffs Majestic Masala - Low Calorie & Healthy Snacks,MAGGI 2-Minute Instant Noodles | Masala Noodles | Made With Quality Spices,0.47606786080428876
Fortune Soya Chunks (200.0 GRAM),Cornitos Nacho Chips - Peri Peri (55.0 GRAM),0.47603458020220624
Everest Coriander Powder,Haldiram's Mini Bhakarwadi,0.4759197721338713
Bhagirathi Rajgira Peeth | Amaranth Flour,Haldiram's Soan Papdi,0.4758830127575626
Let's Try Pudina Rings (60.0 GRAM),YiPPee! Magic Masala Noodles with Added Veggies - The Better Noodles,0.4758608944446336
Satyam Chilli Bedgi,Haldiram's Moong Dal,0.4758572021585719
Everest Coriander Powder (100.0 GRAM),YiPPee! Magic Masala Noodles with Added Veggies - The Better Noodles,0.4758187418275334
Nissin Geki - Hot and Spicy Korean Kimchi Flavoured Ramen Instant Noodles,YiPPee! Magic Masala Noodles with Added Veggies - The Better Noodles,0.47579897370365193
Satyam Chilli Bedgi,RiteBite Max Protein 10g Protein Bar Choco Almond,0.47558029635562665
Let's Try Potato Wafers | Vrat | Fasting Chips,Chheda's Yellow Banana Chips (170.0 GRAM),0.4755324717753761
The Belgian Waffle Co Classic Chocolate Wafers | Preservative-free,Scotch-Brite Scrub Sponge (Pack of 3),0.47531119108017217
Nescafe Cafe Style Iced Latte Cold Coffee (170.0 MILLILITRE),Kurkure Masala Munch,0.47522922550021024
Stroom Cookie Crunch Delight 10G Protein Bars (45.0 GRAM),Piknik Classic Tomato Chilli,0.47517995201279656
"Disano Penne Pasta, 100% Durum Wheat, No Maida (800.0 GRAM)",Garden Sabudana Chivda Namkeen,0.4751492151112644
Bevzilla Assorted Instant Coffee Powder,Haldiram's Salted Peanut,0.4750204826298852
Nescafe Cafe Style Iced Latte Cold Coffee (170.0 MILLILITRE),RiteBite Max Protein 10g Protein Bar Choco Almond,0.47498656315168714
"Vicks Vaporub - Relief for Cold, Cough, Congestion",Bhagirathi Rajgira Peeth | Amaranth Flour,0.474940384052211
Knorr Classic Tomato Soup,Let's Try Namkeen Combo Pack Of 6 (Crunchy Party Mix Peanut Party Mix Aloo Bhujia),0.4748760330578513
"Assorted Candy 20 Pcs, Tangy Imli, Kaccha & Real Aam, Chilli Guava No Refined Sugar (20.0 PIECE)",YiPPee! Magic Masala Noodles with Added Veggies - The Better Noodles,0.4748632825065946
"Taali Roasted Protein Puffs|Masala Mania| Protein Rich , No Maida, No palm oil| Cheeseballs 2.0 (60.0 GRAM)",YiPPee! Magic Masala Noodles with Added Veggies - The Better Noodles,0.4748632825065946
The Theatre Project TTP Kettle Cooked - Hot & Sweet Chilli (42.0 GRAM),YiPPee! Magic Masala Noodles with Added Veggies - The Better Noodles,0.4748632825065945
Unibic Wafer Belgium Chocolate Qubz Cubes Wafers | Maida-free,Haldiram Aloo Bhujia ,0.4748069890288501
Satyam Nighties Spices Jeera,The Whole Truth Double Cocoa Protein Bar,0.4746813590449954
Crax Aloo Bhujia Namkeen Snacks (160.0 GRAM),Kurkure Solid Masti Masala Twisteez (61.0 GRAM),0.4743655782728105
Heka Bites Roasted Jowar Puffs Cheesy Salsa - Low Calorie & Healthy Snacks (40.0 GRAM),MAGGI 2-Minute Instant Noodles | Masala Noodles | Made With Quality Spices,0.4742063237763224
The Theatre Project Gourmet Popcorn - Piri Piri & Lime (60.0 GRAM),Crax Crunchy Pipes Salted Puff Snacks,0.4741624885726664
Lay's India's Magic Masala Potato Chips (67.0 GRAM),Haldiram's Moong Dal,0.4741502612181866
The Healthy Binge Ragi Baked Chips Chatpata Chaat- High Protein & Fibre (40.0 GRAM),Crax Crunchy Pipes Salted Puff Snacks,0.4740870650591077
Heka Bites Roasted Quinoa Puffs Indian Chaat - Low Calorie & Healthy Snacks (40.0 GRAM),Heka Bites Roasted Jowar Puffs Majestic Masala - Low Calorie & Healthy Snacks,0.47400447599938256
Lay's Wafer Chips Red Chilli (48.0 GRAM),YiPPee! Magic Masala Noodles with Added Veggies - The Better Noodles,0.473970682351507
Fortune Suji,Let's Try Namkeen Combo Pack Of 6 (Crunchy Party Mix Peanut Party Mix Aloo Bhujia),0.47396316102198455
Crax Fritts Cream and Onion Corn & Potato Stick Snacks,MAGGI 2-Minute Instant Noodles | Masala Noodles | Made With Quality Spices,0.4737084693681583
Balaji Rumbles Pudina Twist Wafers,Piknik Classic Tomato Chilli,0.47354515859990853
Satyam Poha Jada,Peppy Tomato Disc (55.0 GRAM),0.47353453219577796
Sugar Free D'Lite Choco Chip Biscuits | Trans Fat-free,Palekar Knot Premium Salty Khari | Preservative-free,0.4735049967762734
Nestle Nan Excellapro Stage 2 Follow-Up Formula 6+ Months,Kotton Multipurpose Napkin | 100% Virgin Pulp-Paper | 25 cm X 25 cm | 100Pcs,0.4734910953121178
Lay's West Indies Hot 'n' Sweet Chilli Potato Chips,MAGGI 2-Minute Instant Noodles | Masala Noodles | Made With Quality Spices,0.47337907173538135
Catch Turmeric Powder/Haldi (100.0 GRAM),YiPPee! Magic Masala Noodles with Added Veggies - The Better Noodles,0.47336906198265943
Coca-Cola Zero Sugar Soft Drink,YiPPee! Magic Masala Noodles with Added Veggies - The Better Noodles,0.4732856636278351
Haldiram's Salted Peanut,YiPPee! Magic Masala Noodles with Added Veggies - The Better Noodles,0.4732339948872644
Bhagirathi Rajgira Peeth | Amaranth Flour,Chheda's Yellow Banana Chips (170.0 GRAM),0.4732284709803778
Sunfeast Wowzers Cheese Flavoured Crackers | Artificial Flavour-free,YiPPee! Magic Masala Noodles with Added Veggies - The Better Noodles,0.473066259677809
Smoodh Chocolate Milk Drink | Pet,Chheda's Yellow Banana Chips (170.0 GRAM),0.4729904883447326
Everest Coriander Powder,Let's Try Namkeen Combo Pack Of 6 (Crunchy Party Mix Peanut Party Mix Aloo Bhujia),0.47272727272727266
Stroom Cookie Crunch Delight 10G Protein Bars (45.0 GRAM),Crax Crunchy Pipes Salted Puff Snacks,0.4727168712294571
"Beyond Snack Kerala Banana Chips - Sour Cream, Onion & Parsley (70.0 GRAM)",Crax Crunchy Pipes Salted Puff Snacks,0.472716871229457
Lay's Classic Salted Potato Chips,Let's Try Salted Peanuts,0.47265646796787997
Heka Bites Roasted Jowar Puffs Cheesy Salsa - Low Calorie & Healthy Snacks (40.0 GRAM),Haldiram's Moong Dal,0.472542352817909
Bhagirathi Makai Atta (500.0 GRAM),Society Natural Tea (250.0 GRAM),0.47241906509192366
Sweet Karam Coffee Indian Masala Tapioca Chips | No Palm Oil,Sweet Karam Coffee Garlic Murukku Sticks (95.0 GRAM),0.4723895849995556
"Taali Roasted Bharuchi Peanuts | Salted | Protein Rich, No Palm Oil ,Restaurant-Style Crunch (150.0 GRAM)",Haldiram's Panchratan Mixture,0.47234443431114137
Doritos Dinamita Fiery Lime And Chilli Rolled Tortilla Chips (56.0 GRAM),Let'S Try Roasted Chana (450.0 GRAM),0.47230330447808105
Snackible Biscuit Sticks (with Chocolatey Dip) | Made with Jaggery (30.0 GRAM),Nutrela 100% Vegetarian Soya Chunks,0.47224242424242424
Satyam Poha Jada,Kurkure Green Chutney Style (68.0 GRAM),0.4722111252713267
Stroom Cookie Crunch Delight 10G Protein Bars (45.0 GRAM),Om Shanthi Havan Samagri | Cycle,0.472159090909091
Khari Foods Kimia Gold Dates / Khajur,Om Shanthi Havan Samagri | Cycle,0.47215909090909086
"MAGGI Coconut Milk Powder | Instant, Creamy & Tasty Dishes",Sweet Karam Coffee Indian Masala Tapioca Chips | No Palm Oil,0.4721197993925267
Britannia Good Day Chunkies Chocochip Cookies,Chheda's Yellow Banana Chips (170.0 GRAM),0.47209934684495275
Unibic Danish Coconut Cookies,YiPPee! Magic Masala Noodles with Added Veggies - The Better Noodles,0.47201296268362586
Lay's American Cream & Onion Potato Chips,YiPPee! Magic Masala Noodles with Added Veggies - The Better Noodles,0.4718903194402471
"Disano Penne Pasta, 100% Durum Wheat, No Maida (800.0 GRAM)",MAGGI 2-Minute Instant Noodles | Masala Noodles | Made With Quality Spices,0.47185078909612627
Parle Hide & Seek Choco Roll Centre Fills | Trans Fat-free,YiPPee! Magic Masala Noodles with Added Veggies - The Better Noodles,0.47177975469811023
"MR. MAKHANA Fox Nuts Black Salt - Delicious Teatime Snack, Popped Lotus Seeds, Roasted In Olive Oil",Chheda's Yellow Banana Chips (170.0 GRAM),0.4716425256298571
Kellogg's Multigrain Chocos | More Chocolatey | No-Maida,Let's Try Namkeen Combo Pack Of 6 (Crunchy Party Mix Peanut Party Mix Aloo Bhujia),0.47162790697674417
Tata Sampann Turmeric Powder With Natural Oils Haldi Powder,Paper Boat Chikki Family Pack,0.47159090909090906
Crax Aloo Bhujia Namkeen Snacks (160.0 GRAM),Britannia Marie Gold Biscuits Plain | Trans Fat-free,0.4714011366880337
"Taali Roasted Protein Puffs|Masala Mania| Protein Rich , No Maida, No palm oil| Cheeseballs 2.0 (60.0 GRAM)",Snackible Cheese Dosa Khakra | Millet Snack (100.0 GRAM),0.4713804713804714
Garden Onion Pakoda Namkeen,Lal Sweets Motichoor Laddu,0.47128503437334746
Knorr Classic Vegetable Soup - Sweet Corn,Top Ramen Noodles Curry Veg Pouch,0.4711632453567937
Superyou Cheese Protein Wafer Bar (40.0 GRAM),Kurkure Red Chilli Chataka Chips (68.0 GRAM),0.47112910618792975
Farmley Cream And Onion Makhana Roasted In Olive Oil,Kurkure Solid Masti Masala Twisteez (61.0 GRAM),0.4711228448275862
Beyond Snack Kerala Banana Chips - Desi Masala (70.0 GRAM),Scotch-Brite Scrub Sponge (Pack of 3),0.4710812554218476
Everest Super Garam Masala Pouch,YiPPee! Magic Masala Noodles with Added Veggies - The Better Noodles,0.47098684754735703
Too Yumm! Aloo Bhujia | No Palm Oil | 35% Less Saturated Fat (200.0 GRAM),Haldiram's Soan Papdi,0.4708988099827795
Sugar Free D'Lite Yummy Berry Biscuits | Made with Oats & Quinoa | Sugar-free,Daily Good Saunf / Fennel,0.47086192579798725
Haldiram's Lite Chiwda (200.0 GRAM),YiPPee! Magic Masala Noodles with Added Veggies - The Better Noodles,0.4707607919449825
Sweet Karam Coffee Classic Tapioca Chips | No Palm Oil,Bingo! Cheese Nachos with Free Dip,0.47072273118784747
Let's Try Lite Snacks Sticks | Vrat | Fasting Special,Sunfeast Dark Fantasy Bourbon Chocolate Cream Biscuits | Trans Fat-free,0.4706939083355401
Crax Corn Rings Masala Mania Puff Snacks,Bingo! Mad Angles Masala Madness Crisps,0.4706795665184926
Knorr Classic Tomato Soup,Kotton Multipurpose Napkin | 100% Virgin Pulp-Paper | 25 cm X 25 cm | 100Pcs,0.4706214523102262
"MR. MAKHANA Fox Nuts Black Salt - Delicious Teatime Snack, Popped Lotus Seeds, Roasted In Olive Oil",Lay's Spanish Tomato Tango Potato Chips,0.47056363065983475
Top Ramen Masala Instant Noodles,YiPPee! Magic Masala Noodles with Added Veggies - The Better Noodles,0.4705067386303872
Sundrop Peanut Butter With Honey - Crunchy,Top Ramen Masala Instant Noodles,0.47050077963520326
Bauli Moonfills Croissants Combi,Lal Sweets Motichoor Laddu,0.4704281524926686
Knorr International Italian Mushroom Soup,Lal Sweets Motichoor Laddu,0.4704281524926686
Nestle Milkmaid Partly Skimmed Sweetened Condensed Milk,MAGGI 2-Minute Instant Noodles | Masala Noodles | Made With Quality Spices,0.4702885848005948
Paper Boat Chikki Family Pack,Om Shanthi Havan Samagri | Cycle,0.4701151121605667
Crax Aloo Bhujia Namkeen Snacks (160.0 GRAM),YiPPee! Magic Masala Noodles with Added Veggies - The Better Noodles,0.4700606197252384
Bingo! Mad Angles Masala Madness Crisps,Haldiram's Moong Dal,0.4700430804319744
"Tata Salt, Free Flowing and Iodised Namak, Vacuum Evaporated, Salt in Fresh",Aashirvaad 100% Chana Dal Besan (500.0 GRAM),0.4700021508001557
Wheel Green Lemon & Jasmine Detergent Powder,Aashirvaad 100% Chana Dal Besan (500.0 GRAM),0.4700021508001557
Modern Kitchens Hot Chips Salted (100.0 GRAM),YiPPee! Magic Masala Noodles with Added Veggies - The Better Noodles,0.46998287878093586
"Britannia Jimjam Pops, Crunchy Cookie Vanilla Cream Biscuits",MAGGI 2-Minute Instant Noodles | Masala Noodles | Made With Quality Spices,0.46994432126139435
Satyam Puffed Rice Kurmura A (200.0 GRAM),YiPPee! Magic Masala Noodles with Added Veggies - The Better Noodles,0.4699296380130196
Lay's Classic Salted Potato Chips,Crax Crunchy Pipes Salted Puff Snacks,0.46985192049473307
Snapin Chilli Flakes Sachet Pouch,Haldiram Aloo Bhujia ,0.4697015375339161
TMI COLMAN Fresh Phool Makhana,"MAGGI Coconut Milk Powder | Instant, Creamy & Tasty Dishes",0.4696969696969697
Lay's Classic Salted Potato Chips,Haldiram's Masala Tasty Nuts (200.0 GRAM),0.4695644404735314
Nissin Geki - Hot and Spicy Korean Veg Flavoured Ramen Instant Noodles | 5 in 1 pack,Sweet Karam Coffee Madras Mixture,0.46955922865013766
Crax Aloo Bhujia Namkeen Snacks (160.0 GRAM),Crax Mast Matar Green Peas Namkeen Snacks,0.46949292851562957
Crax Crunchy Pipes Salted Puff Snacks,YiPPee! Magic Masala Noodles with Added Veggies - The Better Noodles,0.46943006417127886
Crax Double Mazza Roasted Chana Peanuts Namkeen Snacks (160.0 GRAM),Tata Sampann 100% Chana Dal Fine Besan,0.46941831277965734
Bhagirathi Jowar Atta (500.0 GRAM),Sunfeast Dark Fantasy Bourbon Chocolate Cream Biscuits | Trans Fat-free,0.4693809389650637
Stroom Choco Almond Bliss Protein Bars (45.0 GRAM),Crax Crunchy Pipes Salted Puff Snacks,0.46936426930584385
Bhagirathi Jowar Atta (500.0 GRAM),Society Natural Tea (250.0 GRAM),0.469351408825093
"Meetha Paan, 12 Pcs | Mouth Freshener | by GO DESi",Let'S Try Roasted Chana (450.0 GRAM),0.469351408825093
Nutraj Cashew/Kaju,Let'S Try Roasted Chana (450.0 GRAM),0.469351408825093
Satyam Nighties Spices Jeera,Let's Try Namkeen Combo Pack Of 6 (Crunchy Party Mix Peanut Party Mix Aloo Bhujia),0.46928925619834705
Everest Chhole Masala,YiPPee! Magic Masala Noodles with Added Veggies - The Better Noodles,0.46917220769227774
Tata Tea Agni Tea,Let's Try Namkeen Combo Pack Of 6 (Crunchy Party Mix Peanut Party Mix Aloo Bhujia),0.4691691104594331
Yogabar Dark Chocolate Oatmeal 400g Breakfast Cereal Gluten Free Oats High in Protein & Gluten-Free,YiPPee! Magic Masala Noodles with Added Veggies - The Better Noodles,0.4691506415140341
Nescafe Cafe Style Iced Latte Cold Coffee (170.0 MILLILITRE),Aashirvaad 100% Chana Dal Besan (500.0 GRAM),0.4691219969597061
Brooke Bond Red Label Tea,Modern Kitchens Butter Murukku,0.46911976911976916
Lay's India's Magic Masala Potato Chips (67.0 GRAM),Chheda's Yellow Banana Chips (170.0 GRAM),0.4691020000467691
"Ritebite Max Protein Spanish Tomato 10G Multigrain Protein Chips, Healthy Snacks & Munchies",Crax Crunchy Pipes Salted Puff Snacks,0.4689351362596213
"Vicks Vaporub - Relief for Cold, Cough, Congestion",Crax Crunchy Pipes Salted Puff Snacks,0.4688736446340955
Nutrela 100% Vegetarian Soya Chunks,Haldiram Aloo Bhujia ,0.46881195128858677
Crax Double Mazza Roasted Chana Peanuts Namkeen Snacks (160.0 GRAM),Lay's Potato Chips - Sizzling Hot Spicy Flavour,0.46880353688864324
Bhagirathi Makai Atta (500.0 GRAM),Kurkure Masala Munch,0.46874698542518617
Yu 100% Whole Wheat Hakka Noodles,MAGGI 2-Minute Instant Noodles | Masala Noodles | Made With Quality Spices,0.46870896430122067
Nissin Cup Noodles Italiano,YiPPee! Magic Masala Noodles with Added Veggies - The Better Noodles,0.4686962268896258
Tata Sampann 100% Chana Dal Fine Besan,YiPPee! Magic Masala Noodles with Added Veggies - The Better Noodles,0.4686780884907524
Smoodh Toffee Caramel Milk,Smoodh Chocolate Milk Drink | Pet,0.4686546817755814
Modern Kitchens Boondi Masala,Sunfeast All Rounder Crunchy Potato Chatpata Masala Flavoured Crackers | Trans Fat-free,0.46862648221343867
Lay's Classic Salted Potato Chips,The Theatre Project Gourmet Popcorn - Cheddar Cheese (60.0 GRAM),0.4685896397126344
Let'S Try Roasted Chana (450.0 GRAM),Cheetos Cheese Puffs (28.0 GRAM),0.46856714340668126
"Tata Salt, Free Flowing and Iodised Namak, Vacuum Evaporated, Salt in Fresh",Kurkure Solid Masti Masala Twisteez (61.0 GRAM),0.46856040511212915
Crax Natkhat Classic Wheat Puff Snacks,YiPPee! Magic Masala Noodles with Added Veggies - The Better Noodles,0.4685528069915568
"Meetha Paan, 12 Pcs | Mouth Freshener | by GO DESi",Scotch-Brite Scrub Sponge (Pack of 3),0.4685210312075983
Knorr Classic Vegetable Soup - Sweet Corn,Coca-Cola Zero Sugar Soft Drink,0.468404980032887
Organic Tattva Brown Sugar Pouch,Coca-Cola Zero Sugar Soft Drink,0.468404980032887
Balaji Rumbles Pudina Twist Wafers,Crax Crunchy Pipes Salted Puff Snacks,0.46838001919982897
Chheda's Golden Plain Salted Chips (170.0 GRAM),Chheda's Yellow Banana Chips (170.0 GRAM),0.46833704843630647
"Ching's Secret Veg Hakka Noodles, Cooks In 5-7 mins, Just Soak & Drain",YiPPee! Magic Masala Noodles with Added Veggies - The Better Noodles,0.4681514339906004
Satyam Poha Jada,Britannia Nutrichoice High-Fibre Digestive Biscuits,0.4681004291422088
Sweet Karam Coffee Kerala Nendran Banana Chips (65.0 GRAM),YiPPee! Magic Masala Noodles with Added Veggies - The Better Noodles,0.468079521327929
Farmley Premium California Natural Dried Cranberry,YiPPee! Magic Masala Noodles with Added Veggies - The Better Noodles,0.468079521327929
Bauli Moonfils Croissants Strawberry (Veg),YiPPee! Magic Masala Noodles with Added Veggies - The Better Noodles,0.468079521327929
Lay's India's Magic Masala Potato Chips (67.0 GRAM),Let's Try Namkeen Combo Pack Of 6 (Crunchy Party Mix Peanut Party Mix Aloo Bhujia),0.4680734809232219
Bingo! Cheese Nachos with Free Dip,Haldiram's Salted Peanut,0.46801887053740415
"Taali Roasted Bharuchi Peanuts | Salted | Protein Rich, No Palm Oil ,Restaurant-Style Crunch (150.0 GRAM)",Daily Good Till - Sesame White (100.0 GRAM),0.46797818881642256
Mapro Rose Sharbat,Maggi Special Masala Instant Noodles,0.4679731027857829
Smoodh Chocolate Milk Drink | Pet,Crax Crunchy Pipes Salted Puff Snacks,0.4678435014229677
"ACT II Instant Popcorn - Cheese, Buy 2 Get 1 free offer, Hot & Fresh in 3 mins (210.0 GRAM)",Mr Makhana Lime Chilli,0.46776859504132223
Modern Kitchens Banana Chips Salted,Crax Crunchy Pipes Salted Puff Snacks,0.46776176775745015
Heka Bites Roasted Quinoa Puffs Indian Chaat - Low Calorie & Healthy Snacks (40.0 GRAM),MAGGI 2-Minute Instant Noodles | Masala Noodles | Made With Quality Spices,0.46775878165480217
Haldiram's Bhujia Sev (200.0 GRAM),Cheetos Cheese Puffs (28.0 GRAM),0.4677562292349039
Too Yumm! Dahi Papdi Chaat Multigrain Healthy Chips High Protein Crunchy Crisps,Piknik Classic Tomato Chilli,0.4677552652625967
Kinder Creamy Milky And Cocoa With Extruded Rice (19.0 GRAM),YiPPee! Magic Masala Noodles with Added Veggies - The Better Noodles,0.46772248126589394
Garden Onion Pakoda Namkeen,Haldiram's Soan Papdi,0.4676979784075267
Maggi Special Masala Instant Noodles,MAGGI 2-Minute Instant Noodles | Masala Noodles | Made With Quality Spices,0.4675859601142514
Daily Good Chilli With Stem / Guntur With Stem,YiPPee! Magic Masala Noodles with Added Veggies - The Better Noodles,0.467443543717429
Nutraj Cashew/Kaju,YiPPee! Magic Masala Noodles with Added Veggies - The Better Noodles,0.46744354371742897
Sweet Karam Coffee Indian Masala Tapioca Chips | No Palm Oil,Parle Melody Chocolaty Toffee (176.0 GRAM),0.4672527987808452
Korean Kab's Jackpot Cheese and Butter Instant Noodles | Hot Chicken | Non Veg,YiPPee! Magic Masala Noodles with Added Veggies - The Better Noodles,0.4671946829133204
Paper Boat Chikki Family Pack,Haldiram's Soan Papdi,0.46716980451886764
"MAGGI Coconut Milk Powder | Instant, Creamy & Tasty Dishes",Haldiram's Mixture (400.0 GRAM),0.4671565722413179
Surf Excel Easy Wash Detergent Powder,Chheda's Yellow Banana Chips (170.0 GRAM),0.4671426059433796
Modern Kitchens Hot Chips Salted (100.0 GRAM),Crax Crunchy Pipes Salted Puff Snacks,0.4670488032291038
Knorr Classic Tomato Soup,Nissin Cup Noodles Italiano,0.46690040904916935
"Maggi Nutri-licious Masala Veg Atta Noodles, Instant Noodles",YiPPee! Magic Masala Noodles with Added Veggies - The Better Noodles,0.4668147522946184
Satyam Poha Jada,Haldiram's Salted Peanut,0.46681263633498804
Daily Good Sooji Rava Barik / Chiroti Sooji,Daily Good Lachkari Kolam Raw Rice,0.46680761099365753
Brooke Bond Red Label Tea,Parle Shakti Milk Glucose Biscuits | Cholesterol-free and Trans Fat-free,0.46674393251410373
Cadbury Oreo Chocolate Flavour Creme Sandwich Biscuit Family Pack,Daily Good Cashew | W320 (100.0 GRAM),0.4666011721493004
Heka Bites Roasted Jowar Puffs Majestic Masala - Low Calorie & Healthy Snacks,RiteBite Max Protein 10g Protein Bar Choco Almond,0.46642047261629466
Satyam Chilli Bedgi,Crax Crunchy Pipes Salted Puff Snacks,0.4664139796130643
Crax Fritts Cream and Onion Corn & Potato Stick Snacks,YiPPee! Magic Masala Noodles with Added Veggies - The Better Noodles,0.46631681173032297
Bingo! Cheese Nachos with Free Dip,Sweet Karam Coffee Garlic Murukku Sticks (95.0 GRAM),0.4661119825410898
Britannia 50-50 Maska Chaska Biscuits Butter Flavoured Crackers | Trans Fat-free,MAGGI 2-Minute Instant Noodles | Masala Noodles | Made With Quality Spices,0.4660763913274674
Kurkure Solid Masti Masala Twisteez (61.0 GRAM),MAGGI 2-Minute Instant Noodles | Masala Noodles | Made With Quality Spices,0.46603277518668607
"Taali Roasted Bharuchi Peanuts | Salted | Protein Rich, No Palm Oil ,Restaurant-Style Crunch (150.0 GRAM)",Let'S Try Roasted Chana (450.0 GRAM),0.46602267542917036
Let's Try Soya Sticks (160.0 GRAM),Sunfeast Dark Fantasy Bourbon Chocolate Cream Biscuits | Trans Fat-free,0.4659067520385596
Bingo! Original Style Potato Chips - Korean Style,Sunfeast Dark Fantasy Bourbon Chocolate Cream Biscuits | Trans Fat-free,0.4659067520385596
Unibic Wafer Belgium Chocolate Qubz Cubes Wafers | Maida-free,Crax Crunchy Pipes Salted Puff Snacks,0.4658659020812041
Britannia Milk Bikis Glucose Biscuits | Trans Fat-free,MAGGI Pazzta Instant Pasta - Cheese Macaroni,0.46585826314260825
Heka Bites Roasted Jowar Puffs Cheesy Salsa - Low Calorie & Healthy Snacks (40.0 GRAM),YiPPee! Magic Masala Noodles with Added Veggies - The Better Noodles,0.4658444092632819
Lets Try Crunchy Party Mix (180.0 GRAM),Haldiram's Masala Tasty Nuts (200.0 GRAM),0.46583773856501126
Sweet Karam Coffee Onion Kodubale / Ring Murukku | No Palm Oil and No Maida,YiPPee! Magic Masala Noodles with Added Veggies - The Better Noodles,0.4657716438135375
Modern Kitchens Spicy Murukku (150.0 GRAM),YiPPee! Magic Masala Noodles with Added Veggies - The Better Noodles,0.4657716438135375
Superyou Cheese Protein Wafer Bar (40.0 GRAM),Palekar Jeeo Butter | Toasted Buns With Jeera And Khari | Trans Fat-free,0.4657654601984499
Crax Mast Matar Green Peas Namkeen Snacks,Farmley Peri Peri Makhana Roasted In Olive Oil,0.46575903967208315
Modern Kitchens Hot Chips Spicy,YiPPee! Magic Masala Noodles with Added Veggies - The Better Noodles,0.46573129630454463
"Taali Roasted Bharuchi Peanuts | Nimbu Pudina | Protein Rich , No Palm Oil ,Restaurant-Style Crunch",YiPPee! Magic Masala Noodles with Added Veggies - The Better Noodles,0.46573129630454463
"Taali Roasted Bharuchi Peanuts | Salted | Protein Rich, No Palm Oil ,Restaurant-Style Crunch (150.0 GRAM)",Everest Cumin Powder (50.0 GRAM),0.46558762088974853
"Beyond Snack Kerala Banana Chips - Sour Cream, Onion & Parsley (70.0 GRAM)",Peppy Tomato Disc (55.0 GRAM),0.4655356380708493
Unibic Wafer Belgium Chocolate Qubz Cubes Wafers | Maida-free,Chheda's Yellow Banana Chips (170.0 GRAM),0.4654500602696717
Nissin Geki - Hot and Spicy Korean Veg Flavoured Ramen Instant Noodles | 5 in 1 pack,Top Ramen Curry Veg Instant Noodles,0.465364758698092
Nestle Nan Excellapro Stage 2 Follow-Up Formula 6+ Months,Chheda's Golden Plain Salted Chips (170.0 GRAM),0.4652150980884152
Stroom Choco Almond Bliss Protein Bars (45.0 GRAM),Bhagirathi Rajgira Peeth | Amaranth Flour,0.46518983492086663
Let's Try Soya Sticks (160.0 GRAM),Society Natural Tea (250.0 GRAM),0.4651682411885058
Namaskaram Plain Boondi,Charliee Rajgira Laddu,0.46513838412077163
Kellogg's Corn Flakes Power of 5 (Super Saver PacK),Rajdhani Roasted Chana (200.0 GRAM),0.4651294946653597
Sweet Karam Coffee Madras Mixture,Daily Good Watermelon Seeds / Tarbuj Beej,0.4650252525252525
Let's Try Combo Pack | Aloo Bhujia | Navratan | Peanut Party | Crunchy Party,Society Natural Tea (250.0 GRAM),0.46500556244708297
Lay's Classic Salted Potato Chips,Haldiram's Salted Peanut,0.4650051126589435
Lay's Wafer Chips Red Chilli (48.0 GRAM),Let's Try Namkeen Combo Pack Of 6 (Crunchy Party Mix Peanut Party Mix Aloo Bhujia),0.46495215311004784
Bauli Moonfils Croissants Choco Cream (Egg) (50.0 GRAM),YiPPee! Magic Masala Noodles with Added Veggies - The Better Noodles,0.4649153641703888
Daily Good Poha / Avalakki Thick,YiPPee! Magic Masala Noodles with Added Veggies - The Better Noodles,0.4649054679324065
Alpenliebe Juzt Jelly Strawberry Flavour Pouch,YiPPee! Magic Masala Noodles with Added Veggies - The Better Noodles,0.4649054679324065
Lets Try Crunchy Party Mix (180.0 GRAM),Crax Crunchy Pipes Salted Puff Snacks,0.4647586747441127
Alpenliebe Pop Assorted Flavours Lollipop (64.0 GRAM),YiPPee! Magic Masala Noodles with Added Veggies - The Better Noodles,0.464738265822019
Orion K Snack Rings 3x Spicy,YiPPee! Magic Masala Noodles with Added Veggies - The Better Noodles,0.464738265822019
Britannia Good Day Chunkies Chocochip Cookies,Lay's American Cream & Onion Potato Chips,0.4647185959718439
Let's Try Soya Sticks (160.0 GRAM),MAGGI 2-Minute Instant Noodles | Masala Noodles | Made With Quality Spices,0.46470153471588194
Mapro Rose Sharbat,The Healthy Binge Quinoa Baked Chips Smokey Bbq -High Protein And Fibre (40.0 GRAM),0.4646203975236234
Chheda's Golden Plain Salted Chips (170.0 GRAM),YiPPee! Magic Masala Noodles with Added Veggies - The Better Noodles,0.4646014728714307
Nissin Geki - Hot and Spicy Korean Veg Flavoured Ramen Cup Noodles,YiPPee! Magic Masala Noodles with Added Veggies - The Better Noodles,0.46454016766949463
Too Yumm! Dahi Papdi Chaat Multigrain Healthy Chips High Protein Crunchy Crisps,Haldiram's Moong Dal,0.4644876536221492
Ferrero Rocher Moments Pack,Crax Crunchy Pipes Salted Puff Snacks,0.464423592786835
Amul Taaza Homogenised Toned Milk (Tetra Pack),Daily Good Raw Peanut - Singdana,0.46428384565075204
Maggi Chicken Instant Noodles,Ferrero Rocher Moments Pack,0.4641443676531396
Satyam Chilli Bedgi,YiPPee! Magic Masala Noodles with Added Veggies - The Better Noodles,0.4640092646207295
Fortune Suji,Lay's Spanish Tomato Tango Potato Chips,0.46394647522770005
Haldiram's Mathri (200.0 GRAM),Kotton Multipurpose Napkin | 100% Virgin Pulp-Paper | 25 cm X 25 cm | 100Pcs,0.46375822279736867
Let's Try Potato Wafers | Vrat | Fasting Chips,Cheetos Cheese Puffs (28.0 GRAM),0.46371424558775337
Britannia Good Day Chunkies Chocochip Cookies,Kurkure Playz Puffcorn Yummy Cheese,0.46368809396954414
Kurkure Yummy PuffCorn Yummy Cheese Chips,Kurkure Solid Masti Masala Twisteez (61.0 GRAM),0.46355952839863546
Maggi Chicken Instant Noodles,YiPPee! Magic Masala Noodles with Added Veggies - The Better Noodles,0.46355701387548526
Nissin Geki - Hot and Spicy Korean Veg Flavoured Ramen Cup Noodles,Mr Makhana Lime Chilli,0.4634105025409373
Daily Good Tamarind / Imli (200.0 GRAM),Kurkure Green Chutney Style (68.0 GRAM),0.4632753193118693
"Ritebite Max Protein Cheese & Jalapeno 10G Multigrain Protein Chips, Healthy Snacks & Munchies",Kurkure Green Chutney Style (68.0 GRAM),0.46325439981561173
Bingo! Mad Angles Masala Madness Crisps,Kurkure Masala Munch,0.4632294679921999
Maggi Chicken Instant Noodles,Haldiram's Moong Dal,0.463203829261668
Heka Bites Roasted Makhana Himalayan Pink Salt,Unibic Choco Chip Flavoured Biscuits | Trans Fat-free,0.4631462681522434
Namaskaram Plain Boondi,Crax Crunchy Pipes Salted Puff Snacks,0.4630695881431416
Parle Krack Jack Sweet and Salty Plain Crackers | Artificial Colour-free,MAGGI 2-Minute Instant Noodles | Masala Noodles | Made With Quality Spices,0.4629142211208208
Kurkure Playz Puffcorn Yummy Cheese,MAGGI 2-Minute Instant Noodles | Masala Noodles | Made With Quality Spices,0.46290861825688645
Beyond Snack Kerala Banana Chips - Original Style (25.0 GRAM),YiPPee! Magic Masala Noodles with Added Veggies - The Better Noodles,0.4628275771896072
Tata Sampann 100% Pure Premium Raisins/Kishmish Seedless,YiPPee! Magic Masala Noodles with Added Veggies - The Better Noodles,0.46272392039740345
Haldirams Namkeen - Khara Boondi,YiPPee! Magic Masala Noodles with Added Veggies - The Better Noodles,0.4627239203974034
Britannia Milk Bikis Glucose Biscuits | Trans Fat-free,MAGGI 2-Minute Instant Noodles | Masala Noodles | Made With Quality Spices,0.4626704965396761
Let's Try Combo Pack | Aloo Bhujia | Navratan | Peanut Party | Crunchy Party,Aashirvaad 100% Chana Dal Besan (500.0 GRAM),0.4624951720026532
Catch Black Pepper Sprinkler (50.0 GRAM),MAGGI 2-Minute Instant Noodles | Masala Noodles | Made With Quality Spices,0.46245334151454726
Everest Coriander Powder (200.0 GRAM),Lal Sweets Motichoor Laddu,0.4623866456124521
Veeba Chef'S Special Veg Mayonnaise Smart,Piknik Classic Tomato Chilli,0.4623866456124521
Sweet Karam Coffee Garlic Murukku Sticks (95.0 GRAM),Parle Hide & Seek Milano Chocolate Flavoured Biscuits,0.4623837777626225
Sunfeast Nice Biscuit Coconut Flavoured Biscuits | Trans Fat-free,Aashirvaad 100% Chana Dal Besan (500.0 GRAM),0.4622196476537896
Kab's Korean Jackpot Ramyun Soup Noodles Non Veg,YiPPee! Magic Masala Noodles with Added Veggies - The Better Noodles,0.4621437302965965
Haldirams Soya Sticks,Let's Try Namkeen Combo Pack Of 6 (Crunchy Party Mix Peanut Party Mix Aloo Bhujia),0.46211882605583393
Sofit Chocolate Soy Milk,Sunfeast All Rounder Crunchy Potato Chatpata Masala Flavoured Crackers | Trans Fat-free,0.46193181818181817
Satyam Nighties Spices Chilli Kashmiri (100.0 GRAM),Sunfeast All Rounder Crunchy Potato Chatpata Masala Flavoured Crackers | Trans Fat-free,0.46193181818181817
Tata Sampann Turmeric Powder With Natural Oils Haldi Powder,Sunfeast All Rounder Crunchy Potato Chatpata Masala Flavoured Crackers | Trans Fat-free,0.46193181818181817
"Tetley Ginger, Mint, and Lemon Green Tea",Sunfeast All Rounder Crunchy Potato Chatpata Masala Flavoured Crackers | Trans Fat-free,0.46193181818181817
Nestle Nan Excellapro Stage 2 Follow-Up Formula 6+ Months,Origami Luncheon Tissue Paper Napkins - 32 X 32 cm - 50 Serviettes,0.46186853023724506
Fortune Suji,Kurkure Solid Masti Masala Twisteez (61.0 GRAM),0.46182293523469986
Brooke Bond Red Label Tea,"Taali Roasted Bharuchi Peanuts | Salted | Protein Rich, No Palm Oil ,Restaurant-Style Crunch (150.0 GRAM)",0.4618034447821682
Orbit Sugar-Free Mixed Fruit Chewing Gum Pot (19800.0 MILLIGRAM),Crax Crunchy Pipes Salted Puff Snacks,0.4617960194188756
Britannia Treat Rich Creme Choco Flavoured Wafers | Trans Fat-free,YiPPee! Magic Masala Noodles with Added Veggies - The Better Noodles,0.4617518113209384
Sunfeast Nice Biscuit Coconut Flavoured Biscuits | Trans Fat-free,Kurkure Masala Munch,0.4617228048244091
Catch Chatpata Chat Masala Carton (100.0 GRAM),Mr Makhana Super Snack - Pudina Party,0.46165376354055604
Organic Tattva Brown Sugar Pouch,Sweet Karam Coffee Kerala Nendran Banana Chips (65.0 GRAM),0.461590909090909
Bevzilla Assorted Instant Coffee Powder,Haldiram's Lite Chiwda (200.0 GRAM),0.46141053009763083
Heka Bites Roasted Quinoa Puffs Indian Chaat - Low Calorie & Healthy Snacks (40.0 GRAM),RiteBite Max Protein 10g Protein Bar Choco Almond,0.4613000512896177
Cornitos Jalapeno Nachos and Salsa Dip Tray (75.0 GRAM),YiPPee! Magic Masala Noodles with Added Veggies - The Better Noodles,0.4612957601492634
"Taali Roasted Protein Puffs | Smokey Bbq | Protein Rich,No Maida , No Palm Oil | Cheeseballs 2.0 (60.0 GRAM)",Haldiram Aloo Bhujia ,0.461290903941711
Crax Double Mazza Roasted Chana Peanuts Namkeen Snacks (160.0 GRAM),Crax Fritts Peri Peri Corn & Potato Stick Snacks,0.4612244897959184
Superyou Cheese Protein Wafer Bar (40.0 GRAM),Kurkure Solid Masti Masala Twisteez (61.0 GRAM),0.4611973130317958
Mapro Rose Sharbat,Haldiram's Salted Peanut,0.46119359534206694
Nongshim Korean SoonVeggie Cup Noodle Soup Veg,Haldiram's Salted Peanut,0.4611935953420669
Cornitos Nacho Crisps - Cheese And Herbs,YiPPee! Magic Masala Noodles with Added Veggies - The Better Noodles,0.4611514248050364
Unibic Fruit & Nut cookies,Haldiram Aloo Bhujia ,0.4611265094641838
Modern Kitchens Potato Chips Salted (70.0 GRAM),YiPPee! Magic Masala Noodles with Added Veggies - The Better Noodles,0.46107057305619564
Nissin Geki - Hot and Spicy Korean Veg Flavoured Ramen Cup Noodles,Top Ramen Noodles Curry Veg Pouch,0.46092056610990695
Nutraj Cashew/Kaju,Let's Try Namkeen Combo Pack Of 6 (Crunchy Party Mix Peanut Party Mix Aloo Bhujia),0.4609090909090909
Modern Kitchens Banana Chips Salted,YiPPee! Magic Masala Noodles with Added Veggies - The Better Noodles,0.46078377817351496
Let's Try Lite Snacks Sticks | Vrat | Fasting Special,MAGGI 2-Minute Instant Noodles | Masala Noodles | Made With Quality Spices,0.46070104941285706
Mapro Rose Sharbat,Max Protein Choco Chips Flavoured Biscuits | Maida-free,0.46068146564840173
Haldirams Kaju - Salted,YiPPee! Magic Masala Noodles with Added Veggies - The Better Noodles,0.4606790545875664
Knorr Classic Tomato Soup,Everest Shahi Biryani Masala (50.0 GRAM),0.46066115702479343
"Vicks Vaporub - Relief for Cold, Cough, Congestion",Palekar Knot Premium Salty Khari | Preservative-free,0.460654809642874
MTR Vermicelli,Crax Crunchy Pipes Salted Puff Snacks,0.46059592581331704
"Meetha Paan, 12 Pcs | Mouth Freshener | by GO DESi",ACT II Ready to Eat Caramel Popcorn - Classic Caramel Bliss (35.0 GRAM),0.460514233241506
Unibic Wafer Belgium Chocolate Qubz Cubes Wafers | Maida-free,Bhagirathi Rajgira Peeth | Amaranth Flour,0.46044944937479804
Tata Sampann Kitchen King Masala with Natural Oils Rich Aroma & Flavour,Charliee Rajgira Laddu,0.4604400166044002
Let's Try Lite Snacks Sticks | Vrat | Fasting Special,Haldiram's Moong Dal,0.46030804059586017
Kellogg's Corn Flakes Power of 5 (Super Saver PacK),Garden Sabudana Chivda Namkeen,0.46025849896817644
Brooke Bond Red Label Tea,Daily Good Till - Sesame White (100.0 GRAM),0.46021231699623655
Lay's Potato Chips - Chile Lemon Flavour,MAGGI Pazzta Instant Pasta - Cheese Macaroni,0.4601069265606007
"Vicks Vaporub - Relief for Cold, Cough, Congestion",Paper Boat Chikki Family Pack,0.46008869179600886
Let'S Try Special Makhana Mixture | Fasting Snacks (90.0 GRAM),RiteBite Max Protein 10g Protein Bar Choco Almond,0.4600601934442543
Crax Fritts Cream and Onion Corn & Potato Stick Snacks,Lay's Potato Chips - Sizzling Hot Spicy Flavour,0.4599442574513777
Crax Double Mazza Roasted Chana Peanuts Namkeen Snacks (160.0 GRAM),Crax Fritts Cream and Onion Corn & Potato Stick Snacks,0.4599009539391992
Too Yumm! Aloo Bhujia | No Palm Oil | 35% Less Saturated Fat (200.0 GRAM),"Paper Boat Mango | Juicy Sips, Chewy Bites | Refreshing Summer Juice Drink",0.4597806017160856
Doritos Nacho Cheese Flavoured Corn Chips,Britannia Marie Gold Biscuits Plain | Trans Fat-free,0.45956989247311825
Lijjat Moong Papad,YiPPee! Magic Masala Noodles with Added Veggies - The Better Noodles,0.4595451121031561
Korean Nongshim Kimchi Ramyun Noodle Soup Veg,YiPPee! Magic Masala Noodles with Added Veggies - The Better Noodles,0.45947743241065186
Doritos Nacho Cheese Flavoured Corn Chips (45.0 GRAM),Kurkure Solid Masti Masala Twisteez (61.0 GRAM),0.45947194897848886
Nestle Nan Excellapro Stage 2 Follow-Up Formula 6+ Months,Rajdhani Roasted Chana (200.0 GRAM),0.4594571837548065
Epigamia Turbo Coffee Protein Milkshake,Om Shanthi Havan Samagri | Cycle,0.4593980343980344
Sofit Vanilla Soy Milk,Om Shanthi Havan Samagri | Cycle,0.4593980343980344
Heka Bites Roasted Quinoa Puffs Indian Chaat - Low Calorie & Healthy Snacks (40.0 GRAM),Haldiram's Salted Peanut,0.4592627609118071
Namaskaram Plain Boondi,Haldiram Aloo Bhujia ,0.4592443604459626
Peppy Tomato Disc (55.0 GRAM),Cheetos Cheese Puffs (28.0 GRAM),0.45923734077289563
Top Ramen Noodles Curry Veg Pouch,Everest Coriander Powder (100.0 GRAM),0.4592278991642917
Tata Sampann Masoor Dal (500.0 GRAM),Veeba Chef'S Special Veg Mayonnaise Smart,0.4592207792207793
Mapro Rose Sharbat,MAGGI 2-Minute Instant Noodles | Masala Noodles | Made With Quality Spices,0.4591410035312475
Too Yumm! Dahi Papdi Chaat Multigrain Healthy Chips High Protein Crunchy Crisps,Balaji Tomato Wafers (135.0 GRAM),0.4590675191018244
Britannia Milk Bikis Glucose Biscuits | Trans Fat-free,Balaji Tomato Wafers (135.0 GRAM),0.4590675191018244
Society Natural Tea (250.0 GRAM),Cheetos Cheese Puffs (28.0 GRAM),0.45905308973344916
"Yoga Bar Muesli Dark Chocolate & Cranberry,Breakfast Cereals, Protein Granola, Gluten Free",Crax Crunchy Pipes Salted Puff Snacks,0.45901493293295104
Bevzilla Assorted Instant Coffee Powder,MAGGI 2-Minute Instant Noodles | Masala Noodles | Made With Quality Spices,0.45899734239121887
Haldiram's All In One Mixture (400.0 GRAM),Crax Crunchy Pipes Salted Puff Snacks,0.4588505096733929
Stroom Cookie Crunch Delight 10G Protein Bars (45.0 GRAM),Chheda's Yellow Banana Chips (170.0 GRAM),0.45880077369439076
Britannia Nice Time Coconut Flavoured Biscuits | Artificial Flavour-free,MAGGI Pazzta Instant Pasta - Cheese Macaroni,0.4587998046101444
Ferrero Rocher Moments Pack,Chheda's Golden Plain Salted Chips (170.0 GRAM),0.45876474726602356
Bevzilla Assorted Instant Coffee Powder,The Healthy Binge Quinoa Baked Chips Smokey Bbq -High Protein And Fibre (40.0 GRAM),0.4587508579272478
Sweet Karam Coffee Madras Mixture,Polka Pop Zero Sugar Blueberry Sparkling Water,0.4587494664959453
The Theatre Project Gourmet Popcorn - Piri Piri & Lime (60.0 GRAM),RiteBite Max Protein 10g Protein Bar Choco Almond,0.45868718302942124
"Yogabar Multigrain Energy Bars Chocolate Chunk with Nuts, Oats and Millets,Chia Seeds, Protein Bars",Lay's Spanish Tomato Tango Potato Chips,0.4585517487715639
Nissin Cup Noodles Super Hot Chilli,Nissin Geki - Hot and Spicy Korean Kimchi Flavoured Ramen Instant Noodles,0.45850553387499204
"Disano Penne Pasta, 100% Durum Wheat, No Maida (800.0 GRAM)",The Theatre Project Gourmet Popcorn - Cheddar Cheese (60.0 GRAM),0.4584460522176785
Paper Boat Chikki Family Pack,Crax Crunchy Pipes Salted Puff Snacks,0.4583921175558371
Beyond Snack Kerala Banana Chips - Desi Masala (70.0 GRAM),Garden Sabudana Chivda Namkeen,0.4583721936445363
Britannia Good Day Chunkies Chocochip Cookies,Tata Sampann 100% Chana Dal Fine Besan,0.45836317135549876
Britannia Milk Bikis Glucose Biscuits | Trans Fat-free,Cheetos Masala Balls (28.0 GRAM),0.4582865381696768
Everest Coriander Powder (200.0 GRAM),Haldiram Aloo Bhujia ,0.4582053460558133
Maggi Chicken Instant Noodles,The Theatre Project Gourmet Popcorn - Cheddar Cheese (60.0 GRAM),0.4581765366079092
Farmley Peri Peri Makhana Roasted In Olive Oil,Crax Aloo Bhujia Namkeen Snacks (160.0 GRAM),0.4581701975507286
Daily Good Till - Sesame White (100.0 GRAM),MAGGI 2-Minute Instant Noodles | Masala Noodles | Made With Quality Spices,0.4580552429553533
Britannia Good Day Chunkies Chocochip Cookies,Palekar Jeeo Butter | Toasted Buns With Jeera And Khari | Trans Fat-free,0.45802817507210153
Parle Hide & Seek Black Bourbon Chocolate Cream Biscuits | Trans Fat-free,YiPPee! Magic Masala Noodles with Added Veggies - The Better Noodles,0.45790387955993045
"Yoga Bar Muesli Dark Chocolate & Cranberry,Breakfast Cereals, Protein Granola, Gluten Free",YiPPee! Magic Masala Noodles with Added Veggies - The Better Noodles,0.45790387955993045
Sunfeast Farmlite Gold and Almond Oats Biscuits | Trans Fat-free,YiPPee! Magic Masala Noodles with Added Veggies - The Better Noodles,0.45790387955993045
"Yoga Bar  Rolled Oats 400g Pouch | Premium Golden Rolled Oats, Gluten Free Oats with High Fibre",YiPPee! Magic Masala Noodles with Added Veggies - The Better Noodles,0.45790387955993045
Crax Natkhat Classic Wheat Puff Snacks,Lay's Potato Chips - Sizzling Hot Spicy Flavour,0.4579011290540237
Stroom Cookie Crunch Delight 20g protein Bars (63.0 GRAM),Om Shanthi Havan Samagri | Cycle,0.4578512396694215
Snapin Chilli Flakes Sachet Pouch,Everest Shahi Biryani Masala (50.0 GRAM),0.4576891495601173
Hershey's Vanilla Milkshake,Yogabar Dark Chocolate Oatmeal 400g Breakfast Cereal Gluten Free Oats High in Protein & Gluten-Free,0.4576805650489862
Mr Makhana Cream And Onion,Haldiram's Masala Tasty Nuts (200.0 GRAM),0.4576043273717692
"Beyond Snack Kerala Banana Chips - Sour Cream, Onion & Parsley (70.0 GRAM)",Haldiram's Moong Dal,0.45755500207555
Nescafe Cafe Style Iced Latte Cold Coffee (170.0 MILLILITRE),Sunfeast Nice Biscuit Coconut Flavoured Biscuits | Trans Fat-free,0.45754789983594885
Saffola Masala Oats |Classic Masala | Anytime Snack | Ready in 3 mins | Millets Goodness,Heka Bites Roasted Makhana Himalayan Pink Salt,0.4575271430886404
Sweet Karam Coffee Indian Masala Tapioca Chips | No Palm Oil,Haldiram's Salted Peanut,0.4573820780251904
Tata Sampann Kitchen King Masala with Natural Oils Rich Aroma & Flavour,Lal Sweets Motichoor Laddu,0.4573607038123167
Ching's Secret Hot Garlic Instant Noodles Pouch,Lal Sweets Motichoor Laddu,0.4573607038123167
Ching's Secret Hot Garlic Instant Noodles Pouch,Piknik Classic Tomato Chilli,0.4573607038123167
Wheel Green Lemon & Jasmine Detergent Powder,Let'S Try Roasted Chana (450.0 GRAM),0.45731675731675725
Sugar Free D'Lite Yummy Berry Biscuits | Made with Oats & Quinoa | Sugar-free,Palekar Knot Premium Salty Khari | Preservative-free,0.4573086487980106
Everest Super Garam Masala Pouch,Palekar Knot Premium Salty Khari | Preservative-free,0.4573086487980106
Superyou Cheese Protein Wafer Bar (40.0 GRAM),Palekar Knot Premium Salty Khari | Preservative-free,0.4573086487980106
Ching's Schezwan Masala Instant Noodles,Paper Boat Chikki Family Pack,0.45730027548209373
Tata Sampann Kitchen King Masala with Natural Oils Rich Aroma & Flavour,Paper Boat Chikki Family Pack,0.45730027548209373
Satyam Nighties Spices Chilli Kashmiri (100.0 GRAM),RiteBite Max Protein 10g Protein Bar Choco Almond,0.45728874649579493
Britannia Treat Croissant - With Cocoa Creme Filling 100% VEG (45.0 GRAM),RiteBite Max Protein 10g Protein Bar Choco Almond,0.45728874649579493
Let's Try Potato Wafers | Vrat | Fasting Chips,MAGGI 2-Minute Instant Noodles | Masala Noodles | Made With Quality Spices,0.45722294808011765
Chheda's Golden Plain Salted Chips (170.0 GRAM),Cheetos Cheese Puffs (28.0 GRAM),0.45721427364389117
Smoodh Toffee Caramel Milk,Haldiram's Lite Chiwda (200.0 GRAM),0.4571550970137265
Let's Try Butter Murukku (180.0 GRAM),Society Natural Tea (250.0 GRAM),0.45714605304004335
Epigamia Turbo Cookies and Cream Protein Milkshake,Nissin Geki - Hot and Spicy Korean Kimchi Flavoured Ramen Instant Noodles,0.45714025685104664
Balaji Rumbles Pudina Twist Wafers,Kotton Multipurpose Napkin | 100% Virgin Pulp-Paper | 25 cm X 25 cm | 100Pcs,0.457128864801332
Sugar Free D'Lite Yummy Berry Biscuits | Made with Oats & Quinoa | Sugar-free,Chheda's Golden Plain Salted Chips (170.0 GRAM),0.45706847425092234
Charliee Rajgira Laddu,Om Shanthi Havan Samagri | Cycle,0.4570672478206725
BORGES Durum Wheat Pasta Penne Rigate,Britannia Marie Gold Biscuits Plain | Trans Fat-free,0.45695869990224824
Sweet Karam Coffee Onion Kodubale / Ring Murukku | No Palm Oil and No Maida,Parle Hide & Seek Milano Chocolate Flavoured Biscuits,0.4569569102678668
Let's Try Combo Pack | Aloo Bhujia | Navratan | Peanut Party | Crunchy Party,Sunfeast Dark Fantasy Bourbon Chocolate Cream Biscuits | Trans Fat-free,0.45694700680704875
Sunfeast Nice Biscuit Coconut Flavoured Biscuits | Trans Fat-free,Kurkure Solid Masti Masala Twisteez (61.0 GRAM),0.4568463949843261
Let's Try Pudina Rings (60.0 GRAM),Kotton Multipurpose Napkin | 100% Virgin Pulp-Paper | 25 cm X 25 cm | 100Pcs,0.4567796448893371
Top Ramen Curry Veg Instant Noodles,YiPPee! Magic Masala Noodles with Added Veggies - The Better Noodles,0.45677325269681945
Cadbury Oreo Chocolate Flavour Creme Sandwich Biscuit,Kurkure Green Chutney Style (68.0 GRAM),0.45675087967275424
Everest Cumin Powder (100.0 GRAM),YiPPee! Magic Masala Noodles with Added Veggies - The Better Noodles,0.4567387297391673
Nongshim Korean SoonVeggie Cup Noodle Soup Veg,Lay's Spanish Tomato Tango Potato Chips,0.45662100456621
Charliee Rajgira Laddu,Piknik Classic Tomato Chilli,0.4564656730807857
Everest Dry Ginger Powder (100.0 GRAM),Everest Chhole Masala,0.45646227374415294
Bingo! Mad Angles Masala Madness Crisps,Kurkure Solid Masti Masala Twisteez (61.0 GRAM),0.45623317834676314
Hillers Schezwan Hot Chutney,YiPPee! Magic Masala Noodles with Added Veggies - The Better Noodles,0.456149458565448
Britannia Milk Bikis Glucose Biscuits | Trans Fat-free,Chheda's Mix Farsan (170.0 GRAM),0.4559145319255316
Bevzilla Assorted Instant Coffee Powder,Peppy Cheese Balls (55.0 GRAM),0.45587235887611355
Mr Makhana Super Snack - Himalayan Salt And Pepper,YiPPee! Magic Masala Noodles with Added Veggies - The Better Noodles,0.4558412494718227
ZOFF Green Cardamom Whole - Elaichi,Cheetos Cheese Puffs (28.0 GRAM),0.45583985273815003
Sweet Karam Coffee Classic Tapioca Chips | No Palm Oil,Chheda's Golden Plain Salted Chips (170.0 GRAM),0.45576628486559206
Satyam Nighties Spices Tamarind,Chheda's Golden Plain Salted Chips (170.0 GRAM),0.45576628486559206
Daily Good Chilli With Stem / Guntur With Stem,MAGGI 2-Minute Instant Noodles | Masala Noodles | Made With Quality Spices,0.4557649667405764
"Taali Roasted Bharuchi Peanuts | Nimbu Pudina | Protein Rich , No Palm Oil ,Restaurant-Style Crunch",MAGGI 2-Minute Instant Noodles | Masala Noodles | Made With Quality Spices,0.4557649667405764
"Kotton Toilet Roll - 2 Ply -100% Virgin Pulp/Paper, Pack of 10 ,230 sheets (10.0 PIECE)",MAGGI 2-Minute Instant Noodles | Masala Noodles | Made With Quality Spices,0.4557649667405764
Daily Good Unpolished Green Moong Chilka Dal -Split,MAGGI 2-Minute Instant Noodles | Masala Noodles | Made With Quality Spices,0.4557649667405764
"Disano Penne Pasta, 100% Durum Wheat, No Maida (800.0 GRAM)",Haldiram's Masala Tasty Nuts (200.0 GRAM),0.4557537216360745
Haldirams Soya Sticks,Sunfeast Dark Fantasy Bourbon Chocolate Cream Biscuits | Trans Fat-free,0.45574767083117723
Everest Coriander Powder (200.0 GRAM),Crax Crunchy Pipes Salted Puff Snacks,0.4557475476468612
Satyam Nighties Spices Tamarind,Kinder Joy - Single Pack - Assorted,0.4557271991103982
Tata Tea Agni Tea,Haldiram's Bhujia Sev (200.0 GRAM),0.4555754237894285
Tata Tea Agni Tea,Parle Shakti Milk Glucose Biscuits | Cholesterol-free and Trans Fat-free,0.45557316201688786
Stroom Choco Almond Bliss Protein Bars (45.0 GRAM),Charliee Rajgira Laddu,0.45554171855541714
Cavin's Masala Buttermilk,YiPPee! Magic Masala Noodles with Added Veggies - The Better Noodles,0.4554811077104071
Surf Excel Easy Wash Detergent Powder,Aashirvaad 100% Chana Dal Besan (500.0 GRAM),0.45547481159360553
Chheda's Golden Plain Salted Chips (170.0 GRAM),MAGGI 2-Minute Instant Noodles | Masala Noodles | Made With Quality Spices,0.45541410841360147
Smoodh Toffee Caramel Milk,Piknik Classic Tomato Chilli,0.4553807873455967
Nescafe Cafe Style Iced Frappe Cold Coffee,RiteBite Max Protein 10g Protein Bar Choco Almond,0.4553592581139562
Haldiram's Mixture (400.0 GRAM),YiPPee! Magic Masala Noodles with Added Veggies - The Better Noodles,0.45531685199179533
ACT II Ready to Eat Caramel Popcorn - Classic Caramel Bliss (35.0 GRAM),Cheetos Cheese Puffs (28.0 GRAM),0.4552555768326278
Balaji Simply Salted Chips (135.0 GRAM),Chheda's Yellow Banana Chips (170.0 GRAM),0.45524417854947297
Too Yumm! Aloo Bhujia | No Palm Oil | 35% Less Saturated Fat (200.0 GRAM),Crax Crunchy Pipes Salted Puff Snacks,0.45520883896169945
Too Yumm! Chili Chataka Veggie Stix | Munching Snack | On-the-Go Munchies (75.0 GRAM),Crax Crunchy Pipes Salted Puff Snacks,0.45520883896169945
Maggi Special Masala Instant Noodles,Let's Try Namkeen Combo Pack Of 6 (Crunchy Party Mix Peanut Party Mix Aloo Bhujia),0.4551532617238669
Knorr Classic Vegetable Soup - Sweet Corn,Nissin Cup Noodles Super Hot Chilli,0.45504019789734085
Crax Aloo Bhujia Namkeen Snacks (160.0 GRAM),Crax Fritts Cream and Onion Corn & Potato Stick Snacks,0.45494073900456733
Britannia Milk Bikis Glucose Biscuits | Trans Fat-free,Maggi Masala-ae-Magic Sabzi Masala,0.4548405006265763
"Vicks Vaporub - Relief for Cold, Cough, Congestion",Charliee Rajgira Laddu,0.45482489445068797
Nissin Geki - Hot and Spicy Korean Veg Flavoured Ramen Cup Noodles,Top Ramen Masala Instant Noodles,0.45481742031402983
Let's Try Lite Snacks Sticks | Vrat | Fasting Special,Let's Try Namkeen Combo Pack Of 6 (Crunchy Party Mix Peanut Party Mix Aloo Bhujia),0.4548080078766
Rang Munch Tangy Imli (110.0 GRAM),YiPPee! Magic Masala Noodles with Added Veggies - The Better Noodles,0.45478888718197186
YiPPee! 100% Suji Cheese Pasta Treat,YiPPee! Magic Masala Noodles with Added Veggies - The Better Noodles,0.45476324938462237
Haldiram's All In One Mixture (400.0 GRAM),The Healthy Binge Quinoa Baked Chips Smokey Bbq -High Protein And Fibre (40.0 GRAM),0.4547472140762463
Modern Kitchens Boondi Masala,Haldiram's Mixture (400.0 GRAM),0.4547441995489158
Daily Good Sooji Rava Barik / Chiroti Sooji,Cheetos Masala Balls (28.0 GRAM),0.454733929346656
Heka Bites Roasted Jowar Puffs Cheesy Salsa - Low Calorie & Healthy Snacks (40.0 GRAM),Heka Bites Roasted Jowar Puffs Majestic Masala - Low Calorie & Healthy Snacks,0.4546742833895546
Too Yumm! Aloo Bhujia | No Palm Oil | 35% Less Saturated Fat (200.0 GRAM),Om Shanthi Havan Samagri | Cycle,0.4546717171717172
Tropicana Delight Mixed Fruit Juice,YiPPee! Magic Masala Noodles with Added Veggies - The Better Noodles,0.4546563343148246
Garden Onion Pakoda Namkeen,Crax Crunchy Pipes Salted Puff Snacks,0.4546348051168549
Satyam Puffed Rice Kurmura A (200.0 GRAM),Crax Crunchy Pipes Salted Puff Snacks,0.4545721832428718
Lets Try Lite Mixture (180.0 GRAM),Let's Try Namkeen Combo Pack Of 6 (Crunchy Party Mix Peanut Party Mix Aloo Bhujia),0.4545317324185248
Rajam Garlic Mixture,YiPPee! Magic Masala Noodles with Added Veggies - The Better Noodles,0.4544349107753856
Smoodh Chocolate Milk Drink | Pet,Om Shanthi Havan Samagri | Cycle,0.4543111527647609
"Taali Roasted Bharuchi Peanuts | Salted | Protein Rich, No Palm Oil ,Restaurant-Style Crunch (150.0 GRAM)",Rajdhani Roasted Chana (200.0 GRAM),0.45424348521574487
Sweet Karam Coffee Classic Tapioca Chips | No Palm Oil,Haldiram's Salted Peanut,0.45420581359445994
Let's Try Potato Wafers | Vrat | Fasting Chips,Let's Try Namkeen Combo Pack Of 6 (Crunchy Party Mix Peanut Party Mix Aloo Bhujia),0.454126679462572
Bevzilla Assorted Instant Coffee Powder,The Theatre Project Gourmet Popcorn - Cheddar Cheese (60.0 GRAM),0.4540334509045397
Balaji Rumbles Pudina Twist Wafers,The Theatre Project Gourmet Popcorn - Cheddar Cheese (60.0 GRAM),0.4539730821436164
Peppy Cheese Balls (55.0 GRAM),Haldiram's Moong Dal,0.45391783989688905
Everest Sambhar Masala,Om Shanthi Havan Samagri | Cycle,0.45385835095137417
Brooke Bond Red Label Tea,Everest Cumin Powder (50.0 GRAM),0.45378701298701296
Catch Chatpata Chat Masala Carton (100.0 GRAM),YiPPee! Magic Masala Noodles with Added Veggies - The Better Noodles,0.453778619383715
Sundrop Peanut Butter With Honey - Crunchy,Nissin Geki - Hot and Spicy Korean Chicken Flavoured Ramen Instant Noodles,0.4537549407114624
Modern Kitchens Spicy Murukku (150.0 GRAM),Kotton Multipurpose Napkin | 100% Virgin Pulp-Paper | 25 cm X 25 cm | 100Pcs,0.4536402658866613
Haldiram Aloo Bhujia ,YiPPee! Magic Masala Noodles with Added Veggies - The Better Noodles,0.4536244040500246
Nongshim Korean SoonVeggie Cup Noodle Soup Veg,The Theatre Project Gourmet Popcorn - Cheddar Cheese (60.0 GRAM),0.45359477124183
Lijjat Moong Papad,Om Shanthi Havan Samagri | Cycle,0.45354349951124145
Nongshim Korean Shin Ramyun Cup Noodle Soup Non Veg,YiPPee! Magic Masala Noodles with Added Veggies - The Better Noodles,0.4535428902307884
Winkies Swiss Roll - Cream & Real Strawberry Jam,Haldiram's Mixture (400.0 GRAM),0.4535418087515893
Heka Bites Roasted Quinoa Puffs Indian Chaat - Low Calorie & Healthy Snacks (40.0 GRAM),Haldiram's Moong Dal,0.45354136170646625
Kellogg's Multigrain Chocos | More Chocolatey | No-Maida,Haldiram's Salted Peanut,0.45339328083311026
Haldirams Soya Sticks,Kurkure Solid Masti Masala Twisteez (61.0 GRAM),0.453249179275788
"MAGGI Coconut Milk Powder | Instant, Creamy & Tasty Dishes",Sweet Karam Coffee Onion Kodubale / Ring Murukku | No Palm Oil and No Maida,0.4532045274313316
Let'S Try Special Makhana Mixture | Fasting Snacks (90.0 GRAM),MAGGI 2-Minute Instant Noodles | Masala Noodles | Made With Quality Spices,0.45300275482093666
"Disano Penne Pasta, 100% Durum Wheat, No Maida (800.0 GRAM)",Peppy Cheese Balls (55.0 GRAM),0.45299643777152426
Too Yumm! Chili Chataka Veggie Stix | Munching Snack | On-the-Go Munchies (75.0 GRAM),Chheda's Golden Plain Salted Chips (170.0 GRAM),0.4529177455851821
Palekar Jeeo Butter | Toasted Buns With Jeera And Khari | Trans Fat-free,Cheetos Cheese Puffs (28.0 GRAM),0.4528493382403364
Mysore Pak | Sweets By GO DESi,Let's Try Namkeen Combo Pack Of 6 (Crunchy Party Mix Peanut Party Mix Aloo Bhujia),0.452822966507177
Daily Good Till - Sesame White (100.0 GRAM),Kurkure Masala Munch,0.45280197780345577
Kurkure Playz Puffcorn Yummy Cheese,Let's Try Namkeen Combo Pack Of 6 (Crunchy Party Mix Peanut Party Mix Aloo Bhujia),0.45272157309774863
Beyond Snack Kerala Banana Chips - with Coconut Oil & Rock Salt,MAGGI 2-Minute Instant Noodles | Masala Noodles | Made With Quality Spices,0.4526896295830827
Wheel Green Lemon & Jasmine Detergent Powder,Surf Excel Easy Wash Detergent Powder,0.4526636999364272
Sunfeast Dark Fantasy Crunchy Choco Cookies with Vanilla Fills Centre Fills | Artificial Flavour-free,Haldiram's Masala Tasty Nuts (200.0 GRAM),0.4525706797706798
Daily Good Till - Sesame White (100.0 GRAM),Uncle Chipps - Spicy Treat,0.45253006606064033
Maggi Chicken Instant Noodles,Origami Luncheon Tissue Paper Napkins - 32 X 32 cm - 50 Serviettes,0.4524876879265723
Mysore Pak | Sweets By GO DESi,Haldiram's Bhujia Sev (200.0 GRAM),0.45244790371764754
Cadbury Chocobakes Choclayered Chocolate Cake,Max Protein Choco Chips Flavoured Biscuits | Maida-free,0.4523769610494267
Bingo! Original Style Potato Chips - Korean Style,Kurkure Solid Masti Masala Twisteez (61.0 GRAM),0.4523675087589894
Beyond Snack Kerala Banana Chips - Desi Masala (70.0 GRAM),Beyond Snack Kerala Banana Chips - Peri Peri (70.0 GRAM),0.45227166276346603
Catch Jeera Powder Pouch,YiPPee! Magic Masala Noodles with Added Veggies - The Better Noodles,0.45225074524437586
Daily Good Sooji Rava Barik / Chiroti Sooji,MAGGI 2-Minute Instant Noodles | Masala Noodles | Made With Quality Spices,0.45223190498289767
Doritos Dinamita Fiery Lime And Chilli Rolled Tortilla Chips (56.0 GRAM),Let's Try Namkeen Combo Pack Of 6 (Crunchy Party Mix Peanut Party Mix Aloo Bhujia),0.45221269296740996
Heka Bites Roasted Jowar Puffs Majestic Masala - Low Calorie & Healthy Snacks,Haldiram's Salted Peanut,0.4521126992460983
Sunfeast Nice Biscuit Coconut Flavoured Biscuits | Trans Fat-free,Kurkure Green Chutney Style (68.0 GRAM),0.45209615785717155
Bhagirathi Rajgira Peeth | Amaranth Flour,Piknik Classic Tomato Chilli,0.4520186650436194
Chheda's Mix Farsan (170.0 GRAM),MAGGI 2-Minute Instant Noodles | Masala Noodles | Made With Quality Spices,0.4519804415126001
Crax Fritts Peri Peri Corn & Potato Stick Snacks,Crax Curls Chatpata Masala Puff Snacks,0.4519109277059807
"Taali Roasted Bharuchi Peanuts | Salted | Protein Rich, No Palm Oil ,Restaurant-Style Crunch (150.0 GRAM)",Scotch-Brite Scrub Sponge (Pack of 3),0.45190681024278995
Winkies Swiss Roll - Cream & Real Strawberry Jam,Top Ramen Noodles Curry Veg Pouch,0.451853276284794
Modern Kitchens Wheel Chips,YiPPee! Magic Masala Noodles with Added Veggies - The Better Noodles,0.45179849449913145
Crax Double Mazza Roasted Chana Peanuts Namkeen Snacks (160.0 GRAM),Haldiram's Masala Tasty Nuts (200.0 GRAM),0.4517675374818232
Crax Corn Rings Masala Mania Puff Snacks,Kurkure Masala Munch,0.4517402920764265
Korean Kab's Jackpot 2x Hot and Spicy Instant Noodles Non Veg,Maggi Masala-ae-Magic Sabzi Masala,0.45168188603889187
Unibic Wafer Belgium Chocolate Qubz Cubes Wafers | Maida-free,Om Shanthi Havan Samagri | Cycle,0.4516304347826087
Haldiram's Mathri (200.0 GRAM),Kinder Creamy Milky And Cocoa With Extruded Rice (19.0 GRAM),0.4516037568669148
Orion K Snack Rings 3x Spicy,Crax Crunchy Pipes Salted Puff Snacks,0.4515504441594814
Rajam Banana Chips (150.0 GRAM),Daily Good Raw Peanut - Singdana,0.45146921721453176
Satyam Nighties Spices Jeera,Peppy Tomato Disc (55.0 GRAM),0.4514284975232478
Britannia Nutrichoice Oats Orange & Almond Biscuits | Maida-free and Trans Fat-free,Lay's American Cream & Onion Potato Chips (48.0 GRAM),0.4514217234992919
Parle Melody Chocolaty Toffee (176.0 GRAM),YiPPee! Magic Masala Noodles with Added Veggies - The Better Noodles,0.45140878906971876
Crax Cheese Balls Puff Snacks (65.0 GRAM),Tata Sampann 100% Chana Dal Fine Besan,0.4513545601726929
Bhagirathi Jowar Atta (500.0 GRAM),Cheetos Cheese Puffs (28.0 GRAM),0.4513411240327617
Too Yumm! Bhoot Karare Spicy Chilli Flavour Crisps | No Palm Oil Snacks,Paper Boat Chikki Family Pack,0.4512831665941714
Smoodh Toffee Caramel Milk,Haldiram Aloo Bhujia ,0.4512628408125434
Lay's Potato Chips - Chile Lemon Flavour,Kurkure Solid Masti Masala Twisteez (61.0 GRAM),0.45120631603390227
Haldiram's Mathri (200.0 GRAM),Kinder Joy - Single Pack - Assorted,0.45116992711929416
Heka Bites Roasted Jowar Puffs Cheesy Salsa - Low Calorie & Healthy Snacks (40.0 GRAM),RiteBite Max Protein 10g Protein Bar Choco Almond,0.4511210755411311
Khari Foods Kimia Gold Dates / Khajur,Everest Chhole Masala,0.4510921293471629
Stroom Cookie Crunch Delight 10G Protein Bars (45.0 GRAM),Haldiram's Soan Papdi,0.4510605009147688
Alpenliebe Juzt Jelly Strawberry Flavour Pouch,Crax Crunchy Pipes Salted Puff Snacks,0.45103261108131687
Tata Sampann Turmeric Powder With Natural Oils,YiPPee! Magic Masala Noodles with Added Veggies - The Better Noodles,0.45096594199084067
Farmley Peri Peri Makhana Roasted In Olive Oil,Crax Mast Matar Green Peas Namkeen Snacks,0.45090396720831516
Kurkure Yummy PuffCorn Yummy Cheese Chips,Britannia 50-50 Maska Chaska Biscuits Butter Flavoured Crackers | Trans Fat-free,0.4508852686824571
Cadbury Chocobakes Choclayered Chocolate Cake,MAGGI 2-Minute Instant Noodles | Masala Noodles | Made With Quality Spices,0.45086426817347347
Let's Try Lite Snacks Sticks | Vrat | Fasting Special,Palekar Jeeo Butter | Toasted Buns With Jeera And Khari | Trans Fat-free,0.4508226407887728
Tata Sampann 100% Pure Premium Raisins/Kishmish Seedless,Chheda's Yellow Banana Chips (170.0 GRAM),0.45075163731378737
Kellogg's Multigrain Chocos | More Chocolatey | No-Maida,Chheda's Golden Plain Salted Chips (170.0 GRAM),0.45073165730021625
Bingo! Original Style Potato Chips - Korean Style,Haldirams Soya Sticks,0.45072424102067454
Let's Try Soya Sticks (160.0 GRAM),Palekar Jeeo Butter | Toasted Buns With Jeera And Khari | Trans Fat-free,0.4506801294827095
"Assorted Candy 20 Pcs, Tangy Imli, Kaccha & Real Aam, Chilli Guava No Refined Sugar (20.0 PIECE)",Let's Try Namkeen Combo Pack Of 6 (Crunchy Party Mix Peanut Party Mix Aloo Bhujia),0.45066666666666666
Sunfeast Dark Fantasy Choco Rolls | Crunchy Wafer Rolls,Kotton Multipurpose Napkin | 100% Virgin Pulp-Paper | 25 cm X 25 cm | 100Pcs,0.4506620603595693
Fortune Suji,Haldiram's Moong Dal,0.4505770390809337
Mysore Sandal Soap,Cheetos Cheese Puffs (28.0 GRAM),0.4505466698828266
"Yogabar Multigrain Energy Bars Chocolate Chunk with Nuts, Oats and Millets,Chia Seeds, Protein Bars",Chheda's Yellow Banana Chips (170.0 GRAM),0.4505020516895825
Daadi'S Besan Laddoo Pure Ghee,Haldiram's Lite Chiwda (200.0 GRAM),0.450488251848943
Orion K Snack Rings 3x Spicy,Sunfeast All Rounder Crunchy Potato Chatpata Masala Flavoured Crackers | Trans Fat-free,0.4504409769335142
Modern Kitchens Spicy Murukku (150.0 GRAM),Chheda's Golden Plain Salted Chips (170.0 GRAM),0.45036287014811327
Beyond Snack Kerala Banana Chips - with Coconut Oil & Rock Salt,Let's Try Namkeen Combo Pack Of 6 (Crunchy Party Mix Peanut Party Mix Aloo Bhujia),0.450334928229665
Britannia Nice Time Coconut Flavoured Biscuits | Artificial Flavour-free,Daily Good Raw Peanut - Singdana,0.4502146382067899
Sugar Free D'Lite Yummy Berry Biscuits | Made with Oats & Quinoa | Sugar-free,Crax Crunchy Pipes Salted Puff Snacks,0.45020654402805443
Cavin's Masala Buttermilk,Crax Crunchy Pipes Salted Puff Snacks,0.4502065440280543
Maggi Chicken Instant Noodles,MAGGI 2-Minute Instant Noodles | Masala Noodles | Made With Quality Spices,0.45013823875612496
Britannia Nutrichoice High-Fibre Digestive Biscuits,Let's Try Namkeen Combo Pack Of 6 (Crunchy Party Mix Peanut Party Mix Aloo Bhujia),0.45012759170653904
Britannia Treat Croissant - With Cocoa Creme Filling 100% VEG (45.0 GRAM),Kurkure Green Chutney Style (68.0 GRAM),0.4500089179778679
Fortune Suji,Sunfeast Dark Fantasy Bourbon Chocolate Cream Biscuits | Trans Fat-free,0.44997831607142924
Cornitos Nacho Crisps - Sizzlin Jalapeno (77.0 GRAM),YiPPee! Magic Masala Noodles with Added Veggies - The Better Noodles,0.4498704781641423
Hershey's Vanilla Milkshake,Haldiram's Mixture (400.0 GRAM),0.44985447697312103
Modern Kitchens Potato Chips Salted (70.0 GRAM),Crax Crunchy Pipes Salted Puff Snacks,0.4498329286388194
Garden Onion Pakoda Namkeen,Paper Boat Chikki Family Pack,0.4498035496545184
Beyond Snack Kerala Banana Chips - Desi Masala (70.0 GRAM),RiteBite Max Protein 10g Protein Bar Choco Almond,0.44979220966799505
Paper Boat Chikki Family Pack,Piknik Classic Tomato Chilli,0.4497238831549682
Satyam Chilli Bedgi,MAGGI 2-Minute Instant Noodles | Masala Noodles | Made With Quality Spices,0.4496881005173688
"Uncle Chipps Potato Chips, Plain Salted Flavour, Crispy Chips & Snacks (48.0 GRAM)",Kurkure Solid Masti Masala Twisteez (61.0 GRAM),0.44968700632934083
Too Yumm! Karare Chilli Achari Flavour | Tangy | No Palm Oil Crisps,Kurkure Masala Munch,0.4496577416748391
Doritos Dinamita Fiery Lime And Chilli Rolled Tortilla Chips (56.0 GRAM),Cheetos Masala Balls (28.0 GRAM),0.44963962235515453
Everest Sambhar Masala,YiPPee! Magic Masala Noodles with Added Veggies - The Better Noodles,0.4496213804464433
Farmley Cream And Onion Makhana Roasted In Olive Oil,Haldirams Namkeen - Khara Boondi,0.449480163476874
Britannia Treat Croissant - With Cocoa Creme Filling 100% VEG (45.0 GRAM),Britannia Marie Gold Biscuits Plain | Trans Fat-free,0.44939998456551933
Bhagirathi Makai Atta (500.0 GRAM),Aashirvaad 100% Chana Dal Besan (500.0 GRAM),0.4492667617942666
Doritos Dinamita Fiery Lime And Chilli Rolled Tortilla Chips (56.0 GRAM),YiPPee! Magic Masala Noodles with Added Veggies - The Better Noodles,0.44926418371917715
Cornitos Nacho Crisps - Cheese And Herbs,Crax Crunchy Pipes Salted Puff Snacks,0.4492486577641648
Sugar Free D'Lite Yummy Berry Biscuits | Made with Oats & Quinoa | Sugar-free,Haldiram's Salted Peanut,0.44921454091759777
Garden Onion Pakoda Namkeen,Coca-Cola Zero Sugar Soft Drink,0.4492080546217031
Tata Sampann Turmeric Powder With Natural Oils Haldi Powder,"Paper Boat Mango | Juicy Sips, Chewy Bites | Refreshing Summer Juice Drink",0.44919354838709674
Candyman Choco Double Eclairs (75.0 PIECE),MAGGI 2-Minute Instant Noodles | Masala Noodles | Made With Quality Spices,0.4491596773675247
"Tata Salt, Free Flowing and Iodised Namak, Vacuum Evaporated, Salt in Fresh",Let's Try Namkeen Combo Pack Of 6 (Crunchy Party Mix Peanut Party Mix Aloo Bhujia),0.44909090909090904
Britannia Nutrichoice Oats Orange & Almond Biscuits | Maida-free and Trans Fat-free,Kurkure Solid Masti Masala Twisteez (61.0 GRAM),0.44906555614031074
Crax Fritts Cream and Onion Corn & Potato Stick Snacks,Britannia Marie Gold Biscuits Plain | Trans Fat-free,0.44904287990394165
"Cheetos Masala Balls, Crispy Chips & Snacks (84.0 GRAM)",MAGGI 2-Minute Instant Noodles | Masala Noodles | Made With Quality Spices,0.4490128931592346
The Belgian Waffle Co Classic Chocolate Wafers | Preservative-free,Society Natural Tea (250.0 GRAM),0.4489448258326977
Crax Natkhat Classic Wheat Puff Snacks,Lay's Spanish Tomato Tango Potato Chips,0.44889802774479426
Whiskas Adult Ocean Fish Flavour Dry Cat Food,Daily Good Lachkari Kolam Raw Rice,0.448780487804878
Sunfeast Dark Fantasy Crunchy Choco Cookies with Vanilla Fills Centre Fills | Artificial Flavour-free,Crax Crunchy Pipes Salted Puff Snacks,0.44876588308716453
Lets Try Lite Mixture (180.0 GRAM),Society Natural Tea (250.0 GRAM),0.44868813925417694
Bingo! Original Style Potato Chips - Korean Style,Lay's Spanish Tomato Tango Potato Chips,0.44868507801626245
Kurkure Masala Munch,MAGGI 2-Minute Instant Noodles | Masala Noodles | Made With Quality Spices,0.44861571236033215
Too Yumm! Dahi Papdi Chaat Multigrain Healthy Chips High Protein Crunchy Crisps,Kotton Multipurpose Napkin | 100% Virgin Pulp-Paper | 25 cm X 25 cm | 100Pcs,0.44856107173318427
Doritos Dinamita Fiery Lime And Chilli Rolled Tortilla Chips (56.0 GRAM),Maggi Masala-ae-Magic Sabzi Masala,0.44840407844789837
Let'S Try Roasted Chana (450.0 GRAM),Haldiram's Moong Dal,0.44833849456135766
Everest Tandoori Chicken Masala,YiPPee! Magic Masala Noodles with Added Veggies - The Better Noodles,0.4481612438246128
Lay's Classic Salted Potato Chips,Garden Sabudana Chivda Namkeen,0.44812441126810626
Balaji Rumbles Pudina Twist Wafers,YiPPee! Magic Masala Noodles with Added Veggies - The Better Noodles,0.4481016558384641
Kellogg's Corn Flakes Power of 5 (Super Saver PacK),The Whole Truth Double Cocoa Protein Bar,0.448095772540217
Let's Try Namkeen Combo Pack Of 6 (Crunchy Party Mix Peanut Party Mix Aloo Bhujia),MAGGI 2-Minute Instant Noodles | Masala Noodles | Made With Quality Spices,0.44808541052443496
Snapin Chilli Flakes Sachet Pouch,Winkies Swiss Roll - Cream & Real Strawberry Jam,0.4480265371857123
Bhagirathi Makai Atta (500.0 GRAM),Sunfeast Dark Fantasy Bourbon Chocolate Cream Biscuits | Trans Fat-free,0.4479872615755381
Too Yumm! Bhoot Karare Spicy Chilli Flavour Crisps | No Palm Oil Snacks,Crax Crunchy Pipes Salted Puff Snacks,0.44783703590159085
Too Yumm! Dahi Papdi Chaat Multigrain Healthy Chips High Protein Crunchy Crisps,Modern Kitchens Butter Murukku,0.4477961432506887
Society Natural Tea (250.0 GRAM),Sunfeast Dark Fantasy Bourbon Chocolate Cream Biscuits | Trans Fat-free,0.44774274611113035
Smoodh Chocolate Milk Drink | Pet,Haldiram's Soan Papdi,0.4475729197221287
Kurkure Red Chilli Chataka Chips (68.0 GRAM),Kurkure Green Chutney Style (68.0 GRAM),0.4475238747333322
"Taali Roasted Protein Puffs|Masala Mania| Protein Rich , No Maida, No palm oil| Cheeseballs 2.0 (60.0 GRAM)",Everest Chhole Masala,0.4475120330825029
The Theatre Project TTP Kettle Cooked - Hot & Sweet Chilli (42.0 GRAM),Chheda's Golden Plain Salted Chips (170.0 GRAM),0.44747962514076306
Too Yumm! Dahi Papdi Chaat Multigrain Healthy Chips High Protein Crunchy Crisps,Chheda's Golden Plain Salted Chips (170.0 GRAM),0.44747962514076306
Everest Turmeric Powder (200.0 GRAM),Haldiram Aloo Bhujia ,0.44744935201694447
Nongshim Korean SoonVeggie Cup Noodle Soup Veg,Cheetos Cheese Puffs (28.0 GRAM),0.44739837398373977
Mapro Rose Sharbat,Haldiram's Moong Dal,0.4473871131405378
Nongshim Korean SoonVeggie Cup Noodle Soup Veg,Haldiram's Moong Dal,0.44738711314053775
Sweet Karam Coffee Garlic Murukku Sticks (95.0 GRAM),Crax Crunchy Pipes Salted Puff Snacks,0.44730198567948626
Parle Hide & Seek Chocolate Chip Biscuits | Trans Fat-free,Kurkure Green Chutney Style (68.0 GRAM),0.447181288480317
Modern Kitchens Spicy Murukku (150.0 GRAM),Origami Luncheon Tissue Paper Napkins - 32 X 32 cm - 50 Serviettes,0.44712314317280355
Wok Tok by Veeba Instant Cup Noodles Masala (75500.0 MILLIGRAM),Om Shanthi Havan Samagri | Cycle,0.4470685111989459
Sweet Karam Coffee Madras Mixture,Heka Bites Roasted Makhana Himalayan Pink Salt,0.4469919786096256
Let's Try Soya Sticks (160.0 GRAM),Haldiram's Moong Dal,0.4469521232395747
Sofit Chocolate Soy Milk,Parle Melody Chocolaty Toffee (176.0 GRAM),0.44693745970341714
Fortune Suji,Tata Sampann 100% Chana Dal Fine Besan,0.44683373527664183
Bingo! Original Style Potato Chips - Korean Style,Haldirams Namkeen - Khara Boondi,0.44680645463927193
"Vicks Vaporub - Relief for Cold, Cough, Congestion",YiPPee! Magic Masala Noodles with Added Veggies - The Better Noodles,0.44673549225359077
Cavin's Masala Buttermilk,Chheda's Yellow Banana Chips (170.0 GRAM),0.44666318708871905
RiteBite Max Protein 10g Protein Bar Choco Almond,MAGGI 2-Minute Instant Noodles | Masala Noodles | Made With Quality Spices,0.446618435347349
Bingo! Original Style Chilli Sprinkled - Flat Cut Spicy Potato Chips Pack for Snacks,Britannia 50-50 Maska Chaska Biscuits Butter Flavoured Crackers | Trans Fat-free,0.4466047123342059
Let'S Try Special Makhana Mixture | Fasting Snacks (90.0 GRAM),Let's Try Salted Peanuts,0.4466045366625637
Nissin Geki - Hot and Spicy Korean Veg Flavoured Ramen Cup Noodles,Nissin Cup Noodles Italiano,0.44660039126442286
Let'S Try Special Makhana Mixture | Fasting Snacks (90.0 GRAM),Haldiram's Moong Dal,0.44646275960099124
Sweet Karam Coffee Garlic Murukku Sticks (95.0 GRAM),YiPPee! Magic Masala Noodles with Added Veggies - The Better Noodles,0.4464152517573517
Doritos Nacho Cheese Flavoured Corn Chips,Lay's Spanish Tomato Tango Potato Chips,0.4462432544624325
Daily Good Watermelon Seeds / Tarbuj Beej,YiPPee! Magic Masala Noodles with Added Veggies - The Better Noodles,0.4461627544430093
Crax Fritts Peri Peri Corn & Potato Stick Snacks,YiPPee! Magic Masala Noodles with Added Veggies - The Better Noodles,0.4461627544430093
MTR Vermicelli,YiPPee! Magic Masala Noodles with Added Veggies - The Better Noodles,0.4461627544430092
Mr Makhana Piri Piri,Crax Crunchy Pipes Salted Puff Snacks,0.4461597436322965
"Vicks Vaporub - Relief for Cold, Cough, Congestion",Tata Sampann Chilli Powder with Natural Oils Lal Mirchi Powder,0.44606430155210647
Britannia Treat Croissant - With Cocoa Creme Filling 100% VEG (45.0 GRAM),Britannia Nutrichoice High-Fibre Digestive Biscuits,0.4459183245194326
Palekar Jeeo Butter | Toasted Buns With Jeera And Khari | Trans Fat-free,Haldiram's Moong Dal,0.44584970038060456
Daily Good Sooji Rava Barik / Chiroti Sooji,Parle Krack Jack Sweet and Salty Plain Crackers | Artificial Colour-free,0.4457654520582017
Kurkure Schezwan Chutney (68.0 GRAM),YiPPee! Magic Masala Noodles with Added Veggies - The Better Noodles,0.44573056578839854
Coca-Cola Zero Sugar Soft Drink,Lal Sweets Motichoor Laddu,0.44571142785696416
Let's Try Teekha Tadka Makhana Puffs (60.0 GRAM),MAGGI 2-Minute Instant Noodles | Masala Noodles | Made With Quality Spices,0.44563685636856365
Britannia Treat Croissant - With Cocoa Creme Filling 100% VEG (45.0 GRAM),Haldiram's Moong Dal,0.44551408096829875
"Tetley Ginger, Mint, and Lemon Green Tea",Cornitos Nacho Chips - Peri Peri (55.0 GRAM),0.4454854860486049
Stroom Cookie Crunch Delight 20g protein Bars (63.0 GRAM),Piknik Classic Tomato Chilli,0.44548120501199684
Stroom Cookie Crunch Delight 20g protein Bars (63.0 GRAM),Lal Sweets Motichoor Laddu,0.44548120501199684
YiPPee! 100% Suji Masala Pasta Treat,Cheetos Cheese Puffs (28.0 GRAM),0.44547791492018857
Sugar Free D'Lite Choco Chip Biscuits | Trans Fat-free,Haldiram's Salted Peanut,0.44547108640995103
Chheda's Golden Plain Salted Chips (170.0 GRAM),Haldiram's Moong Dal,0.4452267302721287
Peppy Cheese Balls (55.0 GRAM),Cheetos Cheese Puffs (28.0 GRAM),0.445199856175466
"Ritebite Max Protein Cheese & Jalapeno 10G Multigrain Protein Chips, Healthy Snacks & Munchies",MAGGI 2-Minute Instant Noodles | Masala Noodles | Made With Quality Spices,0.4449988651640274
Organic Tattva Brown Sugar Pouch,Korean Nongshim Kimchi Ramyun Noodle Soup Veg,0.4449429865666979
Bingo! Original Style Chilli Sprinkled - Flat Cut Spicy Potato Chips Pack for Snacks,Kurkure Green Chutney Style (68.0 GRAM),0.44493755463307255
Mr Makhana Cream And Onion,YiPPee! Magic Masala Noodles with Added Veggies - The Better Noodles,0.444888523810165
Stroom Choco Almond Bliss Protein Bars (45.0 GRAM),Piknik Classic Tomato Chilli,0.4448493167779372
Palekar Jeeo Butter | Toasted Buns With Jeera And Khari | Trans Fat-free,MAGGI 2-Minute Instant Noodles | Masala Noodles | Made With Quality Spices,0.44480154829664503
The Healthy Binge Quinoa Baked Chips Smokey Bbq -High Protein And Fibre (40.0 GRAM),Crax Crunchy Pipes Salted Puff Snacks,0.4447604971244892
Whiskas Adult Ocean Fish Flavour Dry Cat Food,MAGGI 2-Minute Instant Noodles | Masala Noodles | Made With Quality Spices,0.4446487480395868
Too Yumm! Karare Chilli Achari Flavour | Tangy | No Palm Oil Crisps,Uncle Chipps - Spicy Treat,0.444525626389473
Bingo! Original Style Potato Chips - Korean Style,Uncle Chipps - Spicy Treat,0.444525626389473
Lay's American Cream & Onion Potato Chips (48.0 GRAM),Kurkure Green Chutney Style (68.0 GRAM),0.4443718126620471
Bingo! Original Style Potato Chips - Korean Style,Haldiram's Moong Dal,0.4440975020145044
Heka Bites Roasted Quinoa Puffs Indian Chaat - Low Calorie & Healthy Snacks (40.0 GRAM),The Whole Truth Double Cocoa Protein Bar,0.4440616693248272
Stroom Cookie Crunch Delight 20g protein Bars (63.0 GRAM),YiPPee! Magic Masala Noodles with Added Veggies - The Better Noodles,0.4440280044217508
Knorr Classic Tomato Soup,YiPPee! Magic Masala Noodles with Added Veggies - The Better Noodles,0.4440280044217508
Modern Kitchens Spicy Murukku (150.0 GRAM),Kinder Joy - Single Pack - Assorted,0.4439816527415734
Sweet Karam Coffee Indian Masala Tapioca Chips | No Palm Oil,TMI COLMAN Fresh Phool Makhana,0.44387351778656126
Garden Onion Pakoda Namkeen,Om Shanthi Havan Samagri | Cycle,0.44377794336810733
Haldirams Soya Sticks,Lay's Spanish Tomato Tango Potato Chips,0.4437101028622979
Satyam Chilli Bedgi,Daily Good Saunf / Fennel,0.44369681469425715
Nutrela Mini Soya Chunks (200.0 GRAM),YiPPee! Magic Masala Noodles with Added Veggies - The Better Noodles,0.44365798108473264
Korean Kab's Jackpot 2x Hot and Spicy Instant Noodles Non Veg,Let's Try Salted Peanuts,0.4435031162690738
Chheda's Small Bhakarwadi,MAGGI 2-Minute Instant Noodles | Masala Noodles | Made With Quality Spices,0.4434469946665068
The Theatre Project TTP Kettle Cooked - Hot & Sweet Chilli (42.0 GRAM),RiteBite Max Protein 10g Protein Bar Choco Almond,0.4434315117534981
Parle Melody Chocolaty Toffee (176.0 GRAM),Parle Hide & Seek Milano Chocolate Flavoured Biscuits,0.4433889613602626
Parle Marie Butter Marie Biscuits | Trans Fat-free,Daily Good Raw Peanut - Singdana,0.44334255008234635
Lay's Potato Chips - Chile Lemon Flavour,Kurkure Green Chutney Style (68.0 GRAM),0.4433421191930106
Let's Try Pudina Rings (60.0 GRAM),Kinder Joy - Single Pack - Assorted,0.44332873854636523
Rang Munch Tangy Imli (110.0 GRAM),Om Shanthi Havan Samagri | Cycle,0.4432513914656772
Let'S Try Roasted Chana (450.0 GRAM),Let's Try Namkeen Combo Pack Of 6 (Crunchy Party Mix Peanut Party Mix Aloo Bhujia),0.4432394116604643
Epigamia Turbo Coffee Protein Milkshake,Bhagirathi Rajgira Peeth | Amaranth Flour,0.4431876129989338
Crax Curls Chatpata Masala Puff Snacks,Chheda's Yellow Banana Chips (170.0 GRAM),0.4431291336035341
Balaji Simply Salted Chips (135.0 GRAM),Haldiram's Moong Dal,0.4429731458509201
Cornitos Nachos Peri Peri (150.0 GRAM),Haldiram's Mixture (400.0 GRAM),0.44282550077041594
Let's Try Lite Snacks Sticks | Vrat | Fasting Special,Society Natural Tea (250.0 GRAM),0.44280566127421533
L'Oreal Paris Total Repair 5 Conditioner,Daily Good Lachkari Kolam Raw Rice,0.4427807486631016
"MR. MAKHANA Fox Nuts Black Salt - Delicious Teatime Snack, Popped Lotus Seeds, Roasted In Olive Oil",YiPPee! Magic Masala Noodles with Added Veggies - The Better Noodles,0.44275693189000914
Khari Foods Kimia Gold Dates / Khajur,YiPPee! Magic Masala Noodles with Added Veggies - The Better Noodles,0.4426404169079328
ZOFF Green Cardamom Whole - Elaichi,YiPPee! Magic Masala Noodles with Added Veggies - The Better Noodles,0.44235242704657446
Satyam Nighties Spices Jeera,The Healthy Binge Ragi Baked Chips Chatpata Chaat- High Protein & Fibre (40.0 GRAM),0.4423514193316565
Britannia Little Hearts Classic Crunch Flavoured Biscuits | Cholesterol-free,Kurkure Solid Masti Masala Twisteez (61.0 GRAM),0.44232560492369954
Modern Kitchens Hot Chips Salted (100.0 GRAM),Kotton Multipurpose Napkin | 100% Virgin Pulp-Paper | 25 cm X 25 cm | 100Pcs,0.442265663367074
Winkies Swiss Roll - Cream & Real Strawberry Jam,Everest Pav Bhaji Masala (100.0 GRAM),0.4422043235821096
Korean Kab's Jackpot 2x Hot and Spicy Instant Noodles Non Veg,BAY6 Dishwashbar,0.44211165836510197
Haldiram's Bhujia Sev (200.0 GRAM),MAGGI 2-Minute Instant Noodles | Masala Noodles | Made With Quality Spices,0.4420710741379081
Namaskaram Methi Khakhra,MAGGI 2-Minute Instant Noodles | Masala Noodles | Made With Quality Spices,0.44203316716876573
Let's Try Butter Murukku (180.0 GRAM),Aashirvaad 100% Chana Dal Besan (500.0 GRAM),0.4420020226673806
Fortune Soya Chunks (200.0 GRAM),Snackible Cheese Dosa Khakra | Millet Snack (100.0 GRAM),0.4420014094432699
Haldirams Soya Sticks,Haldiram's Moong Dal,0.44194288914383834
Bauli Moonfils Croissants Choco Cream (Egg) (50.0 GRAM),Cheetos Cheese Puffs (28.0 GRAM),0.441937038226791
Knorr International Italian Mushroom Soup,Korean Nongshim Kimchi Ramyun Noodle Soup Veg,0.44187441424554824
Lay's India's Magic Masala Potato Chips (67.0 GRAM),Kurkure Solid Masti Masala Twisteez (61.0 GRAM),0.44185488979485765
Let's Try Teekha Tadka Makhana Puffs (60.0 GRAM),Balaji Tomato Wafers (135.0 GRAM),0.441852487135506
Heka Bites Roasted Jowar Puffs Majestic Masala - Low Calorie & Healthy Snacks,Let's Try Namkeen Combo Pack Of 6 (Crunchy Party Mix Peanut Party Mix Aloo Bhujia),0.4417930456640134
Daily Good Chilli With Stem / Guntur With Stem,Let's Try Namkeen Combo Pack Of 6 (Crunchy Party Mix Peanut Party Mix Aloo Bhujia),0.44170454545454535
Lay's India's Magic Masala Potato Chips (67.0 GRAM),Britannia Marie Gold Biscuits Plain | Trans Fat-free,0.44160272286630303
Mr Makhana Super Snack - Pudina Party,YiPPee! Magic Masala Noodles with Added Veggies - The Better Noodles,0.4415844540829518
Britannia Treat Croissant - With Cocoa Creme Filling 100% VEG (45.0 GRAM),Cheetos Cheese Puffs (28.0 GRAM),0.4415115532734275
Korean Kab's Jackpot 2x Hot and Spicy Instant Noodles Non Veg,Cheetos Masala Balls (28.0 GRAM),0.441312962681911
Let's Try Purani Delhi Methi Mathri,Bingo! Mad Angles Masala Madness Crisps,0.44126209361108687
"Taali Roasted Protein Puffs|Masala Mania| Protein Rich , No Maida, No palm oil| Cheeseballs 2.0 (60.0 GRAM)",Haldiram Aloo Bhujia ,0.4412347776833758
Farmley Cream And Onion Makhana Roasted In Olive Oil,Haldiram's Mini Bhakarwadi,0.44121728874910987
Haldirams Kaju - Salted,Crax Crunchy Pipes Salted Puff Snacks,0.4412024131474932
Unibic Wafer Belgium Chocolate Qubz Cubes Wafers | Maida-free,Haldiram's Masala Tasty Nuts (200.0 GRAM),0.4411280846063455
Farmley Peri Peri Makhana Roasted In Olive Oil,Lay's Spanish Tomato Tango Potato Chips,0.44105437941054376
Knorr International Italian Mushroom Soup,Mr Makhana Lime Chilli,0.44103896103896106
Farmley Peri Peri Makhana Roasted In Olive Oil,YiPPee! Magic Masala Noodles with Added Veggies - The Better Noodles,0.44094447661326647
Veeba Thousand Island Dressing,YiPPee! Magic Masala Noodles with Added Veggies - The Better Noodles,0.44094447661326647
Paper Boat Chikki Family Pack,Chheda's Yellow Banana Chips (170.0 GRAM),0.44092541887512876
ZOFF Green Cardamom Whole - Elaichi,Chheda's Yellow Banana Chips (170.0 GRAM),0.44091042905976663
Modern Kitchens Spicy Murukku (150.0 GRAM),Haldiram's Salted Peanut,0.44087860098304427
ZOFF Green Cardamom Whole - Elaichi,Haldiram's Moong Dal,0.44086431646524693
Bauli Moonfils Croissants Choco Cream (Egg) (50.0 GRAM),Haldiram's Moong Dal,0.44084804675830375
"Beyond Snack Kerala Banana Chips - Sour Cream, Onion & Parsley (70.0 GRAM)",Modern Kitchens Potato Chips Salted (70.0 GRAM),0.44081333604155176
Britannia Nice Time Coconut Flavoured Biscuits | Artificial Flavour-free,Kurkure Green Chutney Style (68.0 GRAM),0.4406946100164753
MTR Vermicelli,Ferrero Rocher Moments Pack,0.4406821248926512
Tata Sampann Kitchen King Masala with Natural Oils Rich Aroma & Flavour,Om Shanthi Havan Samagri | Cycle,0.4406818181818182
Too Yumm! Bhoot Karare Spicy Chilli Flavour Crisps | No Palm Oil Snacks,Haldiram's Soan Papdi,0.4406742393805471
Piknik Classic Tomato Chilli,YiPPee! Magic Masala Noodles with Added Veggies - The Better Noodles,0.4406709378560621
Kellogg's Corn Flakes Power of 5 (Super Saver PacK),Heka Bites Roasted Jowar Puffs Majestic Masala - Low Calorie & Healthy Snacks,0.4406647116324536
Balaji Rumbles Pudina Twist Wafers,Too Yumm! Dahi Papdi Chaat Multigrain Healthy Chips High Protein Crunchy Crisps,0.4406095989081811
Dukes Nibbles - Jeera Flavoured Crackers,YiPPee! Magic Masala Noodles with Added Veggies - The Better Noodles,0.4405947982019949
Smoodh Chocolate Milk Drink | Pet,YiPPee! Magic Masala Noodles with Added Veggies - The Better Noodles,0.4405947982019949
Lal Mysore Pak Premium,YiPPee! Magic Masala Noodles with Added Veggies - The Better Noodles,0.4405947982019949
Cheetos Cheese Puffs (28.0 GRAM),MAGGI 2-Minute Instant Noodles | Masala Noodles | Made With Quality Spices,0.4404801660267157
Unibic Danish Coconut Cookies,Kotton Multipurpose Napkin | 100% Virgin Pulp-Paper | 25 cm X 25 cm | 100Pcs,0.4404660861432894
Unibic Fruit & Nut cookies,YiPPee! Magic Masala Noodles with Added Veggies - The Better Noodles,0.44038843061501515
Palekar Jeeo Butter | Toasted Buns With Jeera And Khari | Trans Fat-free,Sunfeast Dark Fantasy Bourbon Chocolate Cream Biscuits | Trans Fat-free,0.44037199128712906
Heka Bites Roasted Quinoa Puffs Indian Chaat - Low Calorie & Healthy Snacks (40.0 GRAM),Let's Try Salted Peanuts,0.4403608877125114
Let's Try Combo Pack | Aloo Bhujia | Navratan | Peanut Party | Crunchy Party,RiteBite Max Protein 10g Protein Bar Choco Almond,0.44035212625521003
Charliee Rajgira Laddu,Crax Crunchy Pipes Salted Puff Snacks,0.4403390033370284
Ching's Secret Hot Garlic Instant Noodles Pouch,Dukes Nutri Choice Assorted Biscuits Wafers,0.4403095705253978
Malkist Cheese Crunchy Layered Crackers,Kurkure Green Chutney Style (68.0 GRAM),0.44029111742352856
Let's Try Lite Snacks Sticks | Vrat | Fasting Special,RiteBite Max Protein 10g Protein Bar Choco Almond,0.44022984018849093
Heka Bites Roasted Jowar Puffs Majestic Masala - Low Calorie & Healthy Snacks,The Whole Truth Double Cocoa Protein Bar,0.4401619885490853
Tata Sampann Turmeric Powder With Natural Oils Haldi Powder,Palekar Knot Premium Salty Khari | Preservative-free,0.44015957446808507
"Meetha Paan, 12 Pcs | Mouth Freshener | by GO DESi",Let'S Try Special Makhana Mixture | Fasting Snacks (90.0 GRAM),0.44011019283746555
Crax Aloo Bhujia Namkeen Snacks (160.0 GRAM),Kurkure Schezwan Chutney (68.0 GRAM),0.440070283156227
Vim Lemon Dishwash Bar,Kurkure Solid Masti Masala Twisteez (61.0 GRAM),0.44005482913572597
Let's Try Kerala Garlic Mix (180.0 GRAM),Sunfeast Dark Fantasy Bourbon Chocolate Cream Biscuits | Trans Fat-free,0.440023043591973
"Beyond Snack Kerala Banana Chips - Sour Cream, Onion & Parsley (70.0 GRAM)",Modern Kitchens Butter Murukku,0.4400180464696593
Let's Try Combo Pack | Aloo Bhujia | Navratan | Peanut Party | Crunchy Party,Palekar Jeeo Butter | Toasted Buns With Jeera And Khari | Trans Fat-free,0.4400116572367431
Snapin Oregano Pizza Seasoning Sachet Pouch,MAGGI 2-Minute Instant Noodles | Masala Noodles | Made With Quality Spices,0.4399808986283488
Rajam Garlic Mixture,Let's Try Namkeen Combo Pack Of 6 (Crunchy Party Mix Peanut Party Mix Aloo Bhujia),0.43995867768595043
Sugar Free D'Lite Yummy Berry Biscuits | Made with Oats & Quinoa | Sugar-free,Sunfeast All Rounder Crunchy Potato Chatpata Masala Flavoured Crackers | Trans Fat-free,0.439935064935065
Nissin Cup Noodles Italiano,Nissin Geki - Hot and Spicy Korean Kimchi Flavoured Ramen Instant Noodles,0.43990880592761467
"ACT II Instant Popcorn - Cheese, Buy 2 Get 1 free offer, Hot & Fresh in 3 mins (210.0 GRAM)",Nissin Geki - Hot and Spicy Korean Kimchi Flavoured Ramen Instant Noodles,0.4399088059276146
Too Yumm! Chili Chataka Veggie Stix | Munching Snack | On-the-Go Munchies (75.0 GRAM),Modern Kitchens Spicy Murukku (150.0 GRAM),0.43982869936478186
Satyam Chilli Bedgi,Origami Luncheon Tissue Paper Napkins - 32 X 32 cm - 50 Serviettes,0.4398180326646282
Mr Makhana Cream And Onion,Crax Crunchy Pipes Salted Puff Snacks,0.43973662439949485
Snackible Cheese Dosa Khakra | Millet Snack (100.0 GRAM),YiPPee! Magic Masala Noodles with Added Veggies - The Better Noodles,0.4397330906885048
The Belgian Crisps Double Choco Waffle Wafers | Artificial Colour-free,YiPPee! Magic Masala Noodles with Added Veggies - The Better Noodles,0.4396997497914929
Let's Try Potato Wafers | Vrat | Fasting Chips,Sunfeast Dark Fantasy Bourbon Chocolate Cream Biscuits | Trans Fat-free,0.43969820744581023
Tata Sampann Turmeric Powder With Natural Oils Haldi Powder,Tata Sampann Chilli Powder with Natural Oils Lal Mirchi Powder,0.4396306818181818
Kellogg's Corn Flakes Power of 5 (Super Saver PacK),Scotch-Brite Scrub Sponge (Pack of 3),0.43959997989848737
Everest Chicken Masala,"Paper Boat Mango | Juicy Sips, Chewy Bites | Refreshing Summer Juice Drink",0.43954145561183683
Bingo! Original Style Chilli Sprinkled - Flat Cut Spicy Potato Chips Pack for Snacks,Daily Good Raw Peanut - Singdana,0.4395076775533802
Cornitos Nacho ChipsÂ  Tikka Masala (55.0 GRAM),Crax Crunchy Pipes Salted Puff Snacks,0.43946767233564205
Pintola High Protein Oats Dark Chocolate With Almonds Raisin Pumpkin And Chia Seeds,Society Natural Tea (250.0 GRAM),0.4394417602234939
Too Yumm! Karare Munchy Masala | Spicy | No Palm Oil Crisps,Lay's Spanish Tomato Tango Potato Chips,0.4394328559568285
Let'S Try Roasted Chana (450.0 GRAM),Sunfeast Dark Fantasy Bourbon Chocolate Cream Biscuits | Trans Fat-free,0.4394292203212685
Let's Try Purani Delhi Methi Mathri,Haldiram's Moong Dal,0.43939805754874256
Saffola Masala Oats |Classic Masala | Anytime Snack | Ready in 3 mins | Millets Goodness,Crax Crunchy Pipes Salted Puff Snacks,0.4392924459910106
Kurkure Playz Puffcorn Yummy Cheese,Sunfeast Dark Fantasy Bourbon Chocolate Cream Biscuits | Trans Fat-free,0.43928029912485356
Tata Sampann Turmeric Powder With Natural Oils Haldi Powder,Tata Sampann 100% Chana Dal Fine Besan,0.43926470588235295
Haldiram's All In One Mixture (400.0 GRAM),Haldiram's Moong Dal,0.43925280199252803
Sunfeast Dark Fantasy Crunchy Choco Cookies with Vanilla Fills Centre Fills | Artificial Flavour-free,Haldiram's Moong Dal,0.43925280199252803
Orbit Sugar-Free Mixed Fruit Chewing Gum Pot (19800.0 MILLIGRAM),MAGGI 2-Minute Instant Noodles | Masala Noodles | Made With Quality Spices,0.4392190438556051
Nestle EveryDay Dairy Whitener,YiPPee! Magic Masala Noodles with Added Veggies - The Better Noodles,0.4392139252921783
Daily Good Poha / Avalakki Thick,Cornitos Nacho Chips - Cheese And Herbs (55.0 GRAM),0.4391212086021052
Charliee Rajgira Laddu,YiPPee! Magic Masala Noodles with Added Veggies - The Better Noodles,0.4390859119067826
Let's Try Butter Murukku (180.0 GRAM),Kurkure Masala Munch,0.439082691748524
Haldirams Kaju - Salted,Parle Hide & Seek Milano Chocolate Flavoured Biscuits,0.4390382471650971
Pintola High Protein Oats Dark Chocolate With Almonds Raisin Pumpkin And Chia Seeds,Sunfeast Dark Fantasy Bourbon Chocolate Cream Biscuits | Trans Fat-free,0.4390275163440272
Too Yumm! Bhoot Karare Spicy Chilli Flavour Crisps | No Palm Oil Snacks,Om Shanthi Havan Samagri | Cycle,0.43902511961722485
Modern Kitchens Spicy Murukku (150.0 GRAM),Modern Kitchens Butter Murukku,0.43900998679848025
Satyam Nighties Spices Chilli Kashmiri (100.0 GRAM),Let's Try Namkeen Combo Pack Of 6 (Crunchy Party Mix Peanut Party Mix Aloo Bhujia),0.43896103896103894
Snapin Oregano Pizza Seasoning Sachet Pouch,Let's Try Namkeen Combo Pack Of 6 (Crunchy Party Mix Peanut Party Mix Aloo Bhujia),0.43896103896103894
Satyam Nighties Spices Tamarind,MAGGI 2-Minute Instant Noodles | Masala Noodles | Made With Quality Spices,0.43888478278722187
Parle Hide & Seek Choco Roll Centre Fills | Trans Fat-free,Om Shanthi Havan Samagri | Cycle,0.43877410468319555
Let's Try Salted Peanuts,Cheetos Cheese Puffs (28.0 GRAM),0.43874463367457656
Let's Try Butter Murukku (180.0 GRAM),Scotch-Brite Scrub Sponge (Pack of 3),0.4386154334709432
Let's Try Purani Delhi Methi Mathri,Haldiram's Bhujia Sev (200.0 GRAM),0.43859745768547465
Cornitos Jalapeno Nachos and Salsa Dip Tray (75.0 GRAM),Kotton Multipurpose Napkin | 100% Virgin Pulp-Paper | 25 cm X 25 cm | 100Pcs,0.4385930479168913
Cavin's Masala Buttermilk,Charliee Rajgira Laddu,0.4385143015280002
Daily Good Chilli With Stem / Guntur With Stem,Haldiram's Moong Dal,0.43849021032240204
Too Yumm! Bhoot Karare Spicy Chilli Flavour Crisps | No Palm Oil Snacks,Piknik Classic Tomato Chilli,0.43844729124864945
Sofit Chocolate Soy Milk,The Healthy Binge Ragi Baked Chips Chatpata Chaat- High Protein & Fibre (40.0 GRAM),0.43836627140974965
Let'S Try Roasted Chana (450.0 GRAM),MAGGI 2-Minute Instant Noodles | Masala Noodles | Made With Quality Spices,0.4382924956309638
Lay's American Cream & Onion Potato Chips,MAGGI 2-Minute Instant Noodles | Masala Noodles | Made With Quality Spices,0.43821226549824355
Maggi Pazzta Instant Pasta - Masala Penne (69.0 GRAM),Daily Good Raw Peanut - Singdana,0.4381164791486969
Sunfeast Light Active Plain Marie Biscuits with Iron and 6 Vitamins | Trans Fat-free,MAGGI 2-Minute Instant Noodles | Masala Noodles | Made With Quality Spices,0.4380996579521821
Crax Mast Matar Green Peas Namkeen Snacks,Uncle Chipps - Spicy Treat,0.4380832260070169
Everest Coriander Powder (200.0 GRAM),Kotton Multipurpose Napkin | 100% Virgin Pulp-Paper | 25 cm X 25 cm | 100Pcs,0.4380399671502874
Modern Kitchens Boondi Masala,YiPPee! Magic Masala Noodles with Added Veggies - The Better Noodles,0.4379950152312379
Britannia Good Day Pista and Badam Dry Fruit Biscuits | Trans Fat-free,YiPPee! Magic Masala Noodles with Added Veggies - The Better Noodles,0.4379950152312379
Namaskaram Methi Khakhra,Kurkure Solid Masti Masala Twisteez (61.0 GRAM),0.43783843880850754
Smoodh Chocolate Milk Drink | Pet,Piknik Classic Tomato Chilli,0.43782688877467724
Haldiram's All In One Mixture (400.0 GRAM),Haldiram's Masala Tasty Nuts (200.0 GRAM),0.4378129402129402
Daily Good Till - Sesame White (100.0 GRAM),Sunfeast Dark Fantasy Bourbon Chocolate Cream Biscuits | Trans Fat-free,0.4378118725186465
Crax Mast Matar Green Peas Namkeen Snacks,Fortune Suji,0.4377758833001799
Ching's Schezwan Masala Instant Noodles,Crax Crunchy Pipes Salted Puff Snacks,0.43770080669394174
Sofit Vanilla Soy Milk,Haldiram's Mixture (400.0 GRAM),0.4376962478657394
Bingo! Mad Angles Masala Madness Crisps,Chheda's Yellow Banana Chips (170.0 GRAM),0.437656934906685
"Vicks Vaporub - Relief for Cold, Cough, Congestion",Om Shanthi Havan Samagri | Cycle,0.4376108647450111
Doritos Dinamita Fiery Lime And Chilli Rolled Tortilla Chips (56.0 GRAM),Cheetos Cheese Puffs (28.0 GRAM),0.43742208091034596
Too Yumm! Karare Chilli Achari Flavour | Tangy | No Palm Oil Crisps,Society Natural Tea (250.0 GRAM),0.43741169357632653
Veeba Veg Mayonnaise Burger,YiPPee! Magic Masala Noodles with Added Veggies - The Better Noodles,0.43740072077366504
Wok Tok by Veeba Instant Cup Noodles Masala (75500.0 MILLIGRAM),Sunfeast All Rounder Crunchy Potato Chatpata Masala Flavoured Crackers | Trans Fat-free,0.43738471673254276
Britannia Nutrichoice Oats Orange & Almond Biscuits | Maida-free and Trans Fat-free,Kurkure Yummy PuffCorn Yummy Cheese Chips,0.43735421859628
The Theatre Project TTP Kettle Cooked - Hot & Sweet Chilli (42.0 GRAM),Max Protein Choco Chips Flavoured Biscuits | Maida-free,0.4372778617785632
Catch Dhania Powder (200.0 GRAM),Let's Try Namkeen Combo Pack Of 6 (Crunchy Party Mix Peanut Party Mix Aloo Bhujia),0.4372727272727272
Peppy Cheese Balls (55.0 GRAM),RiteBite Max Protein 10g Protein Bar Choco Almond,0.4371748270685819
Sunfeast Nice Biscuit Coconut Flavoured Biscuits | Trans Fat-free,Sunfeast Dark Fantasy Bourbon Chocolate Cream Biscuits | Trans Fat-free,0.43716575110111594
"Assorted Candy 20 Pcs, Tangy Imli, Kaccha & Real Aam, Chilli Guava No Refined Sugar (20.0 PIECE)",Haldiram's Mini Bhakarwadi,0.43714112403407446
Piknik Classic Tomato Chilli,Crax Crunchy Pipes Salted Puff Snacks,0.43713603145949786
Haldiram's Moong Dal,MAGGI 2-Minute Instant Noodles | Masala Noodles | Made With Quality Spices,0.43703489961425146
Britannia Nutrichoice High-Fibre Digestive Biscuits,Britannia Marie Gold Biscuits Plain | Trans Fat-free,0.437031177650872
Cavin's Masala Buttermilk,Palekar Knot Premium Salty Khari | Preservative-free,0.4369838199625434
Haldiram's All In One Mixture (400.0 GRAM),Peppy Tomato Disc (55.0 GRAM),0.43698278560250386
Garden Onion Pakoda Namkeen,Bhagirathi Rajgira Peeth | Amaranth Flour,0.4368304136321458
Open Secret Arabian Dates (Khajur) With Seed,Haldiram's Moong Dal,0.43670717224476946
Balaji Rumbles Pudina Twist Wafers,Haldiram's Moong Dal,0.4365662405124514
Stroom Cookie Crunch Delight 20g protein Bars (63.0 GRAM),Palekar Knot Premium Salty Khari | Preservative-free,0.4365218920344646
Ching's Secret Manchurian Instant Noodle,Bhagirathi Rajgira Peeth | Amaranth Flour,0.43651928085890357
Balaji Rumbles Pudina Twist Wafers,Balaji Cream & Onion Wafers (135.0 GRAM),0.4364626772310259
YiPPee! 100% Suji Masala Pasta Treat,Chheda's Yellow Banana Chips (170.0 GRAM),0.4363636363636363
Veeba Chef'S Special Veg Mayonnaise Smart,Crax Crunchy Pipes Salted Puff Snacks,0.43635403498103725
Tata Sampann 100% Pure California Almonds/Badam Giri Whole Premium Quality,Crax Crunchy Pipes Salted Puff Snacks,0.4363540349810372
Satyam Nighties Spices Jeera,Kinder Joy - Single Pack - Assorted,0.43625521878477214
Everest Coriander Powder (200.0 GRAM),Everest Chhole Masala,0.4362209602478059
Britannia Nutrichoice High-Fibre Digestive Biscuits,Cheetos Cheese Puffs (28.0 GRAM),0.43615989808223443
Palekar Makkhan Butter Rusk | Bromate-free and Trans Fat-free,YiPPee! Magic Masala Noodles with Added Veggies - The Better Noodles,0.43609893291421953
Mysore Sandal Soap,MAGGI 2-Minute Instant Noodles | Masala Noodles | Made With Quality Spices,0.43605964739753905
Pintola High Protein Oats Dark Chocolate With Almonds Raisin Pumpkin And Chia Seeds,Let's Try Namkeen Combo Pack Of 6 (Crunchy Party Mix Peanut Party Mix Aloo Bhujia),0.43605614973262025
Bhagirathi Rajgira Peeth | Amaranth Flour,Crax Crunchy Pipes Salted Puff Snacks,0.4360491055366061
Everest Coriander Powder,Uncle Chipps - Spicy Treat,0.4359770566512139
Sunfeast Dark Fantasy Bourbon Chocolate Cream Biscuits | Trans Fat-free,MAGGI 2-Minute Instant Noodles | Masala Noodles | Made With Quality Spices,0.4358843861992917
Tata Sampann 100% Pure California Almonds/Badam Giri Whole Premium Quality,Om Shanthi Havan Samagri | Cycle,0.43583916083916074
Nissin Geki - Hot and Spicy Korean Chicken Flavoured Ramen Instant Noodles,Om Shanthi Havan Samagri | Cycle,0.43583916083916074
Sofit Chocolate Soy Milk,Chheda's Golden Plain Salted Chips (170.0 GRAM),0.43582650990272237
Epigamia Turbo Coffee Protein Milkshake,Haldiram's Soan Papdi,0.43582197047845905
Chheda's Golden Plain Salted Chips (170.0 GRAM),RiteBite Max Protein 10g Protein Bar Choco Almond,0.43581483307297464
Too Yumm! Chili Chataka Veggie Stix | Munching Snack | On-the-Go Munchies (75.0 GRAM),Kinder Joy - Single Pack - Assorted,0.43578913414931825
Sugar Free D'Lite Yummy Berry Biscuits | Made with Oats & Quinoa | Sugar-free,Haldiram's Moong Dal,0.43576666864338104
"Paper Boat Mango | Juicy Sips, Chewy Bites | Refreshing Summer Juice Drink",YiPPee! Magic Masala Noodles with Added Veggies - The Better Noodles,0.4357472402263855
Peppy Cheese Balls (55.0 GRAM),MAGGI 2-Minute Instant Noodles | Masala Noodles | Made With Quality Spices,0.4357180710121886
Chheda's Mix Farsan (170.0 GRAM),Kurkure Solid Masti Masala Twisteez (61.0 GRAM),0.4357111525117415
Nescafe Cafe Style Iced Frappe Cold Coffee,Let'S Try Roasted Chana (450.0 GRAM),0.43568485207392604
Colombian Brew Original Instant Coffee Sachets | 40 Sachets,Let's Try Namkeen Combo Pack Of 6 (Crunchy Party Mix Peanut Party Mix Aloo Bhujia),0.43565379825653794
Sunfeast Dark Fantasy Vanilla Cream Dark Crunchy Biscuits | Artificial Colour-free,MAGGI 2-Minute Instant Noodles | Masala Noodles | Made With Quality Spices,0.43563077142271966
Nescafe Cafe Style Iced Frappe Cold Coffee,Let's Try Namkeen Combo Pack Of 6 (Crunchy Party Mix Peanut Party Mix Aloo Bhujia),0.4356271576524741
Lijjat Moong Papad,"Paper Boat Mango | Juicy Sips, Chewy Bites | Refreshing Summer Juice Drink",0.4355816226783969
Lets Try Crunchy Party Mix (180.0 GRAM),The Healthy Binge Quinoa Baked Chips Smokey Bbq -High Protein And Fibre (40.0 GRAM),0.4355816226783969
"Tata Sampann Hing, Compounded Asafoetida | Bandhani Hing, Strong Flavour & Aroma (50.0 GRAM)",Paper Boat Chikki Family Pack,0.4355240718877083
Let's Try Cheese Balls (60.0 GRAM),MAGGI 2-Minute Instant Noodles | Masala Noodles | Made With Quality Spices,0.4355087459965509
Tata Sampann Coriander Powder With Natural Oils Dhania Powder,Tata Sampann Chilli Powder with Natural Oils Lal Mirchi Powder,0.435443722943723
Sweet Karam Coffee Madras Mixture,Unibic Fruit & Nut cookies,0.4354290859413811
Yu 100% Whole Wheat Hakka Noodles,Let's Try Namkeen Combo Pack Of 6 (Crunchy Party Mix Peanut Party Mix Aloo Bhujia),0.43541785568691393
Bingo! Mad Angles Masala Madness Crisps,RiteBite Max Protein 10g Protein Bar Choco Almond,0.4353961756344749
Dukes Nibbles - Jeera Flavoured Crackers,Crax Crunchy Pipes Salted Puff Snacks,0.43535436937970606
Knorr Classic Vegetable Soup - Sweet Corn,Cavin's Strawberry Milkshake,0.4350966107063669
Doritos Nacho Chips - Sweet Chilli Flavour,Kurkure Solid Masti Masala Twisteez (61.0 GRAM),0.4350918047469771
Garden Sabudana Chivda Namkeen,Haldiram's Moong Dal,0.4349232492847164
Tata Coffee Grand Premium 100% Coffee Blend Classic Instant Coffee,Haldiram's Mixture (400.0 GRAM),0.4348593277406836
Yu 100% Whole Wheat Hakka Noodles,RiteBite Max Protein 10g Protein Bar Choco Almond,0.4347319024982445
Satyam Chilli Bedgi,Peppy Cheese Balls (55.0 GRAM),0.4347304523775112
Satyam Chilli Bedgi,Peppy Tomato Disc (55.0 GRAM),0.43449992886612604
Let's Try Pudina Rings (60.0 GRAM),Haldiram's Lite Chiwda (200.0 GRAM),0.4344654138898834
Coca-Cola Zero Sugar Soft Drink,Om Shanthi Havan Samagri | Cycle,0.434337561663143
Haldiram's Mathri (200.0 GRAM),Modern Kitchens Butter Murukku,0.43431410883023785
Daily Good Tamarind / Imli (200.0 GRAM),Kurkure Solid Masti Masala Twisteez (61.0 GRAM),0.43424007527602065
Parle Hide & Seek Choco Roll Centre Fills | Trans Fat-free,Max Protein Choco Chips Flavoured Biscuits | Maida-free,0.4341984402167422
Tropicana Delight Orange Fruit Juice,Haldiram's Soan Papdi,0.4341457321304649
Tata Sampann Chilli Powder with Natural Oils Lal Mirchi Powder,Paper Boat Chikki Family Pack,0.43407799586776863
Stroom Choco Almond Bliss Protein Bars (45.0 GRAM),Tata Sampann Chilli Powder with Natural Oils Lal Mirchi Powder,0.4340183752417795
Garden Onion Pakoda Namkeen,Haldiram Aloo Bhujia ,0.43400142067217296
Maggi Masala-ae-Magic Sabzi Masala,Aashirvaad 100% Chana Dal Besan (500.0 GRAM),0.433917532696497
Catch Dhania Powder (200.0 GRAM),Britannia Marie Gold Biscuits Plain | Trans Fat-free,0.4338596886983983
Kurkure Green Chutney Style (68.0 GRAM),MAGGI 2-Minute Instant Noodles | Masala Noodles | Made With Quality Spices,0.4338508219324126
Modern Kitchens Spicy Murukku (150.0 GRAM),The Healthy Binge Ragi Baked Chips Chatpata Chaat- High Protein & Fibre (40.0 GRAM),0.43384703149830894
Cavin's Masala Buttermilk,Bhagirathi Rajgira Peeth | Amaranth Flour,0.43380798097779233
Let's Try Soya Sticks (160.0 GRAM),Let's Try Namkeen Combo Pack Of 6 (Crunchy Party Mix Peanut Party Mix Aloo Bhujia),0.43379679144385025
Bauli Moonfils Croissants Choco Cream (Egg) (50.0 GRAM),MAGGI 2-Minute Instant Noodles | Masala Noodles | Made With Quality Spices,0.4337551155787818
Lay's West Indies Hot 'n' Sweet Chilli Potato Chips,Kurkure Green Chutney Style (68.0 GRAM),0.43370424703664073
"Meetha Paan, 12 Pcs | Mouth Freshener | by GO DESi",Let's Try Butter Murukku (180.0 GRAM),0.43367182462927145
Let's Try Soya Sticks (160.0 GRAM),RiteBite Max Protein 10g Protein Bar Choco Almond,0.4336499342883474
Sofit Chocolate Soy Milk,Sweet Karam Coffee Indian Masala Tapioca Chips | No Palm Oil,0.433631772268136
Daily Good Lachkari Kolam Raw Rice,Parle Krack Jack Sweet and Salty Plain Crackers | Artificial Colour-free,0.4335599694423224
Heka Bites Roasted Jowar Puffs Majestic Masala - Low Calorie & Healthy Snacks,Haldiram's Masala Tasty Nuts (200.0 GRAM),0.4335511045188465
Sunfeast Nice Biscuit Coconut Flavoured Biscuits | Trans Fat-free,RiteBite Max Protein 10g Protein Bar Choco Almond,0.4335334869375719
Lijjat Moong Papad,Haldiram's Soan Papdi,0.43347884160491895
Aashirvaad Jeera (100.0 GRAM),MAGGI 2-Minute Instant Noodles | Masala Noodles | Made With Quality Spices,0.4333889089419435
Cornitos Nacho ChipsÂ  Tikka Masala (55.0 GRAM),Kotton Multipurpose Napkin | 100% Virgin Pulp-Paper | 25 cm X 25 cm | 100Pcs,0.4333819107856785
Malkist Cheese Crunchy Layered Crackers,MAGGI Pazzta Instant Pasta - Cheese Macaroni,0.4333565238535889
Bhagirathi Jowar Atta (500.0 GRAM),Aashirvaad 100% Chana Dal Besan (500.0 GRAM),0.433313207395858
Lal Sweets Motichoor Laddu,YiPPee! Magic Masala Noodles with Added Veggies - The Better Noodles,0.4332853914115471
MTR Vermicelli,Let'S Try Roasted Chana (450.0 GRAM),0.43324745430008577
Britannia Treat Rich Creme Strawberry Flavoured Wafers | Trans Fat-free,Lay's Spanish Tomato Tango Potato Chips,0.43315826520114786
Haldiram's All In One Mixture (400.0 GRAM),Kinder Joy - Single Pack - Assorted,0.4331231300345224
Nescafe Cafe Style Iced Frappe Cold Coffee,Aashirvaad 100% Chana Dal Besan (500.0 GRAM),0.43311590605381445
Doritos Nacho Cheese Flavoured Corn Chips,Ezee Medium Garbage Bags 19x 21 Inch (30.0 PIECE),0.43297682709447416
Wheel Green Lemon & Jasmine Detergent Powder,Maggi Masala-ae-Magic Sabzi Masala,0.43297316886568316
Cornitos Nacho Chips - Peri Peri (55.0 GRAM),Sunfeast All Rounder Crunchy Potato Chatpata Masala Flavoured Crackers | Trans Fat-free,0.432965796579658
Everest Dry Mango Powder,Kinder Joy - Single Pack - Assorted,0.4329408391548783
Britannia Nutrichoice Oats Orange & Almond Biscuits | Maida-free and Trans Fat-free,Catch Jeera Whole (100.0 GRAM),0.43293811270673965
Sundrop Peanut Butter With Honey - Crunchy,Hershey's Spread - Cocoa Jar,0.4329225761450825
Heka Bites Roasted Quinoa Puffs Indian Chaat - Low Calorie & Healthy Snacks (40.0 GRAM),Britannia Marie Gold Biscuits Plain | Trans Fat-free,0.4329082420126562
Let's Try Salted Peanuts,Haldiram's Moong Dal,0.4328924629565842
Colombian Brew Original Instant Coffee Sachets | 40 Sachets,MAGGI 2-Minute Instant Noodles | Masala Noodles | Made With Quality Spices,0.4328726624750681
Heka Bites Roasted Quinoa Puffs Indian Chaat - Low Calorie & Healthy Snacks (40.0 GRAM),Haldiram's Masala Tasty Nuts (200.0 GRAM),0.43286133022975126
"Yoga Bar  Rolled Oats 400g Pouch | Premium Golden Rolled Oats, Gluten Free Oats with High Fibre",Kinder Creamy Milky And Cocoa With Extruded Rice (19.0 GRAM),0.4327869336641267
Cornitos Nacho Chips - Cheese And Herbs (55.0 GRAM),YiPPee! Magic Masala Noodles with Added Veggies - The Better Noodles,0.4327867891199343
Heka Bites Roasted Jowar Puffs Majestic Masala - Low Calorie & Healthy Snacks,Crax Crunchy Pipes Salted Puff Snacks,0.43277919393664577
Hillers Thin Hakka Noodles,YiPPee! Magic Masala Noodles with Added Veggies - The Better Noodles,0.432711756736245
Bhagirathi Jowar Atta (500.0 GRAM),Let's Try Namkeen Combo Pack Of 6 (Crunchy Party Mix Peanut Party Mix Aloo Bhujia),0.43269016697588125
Dabur Real Alphonso Mango Fruit Juice,Kurkure Masala Munch,0.43268952500786406
Britannia Treat Jimjam Naughty Jam Cream Biscuits | Trans Fat-free,Kurkure Green Chutney Style (68.0 GRAM),0.43252051235085137
Orbit Sugar-Free Mixed Fruit Chewing Gum Pot (19800.0 MILLIGRAM),Kinder Joy - Single Pack - Assorted,0.4324896241062542
Lay's Potato Chips - Chile Lemon Flavour,Catch Jeera Whole (100.0 GRAM),0.4324871355060035
Bingo! Original Style Chilli Sprinkled - Flat Cut Spicy Potato Chips Pack for Snacks,Kurkure Solid Masti Masala Twisteez (61.0 GRAM),0.4324671210060441
Sofit Chocolate Soy Milk,YiPPee! Magic Masala Noodles with Added Veggies - The Better Noodles,0.43246477513993437
Unibic Wafer Belgium Chocolate Qubz Cubes Wafers | Maida-free,Paper Boat Chikki Family Pack,0.4324469996406755
Cadbury Oreo Chocolate Flavour Creme Sandwich Biscuit Family Pack,Daily Good Raw Peanut - Singdana,0.4324212287923671
Kellogg's Multigrain Chocos | More Chocolatey | No-Maida,Crax Crunchy Pipes Salted Puff Snacks,0.4324076806595034
Daily Good Tamarind / Imli (200.0 GRAM),Britannia 50-50 Maska Chaska Biscuits Butter Flavoured Crackers | Trans Fat-free,0.43238739956905203
Everest Coriander Powder (200.0 GRAM),Everest Sambhar Masala,0.43237382772266497
Modern Kitchens Hot Chips Spicy,Crax Crunchy Pipes Salted Puff Snacks,0.4323137198423239
Cadbury Chocobakes Choclayered Chocolate Cake,Kurkure Solid Masti Masala Twisteez (61.0 GRAM),0.4322847608453837
"Tetley Ginger, Mint, and Lemon Green Tea",Haldiram's Mixture (400.0 GRAM),0.4322820364663585
Vim Lemon Dishwash Bar,Catch Jeera Whole (100.0 GRAM),0.4322522158234906
Veeba Chef'S Special Veg Mayonnaise Smart,Lal Sweets Motichoor Laddu,0.43223099481163996
Tata Sampann Turmeric Powder With Natural Oils Haldi Powder,Haldiram's Lite Chiwda (200.0 GRAM),0.4321544276457883
Sofit Chocolate Soy Milk,Haldiram's Moong Dal,0.43213527973801946
Let's Try Combo Pack | Aloo Bhujia | Navratan | Peanut Party | Crunchy Party,Haldiram's Moong Dal,0.43213527973801946
Paper Boat Chikki Family Pack,YiPPee! Magic Masala Noodles with Added Veggies - The Better Noodles,0.43213439716045393
Surf Excel Easy Wash Detergent Powder,Maggi Masala-ae-Magic Sabzi Masala,0.43209847559524756
Lay's India's Magic Masala Potato Chips (67.0 GRAM),Kurkure Playz Puffcorn Yummy Cheese,0.43209393461963824
Everest Cumin Powder (50.0 GRAM),Rajdhani Roasted Chana (200.0 GRAM),0.432012274645186
Peppy Tomato Disc (55.0 GRAM),Sunfeast Dark Fantasy Bourbon Chocolate Cream Biscuits | Trans Fat-free,0.43191861050306335
Crax Aloo Bhujia Namkeen Snacks (160.0 GRAM),Haldiram's Moong Dal,0.43191032644299704
Nescafe Cafe Style Iced Frappe Cold Coffee,Sunfeast Dark Fantasy Bourbon Chocolate Cream Biscuits | Trans Fat-free,0.43188240305813896
"MR. MAKHANA Fox Nuts Black Salt - Delicious Teatime Snack, Popped Lotus Seeds, Roasted In Olive Oil",Haldiram's Masala Tasty Nuts (200.0 GRAM),0.43184225168957985
Parle Hide & Seek Milano Choco Filled Hazelnut Chocolate Centre Fills | Trans Fat-free,YiPPee! Magic Masala Noodles with Added Veggies - The Better Noodles,0.4317379435850774
"Ritebite Max Protein Cheese & Jalapeno 10G Multigrain Protein Chips, Healthy Snacks & Munchies",Kurkure Solid Masti Masala Twisteez (61.0 GRAM),0.43166588502456
Kurkure Yummy PuffCorn Yummy Cheese Chips,Britannia Treat Jimjam Naughty Jam Cream Biscuits | Trans Fat-free,0.4316353045187522
Cornitos Nacho ChipsÂ  Tikka Masala (55.0 GRAM),Piknik Classic Tomato Chilli,0.4315854610024483
Top Ramen Noodles Curry Veg Pouch,Om Shanthi Havan Samagri | Cycle,0.4315432551319648
Peppy Tomato Disc (55.0 GRAM),Haldiram's Moong Dal,0.43153857264089435
Crax Curls Chatpata Masala Puff Snacks,YiPPee! Magic Masala Noodles with Added Veggies - The Better Noodles,0.43147597602820315
Unibic Wafer Belgium Chocolate Qubz Cubes Wafers | Maida-free,Palekar Knot Premium Salty Khari | Preservative-free,0.43146076864855776
Too Yumm! Chili Chataka Veggie Stix | Munching Snack | On-the-Go Munchies (75.0 GRAM),Kotton Multipurpose Napkin | 100% Virgin Pulp-Paper | 25 cm X 25 cm | 100Pcs,0.4314029979510407
Lijjat Moong Papad,Kotton Multipurpose Napkin | 100% Virgin Pulp-Paper | 25 cm X 25 cm | 100Pcs,0.4314029979510407
Haldirams Namkeen - Mini Samosa,Let's Try Namkeen Combo Pack Of 6 (Crunchy Party Mix Peanut Party Mix Aloo Bhujia),0.43140276941601446
The Theatre Project TTP Kettle Cooked - Hot & Sweet Chilli (42.0 GRAM),Haldiram's Moong Dal,0.43136498512173066
Cadbury Oreo Chocolate Flavour Creme Sandwich Biscuit,MAGGI 2-Minute Instant Noodles | Masala Noodles | Made With Quality Spices,0.4313030052488506
Farmley Peri Peri Makhana Roasted In Olive Oil,Crax Curls Chatpata Masala Puff Snacks,0.43118106863689903
Lijjat Moong Papad,Nissin Geki - Hot and Spicy Korean Kimchi Flavoured Ramen Instant Noodles,0.4311241446725318
L'Oreal Paris Total Repair 5 Conditioner,Kurkure Green Chutney Style (68.0 GRAM),0.4311009802477053
Heka Bites Roasted Jowar Puffs Majestic Masala - Low Calorie & Healthy Snacks,Chheda's Golden Plain Salted Chips (170.0 GRAM),0.4309826804351128
Veeba Chef'S Special Veg Mayonnaise Smart,Bhagirathi Rajgira Peeth | Amaranth Flour,0.43097154417909145
Tata Sampann 100% Pure Premium Cashews/Kaju Whole,YiPPee! Magic Masala Noodles with Added Veggies - The Better Noodles,0.43096835723287574
Farmley Peri Peri Makhana Roasted In Olive Oil,Haldirams Namkeen - Khara Boondi,0.4309622541201489
Farmley Premium California Natural Dried Cranberry,Haldirams Namkeen - Khara Boondi,0.4309622541201489
Stroom Choco Almond Bliss Protein Bars (45.0 GRAM),Lal Sweets Motichoor Laddu,0.43094777562862663
Fortune Besan (500.0 GRAM),Kurkure Solid Masti Masala Twisteez (61.0 GRAM),0.43092603214833586
Let's Try Potato Wafers | Vrat | Fasting Chips,Haldiram's Moong Dal,0.43091552338785005
Catch Turmeric Powder (200.0 GRAM),Let's Try Namkeen Combo Pack Of 6 (Crunchy Party Mix Peanut Party Mix Aloo Bhujia),0.43081537019681343
Haldiram's Mathri (200.0 GRAM),Society Natural Tea,0.4308062442607897
Cavin's Chilled Latte Cold Coffee,Paper Boat Chikki Family Pack,0.4307130501633673
Winkies Swiss Roll - Cream & Real Strawberry Jam,Everest Dry Ginger Powder (100.0 GRAM),0.43070044709388977
Bauli Moonfils Croissants Strawberry (Veg),Crax Crunchy Pipes Salted Puff Snacks,0.43069759378683864
Lay's Classic Salted Potato Chips (50.0 GRAM),Kurkure Solid Masti Masala Twisteez (61.0 GRAM),0.43065774813809077
Beyond Snack Kerala Banana Chips - Hot & Sweet Chilli (70.0 GRAM),YiPPee! Magic Masala Noodles with Added Veggies - The Better Noodles,0.4306476962527918
Cadbury Oreo Chocolate Flavour Creme Sandwich Biscuit Family Pack,Haldiram's Moong Dal,0.4306400019534588
Doritos Dinamita Fiery Lime And Chilli Rolled Tortilla Chips (56.0 GRAM),"Uncle Chipps Potato Chips, Plain Salted Flavour, Crispy Chips & Snacks (48.0 GRAM)",0.4306093225898553
Daadi'S Besan Laddoo Pure Ghee,Haldiram's Masala Tasty Nuts (200.0 GRAM),0.43043407043407045
Bhagirathi Makai Atta (500.0 GRAM),RiteBite Max Protein 10g Protein Bar Choco Almond,0.43038940846663054
Sunfeast Wowzers Cheese Flavoured Crackers | Artificial Flavour-free,Kurkure Masala Munch,0.43030161372194875
Cavin's Strawberry Milkshake,Lal Sweets Motichoor Laddu,0.4302696516701237
ZOFF Green Cardamom Whole - Elaichi,RiteBite Max Protein 10g Protein Bar Choco Almond,0.43025406588535164
Kotton Multipurpose Napkin | 100% Virgin Pulp-Paper | 25 cm X 25 cm | 100Pcs,YiPPee! Magic Masala Noodles with Added Veggies - The Better Noodles,0.4302015096221411
Everest - Ginger Garlic Paste (200.0 GRAM),Let's Try Namkeen Combo Pack Of 6 (Crunchy Party Mix Peanut Party Mix Aloo Bhujia),0.43018181818181817
Tata Sampann Turmeric Powder With Natural Oils Haldi Powder,Nutrela Mini Soya Chunks (200.0 GRAM),0.4301515151515152
"Uncle Chipps Potato Chips, Plain Salted Flavour, Crispy Chips & Snacks (48.0 GRAM)",Aashirvaad 100% Chana Dal Besan (500.0 GRAM),0.4301087026763306
Catch Turmeric Powder (200.0 GRAM),Lay's Spanish Tomato Tango Potato Chips,0.4300882001771706
Crax Fritts Peri Peri Corn & Potato Stick Snacks,Tata Sampann 100% Chana Dal Fine Besan,0.4300493624023035
Orbit Sugar-Free Mixed Fruit Chewing Gum Pot (19800.0 MILLIGRAM),Britannia Nutrichoice High-Fibre Digestive Biscuits,0.43001563314226166
Tata Sampann 100% Chana Dal Fine Besan,Chheda's Yellow Banana Chips (170.0 GRAM),0.4300132741684682
Uncle Chipps - Spicy Treat,Sunfeast Dark Fantasy Bourbon Chocolate Cream Biscuits | Trans Fat-free,0.4299066970409388
Satyam Nighties Spices Tamarind,Origami Luncheon Tissue Paper Napkins - 32 X 32 cm - 50 Serviettes,0.42986330353024366
Ching's Schezwan Masala Instant Noodles,Tata Sampann Chilli Powder with Natural Oils Lal Mirchi Powder,0.42986111111111114
Everest Cumin Powder (50.0 GRAM),ACT II Ready to Eat Popcorn - Sour Cream & Cheese Popcorn (50.0 GRAM),0.4298312465977136
Lay's Potato Chips - Chile Lemon Flavour,Kurkure Yummy PuffCorn Yummy Cheese Chips,0.4298177443421063
"Haldirams Namkeen - Tasty Nuts, (400.0 GRAM)",Haldiram Aloo Bhujia ,0.42977413410718435
Stroom Cookie Crunch Delight 20g protein Bars (63.0 GRAM),Crax Crunchy Pipes Salted Puff Snacks,0.42974261020859733
Tata Sampann Turmeric Powder With Natural Oils,Crax Crunchy Pipes Salted Puff Snacks,0.42974261020859733
Britannia 50-50 Maska Chaska Biscuits Butter Flavoured Crackers | Trans Fat-free,Kurkure Green Chutney Style (68.0 GRAM),0.42971924633665504
The Theatre Project TTP Kettle Cooked - Hot & Sweet Chilli (42.0 GRAM),MAGGI 2-Minute Instant Noodles | Masala Noodles | Made With Quality Spices,0.4296774097217556
MAGGI Spicy Cheesy Instant Noodles,Lijjat Urad Papad,0.4296650717703349
Satyam Nighties Spices Tamarind,YiPPee! Magic Masala Noodles with Added Veggies - The Better Noodles,0.429638207982157
Sweet Karam Coffee Kerala Nendran Banana Chips (65.0 GRAM),Korean Nongshim Kimchi Ramyun Noodle Soup Veg,0.4296001249609496
Fortune Soya Chunks (200.0 GRAM),Daily Good Watermelon Seeds / Tarbuj Beej,0.42959830866807613
Too Yumm! Karare Chilli Achari Flavour | Tangy | No Palm Oil Crisps,Let's Try Namkeen Combo Pack Of 6 (Crunchy Party Mix Peanut Party Mix Aloo Bhujia),0.42954388172381247
Britannia Treat Jimjam Naughty Jam Cream Biscuits | Trans Fat-free,Kurkure Solid Masti Masala Twisteez (61.0 GRAM),0.4295374412821221
Beyond Snack Kerala Banana Chips - with Coconut Oil & Rock Salt,RiteBite Max Protein 10g Protein Bar Choco Almond,0.42951817484625276
Daily Good Roasted Chana Dal / Phutana,Daily Good Lachkari Kolam Raw Rice,0.4294840294840295
ZOFF Black Mustard Seeds Whole - Rai (200.0 GRAM),Scotch-Brite Scrub Sponge (Pack of 3),0.4294776119402985
Kurkure Yummy PuffCorn Yummy Cheese Chips,Daily Good Raw Peanut - Singdana,0.42945358035444664
Britannia Treat Jimjam Naughty Jam Cream Biscuits | Trans Fat-free,MAGGI 2-Minute Instant Noodles | Masala Noodles | Made With Quality Spices,0.42944419358534563
Saffola Masala Oats |Classic Masala | Anytime Snack | Ready in 3 mins | Millets Goodness,Unibic Fruit & Nut cookies,0.42939077812401216
Epigamia Turbo Coffee Protein Milkshake,Charliee Rajgira Laddu,0.4293292046716704
"Uncle Chipps Potato Chips, Plain Salted Flavour, Crispy Chips & Snacks (48.0 GRAM)",MAGGI 2-Minute Instant Noodles | Masala Noodles | Made With Quality Spices,0.42931863025457107
Amul Taaza Homogenised Toned Milk (Tetra Pack),Kurkure Green Chutney Style (68.0 GRAM),0.42930472616334
Maggi Masala-ae-Magic Sabzi Masala,MAGGI 2-Minute Instant Noodles | Masala Noodles | Made With Quality Spices,0.4292297063609268
Sweet Karam Coffee Onion Kodubale / Ring Murukku | No Palm Oil and No Maida,Sweet Karam Coffee Indian Masala Tapioca Chips | No Palm Oil,0.42916134162619635
Britannia Nutrichoice High-Fibre Digestive Biscuits,MAGGI 2-Minute Instant Noodles | Masala Noodles | Made With Quality Spices,0.4291120447089638
Parle Marie Butter Marie Biscuits | Trans Fat-free,Daily Good Cashew | W320 (100.0 GRAM),0.42907927156352
Let's Try Namkeen Combo Pack Of 6 (Crunchy Party Mix Peanut Party Mix Aloo Bhujia),Cheetos Cheese Puffs (28.0 GRAM),0.4290733656587315
Sunfeast Farmlite Gold and Almond Oats Biscuits | Trans Fat-free,Kinder Joy - Single Pack - Assorted,0.4290431723203814
Cavin's Masala Buttermilk,Haldiram's Lite Chiwda (200.0 GRAM),0.42903643033232663
Sofit Vanilla Soy Milk,YiPPee! Magic Masala Noodles with Added Veggies - The Better Noodles,0.4290270583264214
The Theatre Project Gourmet Popcorn - Piri Piri & Lime (60.0 GRAM),Chheda's Golden Plain Salted Chips (170.0 GRAM),0.4290056956624747
L'Oreal Paris Total Repair 5 Conditioner,MAGGI 2-Minute Instant Noodles | Masala Noodles | Made With Quality Spices,0.4289552628146602
Haldiram's Bhujia Sev (200.0 GRAM),Haldiram's Moong Dal,0.4289274886901232
Sweet Karam Coffee Indian Masala Tapioca Chips | No Palm Oil,Chheda's Golden Plain Salted Chips (170.0 GRAM),0.4288346407598979
Crax Mast Matar Green Peas Namkeen Snacks,Crax Double Mazza Roasted Chana Peanuts Namkeen Snacks (160.0 GRAM),0.4287596461509505
Daily Good Roasted Chana Dal / Phutana,Cheetos Cheese Puffs (28.0 GRAM),0.4287109726134117
Haldirams Soya Sticks,Palekar Jeeo Butter | Toasted Buns With Jeera And Khari | Trans Fat-free,0.4286758321095524
Tropicana Delight Mixed Fruit Juice,Om Shanthi Havan Samagri | Cycle,0.42862669245647966
Ching's Secret Hot Garlic Instant Noodles Pouch,Veeba Chef'S Special Veg Mayonnaise Smart,0.42860606060606066
Britannia Treat Rich Creme Choco Flavoured Wafers | Trans Fat-free,Om Shanthi Havan Samagri | Cycle,0.42851413292589763
Everest Black Pepper Powder,YiPPee! Magic Masala Noodles with Added Veggies - The Better Noodles,0.42844807444204025
Farmley Cream And Onion Makhana Roasted In Olive Oil,Sunfeast Dark Fantasy Bourbon Chocolate Cream Biscuits | Trans Fat-free,0.42838781888160826
HELL Energy Drink Apple Flavoured Drink,Lay's Spanish Tomato Tango Potato Chips,0.4283581957729437
ACT II Ready to Eat Caramel Popcorn - Classic Caramel Bliss (35.0 GRAM),Let's Try Namkeen Combo Pack Of 6 (Crunchy Party Mix Peanut Party Mix Aloo Bhujia),0.4283195592286501
Saffola Masala Oats |Classic Masala | Anytime Snack | Ready in 3 mins | Millets Goodness,Let's Try Namkeen Combo Pack Of 6 (Crunchy Party Mix Peanut Party Mix Aloo Bhujia),0.4283195592286501
Lay's India's Magic Masala Potato Chips (67.0 GRAM),Britannia Good Day Chunkies Chocochip Cookies,0.4282291261340597
Wheel Green Lemon & Jasmine Detergent Powder,The Theatre Project Gourmet Popcorn - Cheddar Cheese (60.0 GRAM),0.42821883998354576
Balaji Simply Salted Chips (135.0 GRAM),Sunfeast Dark Fantasy Bourbon Chocolate Cream Biscuits | Trans Fat-free,0.4282156273954084
Daadi'S Besan Laddoo Pure Ghee,Chheda's Yellow Banana Chips (170.0 GRAM),0.428214055448098
Mysore Sandal Soap,Aashirvaad 100% Chana Dal Besan (500.0 GRAM),0.428213256639054
Cornitos Nacho Crisps - Cheese And Herbs,Haldiram's Salted Peanut,0.4281874773001782
"Taali Roasted Protein Puffs| Cheese & Herbs| Protein Rich, No Maida,No palm oil| Cheeseballs 2.0",YiPPee! Magic Masala Noodles with Added Veggies - The Better Noodles,0.4281698614066882
Knorr International Italian Mushroom Soup,Om Shanthi Havan Samagri | Cycle,0.42809090909090913
Namaskaram Mini Bhakarwadi,MAGGI 2-Minute Instant Noodles | Masala Noodles | Made With Quality Spices,0.4280869323231326
Nutrela 100% Vegetarian Soya Chunks,Unibic Fruit & Nut cookies,0.4280489319423746
Too Yumm! Chili Chataka Veggie Stix | Munching Snack | On-the-Go Munchies (75.0 GRAM),Haldiram's Salted Peanut,0.42800163204093333
Aashirvaad Jeera (100.0 GRAM),Haldiram's Moong Dal,0.4279971854040029
HELL Energy Drink Apple Flavoured Drink,Haldiram's Lite Chiwda (200.0 GRAM),0.4279749844383822
Britannia Good Day Cashew Dry Fruit Biscuits| Trans Fat-free,Kurkure Green Chutney Style (68.0 GRAM),0.42793357165346463
Doritos Dinamita Fiery Lime And Chilli Rolled Tortilla Chips (56.0 GRAM),Kurkure Masala Munch,0.42792721891501023
Let's Try Combo Pack | Aloo Bhujia | Navratan | Peanut Party | Crunchy Party,Cheetos Cheese Puffs (28.0 GRAM),0.4279094296624784
Everest Coriander Powder (200.0 GRAM),Everest Coriander Powder (100.0 GRAM),0.4278459568600414
Sunfeast Dark Fantasy Choco Rolls | Crunchy Wafer Rolls,Crax Crunchy Pipes Salted Puff Snacks,0.4276962168266516
Daily Good Coriander / Dhania Whole (200.0 GRAM),Let's Try Namkeen Combo Pack Of 6 (Crunchy Party Mix Peanut Party Mix Aloo Bhujia),0.4276904176904177
Haldiram's All In One Mixture (400.0 GRAM),Haldiram's Salted Peanut,0.427652242953553
Lijjat Urad Papad,ZOFF Green Cardamom Whole - Elaichi,0.42761397490295205
Balaji Simply Salted Chips (135.0 GRAM),Palekar Jeeo Butter | Toasted Buns With Jeera And Khari | Trans Fat-free,0.42759317515171424
Mysore Sandal Soap,Haldiram's Moong Dal,0.42756185689068127
Nescafe Cafe Style Iced Frappe Cold Coffee,Let's Try Salted Peanuts,0.42752491246970104
Let's Try Soya Sticks (160.0 GRAM),Cheetos Cheese Puffs (28.0 GRAM),0.4273883348945303
Tata Classic Grand Instant Coffee,YiPPee! Magic Masala Noodles with Added Veggies - The Better Noodles,0.42737695425593514
Superyou Strawberry Protein Wafer Bar (40.0 GRAM),YiPPee! Magic Masala Noodles with Added Veggies - The Better Noodles,0.42737695425593514
Ching's Secret Hot Garlic Instant Noodles Pouch,YiPPee! Magic Masala Noodles with Added Veggies - The Better Noodles,0.42737695425593514
Modern Kitchens Banana Chips Salted,The Healthy Binge Quinoa Baked Chips Smokey Bbq -High Protein And Fibre (40.0 GRAM),0.42736310149578566
Let'S Try Special Makhana Mixture | Fasting Snacks (90.0 GRAM),The Theatre Project Gourmet Popcorn - Cheddar Cheese (60.0 GRAM),0.42735375141792253
Beyond Snack Kerala Banana Chips - with Coconut Oil & Rock Salt,Haldiram's Moong Dal,0.42729832852399535
Sunfeast Nice Biscuit Coconut Flavoured Biscuits | Trans Fat-free,Britannia 50-50 Maska Chaska Biscuits Butter Flavoured Crackers | Trans Fat-free,0.42728661712618937
Let's Try Lite Snacks Sticks | Vrat | Fasting Special,Cheetos Cheese Puffs (28.0 GRAM),0.42728233288240336
Tata Sampann Kitchen King Masala with Natural Oils Rich Aroma & Flavour,Tata Sampann 100% Pure California Almonds/Badam Giri Whole Premium Quality,0.42727272727272725
Daily Good Tamarind / Imli (200.0 GRAM),MAGGI 2-Minute Instant Noodles | Masala Noodles | Made With Quality Spices,0.4272641667540804
Cornitos Jalapeno Nachos and Salsa Dip Tray (75.0 GRAM),Crax Crunchy Pipes Salted Puff Snacks,0.42719598733328706
Britannia Vita Butter Marie Gold Biscuits | Trans Fat-free,Kurkure Solid Masti Masala Twisteez (61.0 GRAM),0.4270179362052806
Snapin Chilli Flakes Sachet Pouch,Crax Crunchy Pipes Salted Puff Snacks,0.4269700772395096
The Theatre Project Gourmet Popcorn - Piri Piri & Lime (60.0 GRAM),Haldiram's Salted Peanut,0.42695987558773507
Kurkure Red Chilli Chataka Chips (68.0 GRAM),Kurkure Solid Masti Masala Twisteez (61.0 GRAM),0.42690184136350456
Parle Hide & Seek Chocolate Chip Biscuits | Trans Fat-free,MAGGI 2-Minute Instant Noodles | Masala Noodles | Made With Quality Spices,0.42687430261342474
Godrej Expert Creme Hair Colour Natural Black (Pack of 4),MAGGI 2-Minute Instant Noodles | Masala Noodles | Made With Quality Spices,0.4268275085348256
Tropicana Delight Orange Fruit Juice,Palekar Knot Premium Salty Khari | Preservative-free,0.42682140554480985
Cavin's Chilled Latte Cold Coffee,Chheda's Yellow Banana Chips (170.0 GRAM),0.42679141739013093
Lets Try Crunchy Party Mix (180.0 GRAM),Garden Sabudana Chivda Namkeen,0.4267851535886727
Too Yumm! Bhoot Karare Spicy Chilli Flavour Crisps | No Palm Oil Snacks,Chheda's Yellow Banana Chips (170.0 GRAM),0.4266042281719773
Doritos Nacho Cheese Flavoured Corn Chips,Sunfeast Dark Fantasy Bourbon Chocolate Cream Biscuits | Trans Fat-free,0.4264838730199122
Lal Sweets Motichoor Laddu,Om Shanthi Havan Samagri | Cycle,0.42646627565982403
Cornitos Nacho Chips - Sizzlin Jalapeno (55.0 GRAM),YiPPee! Magic Masala Noodles with Added Veggies - The Better Noodles,0.42640784551612576
Catch Turmeric Powder (200.0 GRAM),Britannia Marie Gold Biscuits Plain | Trans Fat-free,0.4264050548719654
Britannia Marie Gold Biscuits Plain | Trans Fat-free,MAGGI 2-Minute Instant Noodles | Masala Noodles | Made With Quality Spices,0.42636077533795863
Britannia Nutrichoice High-Fibre Digestive Biscuits,Kinder Joy - Single Pack - Assorted,0.4263447875888067
Cornitos Nacho Chips - Cheese And Herbs (55.0 GRAM),Om Shanthi Havan Samagri | Cycle,0.42633774453394707
Open Secret Arabian Dates (Khajur) With Seed,MAGGI 2-Minute Instant Noodles | Masala Noodles | Made With Quality Spices,0.4262550048652874
Bhagirathi Rajgira Peeth | Amaranth Flour,YiPPee! Magic Masala Noodles with Added Veggies - The Better Noodles,0.42622499481050136
Farmley Cream And Onion Makhana Roasted In Olive Oil,Kurkure Masala Munch,0.42621045008912656
Bhagirathi Jowar Atta (500.0 GRAM),RiteBite Max Protein 10g Protein Bar Choco Almond,0.4261806685028838
Knorr Korean Ramen Spicy Jjajangmyeon Veg Meal,Haldiram's Mixture (400.0 GRAM),0.4261779255534831
Nutrela 100% Vegetarian Soya Chunks,YiPPee! Magic Masala Noodles with Added Veggies - The Better Noodles,0.4261049990349353
Sweet Karam Coffee Madras Mixture,YiPPee! Magic Masala Noodles with Added Veggies - The Better Noodles,0.4261049990349353
Satyam Nighties Spices Chilli Kashmiri (100.0 GRAM),Rajdhani Roasted Chana (200.0 GRAM),0.4260918406488027
Nissin Cup Noodles Italiano,Om Shanthi Havan Samagri | Cycle,0.42605601469237836
Fortune Soya Chunks (200.0 GRAM),YiPPee! Magic Masala Noodles with Added Veggies - The Better Noodles,0.42595709726505165
Ching's Secret Hot Garlic Instant Noodles Pouch,Tata Sampann 100% Chana Dal Fine Besan,0.4259536541889483
Ching's Secret Manchurian Instant Noodle,Tata Sampann 100% Chana Dal Fine Besan,0.4259536541889483
Godrej Expert Creme Hair Colour Natural Black (Pack of 4),Parle Krack Jack Sweet and Salty Plain Crackers | Artificial Colour-free,0.42595365418894826
Stroom Cookie Crunch Delight 20g protein Bars (63.0 GRAM),Scotch-Brite Scrub Sponge (Pack of 3),0.42592821018872584
Orbit Sugar-Free Mixed Fruit Chewing Gum Pot (19800.0 MILLIGRAM),Let's Try Namkeen Combo Pack Of 6 (Crunchy Party Mix Peanut Party Mix Aloo Bhujia),0.42592259225922596
Hershey's Milkshake Cashew Butterscotch Ice Cream Flavor,Crax Crunchy Pipes Salted Puff Snacks,0.42587105516167306
Beyond Snack Kerala Banana Chips - Hot & Sweet Chilli (70.0 GRAM),Piknik Classic Tomato Chilli,0.4258588186007541
Too Yumm! Karare Chilli Achari Flavour | Tangy | No Palm Oil Crisps,Sunfeast Dark Fantasy Bourbon Chocolate Cream Biscuits | Trans Fat-free,0.4258514204153349
Modern Kitchens Hot Chips Salted (100.0 GRAM),Om Shanthi Havan Samagri | Cycle,0.42573577501635057
Sunfeast Farmlite Gold and Almond Oats Biscuits | Trans Fat-free,Kotton Multipurpose Napkin | 100% Virgin Pulp-Paper | 25 cm X 25 cm | 100Pcs,0.4257266427148428
Everest Coriander Powder,Haldiram's Masala Tasty Nuts (200.0 GRAM),0.4257040257040256
Catch Black Pepper Sprinkler (50.0 GRAM),Britannia Marie Gold Biscuits Plain | Trans Fat-free,0.4256736568361644
Mysore Sandal Soap,Kurkure Solid Masti Masala Twisteez (61.0 GRAM),0.4256253721750764
Sweet Karam Coffee Indian Masala Tapioca Chips | No Palm Oil,YiPPee! Magic Masala Noodles with Added Veggies - The Better Noodles,0.4255268375708445
"ACT II Instant Popcorn - Cheese, Buy 2 Get 1 free offer, Hot & Fresh in 3 mins (210.0 GRAM)",YiPPee! Magic Masala Noodles with Added Veggies - The Better Noodles,0.4255268375708445
Saffola Masala Oats |Classic Masala | Anytime Snack | Ready in 3 mins | Millets Goodness,YiPPee! Magic Masala Noodles with Added Veggies - The Better Noodles,0.4255268375708445
Let'S Try Roasted Chana (450.0 GRAM),RiteBite Max Protein 10g Protein Bar Choco Almond,0.42549544183364424
Snackible Cheese Dosa Khakra | Millet Snack (100.0 GRAM),Haldiram Aloo Bhujia ,0.4254763927661124
Surf Excel Easy Wash Detergent Powder,Ezee Small Garbage Bags 17 x 19 Inch (30.0 PIECE),0.425471528580033
Chheda's Salt & Pepper Banana Chips,MAGGI 2-Minute Instant Noodles | Masala Noodles | Made With Quality Spices,0.4254619859086506
BORGES Durum Wheat Pasta Penne Rigate,Maggi Special Masala Instant Noodles,0.4254300934416208
Gits Khaman Dhokla Instant Snack Mix,Nissin Geki - Hot and Spicy Korean Kimchi Flavoured Ramen Instant Noodles,0.4254063178201109
Everest Super Garam Masala Pouch,Kotton Multipurpose Napkin | 100% Virgin Pulp-Paper | 25 cm X 25 cm | 100Pcs,0.42524009798031154
Chheda's Small Bhakarwadi,Haldiram's Moong Dal,0.4252289255894159
Maggi Pazzta Instant Pasta - Masala Penne (69.0 GRAM),Kurkure Solid Masti Masala Twisteez (61.0 GRAM),0.42521290869716666
"Tata Sampann Hing, Compounded Asafoetida | Bandhani Hing, Strong Flavour & Aroma (50.0 GRAM)",Lal Sweets Motichoor Laddu,0.4252106316622446
Superyou Chocolate Protein Wafer Bar,YiPPee! Magic Masala Noodles with Added Veggies - The Better Noodles,0.42519645959136404
Pintola High Protein Oats Dark Chocolate With Almonds Raisin Pumpkin And Chia Seeds,Palekar Jeeo Butter | Toasted Buns With Jeera And Khari | Trans Fat-free,0.425185450625111
Open Secret Arabian Dates (Khajur) With Seed,Sunfeast Dark Fantasy Bourbon Chocolate Cream Biscuits | Trans Fat-free,0.4251689176046401
"Haldirams Namkeen - Tasty Nuts, (400.0 GRAM)",Om Shanthi Havan Samagri | Cycle,0.42514757969303435
Surf Excel Easy Wash Detergent Powder,Chheda's Golden Plain Salted Chips (170.0 GRAM),0.42510564388372496
"Yogabar Multigrain Energy Bars Chocolate Chunk with Nuts, Oats and Millets,Chia Seeds, Protein Bars",Crax Crunchy Pipes Salted Puff Snacks,0.4250787369195117
Catch Turmeric Powder/Haldi (100.0 GRAM),Let's Try Namkeen Combo Pack Of 6 (Crunchy Party Mix Peanut Party Mix Aloo Bhujia),0.42503804565478576
Let'S Try Special Makhana Mixture | Fasting Snacks (90.0 GRAM),Palekar Jeeo Butter | Toasted Buns With Jeera And Khari | Trans Fat-free,0.42502096882602974
Uncle Chipps - Spicy Treat,Cheetos Cheese Puffs (28.0 GRAM),0.4250056055208152
Cadbury Oreo Vanilla Flavour Creme Sandwich Biscuit Mega Family Pack,Daily Good Raw Peanut - Singdana,0.42499212123471264
Colombian Brew Original Instant Coffee Sachets | 40 Sachets,Britannia Marie Gold Biscuits Plain | Trans Fat-free,0.42494476358815725
Cheetos Cheese Puffs (28.0 GRAM),Sunfeast Dark Fantasy Bourbon Chocolate Cream Biscuits | Trans Fat-free,0.42490499108582275
Open Secret Arabian Dates (Khajur) With Seed,Palekar Jeeo Butter | Toasted Buns With Jeera And Khari | Trans Fat-free,0.4248600369938351
Lay's Classic Salted Potato Chips (67.0 GRAM),YiPPee! Magic Masala Noodles with Added Veggies - The Better Noodles,0.42485926969478083
Chheda's Long Masala Banana Chips (170.0 GRAM),Kurkure Solid Masti Masala Twisteez (61.0 GRAM),0.4248478711162256
Cavin's Chilled Latte Cold Coffee,Coca-Cola Zero Sugar Soft Drink,0.424832423750758
Yogabar Dark Chocolate Oatmeal 400g Breakfast Cereal Gluten Free Oats High in Protein & Gluten-Free,Parle Hide & Seek Milano Chocolate Flavoured Biscuits,0.4247940358295315
"Cheetos Masala Balls, Crispy Chips & Snacks (84.0 GRAM)",Britannia Marie Gold Biscuits Plain | Trans Fat-free,0.42475399152818505
Britannia Nutrichoice Oats Orange & Almond Biscuits | Maida-free and Trans Fat-free,Daily Good Raw Peanut - Singdana,0.424746291884873
Haldiram's Mathri (200.0 GRAM),The Healthy Binge Quinoa Baked Chips Smokey Bbq -High Protein And Fibre (40.0 GRAM),0.42469208211143694
Bauli Moonfils Croissants Strawberry (Veg),Lal Sweets Motichoor Laddu,0.42469208211143694
The Theatre Project Gourmet Popcorn - Cheddar Cheese (60.0 GRAM),Cheetos Cheese Puffs (28.0 GRAM),0.4246695795834964
HELL Energy Drink Apple Flavoured Drink,Crax Crunchy Pipes Salted Puff Snacks,0.4246629103243349
Farmley Date Bites Dry Fruit Burfi - No Added Sugar,Paper Boat Chikki Family Pack,0.4246359700905156
Doritos Nacho Chips - Sweet Chilli Flavour,Cheetos Masala Balls (28.0 GRAM),0.42442300086649865
Let's Try Potato Wafers | Vrat | Fasting Chips,Kurkure Solid Masti Masala Twisteez (61.0 GRAM),0.42440240916010324
Kurkure Yummy PuffCorn Yummy Cheese Chips,MAGGI 2-Minute Instant Noodles | Masala Noodles | Made With Quality Spices,0.42439367359292657
Sweet Karam Coffee Onion Kodubale / Ring Murukku | No Palm Oil and No Maida,Haldiram's Mixture (400.0 GRAM),0.424347264361243
Let's Try Kerala Garlic Mix (180.0 GRAM),Let's Try Namkeen Combo Pack Of 6 (Crunchy Party Mix Peanut Party Mix Aloo Bhujia),0.42432900432900433
Stroom Cookie Crunch Delight 20g protein Bars (63.0 GRAM),YiPPee! 100% Suji Masala Pasta Treat,0.42430978495672655
Let's Try Salted Peanuts,Chheda's Yellow Banana Chips (170.0 GRAM),0.42430936801240104
Malkist Cheese Crunchy Layered Crackers,Britannia 50-50 Maska Chaska Biscuits Butter Flavoured Crackers | Trans Fat-free,0.42428387845624504
Modern Kitchens Banana Chips Salted,Modern Kitchens Potato Chips Salted (70.0 GRAM),0.4242580822710784
Haldiram's Mathri (200.0 GRAM),Peppy Tomato Disc (55.0 GRAM),0.4241546924645516
The Belgian Waffle Co Classic Chocolate Wafers | Preservative-free,ACT II Ready to Eat Caramel Popcorn - Classic Caramel Bliss (35.0 GRAM),0.42400287459575997
"Yogabar Multigrain Energy Bars Chocolate Chunk with Nuts, Oats and Millets,Chia Seeds, Protein Bars",Let's Try Namkeen Combo Pack Of 6 (Crunchy Party Mix Peanut Party Mix Aloo Bhujia),0.4239887244538407
Malkist Cheese Crunchy Layered Crackers,MAGGI 2-Minute Instant Noodles | Masala Noodles | Made With Quality Spices,0.4239674109214664
Tropicana Delight Mixed Fruit Juice,Lay's Spanish Tomato Tango Potato Chips,0.42394213189899577
Cavin's Chilled Latte Cold Coffee,Haldiram's Lite Chiwda (200.0 GRAM),0.423931616126101
Let's Try Salted Peanuts,Sunfeast Dark Fantasy Bourbon Chocolate Cream Biscuits | Trans Fat-free,0.4238912658890921
Haldiram's Bhujia Sev (200.0 GRAM),Sunfeast Dark Fantasy Bourbon Chocolate Cream Biscuits | Trans Fat-free,0.4238349048645091
"B Natural Orange Juice, 100% Pulp, No Concentrate",Let's Try Namkeen Combo Pack Of 6 (Crunchy Party Mix Peanut Party Mix Aloo Bhujia),0.4238244514106583
Vim Lemon Dishwash Bar,Daily Good Raw Peanut - Singdana,0.4236810758790134
Haldiram's Mini Bhakarwadi,MAGGI 2-Minute Instant Noodles | Masala Noodles | Made With Quality Spices,0.42363532156565337
Let's Try Teekha Tadka Makhana Puffs (60.0 GRAM),Balaji Cream & Onion Wafers (135.0 GRAM),0.4236079545454546
Sunfeast Dark Fantasy Vanilla Cream Dark Crunchy Biscuits | Artificial Colour-free,Haldiram's Moong Dal,0.42355995172053923
Yu 100% Whole Wheat Hakka Noodles,Sunfeast Dark Fantasy Bourbon Chocolate Cream Biscuits | Trans Fat-free,0.423478541435531
Daily Good Poha / Avalakki Thick,Snackible Cheese Dosa Khakra | Millet Snack (100.0 GRAM),0.4234639977759244
Chheda's Golden Plain Salted Chips (170.0 GRAM),Kurkure Solid Masti Masala Twisteez (61.0 GRAM),0.42343576563597274
Too Yumm! Chili Chataka Veggie Stix | Munching Snack | On-the-Go Munchies (75.0 GRAM),Max Protein Choco Chips Flavoured Biscuits | Maida-free,0.42342046475036926
Haldirams Kaju - Salted,"Ching's Secret Veg Hakka Noodles, Cooks In 5-7 mins, Just Soak & Drain",0.42334141284350085
Bhagirathi Makai Atta (500.0 GRAM),Let'S Try Roasted Chana (450.0 GRAM),0.42333656482263293
Everest Turmeric Powder (200.0 GRAM),"Paper Boat Mango | Juicy Sips, Chewy Bites | Refreshing Summer Juice Drink",0.42331171781421667
Orbit Sugar-Free Mixed Fruit Chewing Gum Pot (19800.0 MILLIGRAM),Kurkure Green Chutney Style (68.0 GRAM),0.42327571492967775
Sunfeast Dark Fantasy Crunchy Choco Cookies with Vanilla Fills Centre Fills | Artificial Flavour-free,Palekar Jeeo Butter | Toasted Buns With Jeera And Khari | Trans Fat-free,0.42323140685202537
Kurkure Yummy PuffCorn Yummy Cheese Chips,Lay's American Cream & Onion Potato Chips (48.0 GRAM),0.423227041338341
Everest Coriander Powder,Cheetos Masala Balls (28.0 GRAM),0.42303372754123997
Bingo! Original Style Chilli Sprinkled - Flat Cut Spicy Potato Chips Pack for Snacks,MAGGI 2-Minute Instant Noodles | Masala Noodles | Made With Quality Spices,0.42298372783348165
Farmley Date Bites Dry Fruit Burfi - No Added Sugar,Bhagirathi Rajgira Peeth | Amaranth Flour,0.4229627814533476
Britannia Nutrichoice High-Fibre Digestive Biscuits,Crax Crunchy Pipes Salted Puff Snacks,0.4229572005737247
Korean Kab's Jackpot 2x Hot and Spicy Instant Noodles Non Veg,Korean Nongshim Shin Ramyun Noodle Soup Veg,0.4229201101928375
Cornitos Nacho ChipsÂ  Tikka Masala (55.0 GRAM),Palekar Knot Premium Salty Khari | Preservative-free,0.42290561283338957
Nutrela 100% Vegetarian Soya Chunks,Everest Chhole Masala,0.42289887126296516
Sweet Karam Coffee Madras Mixture,Everest Chhole Masala,0.42289887126296516
Haldiram's All In One Mixture (400.0 GRAM),The Whole Truth Double Cocoa Protein Bar,0.4228137373737373
Let's Try Butter Murukku (180.0 GRAM),Let's Try Namkeen Combo Pack Of 6 (Crunchy Party Mix Peanut Party Mix Aloo Bhujia),0.4227724049000645
Cheetos Masala Balls (28.0 GRAM),MAGGI 2-Minute Instant Noodles | Masala Noodles | Made With Quality Spices,0.4225400303782974
Korean Nongshim Kimchi Ramyun Noodle Soup Veg,Palekar Knot Premium Salty Khari | Preservative-free,0.4224211848690901
Chheda's Yellow Banana Chips (170.0 GRAM),Haldiram's Moong Dal,0.42240006692790133
Gits Gulab Jamun Instant Dessert Mix,Crax Crunchy Pipes Salted Puff Snacks,0.4222937382983149
"Assorted Candy 20 Pcs, Tangy Imli, Kaccha & Real Aam, Chilli Guava No Refined Sugar (20.0 PIECE)",Kurkure Masala Munch,0.42227292533174887
Whiskas Adult Ocean Fish Flavour Dry Cat Food,Daily Good Sooji / Rava (1.0 KILOGRAM),0.42224796196401587
Too Yumm! Karare Chilli Achari Flavour | Tangy | No Palm Oil Crisps,Haldiram's Moong Dal,0.42219608034652834
The Theatre Project TTP Kettle Cooked - Hot & Sweet Chilli (42.0 GRAM),Let's Try Namkeen Combo Pack Of 6 (Crunchy Party Mix Peanut Party Mix Aloo Bhujia),0.4221120293847567
The Theatre Project Gourmet Popcorn - Cheddar Cheese (60.0 GRAM),Haldiram's Moong Dal,0.42209555747025534
Beyond Snack Kerala Banana Chips - Hot & Sweet Chilli (70.0 GRAM),Crax Crunchy Pipes Salted Puff Snacks,0.42206863502630093
Ching's Secret Hot Garlic Instant Noodles Pouch,Tata Sampann Chilli Powder with Natural Oils Lal Mirchi Powder,0.42204545454545456
Haldirams Namkeen - Mini Samosa,The Theatre Project Gourmet Popcorn - Cheddar Cheese (60.0 GRAM),0.42191687030019714
Let'S Try Special Makhana Mixture | Fasting Snacks (90.0 GRAM),Let's Try Namkeen Combo Pack Of 6 (Crunchy Party Mix Peanut Party Mix Aloo Bhujia),0.42180165289256194
Everest - Ginger Garlic Paste (200.0 GRAM),Everest Chhole Masala,0.4218004326363082
ACT II Ready to Eat Caramel Popcorn - Classic Caramel Bliss (35.0 GRAM),Palekar Jeeo Butter | Toasted Buns With Jeera And Khari | Trans Fat-free,0.4217587464775843
Unibic Assorted Cookies,Haldiram's Soan Papdi,0.42174156835530885
Tata Sampann Chilli Powder with Natural Oils Lal Mirchi Powder,Bhagirathi Rajgira Peeth | Amaranth Flour,0.4216918596340766
Britannia Nutrichoice Oats Orange & Almond Biscuits | Maida-free and Trans Fat-free,MAGGI Pazzta Instant Pasta - Cheese Macaroni,0.4216527345232366
Korean Samyang Hot Chicken Ramen Non Veg,Palekar Knot Premium Salty Khari | Preservative-free,0.42161626645279987
Let's Try Potato Wafers | Vrat | Fasting Chips,Chheda's Golden Plain Salted Chips (170.0 GRAM),0.4216056832840155
Epigamia Turbo Cookies and Cream Protein Milkshake,Lal Sweets Motichoor Laddu,0.421530602591997
Sunfeast Dark Fantasy Vanilla Cream Dark Crunchy Biscuits | Artificial Colour-free,Aashirvaad 100% Chana Dal Besan (500.0 GRAM),0.4214446996783325
Lets Try Lite Mixture (180.0 GRAM),Haldiram's Moong Dal,0.42129592643937436
Modern Kitchens Spicy Murukku (150.0 GRAM),Haldiram's Lite Chiwda (200.0 GRAM),0.421218936037132
Everest Coriander Powder,Society Natural Tea (250.0 GRAM),0.4212128027917501
Satyam Nighties Spices Chilli Kashmiri (100.0 GRAM),Peppy Tomato Disc (55.0 GRAM),0.42119891063553033
Nissin Cup Noodles Italiano,Haldiram Aloo Bhujia ,0.4211786514250405
Nissin Geki - Hot and Spicy Korean Kimchi Flavoured Ramen Instant Noodles,Om Shanthi Havan Samagri | Cycle,0.42114420062695934
Britannia Little Hearts Classic Crunch Flavoured Biscuits | Cholesterol-free,Kurkure Green Chutney Style (68.0 GRAM),0.42108763229574153
"Britannia Jimjam Pops, Crunchy Cookie Vanilla Cream Biscuits",Britannia Good Day Chunkies Chocochip Cookies,0.42108036890645584
Bauli Moonfils Croissants Choco Cream (Egg) (50.0 GRAM),Sunfeast Dark Fantasy Bourbon Chocolate Cream Biscuits | Trans Fat-free,0.42088640674100375
Cadbury Oreo Chocolate Flavour Creme Sandwich Biscuit,Britannia 50-50 Maska Chaska Biscuits Butter Flavoured Crackers | Trans Fat-free,0.4208397534668721
Candyman Choco Double Eclairs (75.0 PIECE),Let's Try Namkeen Combo Pack Of 6 (Crunchy Party Mix Peanut Party Mix Aloo Bhujia),0.42083003952569165
Sundrop Peanut Butter With Honey - Crunchy,Nissin Geki - Hot and Spicy Korean Kimchi Flavoured Ramen Instant Noodles,0.42078233610467486
Heka Bites Roasted Chana Jor - Indian Herbs - Low Calorie & Healthy Snacks,YiPPee! Magic Masala Noodles with Added Veggies - The Better Noodles,0.4207765379739901
Cadbury Oreo Chocolate Flavour Creme Sandwich Biscuit,Kurkure Solid Masti Masala Twisteez (61.0 GRAM),0.42071165187822107
Catch Dhania Powder (200.0 GRAM),MAGGI 2-Minute Instant Noodles | Masala Noodles | Made With Quality Spices,0.42070612314514744
"Yogabar Multigrain Energy Bars Chocolate Chunk with Nuts, Oats and Millets,Chia Seeds, Protein Bars",RiteBite Max Protein 10g Protein Bar Choco Almond,0.42065838178941345
Daily Good Till - Sesame White (100.0 GRAM),Scotch-Brite Scrub Sponge (Pack of 3),0.4206486980356327
Fortune Soya Chunks (200.0 GRAM),Polka Pop Zero Sugar Blueberry Sparkling Water,0.42064735133847486
Crax Fritts Cream and Onion Corn & Potato Stick Snacks,Crax Fritts Peri Peri Corn & Potato Stick Snacks,0.42061560486757343
Charliee Rajgira Laddu,Let's Try Salted Peanuts,0.42060358761029115
Catch Jeera Whole (100.0 GRAM),Kurkure Green Chutney Style (68.0 GRAM),0.4205945884334924
Britannia Nutrichoice High-Fibre Digestive Biscuits,Kurkure Green Chutney Style (68.0 GRAM),0.4205440483483647
Kurkure Playz Puffcorn Yummy Cheese,RiteBite Max Protein 10g Protein Bar Choco Almond,0.42049539907659306
Lay's American Cream & Onion Potato Chips (48.0 GRAM),Kurkure Solid Masti Masala Twisteez (61.0 GRAM),0.420480512796519
Let's Try Namkeen Combo Pack Of 6 (Crunchy Party Mix Peanut Party Mix Aloo Bhujia),Sunfeast Dark Fantasy Bourbon Chocolate Cream Biscuits | Trans Fat-free,0.42045819820487423
Ezee Small Garbage Bags 17 x 19 Inch (30.0 PIECE),MAGGI 2-Minute Instant Noodles | Masala Noodles | Made With Quality Spices,0.4203710326448328
Crax Natkhat Classic Wheat Puff Snacks,Doritos Nacho Cheese Flavoured Corn Chips (45.0 GRAM),0.42020850040096236
Yu 100% Whole Wheat Hakka Noodles,Haldiram's Salted Peanut,0.4202069651812147
Orbit Sugar Free Spearmint Chewing Gum Tube (19800.0 MILLIGRAM),Crax Crunchy Pipes Salted Puff Snacks,0.420192774426184
Nissin Geki - Hot and Spicy Korean Veg Flavoured Ramen Instant Noodles | 5 in 1 pack,Crax Crunchy Pipes Salted Puff Snacks,0.420192774426184
Nutrela Mini Soya Chunks (200.0 GRAM),Crax Crunchy Pipes Salted Puff Snacks,0.420192774426184
"Ritebite Max Protein Cheese & Jalapeno 10G Multigrain Protein Chips, Healthy Snacks & Munchies",Aashirvaad 100% Chana Dal Besan (500.0 GRAM),0.42016465239509987
Too Yumm! Karare Chilli Achari Flavour | Tangy | No Palm Oil Crisps,Lay's Spanish Tomato Tango Potato Chips,0.4201372879383971
Let's Try Potato Wafers | Vrat | Fasting Chips,RiteBite Max Protein 10g Protein Bar Choco Almond,0.42013220727316797
Society Natural Tea (250.0 GRAM),Haldiram's Bhujia Sev (200.0 GRAM),0.42013019630924414
Too Yumm! Chili Chataka Veggie Stix | Munching Snack | On-the-Go Munchies (75.0 GRAM),The Healthy Binge Ragi Baked Chips Chatpata Chaat- High Protein & Fibre (40.0 GRAM),0.42010101010101014
Tata Sampann Masoor Dal (500.0 GRAM),Lal Sweets Motichoor Laddu,0.4200251361541684
Open Secret Arabian Dates (Khajur) With Seed,Let's Try Namkeen Combo Pack Of 6 (Crunchy Party Mix Peanut Party Mix Aloo Bhujia),0.42001308044473507
Sunfeast Dark Fantasy Crunchy Choco Cookies with Vanilla Fills Centre Fills | Artificial Flavour-free,Palekar Knot Premium Salty Khari | Preservative-free,0.41999226305609283
"Cheetos Masala Balls, Crispy Chips & Snacks (84.0 GRAM)",Let's Try Namkeen Combo Pack Of 6 (Crunchy Party Mix Peanut Party Mix Aloo Bhujia),0.4199393939393939
Snapin Oregano Pizza Seasoning Sachet Pouch,Haldiram's Moong Dal,0.41992060796543984
Crax Fritts Cream and Onion Corn & Potato Stick Snacks,Kurkure Masala Munch,0.4199132595056634
Ezee Small Garbage Bags 17 x 19 Inch (30.0 PIECE),Kurkure Solid Masti Masala Twisteez (61.0 GRAM),0.4199129747605832
Daily Good Coriander / Dhania Whole (200.0 GRAM),Chheda's Golden Plain Salted Chips (170.0 GRAM),0.4198900874420504
Cadbury Oreo Chocolate Flavour Creme Sandwich Biscuit Family Pack,Kurkure Green Chutney Style (68.0 GRAM),0.41987439222042133
Cornitos Nacho ChipsÂ  Tikka Masala (55.0 GRAM),Modern Kitchens Butter Murukku,0.41983373241141814
Bhagirathi Makai Atta (500.0 GRAM),Uncle Chipps - Spicy Treat,0.4198297582567246
"Tetley Ginger, Mint, and Lemon Green Tea",YiPPee! Magic Masala Noodles with Added Veggies - The Better Noodles,0.41974522292993627
Organic Tattva Brown Sugar Pouch,YiPPee! Magic Masala Noodles with Added Veggies - The Better Noodles,0.41974522292993627
Vim Lemon Dishwash Bar,Britannia Treat Jimjam Naughty Jam Cream Biscuits | Trans Fat-free,0.4196983180236962
Cavin's Masala Buttermilk,Haldiram's Masala Tasty Nuts (200.0 GRAM),0.4196976196976197
Tropicana Delight Orange Fruit Juice,Om Shanthi Havan Samagri | Cycle,0.41969696969696973
"Taali Roasted Protein Puffs|Masala Mania| Protein Rich , No Maida, No palm oil| Cheeseballs 2.0 (60.0 GRAM)",Om Shanthi Havan Samagri | Cycle,0.41969696969696973
Snackible Cheese Dosa Khakra | Millet Snack (100.0 GRAM),Om Shanthi Havan Samagri | Cycle,0.4196969696969697
"Taali Roasted Protein Puffs | Smokey Bbq | Protein Rich,No Maida , No Palm Oil | Cheeseballs 2.0 (60.0 GRAM)",Om Shanthi Havan Samagri | Cycle,0.4196969696969697
Everest Sabji Masala,Om Shanthi Havan Samagri | Cycle,0.4196969696969697
Farmley Date Bites Dry Fruit Burfi - No Added Sugar,Om Shanthi Havan Samagri | Cycle,0.4196969696969697
Everest Turmeric Powder (200.0 GRAM),Everest Coriander Powder (100.0 GRAM),0.4196678148275053
Daily Good Till - Sesame White (100.0 GRAM),Haldiram's Bhujia Sev (200.0 GRAM),0.419642994690022
The Theatre Project Gourmet Popcorn - Cheddar Cheese (60.0 GRAM),MAGGI 2-Minute Instant Noodles | Masala Noodles | Made With Quality Spices,0.4195931439833879
Heka Bites Roasted Jowar Puffs Cheesy Salsa - Low Calorie & Healthy Snacks (40.0 GRAM),Palekar Jeeo Butter | Toasted Buns With Jeera And Khari | Trans Fat-free,0.41959021717081435
Nescafe Cafe Style Iced Frappe Cold Coffee,Lets Try Lite Mixture (180.0 GRAM),0.41958703345854054
Beyond Snack Kerala Banana Chips - Peri Peri (70.0 GRAM),Haldiram's Moong Dal,0.4195810495223411
Kurkure Red Chilli Chataka Chips (68.0 GRAM),Chheda's Yellow Banana Chips (170.0 GRAM),0.41947499309201436
"Yogabar Multigrain Energy Bars Chocolate Chunk with Nuts, Oats and Millets,Chia Seeds, Protein Bars",Haldiram's Masala Tasty Nuts (200.0 GRAM),0.4194706334241217
Peppy Cheese Balls (55.0 GRAM),Sunfeast Dark Fantasy Bourbon Chocolate Cream Biscuits | Trans Fat-free,0.41941293894531456
Kurkure Red Chilli Chataka Chips (68.0 GRAM),Cheetos Cheese Puffs (28.0 GRAM),0.4193718906631389
Mysore Sandal Soap,Sunfeast Dark Fantasy Bourbon Chocolate Cream Biscuits | Trans Fat-free,0.41934606761372123
Tata Sampann 100% Pure California Almonds/Badam Giri Whole Premium Quality,Tata Sampann Chilli Powder with Natural Oils Lal Mirchi Powder,0.41934003496503497
Kurkure Masala Munch,Cheetos Cheese Puffs (28.0 GRAM),0.41928644406764926
Aashirvaad 100% Chana Dal Besan (500.0 GRAM),MAGGI 2-Minute Instant Noodles | Masala Noodles | Made With Quality Spices,0.4192684094149941
Satyam Nighties Spices Tamarind,Haldiram's Salted Peanut,0.41926690485642454
"Yogabar Multigrain Energy Bars Chocolate Chunk with Nuts, Oats and Millets,Chia Seeds, Protein Bars",Haldiram's Salted Peanut,0.4192669048564245
"Yogabar Multigrain Energy Bars Chocolate Chunk with Nuts, Oats and Millets,Chia Seeds, Protein Bars",MAGGI 2-Minute Instant Noodles | Masala Noodles | Made With Quality Spices,0.41925666191122796
Let'S Try Special Makhana Mixture | Fasting Snacks (90.0 GRAM),Haldiram's Masala Tasty Nuts (200.0 GRAM),0.4192539647085102
Kurkure Masala Munch,Kurkure Solid Masti Masala Twisteez (61.0 GRAM),0.41922375069149925
YiPPee! Magic Masala Noodles with Added Veggies - The Better Noodles,Cheetos Cheese Puffs (28.0 GRAM),0.41919310590760794
Garden Sabudana Chivda Namkeen,Cheetos Cheese Puffs (28.0 GRAM),0.4191899721049996
Heka Bites Roasted Jowar Puffs Cheesy Salsa - Low Calorie & Healthy Snacks (40.0 GRAM),Let's Try Namkeen Combo Pack Of 6 (Crunchy Party Mix Peanut Party Mix Aloo Bhujia),0.419169732002102
"MR. MAKHANA Fox Nuts Black Salt - Delicious Teatime Snack, Popped Lotus Seeds, Roasted In Olive Oil",Haldiram's Moong Dal,0.41913435304630536
Haldirams Kaju - Salted,Palekar Knot Premium Salty Khari | Preservative-free,0.41906101635308596
Haldiram's Mini Bhakarwadi,Haldiram's Masala Tasty Nuts (200.0 GRAM),0.4190350331342499
"Britannia Jimjam Pops, Crunchy Cookie Vanilla Cream Biscuits",Lay's India's Magic Masala Potato Chips (67.0 GRAM),0.41897817553776096
Top Ramen Masala Instant Noodles,Haldiram Aloo Bhujia ,0.4189706375250403
Tata Sampann Kitchen King Masala with Natural Oils Rich Aroma & Flavour,Tata Sampann 100% Pure Premium Raisins/Kishmish Seedless,0.41895374800637963
Cornitos Nacho Crisps - Cheese And Herbs,Kinder Joy - Single Pack - Assorted,0.41888117024615323
Britannia Nice Time Coconut Flavoured Biscuits | Artificial Flavour-free,Kurkure Solid Masti Masala Twisteez (61.0 GRAM),0.4187758620689655
Crax Aloo Bhujia Namkeen Snacks (160.0 GRAM),Lay's India's Magic Masala Potato Chips,0.4187176855599233
Everest Turmeric Powder (200.0 GRAM),Everest Shahi Biryani Masala (50.0 GRAM),0.4187042253521126
Daadi'S Besan Laddoo Pure Ghee,Haldiram's Soan Papdi,0.4186405274115198
Rajam Garlic Mixture,Uncle Chipps - Spicy Treat,0.41863706007985885
Everest Dry Mango Powder,Rajdhani Roasted Chana (200.0 GRAM),0.4186165451988237
Disano Rolled Oats 100% Whole Grain,Rajdhani Roasted Chana (200.0 GRAM),0.4186165451988237
Gits Khaman Dhokla Instant Snack Mix,Palekar Knot Premium Salty Khari | Preservative-free,0.418613301592025
MTR Vermicelli,Palekar Knot Premium Salty Khari | Preservative-free,0.418613301592025
Let's Try Kerala Garlic Mix (180.0 GRAM),RiteBite Max Protein 10g Protein Bar Choco Almond,0.4185764716601721
ZOFF Green Cardamom Whole - Elaichi,MAGGI 2-Minute Instant Noodles | Masala Noodles | Made With Quality Spices,0.41850116442845386
Lay's West Indies Hot 'n' Sweet Chilli Potato Chips,Cheetos Masala Balls (28.0 GRAM),0.41843553485057444
Uncle Chipps - Spicy Treat,Lay's Spanish Tomato Tango Potato Chips,0.4183749142961087
Let's Try Lite Snacks Sticks | Vrat | Fasting Special,Uncle Chipps - Spicy Treat,0.4183141273604909
Nissin Cup Noodles Super Hot Chilli,Top Ramen Noodles Curry Veg Pouch,0.4182775749596026
Daily Good Figs / Anjeer,Heka Bites Roasted Makhana Himalayan Pink Salt,0.4182381086405854
Top Ramen Noodles Curry Veg Pouch,Palekar Knot Premium Salty Khari | Preservative-free,0.41821613527172896
Unibic Assorted Cookies,Britannia 50-50 Maska Chaska Biscuits Butter Flavoured Crackers | Trans Fat-free,0.4181818181818182
Kurkure Red Chilli Chataka Chips (68.0 GRAM),RiteBite Max Protein 10g Protein Bar Choco Almond,0.4180925682247268
Too Yumm! Bhoot Karare Spicy Chilli Flavour Crisps | No Palm Oil Snacks,Haldiram Aloo Bhujia ,0.4180118946474087
Orbit Sugar Free Sweetmint Chewing Gum Tube (19800.0 MILLIGRAM),Crax Crunchy Pipes Salted Puff Snacks,0.41783214086199205
Morelight Extra Power Detergent Powder,Sunfeast Dark Fantasy Bourbon Chocolate Cream Biscuits | Trans Fat-free,0.4177801205093018
Balaji Masala Masti Chips (135.0 GRAM),Kurkure Green Chutney Style (68.0 GRAM),0.41775381448193444
Ferrero Rocher Moments Pack,YiPPee! Magic Masala Noodles with Added Veggies - The Better Noodles,0.41773687258098924
Knorr Korean Ramen Spicy Jjajangmyeon Veg Meal,YiPPee! Magic Masala Noodles with Added Veggies - The Better Noodles,0.41773687258098924
Too Yumm! Bhoot Karare Spicy Chilli Flavour Crisps | No Palm Oil Snacks,YiPPee! Magic Masala Noodles with Added Veggies - The Better Noodles,0.41773687258098924
Daily Good Figs / Anjeer,YiPPee! Magic Masala Noodles with Added Veggies - The Better Noodles,0.41773687258098924
Unibic Choco Chip Flavoured Biscuits | Trans Fat-free,Kurkure Green Chutney Style (68.0 GRAM),0.417720306481552
Let's Try Namkeen Combo Pack Of 6 (Crunchy Party Mix Peanut Party Mix Aloo Bhujia),Haldiram's Moong Dal,0.4176655916381944
YiPPee! Magic Masala Noodles with Added Veggies - The Better Noodles,Sunfeast Dark Fantasy Bourbon Chocolate Cream Biscuits | Trans Fat-free,0.41765538520262097
Farmley Cream And Onion Makhana Roasted In Olive Oil,Haldiram's Salted Peanut,0.4176291435093291
Bingo! Mad Angles Achaari Masti Crisps,MAGGI 2-Minute Instant Noodles | Masala Noodles | Made With Quality Spices,0.4175974572105775
Crax Fritts Cream and Onion Corn & Potato Stick Snacks,Tata Sampann 100% Chana Dal Fine Besan,0.41756873973640996
Veeba Thousand Island Dressing,Mr Makhana Super Snack - Pudina Party,0.41754018169112517
Lay's India's Magic Masala Potato Chips,MAGGI 2-Minute Instant Noodles | Masala Noodles | Made With Quality Spices,0.4175352284654735
Sunfeast Dark Fantasy Choco Rolls | Crunchy Wafer Rolls,Chheda's Golden Plain Salted Chips (170.0 GRAM),0.41751447167151556
Open Secret Arabian Dates (Khajur) With Seed,Let's Try Salted Peanuts,0.41748688476684803
Maggi Pazzta Instant Pasta - Masala Penne (69.0 GRAM),Kurkure Green Chutney Style (68.0 GRAM),0.41747721738561006
Britannia Nutrichoice Oats Orange & Almond Biscuits | Maida-free and Trans Fat-free,Britannia 50-50 Maska Chaska Biscuits Butter Flavoured Crackers | Trans Fat-free,0.4174636012334595
Tata Sampann 100% Pure California Almonds/Badam Giri Whole Premium Quality,Haldiram's Soan Papdi,0.4174478193562163
Parle Hide & Seek Milano Chocolate Flavoured Biscuits,YiPPee! Magic Masala Noodles with Added Veggies - The Better Noodles,0.4174379553197506
Ching's Secret Manchurian Instant Noodle,Piknik Classic Tomato Chilli,0.41743238840013036
Bhagirathi Jowar Atta (500.0 GRAM),Palekar Jeeo Butter | Toasted Buns With Jeera And Khari | Trans Fat-free,0.41743130866842204
Mr Makhana Lime Chilli,YiPPee! Magic Masala Noodles with Added Veggies - The Better Noodles,0.41740897864646725
Tata Sampann Kitchen King Masala with Natural Oils Rich Aroma & Flavour,Smoodh Chocolate Milk Drink | Pet,0.4173258356763512
Origami Luncheon Tissue Paper Napkins - 32 X 32 cm - 50 Serviettes,MAGGI 2-Minute Instant Noodles | Masala Noodles | Made With Quality Spices,0.4172548834146705
Daily Good Sooji / Rava (1.0 KILOGRAM),MAGGI 2-Minute Instant Noodles | Masala Noodles | Made With Quality Spices,0.4172176809963486
Britannia Treat Rich Creme Strawberry Flavoured Wafers | Trans Fat-free,Sunfeast Dark Fantasy Bourbon Chocolate Cream Biscuits | Trans Fat-free,0.417212484476001
Korean Kab's Jackpot 2x Hot and Spicy Instant Noodles Non Veg,Let'S Try Roasted Chana (450.0 GRAM),0.4172012522889716
Haldiram's Mini Bhakarwadi,Let's Try Namkeen Combo Pack Of 6 (Crunchy Party Mix Peanut Party Mix Aloo Bhujia),0.41718490386897694
Nutrela 100% Vegetarian Soya Chunks,Snackible Cheese Dosa Khakra | Millet Snack (100.0 GRAM),0.4171717171717172
Let's Try Combo Pack | Aloo Bhujia | Navratan | Peanut Party | Crunchy Party,Kurkure Masala Munch,0.41716478510596156
Daily Good Roasted Chana Dal / Phutana,Daily Good Sooji Rava Barik / Chiroti Sooji,0.41710759385178
Cornitos Nacho Chips - Peri Peri (55.0 GRAM),YiPPee! Magic Masala Noodles with Added Veggies - The Better Noodles,0.4171005635595407
Nescafe Cafe Style Iced Frappe Cold Coffee,Haldiram's Moong Dal,0.41701215379037465
Chheda's Yellow Banana Chips (170.0 GRAM),MAGGI 2-Minute Instant Noodles | Masala Noodles | Made With Quality Spices,0.4169764589328679
Kurkure Masala Munch,Sunfeast Dark Fantasy Bourbon Chocolate Cream Biscuits | Trans Fat-free,0.41692681143963406
Everest Dry Ginger Powder (100.0 GRAM),Daily Good Watermelon Seeds / Tarbuj Beej,0.41691919191919197
Kurkure Playz Puffcorn Yummy Cheese,Haldiram's Moong Dal,0.4169153205954855
Crax Natkhat Classic Wheat Puff Snacks,MAGGI 2-Minute Instant Noodles | Masala Noodles | Made With Quality Spices,0.41690128740610877
Catch Turmeric Powder/Haldi (100.0 GRAM),Britannia Marie Gold Biscuits Plain | Trans Fat-free,0.41687056726135885
Beyond Snack Kerala Banana Chips - Hot & Sweet Chilli (70.0 GRAM),The Healthy Binge Ragi Baked Chips Chatpata Chaat- High Protein & Fibre (40.0 GRAM),0.4168393562958781
Cadbury Oreo Chocolate Flavour Creme Sandwich Biscuit,Aashirvaad 100% Chana Dal Besan (500.0 GRAM),0.4168281786545449
Everest Sabji Masala,Haldiram Aloo Bhujia ,0.41672173447874383
Britannia Nice Time Coconut Flavoured Biscuits | Artificial Flavour-free,Lay's Potato Chips - Chile Lemon Flavour,0.4167026323844506
Let's Try Teekha Tadka Makhana Puffs (60.0 GRAM),RiteBite Max Protein 10g Protein Bar Choco Almond,0.41664085791839095
Fevikwik Instant Adhesive (3 gm),Let's Try Salted Peanuts,0.4166382240867718
Let's Try Pudina Rings (60.0 GRAM),Om Shanthi Havan Samagri | Cycle,0.4166109625668449
Orbit Sugar-Free Mixed Fruit Chewing Gum Pot (19800.0 MILLIGRAM),RiteBite Max Protein 10g Protein Bar Choco Almond,0.41654024433280334
Kurkure Playz Puffcorn Yummy Cheese,Palekar Jeeo Butter | Toasted Buns With Jeera And Khari | Trans Fat-free,0.41653597670790576
Too Yumm! Karare Chilli Achari Flavour | Tangy | No Palm Oil Crisps,Cheetos Masala Balls (28.0 GRAM),0.41652801854406607
Crax Fritts Cream and Onion Corn & Potato Stick Snacks,Uncle Chipps - Spicy Treat,0.4165240121287188
HELL Energy Drink Apple Flavoured Drink,Chheda's Yellow Banana Chips (170.0 GRAM),0.41649999314100716
Tata Sampann Masoor Dal (500.0 GRAM),Paper Boat Chikki Family Pack,0.41646989374262106
Veeba Chef'S Special Veg Mayonnaise Smart,Om Shanthi Havan Samagri | Cycle,0.4164685314685314
Chheda's Yellow Banana Chips (170.0 GRAM),Cheetos Cheese Puffs (28.0 GRAM),0.41646125237848125
Superyou Chocolate Protein Wafer Bar,Crax Crunchy Pipes Salted Puff Snacks,0.4164410532259502
MTR Vermicelli,The Whole Truth Double Cocoa Protein Bar,0.41634809634809633
Everest Coriander Powder,The Theatre Project Gourmet Popcorn - Cheddar Cheese (60.0 GRAM),0.4163238722062251
Snapin Chilli Flakes Sachet Pouch,Let's Try Namkeen Combo Pack Of 6 (Crunchy Party Mix Peanut Party Mix Aloo Bhujia),0.41630498533724336
Everest Coriander Powder,Haldiram's All In One Mixture,0.4162815024310869
Tata Sampann Unpolished Urad Kali,YiPPee! Magic Masala Noodles with Added Veggies - The Better Noodles,0.4162762541453914
Let's Try Cheese Balls (60.0 GRAM),Kurkure Solid Masti Masala Twisteez (61.0 GRAM),0.4162378265412748
Kellogg's Multigrain Chocos | More Chocolatey | No-Maida,Rajdhani Roasted Chana (200.0 GRAM),0.4161827280755747
Mr Makhana Cream And Onion,Haldiram's Moong Dal,0.41617405873538393
Daadi'S Besan Laddoo Pure Ghee,Palekar Knot Premium Salty Khari | Preservative-free,0.4161508704061896
Bhagirathi Makai Atta (500.0 GRAM),Palekar Jeeo Butter | Toasted Buns With Jeera And Khari | Trans Fat-free,0.4161389516756406
ZOFF Green Cardamom Whole - Elaichi,Sunfeast Dark Fantasy Bourbon Chocolate Cream Biscuits | Trans Fat-free,0.4161379030544696
Balaji Simply Salted Chips (135.0 GRAM),MAGGI 2-Minute Instant Noodles | Masala Noodles | Made With Quality Spices,0.4161161625710689
Doritos Nacho Chips - Sweet Chilli Flavour,MAGGI 2-Minute Instant Noodles | Masala Noodles | Made With Quality Spices,0.4161006921309697
"Ritebite Max Protein Cheese & Jalapeno 10G Multigrain Protein Chips, Healthy Snacks & Munchies",Max Protein Choco Chips Flavoured Biscuits | Maida-free,0.4160856220539061
Parle Hide & Seek Chocolate Chip Biscuits | Trans Fat-free,Kurkure Solid Masti Masala Twisteez (61.0 GRAM),0.4160670919391533
Tulips Paper Stick Cotton Buds Jar (100.0 PIECE),Let's Try Namkeen Combo Pack Of 6 (Crunchy Party Mix Peanut Party Mix Aloo Bhujia),0.41605872388481085
Modern Kitchens Hot Chips Salted (100.0 GRAM),Kinder Joy - Single Pack - Assorted,0.4160559824971909
Nongshim Korean Shin Ramyun Cup Noodle Soup Non Veg,Kotton Multipurpose Napkin | 100% Virgin Pulp-Paper | 25 cm X 25 cm | 100Pcs,0.4159957480242178
Uncle Chips Plain Salted (80.0 GRAM),YiPPee! Magic Masala Noodles with Added Veggies - The Better Noodles,0.41597128985664017
Let'S Try Special Makhana Mixture | Fasting Snacks (90.0 GRAM),Cheetos Cheese Puffs (28.0 GRAM),0.4159695625881879
RiteBite Max Protein 10g Protein Bar Choco Almond,Kurkure Solid Masti Masala Twisteez (61.0 GRAM),0.4159247648902821
Nissin Geki - Hot and Spicy Korean Veg Flavoured Ramen Cup Noodles,Mr Makhana Super Snack - Pudina Party,0.415889825241753
Wok Tok by Veeba Instant Cup Noodles Masala (75500.0 MILLIGRAM),YiPPee! Magic Masala Noodles with Added Veggies - The Better Noodles,0.41587405486602386
Modern Kitchens Boondi Masala,Unibic Fruit & Nut cookies,0.4158556340309726
Snapin Chilli Flakes Sachet Pouch,Everest Chhole Masala,0.4157531146056801
Stroom Choco Almond Bliss Protein Bars (45.0 GRAM),YiPPee! Magic Masala Noodles with Added Veggies - The Better Noodles,0.41568579137355394
Too Yumm! Chili Chataka Veggie Stix | Munching Snack | On-the-Go Munchies (75.0 GRAM),The Whole Truth Double Cocoa Protein Bar,0.41566778900112233
ZOFF Green Cardamom Whole - Elaichi,Chheda's Golden Plain Salted Chips (170.0 GRAM),0.41560725561422757
Haldirams Namkeen - Mini Samosa,Sunfeast Dark Fantasy Bourbon Chocolate Cream Biscuits | Trans Fat-free,0.4155897721953733
Yogabar Dark Chocolate Oatmeal 400g Breakfast Cereal Gluten Free Oats High in Protein & Gluten-Free,Kotton Multipurpose Napkin | 100% Virgin Pulp-Paper | 25 cm X 25 cm | 100Pcs,0.4155092032896865
Nutrela Mini Soya Chunks (200.0 GRAM),Om Shanthi Havan Samagri | Cycle,0.4155
Snapin Oregano Pizza Seasoning Sachet Pouch,Sunfeast Dark Fantasy Bourbon Chocolate Cream Biscuits | Trans Fat-free,0.4154063698245898
Crax Natkhat Classic Wheat Puff Snacks,Britannia Marie Gold Biscuits Plain | Trans Fat-free,0.4153617949942031
Fevikwik Instant Adhesive (3 gm),RiteBite Max Protein 10g Protein Bar Choco Almond,0.4153394609407765
Catch Black Pepper Sprinkler (50.0 GRAM),Haldiram's Salted Peanut,0.4153115566974016
Haldirams Soya Sticks,RiteBite Max Protein 10g Protein Bar Choco Almond,0.41528059393056443
Doritos Nacho Cheese Flavoured Corn Chips,MAGGI 2-Minute Instant Noodles | Masala Noodles | Made With Quality Spices,0.4152525252525252
Gits Khaman Dhokla Instant Snack Mix,Haldiram's Mixture (400.0 GRAM),0.41525028643672707
The Theatre Project Gourmet Popcorn - Piri Piri & Lime (60.0 GRAM),Haldiram's Lite Chiwda (200.0 GRAM),0.41521426242531123
The Whole Truth Double Cocoa Protein Bar,Haldiram's Moong Dal,0.41518879817966575
Surf Excel Easy Wash Detergent Powder,Balaji Simply Salted Chips (135.0 GRAM),0.4151143571016721
Too Yumm! Karare Chilli Achari Flavour | Tangy | No Palm Oil Crisps,Palekar Jeeo Butter | Toasted Buns With Jeera And Khari | Trans Fat-free,0.4150746576815852
Haldirams Soya Sticks,Tata Sampann 100% Chana Dal Fine Besan,0.4150532654006484
Balaji Simply Salted Chips (135.0 GRAM),Bingo! Mad Angles Masala Madness Crisps,0.4150372146626244
Hershey's Vanilla Milkshake,Parle Melody Chocolaty Toffee (176.0 GRAM),0.41501335543888745
Heka Bites Roasted Chana Jor - Indian Herbs - Low Calorie & Healthy Snacks,Britannia Marie Gold Biscuits Plain | Trans Fat-free,0.4149679004517714
Beyond Snack Kerala Banana Chips - with Coconut Oil & Rock Salt,Cheetos Cheese Puffs (28.0 GRAM),0.41495911020943105
Let'S Try Roasted Chana (450.0 GRAM),Palekar Jeeo Butter | Toasted Buns With Jeera And Khari | Trans Fat-free,0.41490453661430937
Cavin's Masala Buttermilk,Piknik Classic Tomato Chilli,0.4148396406460923
Haldirams Namkeen - Mini Samosa,Let's Try Salted Peanuts,0.41480984282731503
"Assorted Candy 20 Pcs, Tangy Imli, Kaccha & Real Aam, Chilli Guava No Refined Sugar (20.0 PIECE)",Daily Good Till - Sesame White (100.0 GRAM),0.4147200649713213
Let's Try Butter Murukku (180.0 GRAM),Modern Kitchens Butter Murukku,0.4147057396199469
Cadbury Oreo Vanilla Flavour Creme Sandwich Biscuit Family Pack,Daily Good Raw Peanut - Singdana,0.4146162714648577
Cornitos Nacho ChipsÂ  Tikka Masala (55.0 GRAM),Modern Kitchens Potato Chips Salted (70.0 GRAM),0.41458407594156954
Parle Hide & Seek Black Bourbon Chocolate Cream Biscuits | Trans Fat-free,Let's Try Namkeen Combo Pack Of 6 (Crunchy Party Mix Peanut Party Mix Aloo Bhujia),0.41452830188679246
Namaskaram Mini Bhakarwadi,Aashirvaad 100% Chana Dal Besan (500.0 GRAM),0.4143440013632952
Sunfeast Dark Fantasy Crunchy Choco Cookies with Vanilla Fills Centre Fills | Artificial Flavour-free,Sunfeast Dark Fantasy Bourbon Chocolate Cream Biscuits | Trans Fat-free,0.41429861950505753
Lay's Classic Salted Potato Chips (50.0 GRAM),Maggi Masala-ae-Magic Sabzi Masala,0.41428147509299634
Orbit Sugar-Free Mixed Fruit Chewing Gum Pot (19800.0 MILLIGRAM),Chheda's Golden Plain Salted Chips (170.0 GRAM),0.41425094010555796
Britannia Nutrichoice High-Fibre Digestive Biscuits,Maggi Special Masala Instant Noodles,0.4142345646668413
Cornitos Nacho Chips - Peri Peri (55.0 GRAM),Haldiram's Mixture (400.0 GRAM),0.4142224391930719
YiPPee! Magic Masala Noodles with Added Veggies - The Better Noodles,MAGGI 2-Minute Instant Noodles | Masala Noodles | Made With Quality Spices,0.4141558508810334
Too Yumm! Karare Munchy Masala | Spicy | No Palm Oil Crisps,Sunfeast Dark Fantasy Bourbon Chocolate Cream Biscuits | Trans Fat-free,0.41410822491888793
"ACT II Instant Popcorn - Cheese, Buy 2 Get 1 free offer, Hot & Fresh in 3 mins (210.0 GRAM)",Mr Makhana Super Snack - Pudina Party,0.41408943638789264
The Whole Truth Double Cocoa Protein Bar,The Theatre Project Gourmet Popcorn - Cheddar Cheese (60.0 GRAM),0.41407704495939784
Let's Try Kerala Garlic Mix (180.0 GRAM),Cheetos Cheese Puffs (28.0 GRAM),0.4139887551472917
Tata Sampann 100% Chana Dal Fine Besan,Sunfeast Dark Fantasy Bourbon Chocolate Cream Biscuits | Trans Fat-free,0.41394022969579714
Sunfeast Dark Fantasy Crunchy Choco Cookies with Vanilla Fills Centre Fills | Artificial Flavour-free,Sunfeast All Rounder Crunchy Potato Chatpata Masala Flavoured Crackers | Trans Fat-free,0.41389090909090903
Surf Excel Easy Wash Detergent Powder,Palekar Jeeo Butter | Toasted Buns With Jeera And Khari | Trans Fat-free,0.4138362064885026
Tata Sampann Kitchen King Masala with Natural Oils Rich Aroma & Flavour,Piknik Classic Tomato Chilli,0.413802541544477
Cadbury Oreo Chocolate Flavour Creme Sandwich Biscuit Family Pack,Britannia 50-50 Maska Chaska Biscuits Butter Flavoured Crackers | Trans Fat-free,0.41375039320541046
Catch Jeera Whole (100.0 GRAM),Kurkure Solid Masti Masala Twisteez (61.0 GRAM),0.41374767847637073
Too Yumm! Noodles Masala | Spicy No Palm Oil Crisps (67.0 GRAM),Sunfeast Dark Fantasy Bourbon Chocolate Cream Biscuits | Trans Fat-free,0.41364656580526604
"Taali Roasted Bharuchi Peanuts | Nimbu Pudina | Protein Rich , No Palm Oil ,Restaurant-Style Crunch",Let's Try Namkeen Combo Pack Of 6 (Crunchy Party Mix Peanut Party Mix Aloo Bhujia),0.4136363636363636
Beyond Snack Kerala Banana Chips - Original Style (70.0 GRAM),Cheetos Cheese Puffs (28.0 GRAM),0.41363472604781104
"Farmley Seed Mix Superfood Rich In Protein- Pumpkin, Watermelon, Sunflower, Flax, Chia Seeds",Crax Crunchy Pipes Salted Puff Snacks,0.41362726232577485
Cadbury Oreo Chocolate Flavour Creme Sandwich Biscuit,Haldiram's Moong Dal,0.413609041424226
Sweet Karam Coffee Garlic Murukku Sticks (95.0 GRAM),Haldiram's Mixture (400.0 GRAM),0.41357589012045
Ferrero Rocher Moments Pack,Haldiram's Lite Chiwda (200.0 GRAM),0.413544906838075
Palekar Jeeo Butter | Toasted Buns With Jeera And Khari | Trans Fat-free,RiteBite Max Protein 10g Protein Bar Choco Almond,0.4134630590691265
"Yoga Bar  Rolled Oats 400g Pouch | Premium Golden Rolled Oats, Gluten Free Oats with High Fibre",Kotton Multipurpose Napkin | 100% Virgin Pulp-Paper | 25 cm X 25 cm | 100Pcs,0.413427873036414
Daadi'S Besan Laddoo Pure Ghee,Rajdhani Roasted Chana (200.0 GRAM),0.41338383838383835
ZOFF Black Mustard Seeds Whole - Rai (200.0 GRAM),Kinder Joy - Single Pack - Assorted,0.41335881106810335
Cadbury Oreo Chocolate Flavour Creme Sandwich Biscuit Family Pack,Aashirvaad 100% Chana Dal Besan (500.0 GRAM),0.41332542085072516
Tata Sampann 100% Pure California Almonds/Badam Giri Whole Premium Quality,Let's Try Salted Peanuts,0.4133239101324207
Mysore Sandal Soap,RiteBite Max Protein 10g Protein Bar Choco Almond,0.41328187967820795
"Ritebite Max Protein Cheese & Jalapeno 10G Multigrain Protein Chips, Healthy Snacks & Munchies",Britannia 50-50 Maska Chaska Biscuits Butter Flavoured Crackers | Trans Fat-free,0.413210380787963
Lets Try Lite Mixture (180.0 GRAM),Palekar Jeeo Butter | Toasted Buns With Jeera And Khari | Trans Fat-free,0.4132031067335483
The Healthy Binge Quinoa Baked Chips Smokey Bbq -High Protein And Fibre (40.0 GRAM),Haldiram's Lite Chiwda (200.0 GRAM),0.413144702089522
Mr Makhana Lime Chilli,Haldiram's Mixture (400.0 GRAM),0.4131316625263357
Britannia Good Day Cashew Dry Fruit Biscuits| Trans Fat-free,MAGGI 2-Minute Instant Noodles | Masala Noodles | Made With Quality Spices,0.4131141075173671
ACT II Ready to Eat Caramel Popcorn - Classic Caramel Bliss (35.0 GRAM),Sunfeast Dark Fantasy Bourbon Chocolate Cream Biscuits | Trans Fat-free,0.4130985566588976
Let's Try Salted Peanuts,MAGGI 2-Minute Instant Noodles | Masala Noodles | Made With Quality Spices,0.413097608152097
Figaro Extra Virgin Olive Oil,Haldiram's Lite Chiwda (200.0 GRAM),0.4130722840874029
Let'S Try Roasted Chana (450.0 GRAM),Let's Try Salted Peanuts,0.4129786102910404
Bingo! Mad Angles Masala Madness Crisps,Let's Try Salted Peanuts,0.4129593291186894
"Tetley Ginger, Mint, and Lemon Green Tea",Let's Try Namkeen Combo Pack Of 6 (Crunchy Party Mix Peanut Party Mix Aloo Bhujia),0.4128977272727273
Farmley Cream And Onion Makhana Roasted In Olive Oil,Let's Try Namkeen Combo Pack Of 6 (Crunchy Party Mix Peanut Party Mix Aloo Bhujia),0.4128977272727273
Lets Try Crunchy Party Mix (180.0 GRAM),Haldiram's Moong Dal,0.41287791433079934
Let's Try Combo Pack | Aloo Bhujia | Navratan | Peanut Party | Crunchy Party,Let'S Try Roasted Chana (450.0 GRAM),0.4128554059109614
Lay's Potato Chips - Chile Lemon Flavour,Daily Good Raw Peanut - Singdana,0.41269675168955744
Unibic Fruit & Nut cookies,Polka Pop Zero Sugar Blueberry Sparkling Water,0.412552213429609
Maggi Pazzta Instant Pasta - Masala Penne (69.0 GRAM),MAGGI 2-Minute Instant Noodles | Masala Noodles | Made With Quality Spices,0.41246362529501446
Lets Try Crunchy Party Mix (180.0 GRAM),The Theatre Project Gourmet Popcorn - Cheddar Cheese (60.0 GRAM),0.41235888294711825
Haldiram's All In One Mixture (400.0 GRAM),Haldiram's Lite Chiwda (200.0 GRAM),0.4123538975063813
Too Yumm! Noodles Masala | Spicy No Palm Oil Crisps (67.0 GRAM),Society Natural Tea (250.0 GRAM),0.41231762558993684
Britannia Nice Time Coconut Flavoured Biscuits | Artificial Flavour-free,Britannia 50-50 Maska Chaska Biscuits Butter Flavoured Crackers | Trans Fat-free,0.412311618862421
Orbit Sugar-Free Mixed Fruit Chewing Gum Pot (19800.0 MILLIGRAM),Heka Bites Roasted Jowar Puffs Majestic Masala - Low Calorie & Healthy Snacks,0.41230510147788973
Wok Tok by Veeba Instant Cup Noodles Masala (75500.0 MILLIGRAM),Parle Hide & Seek Milano Chocolate Flavoured Biscuits,0.41227931488801056
Organic Tattva Brown Sugar Pouch,Top Ramen Noodles Curry Veg Pouch,0.41226783968719444
Aashirvaad Jeera (100.0 GRAM),Cheetos Cheese Puffs (28.0 GRAM),0.41224339251849174
Let's Try Kerala Garlic Mix (180.0 GRAM),Society Natural Tea (250.0 GRAM),0.41223457071410285
Mr Makhana Super Snack - Himalayan Salt And Pepper,Haldiram's Salted Peanut,0.4121846936257417
"Uncle Chipps Potato Chips, Plain Salted Flavour, Crispy Chips & Snacks (48.0 GRAM)",RiteBite Max Protein 10g Protein Bar Choco Almond,0.4121602933261549
Britannia Pure Magic Choco Stars Chocolate Cream Biscuits | Trans Fat-free,Kurkure Solid Masti Masala Twisteez (61.0 GRAM),0.41214666479514656
Lay's Potato Chips - Sizzling Hot Spicy Flavour,Kurkure Solid Masti Masala Twisteez (61.0 GRAM),0.412133769092243
"Tata Sampann Hing, Compounded Asafoetida | Bandhani Hing, Strong Flavour & Aroma (50.0 GRAM)",Bhagirathi Rajgira Peeth | Amaranth Flour,0.41211758192890274
Malkist Cheese Crunchy Layered Crackers,Cheetos Masala Balls (28.0 GRAM),0.41210262347040694
Let'S Try Roasted Chana (450.0 GRAM),Aashirvaad 100% Chana Dal Besan (500.0 GRAM),0.4120993517152244
Everest Chicken Masala,Om Shanthi Havan Samagri | Cycle,0.4120661157024793
Tata Sampann 100% Chana Dal Fine Besan,Lay's Spanish Tomato Tango Potato Chips,0.4120577247088125
Britannia Nutrichoice High-Fibre Digestive Biscuits,Haldiram's Bhujia Sev (200.0 GRAM),0.41205076945714325
Uncle Chipps - Spicy Treat,Society Natural Tea (250.0 GRAM),0.41204483231686073
YiPPee! Suji Tricolor Creamy Corn Pasta,Haldiram's Moong Dal,0.4120271411725102
Haldiram's Mini Bhakarwadi,Sunfeast Dark Fantasy Bourbon Chocolate Cream Biscuits | Trans Fat-free,0.41200791910539825
Cheetos Cheese Puffs (28.0 GRAM),Haldiram's Moong Dal,0.4119854998363184
Beyond Snack Kerala Banana Chips - Original Style (25.0 GRAM),Modern Kitchens Potato Chips Salted (70.0 GRAM),0.41196748640196634
Lay's American Cream & Onion Potato Chips,Britannia Marie Gold Biscuits Plain | Trans Fat-free,0.41196504305359205
Daily Good Till - Sesame White (100.0 GRAM),Society Natural Tea (250.0 GRAM),0.4119600305265474
MAGGI Spicy Cheesy Instant Noodles,Catch Jeera Whole (100.0 GRAM),0.4118925100057176
Let's Try Salted Peanuts,RiteBite Max Protein 10g Protein Bar Choco Almond,0.4118841901061415
Haldiram Aloo Bhujia ,Om Shanthi Havan Samagri | Cycle,0.41185216652506373
Lets Try Lite Mixture (180.0 GRAM),RiteBite Max Protein 10g Protein Bar Choco Almond,0.4118474748314329
Namaskaram Mini Bhakarwadi,Kurkure Solid Masti Masala Twisteez (61.0 GRAM),0.4118399350196083
Fortune Soya Chunks (200.0 GRAM),Nutrela 100% Vegetarian Soya Chunks,0.41183932346723046
The Theatre Project Gourmet Popcorn - Piri Piri & Lime (60.0 GRAM),Haldiram's Masala Tasty Nuts (200.0 GRAM),0.41181765585435315
Palekar Jeeo Butter | Toasted Buns With Jeera And Khari | Trans Fat-free,Let's Try Namkeen Combo Pack Of 6 (Crunchy Party Mix Peanut Party Mix Aloo Bhujia),0.41180880974695405
Farmley Cream And Onion Makhana Roasted In Olive Oil,Tata Tea Agni Tea,0.4117592253176931
Unibic Fruit & Nut cookies,Snackible Cheese Dosa Khakra | Millet Snack (100.0 GRAM),0.4117237953303527
Let's Try Butter Murukku (180.0 GRAM),Cheetos Masala Balls (28.0 GRAM),0.4116994905543195
Britannia Good Day Chunkies Coconut Flavoured Biscuits | Trans Fat-free,Let's Try Namkeen Combo Pack Of 6 (Crunchy Party Mix Peanut Party Mix Aloo Bhujia),0.41168578993821714
The Whole Truth Double Cocoa Protein Bar,Haldiram's Masala Tasty Nuts (200.0 GRAM),0.4116452816452816
Tata Coffee Grand Premium 100% Coffee Blend Classic Instant Coffee,Parle Hide & Seek Milano Chocolate Flavoured Biscuits,0.4116401221517501
Haldirams Kaju - Salted,Chheda's Yellow Banana Chips (170.0 GRAM),0.4115303909501202
"Yogabar Multigrain Energy Bars Chocolate Chunk with Nuts, Oats and Millets,Chia Seeds, Protein Bars",Haldiram's Moong Dal,0.41144480806793643
Maggi Special Masala Instant Noodles,Haldiram's Moong Dal,0.411403921174558
"B Natural Orange Juice, 100% Pulp, No Concentrate",Rajdhani Roasted Chana (200.0 GRAM),0.41139901855746464
Everest Dry Mango Powder,Lal Sweets Motichoor Laddu,0.4113826436407082
Haldiram's Moong Dal,Cheetos Cheese Puffs (28.0 GRAM),0.41136878305271224
Chheda's Yellow Banana Chips (170.0 GRAM),YiPPee! Magic Masala Noodles with Added Veggies - The Better Noodles,0.41135573104674605
Tata Sampann 100% Pure Premium Raisins/Kishmish Seedless,Crax Crunchy Pipes Salted Puff Snacks,0.4113466107540539
Crax Cheese Balls Puff Snacks (65.0 GRAM),Lay's Spanish Tomato Tango Potato Chips,0.41130165548916336
Sunfeast Dark Fantasy Choco Rolls | Crunchy Wafer Rolls,Britannia Nutrichoice High-Fibre Digestive Biscuits,0.4112838915470494
Haldiram's Bhujia Sev (200.0 GRAM),Chheda's Yellow Banana Chips (170.0 GRAM),0.41128270133933365
Sunfeast Dark Fantasy Choco Rolls | Crunchy Wafer Rolls,Kinder Creamy Milky And Cocoa With Extruded Rice (19.0 GRAM),0.41128199286094025
Sofit Vanilla Soy Milk,Parle Hide & Seek Milano Chocolate Flavoured Biscuits,0.411242786126507
Lay's India's Magic Masala Potato Chips,Kurkure Solid Masti Masala Twisteez (61.0 GRAM),0.41119507761535984
Britannia Pure Magic Choco Stars Chocolate Cream Biscuits | Trans Fat-free,MAGGI 2-Minute Instant Noodles | Masala Noodles | Made With Quality Spices,0.41117104793843057
Modern Kitchens Banana Chips Salted,Haldiram's Lite Chiwda (200.0 GRAM),0.41115206838341445
Crax Fritts Peri Peri Corn & Potato Stick Snacks,Lay's Spanish Tomato Tango Potato Chips,0.41111856180349327
Top Ramen Noodles Curry Veg Pouch,Lal Sweets Motichoor Laddu,0.410992337527197
MAGGI Spicy Cheesy Instant Noodles,Bingo! Mad Angles Achaari Masti Crisps,0.41086729362591434
Farmley Peri Peri Makhana Roasted In Olive Oil,Crax Fritts Cream and Onion Corn & Potato Stick Snacks,0.410796945836316
Britannia Nice Time Coconut Flavoured Biscuits | Artificial Flavour-free,Catch Jeera Whole (100.0 GRAM),0.4107223608295649
Everest Cumin Powder (50.0 GRAM),The Theatre Project Gourmet Popcorn - Cheddar Cheese (60.0 GRAM),0.41070944741532966
Bauli Moonfils Croissants Choco Cream (Egg) (50.0 GRAM),Chheda's Yellow Banana Chips (170.0 GRAM),0.41070505065693397
Cadbury Oreo Vanilla Flavour Creme Sandwich Biscuit Mega Family Pack,Max Protein Choco Chips Flavoured Biscuits | Maida-free,0.41069591192367416
Stroom Choco Almond Bliss Protein Bars (45.0 GRAM),Lay's Spanish Tomato Tango Potato Chips,0.4106939402771521
Balaji Simply Salted Chips (135.0 GRAM),Aashirvaad 100% Chana Dal Besan (500.0 GRAM),0.4104928345489733
Bauli Moonfils Croissants Choco Cream (Egg) (50.0 GRAM),RiteBite Max Protein 10g Protein Bar Choco Almond,0.4104287689396888
Maggi Pazzta Instant Pasta - Masala Penne (69.0 GRAM),Britannia Treat Jimjam Naughty Jam Cream Biscuits | Trans Fat-free,0.4104149730421701
Yu 100% Whole Wheat Hakka Noodles,Haldiram's Moong Dal,0.4103632305610314
MTR Vermicelli,Unibic Danish Coconut Cookies,0.4103249691484985
Peppy Tomato Disc (55.0 GRAM),RiteBite Max Protein 10g Protein Bar Choco Almond,0.4102955889268478
ZOFF Green Cardamom Whole - Elaichi,Bingo! Mad Angles Masala Madness Crisps,0.41029049005951623
Let's Try Cheese Balls (60.0 GRAM),RiteBite Max Protein 10g Protein Bar Choco Almond,0.4102896253281716
Society Natural Tea (250.0 GRAM),Haldiram's Moong Dal,0.41028323772856345
Tata Sampann 100% Pure Premium Raisins/Kishmish Seedless,Tata Sampann 100% Chana Dal Fine Besan,0.4102606248240923
Parle Hide & Seek Milano Chocolate Flavoured Biscuits,Lal Sweets Motichoor Laddu,0.41025710973197843
Fevikwik Instant Adhesive (3 gm),Let's Try Namkeen Combo Pack Of 6 (Crunchy Party Mix Peanut Party Mix Aloo Bhujia),0.4102551399554124
Amul Taaza Homogenised Toned Milk (Tetra Pack),Parle Hide & Seek Chocolate Chip Biscuits | Trans Fat-free,0.410205532995275
"Yoga Bar  Rolled Oats 400g Pouch | Premium Golden Rolled Oats, Gluten Free Oats with High Fibre",Chheda's Golden Plain Salted Chips (170.0 GRAM),0.4101896563790329
Sweet Karam Coffee Garlic Murukku Sticks (95.0 GRAM),Kinder Joy - Single Pack - Assorted,0.4101544791993584
"Taali Roasted Bharuchi Peanuts | Nimbu Pudina | Protein Rich , No Palm Oil ,Restaurant-Style Crunch",Palekar Jeeo Butter | Toasted Buns With Jeera And Khari | Trans Fat-free,0.4101079523759936
Nissin Geki - Hot and Spicy Korean Veg Flavoured Ramen Instant Noodles | 5 in 1 pack,Everest Chhole Masala,0.41008375395196617
Haldirams Namkeen - Mini Samosa,Haldiram's Moong Dal,0.4100824080412215
"Taali Roasted Bharuchi Peanuts | Nimbu Pudina | Protein Rich , No Palm Oil ,Restaurant-Style Crunch",Sunfeast Dark Fantasy Bourbon Chocolate Cream Biscuits | Trans Fat-free,0.4100806471345309
Alpenliebe Juzt Jelly Strawberry Flavour Pouch,Om Shanthi Havan Samagri | Cycle,0.410070892410342
YiPPee! 100% Suji Cheese Pasta Treat,Lay's Spanish Tomato Tango Potato Chips,0.4099851892850371
"Britannia Jimjam Pops, Crunchy Cookie Vanilla Cream Biscuits",Haldiram's Masala Tasty Nuts (200.0 GRAM),0.4099372099372099
Parle Hide & Seek Black Bourbon Chocolate Cream Biscuits | Trans Fat-free,MAGGI 2-Minute Instant Noodles | Masala Noodles | Made With Quality Spices,0.4099018254333487
Peppy Cheese Balls (55.0 GRAM),Chheda's Golden Plain Salted Chips (170.0 GRAM),0.40986359146935164
Tropicana Delight Orange Fruit Juice,Kotton Multipurpose Napkin | 100% Virgin Pulp-Paper | 25 cm X 25 cm | 100Pcs,0.4098328480534886
Knorr International Italian Mushroom Soup,Palekar Knot Premium Salty Khari | Preservative-free,0.4097485493230174
Haldirams Namkeen - Mini Samosa,Haldiram's Mini Bhakarwadi,0.4097322541549886
Everest Turmeric Powder ,YiPPee! Magic Masala Noodles with Added Veggies - The Better Noodles,0.40970347118520095
Everest Dry Ginger Powder (100.0 GRAM),Let's Try Namkeen Combo Pack Of 6 (Crunchy Party Mix Peanut Party Mix Aloo Bhujia),0.40969696969696967
"MR. MAKHANA Fox Nuts Black Salt - Delicious Teatime Snack, Popped Lotus Seeds, Roasted In Olive Oil",Tata Sampann 100% Chana Dal Fine Besan,0.40969588112830135
Crax Cheese Balls Puff Snacks (65.0 GRAM),Chheda's Yellow Banana Chips (170.0 GRAM),0.40969365724392076
Khari Foods Kimia Gold Dates / Khajur,Crax Crunchy Pipes Salted Puff Snacks,0.40968795506552946
Modern Kitchens Wheel Chips,Crax Crunchy Pipes Salted Puff Snacks,0.4096879550655294
Kurkure Red Chilli Chataka Chips (68.0 GRAM),Sunfeast Dark Fantasy Bourbon Chocolate Cream Biscuits | Trans Fat-free,0.40958835344049194
Catch Turmeric Powder/Haldi (100.0 GRAM),MAGGI 2-Minute Instant Noodles | Masala Noodles | Made With Quality Spices,0.40958613751135514
MasterChow Korean Instant Cup Noodles - Korean 2X Spicy Flavour Veg,Parle Hide & Seek Milano Chocolate Flavoured Biscuits,0.4095399174468943
Mr Makhana Cream And Onion,Haldiram's Salted Peanut,0.4095165117202285
Cavin's Strawberry Milkshake,YiPPee! Magic Masala Noodles with Added Veggies - The Better Noodles,0.4095075345657915
Britannia Nutrichoice Oats Orange & Almond Biscuits | Maida-free and Trans Fat-free,Max Protein Choco Chips Flavoured Biscuits | Maida-free,0.40945068007393376
Lets Try Crunchy Party Mix (180.0 GRAM),Let's Try Salted Peanuts,0.40938749194068347
Bhagirathi Rajgira Peeth | Amaranth Flour,Let's Try Salted Peanuts,0.4093874919406834
Nissin Geki - Hot and Spicy Korean Veg Flavoured Ramen Instant Noodles | 5 in 1 pack,Heka Bites Roasted Makhana Himalayan Pink Salt,0.409366391184573
Hershey's Vanilla Milkshake,Haldiram's Bhujia Sev (200.0 GRAM),0.40935762717310964
Heka Bites Roasted Jowar Puffs Cheesy Salsa - Low Calorie & Healthy Snacks (40.0 GRAM),Britannia Marie Gold Biscuits Plain | Trans Fat-free,0.4093383960808909
"MR. MAKHANA Fox Nuts Black Salt - Delicious Teatime Snack, Popped Lotus Seeds, Roasted In Olive Oil",Sunfeast Dark Fantasy Bourbon Chocolate Cream Biscuits | Trans Fat-free,0.40927569057527013
YiPPee! Suji Tricolor Creamy Corn Pasta,Sunfeast Dark Fantasy Bourbon Chocolate Cream Biscuits | Trans Fat-free,0.40920627475258103
Cornitos Nacho Crisps - Sizzlin Jalapeno (77.0 GRAM),Top Ramen Noodles Curry Veg Pouch,0.40916808149405776
Ching's Schezwan Masala Instant Noodles,Palekar Knot Premium Salty Khari | Preservative-free,0.4090371803137761
The Belgian Waffle Co Classic Chocolate Wafers | Preservative-free,Pintola High Protein Oats Dark Chocolate With Almonds Raisin Pumpkin And Chia Seeds,0.40893978144617527
"Tetley Ginger, Mint, and Lemon Green Tea",Daily Good Watermelon Seeds / Tarbuj Beej,0.4089015151515151
Cornitos Nacho ChipsÂ  Tikka Masala (55.0 GRAM),YiPPee! Magic Masala Noodles with Added Veggies - The Better Noodles,0.4088927609525985
Lal Mysore Pak Premium,Om Shanthi Havan Samagri | Cycle,0.40888003748828483
Pintola High Protein Oats Dark Chocolate With Almonds Raisin Pumpkin And Chia Seeds,MAGGI 2-Minute Instant Noodles | Masala Noodles | Made With Quality Spices,0.408847984870223
Ezee Biodegradable Medium Garbage Bags 19 x 21 Inch (30.0 PIECE),Max Protein Choco Chips Flavoured Biscuits | Maida-free,0.4087932123317201
Piknik Classic Tomato Chilli,Om Shanthi Havan Samagri | Cycle,0.4086968475073313
Farmley Premium California Natural Dried Cranberry,Kurkure Masala Munch,0.40865121806298277
Korean Kab's Jackpot 2x Hot and Spicy Instant Noodles Non Veg,Kurkure Masala Munch,0.40865121806298277
YiPPee! 100% Suji Cheese Pasta Treat,Kurkure Masala Munch,0.4086512180629827
ACT II Ready to Eat Popcorn - Sour Cream & Cheese Popcorn (50.0 GRAM),Sunfeast Dark Fantasy Bourbon Chocolate Cream Biscuits | Trans Fat-free,0.4086073034921314
Britannia Little Hearts Classic Crunch Flavoured Biscuits | Cholesterol-free,MAGGI 2-Minute Instant Noodles | Masala Noodles | Made With Quality Spices,0.4085912497266782
Britannia Nice Time Coconut Flavoured Biscuits | Artificial Flavour-free,Kurkure Yummy PuffCorn Yummy Cheese Chips,0.4085285996433434
Let's Try Soya Sticks (160.0 GRAM),Cheetos Masala Balls (28.0 GRAM),0.40845502510666376
"Taali Roasted Bharuchi Peanuts | Nimbu Pudina | Protein Rich , No Palm Oil ,Restaurant-Style Crunch",Scotch-Brite Scrub Sponge (Pack of 3),0.40845423233482936
YiPPee! 100% Suji Masala Pasta Treat,Haldiram's Moong Dal,0.40843020983472367
Britannia Treat Jimjam Naughty Jam Cream Biscuits | Trans Fat-free,Britannia 50-50 Maska Chaska Biscuits Butter Flavoured Crackers | Trans Fat-free,0.40842449165352795
"Britannia Jimjam Pops, Crunchy Cookie Vanilla Cream Biscuits",Maggi Special Masala Instant Noodles,0.408412889703956
Catch Jeera Powder Pouch,Mr Makhana Lime Chilli,0.4083694083694084
Everest Dry Mango Powder,Mr Makhana Lime Chilli,0.4083694083694084
Sweet Karam Coffee Madras Mixture,"Paper Boat Mango | Juicy Sips, Chewy Bites | Refreshing Summer Juice Drink",0.4083577712609971
Too Yumm! Karare Munchy Masala | Spicy | No Palm Oil Crisps,Haldiram's Moong Dal,0.40830429004658453
Catch Chatpata Chat Masala Carton (100.0 GRAM),Coca-Cola Zero Sugar Soft Drink,0.4082719082719082
Kellogg's Multigrain Chocos | More Chocolatey | No-Maida,Sunfeast All Rounder Crunchy Potato Chatpata Masala Flavoured Crackers | Trans Fat-free,0.4082188160676533
Cadbury Oreo Vanilla Flavour Creme Sandwich Biscuit Mega Family Pack,Kurkure Green Chutney Style (68.0 GRAM),0.40820572093403196
Figaro Extra Virgin Olive Oil,Crax Crunchy Pipes Salted Puff Snacks,0.40818726658543597
Sunfeast Dark Fantasy Choco Centre Fills | Preservative-free,Lay's American Cream & Onion Potato Chips (48.0 GRAM),0.40815942595999355
Unibic Fruit & Nut cookies,Crax Crunchy Pipes Salted Puff Snacks,0.40813806368444927
The Belgian Waffle Co Classic Chocolate Wafers | Preservative-free,Let'S Try Roasted Chana (450.0 GRAM),0.408131659847907
ZOFF Green Cardamom Whole - Elaichi,Aashirvaad 100% Chana Dal Besan (500.0 GRAM),0.40810375433628615
Garden Sabudana Chivda Namkeen,Let's Try Salted Peanuts,0.40806688712797157
Veeba Thousand Island Dressing,Om Shanthi Havan Samagri | Cycle,0.40803872053872053
Pintola High Protein Oats Dark Chocolate With Almonds Raisin Pumpkin And Chia Seeds,RiteBite Max Protein 10g Protein Bar Choco Almond,0.40797329344232686
Parle Hide & Seek Milano Mixed Berries Centre Fills| Preservative-free,Parle Hide & Seek Milano Chocolate Flavoured Biscuits,0.4079647639182523
Lets Try Lite Mixture (180.0 GRAM),Bingo! Mad Angles Masala Madness Crisps,0.40795929409326903
Bauli Moonfils Croissants Choco Cream,MAGGI 2-Minute Instant Noodles | Masala Noodles | Made With Quality Spices,0.4079574527468098
Nissin Geki - Hot and Spicy Korean Veg Flavoured Ramen Cup Noodles,Kotton Multipurpose Napkin | 100% Virgin Pulp-Paper | 25 cm X 25 cm | 100Pcs,0.4079571828450058
Nissin Geki - Hot and Spicy Korean Veg Flavoured Ramen Instant Noodles | 5 in 1 pack,Unibic Fruit & Nut cookies,0.4079212392178114
Daily Good Pistachios California Salted,Kurkure Green Chutney Style (68.0 GRAM),0.40790212675959087
Stroom Choco Almond Bliss Protein Bars (45.0 GRAM),Tata Sampann 100% Chana Dal Fine Besan,0.4078279667766526
Chheda's Farali Potato Chivda (170.0 GRAM),Kurkure Green Chutney Style (68.0 GRAM),0.4078272562310103
Crax Fritts Peri Peri Corn & Potato Stick Snacks,Chheda's Yellow Banana Chips (170.0 GRAM),0.4078229099505695
Chheda's Salt & Pepper Banana Chips,Chheda's Yellow Banana Chips (170.0 GRAM),0.40782290995056947
MAGGI Pazzta Instant Pasta - Cheese Macaroni,Kurkure Green Chutney Style (68.0 GRAM),0.40780132662941887
Daily Good Figs / Anjeer,Sweet Karam Coffee Madras Mixture,0.40777511961722485
Sunfeast Dark Fantasy Crunchy Choco Cookies with Vanilla Fills Centre Fills | Artificial Flavour-free,Let's Try Salted Peanuts,0.40774994197292064
Catch Masala Amchur Powder,Haldiram's Masala Tasty Nuts (200.0 GRAM),0.407709290317986
Everest Dry Ginger Powder (100.0 GRAM),Haldiram's Mixture (400.0 GRAM),0.40768061975689096
Snapin Oregano Pizza Seasoning Sachet Pouch,Scotch-Brite Scrub Sponge (Pack of 3),0.4076741440377804
Unibic Fruit & Nut cookies,Om Shanthi Havan Samagri | Cycle,0.4076564828614009
Mr Makhana Piri Piri,Haldiram's Masala Tasty Nuts (200.0 GRAM),0.40763419190385486
Daily Good Poha / Avalakki Thick,"Paper Boat Mango | Juicy Sips, Chewy Bites | Refreshing Summer Juice Drink",0.4076084909467567
Cadbury Oreo Chocolate Flavour Creme Sandwich Biscuit Family Pack,Kurkure Solid Masti Masala Twisteez (61.0 GRAM),0.40757864650562414
Palekar Makkhan Butter Rusk | Bromate-free and Trans Fat-free,Crax Crunchy Pipes Salted Puff Snacks,0.4075553977517123
Catch Peri Peri Sprinkler (90.0 GRAM),MAGGI 2-Minute Instant Noodles | Masala Noodles | Made With Quality Spices,0.4075074996739273
Lets Try Lite Mixture (180.0 GRAM),Cheetos Cheese Puffs (28.0 GRAM),0.40749320169016434
Haldiram's Mixture (400.0 GRAM),Parle Hide & Seek Milano Chocolate Flavoured Biscuits,0.4074041160521255
Nongshim Korean SoonVeggie Cup Noodle Soup Veg,Cheetos Masala Balls (28.0 GRAM),0.40736581170637937
Bhagirathi Makai Atta (500.0 GRAM),Cheetos Masala Balls (28.0 GRAM),0.40736581170637937
Chheda's Golden Plain Salted Chips (170.0 GRAM),Sunfeast Dark Fantasy Bourbon Chocolate Cream Biscuits | Trans Fat-free,0.4073476781236047
Fortune Besan (500.0 GRAM),MAGGI 2-Minute Instant Noodles | Masala Noodles | Made With Quality Spices,0.40727933198094063
Palekar Jeeo Butter | Toasted Buns With Jeera And Khari | Trans Fat-free,Let's Try Salted Peanuts,0.4072772471368654
Coca-Cola Zero Sugar Soft Drink,Nissin Geki - Hot and Spicy Korean Kimchi Flavoured Ramen Instant Noodles,0.407268839153362
Let's Try Teekha Tadka Makhana Puffs (60.0 GRAM),Origami Luncheon Tissue Paper Napkins - 32 X 32 cm - 50 Serviettes,0.4072389191339151
Haldirams Namkeen - Mini Samosa,Haldiram's Masala Tasty Nuts (200.0 GRAM),0.4072223939773609
Wok Tok by Veeba Instant Cup Noodles Masala (75500.0 MILLIGRAM),Lal Sweets Motichoor Laddu,0.40717412554719706
YiPPee! 100% Suji Masala Pasta Treat,Max Protein Choco Chips Flavoured Biscuits | Maida-free,0.407169116052699
Daily Good Saunf / Fennel,Let's Try Namkeen Combo Pack Of 6 (Crunchy Party Mix Peanut Party Mix Aloo Bhujia),0.40707742385491746
Nongshim Korean SoonVeggie Cup Noodle Soup Veg,YiPPee! Magic Masala Noodles with Added Veggies - The Better Noodles,0.4070256707199383
Tropicana Delight Orange Fruit Juice,YiPPee! Magic Masala Noodles with Added Veggies - The Better Noodles,0.4070256707199383
Tata Sampann Coriander Powder With Natural Oils Dhania Powder,YiPPee! Magic Masala Noodles with Added Veggies - The Better Noodles,0.4070256707199382
Hershey's Vanilla Milkshake,YiPPee! Magic Masala Noodles with Added Veggies - The Better Noodles,0.4070256707199382
"Taali Roasted Bharuchi Peanuts | Nimbu Pudina | Protein Rich , No Palm Oil ,Restaurant-Style Crunch",Daily Good Chilli With Stem / Guntur With Stem,0.40701923076923074
"Uncle Chipps Potato Chips, Plain Salted Flavour, Crispy Chips & Snacks (48.0 GRAM)",Haldiram's Moong Dal,0.40697395356148036
Coca-Cola Zero Sugar Soft Drink,Palekar Knot Premium Salty Khari | Preservative-free,0.4069692471473768
Maggi Masala-ae-Magic Sabzi Masala,Kurkure Solid Masti Masala Twisteez (61.0 GRAM),0.40686511952538823
Satyam Singdana,Chheda's Yellow Banana Chips (170.0 GRAM),0.4068610634648371
Knorr Korean Ramen Spicy Jjajangmyeon Veg Meal,Coca-Cola Zero Sugar Soft Drink,0.40677274581803347
Nongshim Korean Shin Ramyun Cup Noodle Soup Non Veg,Haldiram Aloo Bhujia ,0.40656633086539634
Haldirams Namkeen - Khara Boondi,Kurkure Masala Munch,0.4065004221784408
Daily Good Coriander / Dhania Whole (200.0 GRAM),Britannia Marie Gold Biscuits Plain | Trans Fat-free,0.4064991677894904
Haldirams Namkeen - Mini Samosa,MAGGI 2-Minute Instant Noodles | Masala Noodles | Made With Quality Spices,0.40646588645296444
Let's Try Butter Murukku (180.0 GRAM),Uncle Chipps - Spicy Treat,0.40643093618470144
Cornitos Nacho ChipsÂ  Tikka Masala (55.0 GRAM),Kinder Joy - Single Pack - Assorted,0.40639159406908903
Let's Try Pudina Rings (60.0 GRAM),Let's Try Salted Peanuts,0.40637728979406074
Sunfeast Dark Fantasy Choco Centre Fills | Preservative-free,MAGGI 2-Minute Instant Noodles | Masala Noodles | Made With Quality Spices,0.4063671278095937
Chheda's Golden Plain Salted Chips (170.0 GRAM),Haldiram's Bhujia Sev (200.0 GRAM),0.4062850814726186
The Healthy Binge Ragi Baked Chips Chatpata Chaat- High Protein & Fibre (40.0 GRAM),The Healthy Binge Quinoa Baked Chips Smokey Bbq -High Protein And Fibre (40.0 GRAM),0.4062272089761571
Haldiram's Mini Bhakarwadi,Haldiram's Moong Dal,0.40618459714278593
Korean Kab's Jackpot 2x Hot and Spicy Instant Noodles Non Veg,Sunfeast Dark Fantasy Bourbon Chocolate Cream Biscuits | Trans Fat-free,0.4061751171618212
"Assorted Candy 20 Pcs, Tangy Imli, Kaccha & Real Aam, Chilli Guava No Refined Sugar (20.0 PIECE)",Sunfeast Dark Fantasy Bourbon Chocolate Cream Biscuits | Trans Fat-free,0.40617511716182114
Bhagirathi Jowar Atta (500.0 GRAM),Let's Try Kerala Garlic Mix (180.0 GRAM),0.40616367759224903
Bhagirathi Jowar Atta (500.0 GRAM),MAGGI 2-Minute Instant Noodles | Masala Noodles | Made With Quality Spices,0.4061578955307178
Crax Fritts Peri Peri Corn & Potato Stick Snacks,Haldirams Namkeen - Khara Boondi,0.4060990471516787
Nongshim Korean SoonVeggie Cup Noodle Soup Veg,Kurkure Solid Masti Masala Twisteez (61.0 GRAM),0.406085684430512
Beyond Snack Kerala Banana Chips - Peri Peri (70.0 GRAM),Let's Try Salted Peanuts,0.4060455532309635
Open Secret Arabian Dates (Khajur) With Seed,Cheetos Cheese Puffs (28.0 GRAM),0.4059942733174879
Pintola High Protein Oats Dark Chocolate With Almonds Raisin Pumpkin And Chia Seeds,Cheetos Cheese Puffs (28.0 GRAM),0.4059781368201382
Daily Good Chilli With Stem / Guntur With Stem,The Theatre Project Gourmet Popcorn - Cheddar Cheese (60.0 GRAM),0.40591577540106943
Top Ramen Masala Instant Noodles,Nissin Geki - Hot and Spicy Korean Kimchi Flavoured Ramen Instant Noodles,0.40589226654395905
Sunfeast Farmlite Gold and Almond Oats Biscuits | Trans Fat-free,Om Shanthi Havan Samagri | Cycle,0.40589114832535883
MTR Vermicelli,Peppy Tomato Disc (55.0 GRAM),0.4058515819079199
Snapin Chilli Flakes Sachet Pouch,Everest Coriander Powder (100.0 GRAM),0.4058293062382113
Kurkure Masala Munch,YiPPee! Magic Masala Noodles with Added Veggies - The Better Noodles,0.4058285363942914
Daily Good Tamarind / Imli (200.0 GRAM),Max Protein Choco Chips Flavoured Biscuits | Maida-free,0.4058205407016916
Nutrela 100% Vegetarian Soya Chunks,Daily Good Poha / Avalakki Thick,0.4058069224353627
Sunfeast Dark Fantasy Bourbon Chocolate Cream Biscuits | Trans Fat-free,Kurkure Solid Masti Masala Twisteez (61.0 GRAM),0.40580150970382867
Heka Bites Roasted Chana Jor - Indian Herbs - Low Calorie & Healthy Snacks,Lay's American Cream & Onion Potato Chips,0.40575388862241446
Cadbury Oreo Chocolate Flavour Creme Sandwich Biscuit Family Pack,Max Protein Choco Chips Flavoured Biscuits | Maida-free,0.4057364335755008
Palekar Jeeo Butter | Toasted Buns With Jeera And Khari | Trans Fat-free,Chheda's Yellow Banana Chips (170.0 GRAM),0.40572073000237063
Tata Coffee Grand Premium 100% Coffee Blend Classic Instant Coffee,Om Shanthi Havan Samagri | Cycle,0.4057070707070706
Hillers Schezwan Hot Chutney,Crax Crunchy Pipes Salted Puff Snacks,0.405703368411488
"Aashirvaad Chilli Powder, Red Hot Chilli Powder with No Added Flavours and Colours",Lay's Spanish Tomato Tango Potato Chips,0.40567568587493863
Britannia Nutrichoice Oats Orange & Almond Biscuits | Maida-free and Trans Fat-free,Kurkure Green Chutney Style (68.0 GRAM),0.40566497350559627
Beyond Snack Kerala Banana Chips - Original Style (25.0 GRAM),Haldiram Aloo Bhujia ,0.40565132787020036
Korean Nongshim Kimchi Ramyun Noodle Soup Veg,Coca-Cola Zero Sugar Soft Drink,0.4056290548738402
Fevikwik Instant Adhesive (3 gm),Haldiram's Moong Dal,0.4056073406228308
Chheda's Golden Plain Salted Chips (170.0 GRAM),Let's Try Salted Peanuts,0.40560562134538847
Everest Sambhar Masala,Crax Crunchy Pipes Salted Puff Snacks,0.4055348869462008
Sugar Free D'Lite Choco Chip Biscuits | Trans Fat-free,Rajdhani Roasted Chana (200.0 GRAM),0.40553477816136047
Everest Sambhar Masala,Everest Coriander Powder (100.0 GRAM),0.4054981521735534
Satyam Singdana,Haldiram's Bhujia Sev (200.0 GRAM),0.40549576276581617
Sunfeast Dark Fantasy Vanilla Cream Dark Crunchy Biscuits | Artificial Colour-free,Kurkure Solid Masti Masala Twisteez (61.0 GRAM),0.4054741096045624
Chheda's Long Masala Banana Chips (170.0 GRAM),Haldiram's Moong Dal,0.40542848285175326
Lay's Potato Chips - Chile Lemon Flavour,Britannia 50-50 Maska Chaska Biscuits Butter Flavoured Crackers | Trans Fat-free,0.4054268171915231
Lay's American Cream & Onion Potato Chips,Sunfeast Dark Fantasy Bourbon Chocolate Cream Biscuits | Trans Fat-free,0.4053660033826144
Mr Makhana Lime Chilli,Catch Chatpata Chat Masala Carton (100.0 GRAM),0.4053301910444768
Nongshim Korean Shin Ramyun Cup Noodle Soup Non Veg,Crax Crunchy Pipes Salted Puff Snacks,0.40518588962524893
MasterChow Korean Instant Cup Noodles - Korean 2X Spicy Flavour Veg,Crax Crunchy Pipes Salted Puff Snacks,0.4051858896252489
Balaji Masala Masti Chips (135.0 GRAM),MAGGI 2-Minute Instant Noodles | Masala Noodles | Made With Quality Spices,0.4051244148805125
The Whole Truth Double Cocoa Protein Bar,MAGGI 2-Minute Instant Noodles | Masala Noodles | Made With Quality Spices,0.40512441488051243
Rajam Garlic Mixture,Sunfeast Dark Fantasy Bourbon Chocolate Cream Biscuits | Trans Fat-free,0.40502121057897505
MAGGI Pazzta Instant Pasta - Mushroom Penne (68.0 GRAM),Modern Kitchens Butter Murukku,0.40497236135260684
Lay's Wafer Chips Red Chilli (48.0 GRAM),Haldiram's Mini Bhakarwadi,0.4049492797981186
Sofit Soya Milk Drink,Haldiram's Mixture (400.0 GRAM),0.4048690292758089
Sweet Karam Coffee Kerala Nendran Banana Chips (65.0 GRAM),Haldiram's Mixture (400.0 GRAM),0.4048690292758089
Everest Shahi Biryani Masala (50.0 GRAM),Everest Coriander Powder (100.0 GRAM),0.4048528748247058
Lets Try Lite Mixture (180.0 GRAM),Kurkure Masala Munch,0.4047960178925773
Daily Good Poha / Avalakki Thick,Crax Crunchy Pipes Salted Puff Snacks,0.4047728560986177
Haldiram's Bhujia Sev (200.0 GRAM),RiteBite Max Protein 10g Protein Bar Choco Almond,0.4047546911366103
Moov Fast Pain Relief Spray (50.0 GRAM),Lay's Spanish Tomato Tango Potato Chips,0.40473225404732255
Yogabar Dark Chocolate Oatmeal 400g Breakfast Cereal Gluten Free Oats High in Protein & Gluten-Free,Crax Crunchy Pipes Salted Puff Snacks,0.40471198799995617
Nongshim Korean Shin Ramyun Cup Noodle Soup Non Veg,Om Shanthi Havan Samagri | Cycle,0.40470779220779224
Let's Try Namkeen Combo Pack Of 6 (Crunchy Party Mix Peanut Party Mix Aloo Bhujia),RiteBite Max Protein 10g Protein Bar Choco Almond,0.4046921653970112
MAGGI Pazzta Instant Pasta - Mushroom Penne (68.0 GRAM),Max Protein Choco Chips Flavoured Biscuits | Maida-free,0.4046850459561051
Tata Sampann Chilli Powder with Natural Oils Lal Mirchi Powder,Charliee Rajgira Laddu,0.4046836083437111
Knorr International Italian Mushroom Soup,Everest Pav Bhaji Masala (100.0 GRAM),0.4046169560776302
Daily Good Coriander / Dhania Whole (200.0 GRAM),Crax Crunchy Pipes Salted Puff Snacks,0.40457750240358936
The Theatre Project Gourmet Popcorn - Piri Piri & Lime (60.0 GRAM),Peppy Cheese Balls (55.0 GRAM),0.40453292423071163
Balaji Simply Salted Chips (135.0 GRAM),Kurkure Solid Masti Masala Twisteez (61.0 GRAM),0.40451170890946353
Tata Sampann Coriander Powder With Natural Oils Dhania Powder,Lal Sweets Motichoor Laddu,0.40446864962994
Mr Makhana Cream And Onion,Haldiram's Lite Chiwda (200.0 GRAM),0.404440507338694
Lay's American Cream & Onion Potato Chips,Lay's Spanish Tomato Tango Potato Chips,0.4043601434858325
Knorr Korean Ramen Spicy Jjajangmyeon Veg Meal,Palekar Knot Premium Salty Khari | Preservative-free,0.4043571210424514
The Healthy Binge Ragi Baked Chips Chatpata Chaat- High Protein & Fibre (40.0 GRAM),Modern Kitchens Potato Chips Salted (70.0 GRAM),0.4043435619044496
Cornitos Nacho ChipsÂ  Tikka Masala (55.0 GRAM),Om Shanthi Havan Samagri | Cycle,0.4042952460383653
Sunfeast Dark Fantasy Choco Rolls | Crunchy Wafer Rolls,Haldiram's Salted Peanut,0.4042930868258379
Kurkure Green Chutney Style (68.0 GRAM),Kurkure Solid Masti Masala Twisteez (61.0 GRAM),0.40427574013199674
Jatin Verna Plastic Cloth Hanging Clips Set of 12 pcs,Max Protein Choco Chips Flavoured Biscuits | Maida-free,0.40427449590948294
YiPPee! Suji Tricolor Creamy Corn Pasta,Lay's Spanish Tomato Tango Potato Chips,0.40426757866954144
Catch Dhania Powder (200.0 GRAM),Sunfeast Dark Fantasy Bourbon Chocolate Cream Biscuits | Trans Fat-free,0.4042223521754662
Gits Khaman Dhokla Instant Snack Mix,Organic Tattva Brown Sugar Pouch,0.40419580419580414
ZOFF Black Mustard Seeds Whole - Rai (200.0 GRAM),Sunfeast All Rounder Crunchy Potato Chatpata Masala Flavoured Crackers | Trans Fat-free,0.40419034090909084
Kellogg's Multigrain Chocos | More Chocolatey | No-Maida,RiteBite Max Protein 10g Protein Bar Choco Almond,0.4041156364381444
Haldiram's Panchratan Mixture,Let's Try Salted Peanuts,0.40408454515388703
Yu 100% Whole Wheat Hakka Noodles,Haldiram's Mini Bhakarwadi,0.40406940294774135
The Healthy Binge Quinoa Baked Chips Smokey Bbq -High Protein And Fibre (40.0 GRAM),The Theatre Project Gourmet Popcorn - Cheddar Cheese (60.0 GRAM),0.4040451957909263
Cadbury Oreo Chocolate Flavour Creme Sandwich Biscuit,Daily Good Cashew | W320 (100.0 GRAM),0.40398904297209376
Haldiram's Masala Tasty Nuts (200.0 GRAM),Haldiram's Moong Dal,0.403967479309945
MasterChow Korean Instant Cup Noodles - Korean 2X Spicy Flavour Veg,Palekar Knot Premium Salty Khari | Preservative-free,0.4039559731049093
Let's Try Butter Murukku (180.0 GRAM),Let'S Try Roasted Chana (450.0 GRAM),0.403886318705281
Sweet Karam Coffee Garlic Murukku Sticks (95.0 GRAM),Sweet Karam Coffee Onion Kodubale / Ring Murukku | No Palm Oil and No Maida,0.4038637119448559
Coca-Cola Zero Sugar Soft Drink,Haldiram's Soan Papdi,0.40385649500508364
Chheda's Long Masala Banana Chips (170.0 GRAM),MAGGI 2-Minute Instant Noodles | Masala Noodles | Made With Quality Spices,0.40384237559291597
"Ritebite Max Protein Spanish Tomato 10G Multigrain Protein Chips, Healthy Snacks & Munchies",Kotton Multipurpose Napkin | 100% Virgin Pulp-Paper | 25 cm X 25 cm | 100Pcs,0.40379320608217406
Organic Tattva Brown Sugar Pouch,Uncle Chips Plain Salted (80.0 GRAM),0.4037878787878788
Let's Try Kerala Garlic Mix (180.0 GRAM),Kurkure Masala Munch,0.40378632260985203
"Ritebite Max Protein Peri Peri 10G Multigrain Protein Chips, Healthy Snacks & Munchies",Crax Crunchy Pipes Salted Puff Snacks,0.40377899417516117
YiPPee! 100% Suji Masala Pasta Treat,Sunfeast Dark Fantasy Bourbon Chocolate Cream Biscuits | Trans Fat-free,0.4037777935360769
Unibic Fruit & Nut cookies,Daily Good Watermelon Seeds / Tarbuj Beej,0.40377545951316446
YiPPee! 100% Suji Masala Pasta Treat,MAGGI 2-Minute Instant Noodles | Masala Noodles | Made With Quality Spices,0.4037580593497181
Epigamia Turbo Cookies and Cream Protein Milkshake,YiPPee! Magic Masala Noodles with Added Veggies - The Better Noodles,0.40374320563348715
Tata Sampann 100% Chana Dal Fine Besan,Haldiram's Moong Dal,0.40372500183136767
Daily Good Chilli With Stem / Guntur With Stem,Palekar Jeeo Butter | Toasted Buns With Jeera And Khari | Trans Fat-free,0.40370001562011865
Top Ramen Masala Instant Noodles,Kotton Multipurpose Napkin | 100% Virgin Pulp-Paper | 25 cm X 25 cm | 100Pcs,0.40369821826611146
Surf Excel Easy Wash Detergent Powder,Chheda's Long Masala Banana Chips (170.0 GRAM),0.40369411026257973
The Theatre Project Gourmet Popcorn - Cheddar Cheese (60.0 GRAM),Sunfeast Dark Fantasy Bourbon Chocolate Cream Biscuits | Trans Fat-free,0.40361518995281803
ZOFF Black Mustard Seeds Whole - Rai (200.0 GRAM),Haldiram's Masala Tasty Nuts (200.0 GRAM),0.40353194103194095
Crax Cheese Balls Puff Snacks (65.0 GRAM),Crax Curls Chatpata Masala Puff Snacks,0.40349054129324496
Sunfeast Dark Fantasy Crunchy Choco Cookies with Vanilla Fills Centre Fills | Artificial Flavour-free,Lay's Spanish Tomato Tango Potato Chips,0.4034869240348692
Ezee Biodegradable Medium Garbage Bags 19 x 21 Inch (30.0 PIECE),MAGGI 2-Minute Instant Noodles | Masala Noodles | Made With Quality Spices,0.4034802411188221
Snapin Oregano Pizza Seasoning Sachet Pouch,Palekar Jeeo Butter | Toasted Buns With Jeera And Khari | Trans Fat-free,0.40345035574651317
Moov Fast Pain Relief Spray (50.0 GRAM),Scotch-Brite Scrub Sponge (Pack of 3),0.4034486657620986
Peppy Tomato Disc (55.0 GRAM),Palekar Jeeo Butter | Toasted Buns With Jeera And Khari | Trans Fat-free,0.40336908930878246
Cornitos Jalapeno Nachos and Salsa Dip Tray (75.0 GRAM),Kinder Joy - Single Pack - Assorted,0.40331857121270237
"Yoga Bar Muesli Dark Chocolate & Cranberry,Breakfast Cereals, Protein Granola, Gluten Free",Haldiram's Salted Peanut,0.4033165334760171
"Ritebite Max Protein Peri Peri 10G Multigrain Protein Chips, Healthy Snacks & Munchies",Max Protein Choco Chips Flavoured Biscuits | Maida-free,0.4033079926747266
Haldiram's Moong Dal,Kurkure Solid Masti Masala Twisteez (61.0 GRAM),0.40330427563304266
"Tetley Ginger, Mint, and Lemon Green Tea",Om Shanthi Havan Samagri | Cycle,0.4033025568181818
Satyam Sabudana (500.0 GRAM),YiPPee! Magic Masala Noodles with Added Veggies - The Better Noodles,0.40329149025461775
"Ritebite Max Protein Cheese & Jalapeno 10G Multigrain Protein Chips, Healthy Snacks & Munchies",RiteBite Max Protein 10g Protein Bar Choco Almond,0.4032782646262128
Tata Sampann Chilli Powder with Natural Oils Lal Mirchi Powder,Lal Sweets Motichoor Laddu,0.4032532991202346
Figaro Extra Virgin Olive Oil,Lay's Spanish Tomato Tango Potato Chips,0.40324971831821155
Peppy Cheese Balls (55.0 GRAM),Let's Try Salted Peanuts,0.40320437401789094
Namaskaram Methi Khakhra,Origami Luncheon Tissue Paper Napkins - 32 X 32 cm - 50 Serviettes,0.40314900172510953
Parle Melody Chocolaty Toffee (176.0 GRAM),Lal Sweets Motichoor Laddu,0.4031446933300056
Amul Taaza Homogenised Toned Milk (Tetra Pack),Kurkure Solid Masti Masala Twisteez (61.0 GRAM),0.40309976028028766
The Theatre Project Gourmet Popcorn - Piri Piri & Lime (60.0 GRAM),The Whole Truth Double Cocoa Protein Bar,0.4030914651098137
Winkies Swiss Roll - Cream & Real Strawberry Jam,Let's Try Namkeen Combo Pack Of 6 (Crunchy Party Mix Peanut Party Mix Aloo Bhujia),0.4029806259314457
RiteBite Max Protein 10g Protein Bar Choco Berry (50.0 GRAM),MAGGI 2-Minute Instant Noodles | Masala Noodles | Made With Quality Spices,0.4029226517561619
Ching's Secret Manchurian Instant Noodle,"Wai Wai Ready to Eat Noodles, Chicken Masala Pack | 6 in 1",0.4029118343933159
Modern Kitchens Wheel Chips,Om Shanthi Havan Samagri | Cycle,0.40290909090909094
Lal Mysore Pak Premium,Crax Crunchy Pipes Salted Puff Snacks,0.40286523733644447
The Theatre Project Gourmet Popcorn - Cheddar Cheese (60.0 GRAM),Let's Try Namkeen Combo Pack Of 6 (Crunchy Party Mix Peanut Party Mix Aloo Bhujia),0.4028113063407181
Beyond Snack Kerala Banana Chips - Original Style (70.0 GRAM),Haldiram's Moong Dal,0.40281060744021835
Kellogg's Multigrain Chocos | More Chocolatey | No-Maida,MAGGI 2-Minute Instant Noodles | Masala Noodles | Made With Quality Spices,0.40276904037539324
Haldiram's Mini Bhakarwadi,RiteBite Max Protein 10g Protein Bar Choco Almond,0.40276432676566104
Society Natural Tea (250.0 GRAM),MAGGI 2-Minute Instant Noodles | Masala Noodles | Made With Quality Spices,0.40275526625548025
Paper Boat Chikki Family Pack,Let's Try Salted Peanuts,0.40274159109749047
Everest Cumin Powder (100.0 GRAM),Rajdhani Roasted Chana (200.0 GRAM),0.4026388144660441
"Taali Roasted Bharuchi Peanuts | Nimbu Pudina | Protein Rich , No Palm Oil ,Restaurant-Style Crunch",RiteBite Max Protein 10g Protein Bar Choco Almond,0.40257043494928957
Maggi Pazzta Instant Pasta - Masala Penne (69.0 GRAM),Britannia 50-50 Maska Chaska Biscuits Butter Flavoured Crackers | Trans Fat-free,0.4025549613784908
Unibic Danish Coconut Cookies,Crax Crunchy Pipes Salted Puff Snacks,0.4025376158368486
Beyond Snack Kerala Banana Chips - Hot & Sweet Chilli (70.0 GRAM),The Healthy Binge Quinoa Baked Chips Smokey Bbq -High Protein And Fibre (40.0 GRAM),0.40252408881441143
Nutrela Soya Granules (200.0 GRAM),Crax Crunchy Pipes Salted Puff Snacks,0.40251139530429025
Nissin Geki - Hot and Spicy Korean Veg Flavoured Ramen Instant Noodles | 5 in 1 pack,Nutrela 100% Vegetarian Soya Chunks,0.40247933884297515
Pulse Guava 50 Candies,Haldiram's Masala Tasty Nuts (200.0 GRAM),0.402401599460423
Tulips Paper Stick Cotton Buds Jar (100.0 PIECE),Let's Try Salted Peanuts,0.4023948484448022
HELL Energy Drink Apple Flavoured Drink,Haldiram's Moong Dal,0.4023887961515475
Daily Good Coriander / Dhania Whole (200.0 GRAM),MAGGI 2-Minute Instant Noodles | Masala Noodles | Made With Quality Spices,0.4023870877529414
Lets Try Lite Mixture (180.0 GRAM),Sunfeast Dark Fantasy Bourbon Chocolate Cream Biscuits | Trans Fat-free,0.40234327643387946
Palekar Knot Premium Salty Khari | Preservative-free,Crax Crunchy Pipes Salted Puff Snacks,0.4023122308335804
Catch Chatpata Chat Masala Carton (100.0 GRAM),Parle Hide & Seek Milano Chocolate Flavoured Biscuits,0.4023027255585395
"Assorted Candy 20 Pcs, Tangy Imli, Kaccha & Real Aam, Chilli Guava No Refined Sugar (20.0 PIECE)",Haldirams Namkeen - Khara Boondi,0.4022314371788056
Uncle Chipps - Spicy Treat,Kurkure Masala Munch,0.4022229966552505
Malkist Cheese Crunchy Layered Crackers,Doritos Nacho Chips - Sweet Chilli Flavour,0.40221622803820073
The Theatre Project Gourmet Popcorn - Cheddar Cheese (60.0 GRAM),RiteBite Max Protein 10g Protein Bar Choco Almond,0.4022091495789345
YiPPee! Magic Masala Noodles with Added Veggies - The Better Noodles,Haldiram's Moong Dal,0.4021821037351968
Too Yumm! Noodles Masala | Spicy No Palm Oil Crisps (67.0 GRAM),ACT II Ready to Eat Popcorn - Sour Cream & Cheese Popcorn (50.0 GRAM),0.40217527850956647
The Whole Truth 20g Protein Double Cocoa Protein Bar (67.0 GRAM),MAGGI 2-Minute Instant Noodles | Masala Noodles | Made With Quality Spices,0.4021455588887439
Modern Kitchens Banana Chips Salted,Peppy Tomato Disc (55.0 GRAM),0.4020978676838363
Gits Khaman Dhokla Instant Snack Mix,Lal Sweets Motichoor Laddu,0.40207534401082784
Top Ramen Curry Veg Instant Noodles,Haldiram Aloo Bhujia ,0.4020139085559646
Everest Sambhar Masala,Palekar Knot Premium Salty Khari | Preservative-free,0.40200620754801847
Parle Hide & Seek Choco Roll Centre Fills | Trans Fat-free,Kotton Multipurpose Napkin | 100% Virgin Pulp-Paper | 25 cm X 25 cm | 100Pcs,0.4019891571816515
Hindalco Fresh wrapp Aluminium Foil - 9 m,Let's Try Namkeen Combo Pack Of 6 (Crunchy Party Mix Peanut Party Mix Aloo Bhujia),0.4019668381932533
Mr Makhana Cream And Onion,Scotch-Brite Scrub Sponge (Pack of 3),0.4019353549377846
Kurkure Red Chilli Chataka Chips (68.0 GRAM),Haldiram's Moong Dal,0.4019306684898949
Mr Makhana Lime Chilli,Sweet Karam Coffee Kerala Nendran Banana Chips (65.0 GRAM),0.4019294990723563
Lay's Potato Chips - Chile Lemon Flavour,Britannia Treat Jimjam Naughty Jam Cream Biscuits | Trans Fat-free,0.4019270721398381
Wok Tok by Veeba Instant Cup Noodles Masala (75500.0 MILLIGRAM),Crax Crunchy Pipes Salted Puff Snacks,0.40192352336417597
ACT II Ready to Eat Popcorn - Sour Cream & Cheese Popcorn (50.0 GRAM),Kurkure Masala Munch,0.40192193153799355
"Britannia Jimjam Pops, Crunchy Cookie Vanilla Cream Biscuits",Palekar Jeeo Butter | Toasted Buns With Jeera And Khari | Trans Fat-free,0.40190579332847365
Lijjat Urad Papad,Origami Luncheon Tissue Paper Napkins - 32 X 32 cm - 50 Serviettes,0.40188051230320565
ACT II Ready to Eat Popcorn - Sour Cream & Cheese Popcorn (50.0 GRAM),The Theatre Project Gourmet Popcorn - Cheddar Cheese (60.0 GRAM),0.40186471975834426
Parle Melody Chocolaty Toffee (176.0 GRAM),Om Shanthi Havan Samagri | Cycle,0.4018375241779497
Palekar Tea Time Ajwain Rusk | Trans Fat-free,Haldiram's Mixture (400.0 GRAM),0.4018363024647542
Bingo! Original Style Chilli Sprinkled - Flat Cut Spicy Potato Chips Pack for Snacks,Max Protein Choco Chips Flavoured Biscuits | Maida-free,0.40176805861789094
Haldirams Namkeen - Mini Samosa,RiteBite Max Protein 10g Protein Bar Choco Almond,0.40176803776010234
Sunfeast Dark Fantasy Choco Centre Fills | Preservative-free,Kurkure Solid Masti Masala Twisteez (61.0 GRAM),0.40172586880012306
Everest Cumin Powder (50.0 GRAM),Modern Kitchens Butter Murukku,0.40168758553274675
Cornitos Nacho Chips - Sizzlin Jalapeno (55.0 GRAM),Haldiram's Mixture (400.0 GRAM),0.4016557830117153
Korean Nongshim Kimchi Ramyun Noodle Soup Veg,Mr Makhana Lime Chilli,0.4016334181282635
Cheetos Cheese Puffs (28.0 GRAM),YiPPee! Magic Masala Noodles with Added Veggies - The Better Noodles,0.4015965935571341
Cadbury Oreo Chocolate Flavour Creme Sandwich Biscuit Family Pack,Parle Hide & Seek Chocolate Chip Biscuits | Trans Fat-free,0.40158395652745393
Lal Sweets Motichoor Laddu,Crax Crunchy Pipes Salted Puff Snacks,0.4015551916895388
Namaskaram Methi Khakhra,Aashirvaad 100% Chana Dal Besan (500.0 GRAM),0.40149107688151037
Parle G Original Milk Glucose Biscuits,Daily Good Raw Peanut - Singdana,0.4014599589455349
Cadbury Oreo Vanilla Flavour Creme Sandwich Biscuit Mega Family Pack,MAGGI 2-Minute Instant Noodles | Masala Noodles | Made With Quality Spices,0.40145100697356484
The Theatre Project Gourmet Popcorn - Piri Piri & Lime (60.0 GRAM),MAGGI 2-Minute Instant Noodles | Masala Noodles | Made With Quality Spices,0.4014076771293151
Disano Rolled Oats 100% Whole Grain,Haldiram's Masala Tasty Nuts (200.0 GRAM),0.4013968513968514
Kurkure Yummy PuffCorn Yummy Cheese Chips,Catch Jeera Whole (100.0 GRAM),0.40138017216334426
Britannia Good Day Cashew Dry Fruit Biscuits| Trans Fat-free,Kurkure Solid Masti Masala Twisteez (61.0 GRAM),0.4013747136134527
Bingo! Mad Angles Achaari Masti Crisps,Kurkure Solid Masti Masala Twisteez (61.0 GRAM),0.40133468196488403
Society Natural Tea (250.0 GRAM),Let's Try Namkeen Combo Pack Of 6 (Crunchy Party Mix Peanut Party Mix Aloo Bhujia),0.401311359206096
Malkist Cheese Crunchy Layered Crackers,Chheda's Mix Farsan (170.0 GRAM),0.40130511437306104
Satyam Singdana,MAGGI 2-Minute Instant Noodles | Masala Noodles | Made With Quality Spices,0.4013024864382434
"ACT II Instant Popcorn - Cheese, Buy 2 Get 1 free offer, Hot & Fresh in 3 mins (210.0 GRAM)",Catch Chatpata Chat Masala Carton (100.0 GRAM),0.4012359466904922
Hershey's Milkshake Cashew Butterscotch Ice Cream Flavor,Haldiram's Mixture (400.0 GRAM),0.4012215605435945
Catch Chatpata Chat Masala Carton (100.0 GRAM),Haldiram's Mixture (400.0 GRAM),0.4012215605435945
Ferrero Rocher Moments Pack,Piknik Classic Tomato Chilli,0.40119359983536546
Modern Kitchens Banana Chips Salted,The Healthy Binge Ragi Baked Chips Chatpata Chaat- High Protein & Fibre (40.0 GRAM),0.40114649364854454
Sunfeast Farmlite Gold and Almond Oats Biscuits | Trans Fat-free,Max Protein Choco Chips Flavoured Biscuits | Maida-free,0.40113517713192876
"Taali Roasted Protein Puffs | Smokey Bbq | Protein Rich,No Maida , No Palm Oil | Cheeseballs 2.0 (60.0 GRAM)",Snackible Cheese Dosa Khakra | Millet Snack (100.0 GRAM),0.40110192837465564
Tata Sampann Unpolished Urad Kali,Crax Crunchy Pipes Salted Puff Snacks,0.40109310286135746
"Taali Roasted Protein Puffs| Cheese & Herbs| Protein Rich, No Maida,No palm oil| Cheeseballs 2.0",Crax Crunchy Pipes Salted Puff Snacks,0.40109310286135746
"Taali Roasted Protein Puffs | Smokey Bbq | Protein Rich,No Maida , No Palm Oil | Cheeseballs 2.0 (60.0 GRAM)",Crax Crunchy Pipes Salted Puff Snacks,0.4010931028613574
Parle Hide & Seek Choco Roll Centre Fills | Trans Fat-free,Crax Crunchy Pipes Salted Puff Snacks,0.4010931028613574
Top Ramen Curry Veg Instant Noodles,Om Shanthi Havan Samagri | Cycle,0.401043771043771
Modern Kitchens Boondi Masala,Cornitos Nachos Peri Peri (150.0 GRAM),0.40102108036890655
Lijjat Urad Papad,Bingo! Mad Angles Masala Madness Crisps,0.40100660436937363
Max Protein Choco Chips Flavoured Biscuits | Maida-free,MAGGI 2-Minute Instant Noodles | Masala Noodles | Made With Quality Spices,0.4009570807083397
"ACT II Instant Popcorn - Cheese, Buy 2 Get 1 free offer, Hot & Fresh in 3 mins (210.0 GRAM)",Parle Hide & Seek Milano Chocolate Flavoured Biscuits,0.4009481709270293
Catch Turmeric Powder (200.0 GRAM),MAGGI 2-Minute Instant Noodles | Masala Noodles | Made With Quality Spices,0.4009478745209195
Malkist Cheese Crunchy Layered Crackers,Malkist Double Chocolatey Crunchy Layered Crackers,0.4008267865832719
Britannia Treat Rich Creme Choco Flavoured Wafers | Trans Fat-free,Lal Sweets Motichoor Laddu,0.4008082998595333
Sweet Karam Coffee Onion Kodubale / Ring Murukku | No Palm Oil and No Maida,Sweet Karam Coffee Classic Tapioca Chips | No Palm Oil,0.40077753479815337
Tata Sampann 100% Pure Premium Raisins/Kishmish Seedless,Let's Try Salted Peanuts,0.40076880789982694
Korean Nongshim Kimchi Ramyun Noodle Soup Veg,Top Ramen Noodles Curry Veg Pouch,0.40073162620552044
Tata Sampann 100% Pure Premium Raisins/Kishmish Seedless,Too Yumm! Karare Munchy Masala | Spicy | No Palm Oil Crisps,0.40071770334928225
Lay's Wafer Chips Red Chilli (48.0 GRAM),Rajdhani Roasted Chana (200.0 GRAM),0.4007151797791372
Jatin Verna Plastic Cloth Hanging Clips Set of 12 pcs,Sunfeast Dark Fantasy Bourbon Chocolate Cream Biscuits | Trans Fat-free,0.4006564335047312
Kellogg's Multigrain Chocos | More Chocolatey | No-Maida,Kinder Joy - Single Pack - Assorted,0.4006160029389081
Daily Good Figs / Anjeer,Haldiram Aloo Bhujia ,0.40059473237043325
Daily Good Sooji / Rava (1.0 KILOGRAM),Parle Krack Jack Sweet and Salty Plain Crackers | Artificial Colour-free,0.4005235852821454
Aashirvaad 100% Chana Dal Besan (500.0 GRAM),Kurkure Solid Masti Masala Twisteez (61.0 GRAM),0.4005159306540337
Uncle Chipps - Spicy Treat,Let's Try Namkeen Combo Pack Of 6 (Crunchy Party Mix Peanut Party Mix Aloo Bhujia),0.4004902962206333
Sweet Karam Coffee Kerala Nendran Banana Chips (65.0 GRAM),Top Ramen Noodles Curry Veg Pouch,0.4004887585532747
The Healthy Binge Quinoa Baked Chips Smokey Bbq -High Protein And Fibre (40.0 GRAM),Peppy Tomato Disc (55.0 GRAM),0.4004607639319134
Snapin Chilli Flakes Sachet Pouch,"Paper Boat Mango | Juicy Sips, Chewy Bites | Refreshing Summer Juice Drink",0.4004540724623971
Britannia Treat Rich Creme Choco Flavoured Wafers | Trans Fat-free,Haldiram Aloo Bhujia ,0.4004483696622234
Heka Bites Roasted Jowar Puffs Cheesy Salsa - Low Calorie & Healthy Snacks (40.0 GRAM),The Theatre Project Gourmet Popcorn - Cheddar Cheese (60.0 GRAM),0.40044099615673906
Lay's American Cream & Onion Potato Chips (48.0 GRAM),Britannia 50-50 Maska Chaska Biscuits Butter Flavoured Crackers | Trans Fat-free,0.40042102322611545
Sunfeast Dark Fantasy Vanilla Cream Dark Crunchy Biscuits | Artificial Colour-free,RiteBite Max Protein 10g Protein Bar Choco Almond,0.4003572158075634
Maggi Special Masala Instant Noodles,Sunfeast Dark Fantasy Bourbon Chocolate Cream Biscuits | Trans Fat-free,0.40032244976755865
Haldirams Kaju - Salted,Haldiram's Soan Papdi,0.4003161945618573
"Ritebite Max Protein Cheese & Jalapeno 10G Multigrain Protein Chips, Healthy Snacks & Munchies",Haldiram's Moong Dal,0.4003105879926072
Tata Sampann Masoor Dal (500.0 GRAM),Lay's Spanish Tomato Tango Potato Chips,0.4002846468599893
"ACT II Instant Popcorn - Cheese, Buy 2 Get 1 free offer, Hot & Fresh in 3 mins (210.0 GRAM)",Nissin Cup Noodles Italiano,0.40020035061357373
Haldiram's Moong Dal,Sunfeast Dark Fantasy Bourbon Chocolate Cream Biscuits | Trans Fat-free,0.4001474042359037
ZOFF Black Mustard Seeds Whole - Rai (200.0 GRAM),Max Protein Choco Chips Flavoured Biscuits | Maida-free,0.40013233918909885
Everest Kashmiri Lal Chilli Powder,Max Protein Choco Chips Flavoured Biscuits | Maida-free,0.40013233918909885
Daily Good Chilli With Stem / Guntur With Stem,RiteBite Max Protein 10g Protein Bar Choco Almond,0.40012765318382054
BAY6 Dishwashbar,MAGGI 2-Minute Instant Noodles | Masala Noodles | Made With Quality Spices,0.40010221139025814
Fevikwik Instant Adhesive (3 gm),Sunfeast Dark Fantasy Bourbon Chocolate Cream Biscuits | Trans Fat-free,0.400088024125336
Mr Makhana Piri Piri,Scotch-Brite Scrub Sponge (Pack of 3),0.4000853749637918
Korean Nongshim Kimchi Ramyun Noodle Soup Veg,"Ching's Secret Veg Hakka Noodles, Cooks In 5-7 mins, Just Soak & Drain",0.40006490904454545
Haldiram's All In One Mixture,Let's Try Namkeen Combo Pack Of 6 (Crunchy Party Mix Peanut Party Mix Aloo Bhujia),0.40005036514731807
Haldiram's Mini Bhakarwadi,Rajdhani Roasted Chana (200.0 GRAM),0.400035654158667
Satyam Singdana,Let's Try Namkeen Combo Pack Of 6 (Crunchy Party Mix Peanut Party Mix Aloo Bhujia),0.40003430531732415
MAGGI Pazzta Instant Pasta - Mushroom Penne (68.0 GRAM),Origami Luncheon Tissue Paper Napkins - 32 X 32 cm - 50 Serviettes,0.4000311506536688
"Ritebite Max Protein Peri Peri 10G Multigrain Protein Chips, Healthy Snacks & Munchies",Om Shanthi Havan Samagri | Cycle,0.40002367424242424
Kurkure Solid Masti Masala Twisteez (61.0 GRAM),Sunfeast Dark Fantasy Bourbon Chocolate Cream Biscuits | Trans Fat-free,0.4000124602117797
Satyam Singdana,Cheetos Cheese Puffs (28.0 GRAM),0.400010981885119
Haldirams Kaju - Salted,Haldiram's Lite Chiwda (200.0 GRAM),0.40001070988701065
Lay's Potato Chips - Chile Lemon Flavour,Parle Hide & Seek Chocolate Chip Biscuits | Trans Fat-free,0.3999873682926723
Tata Sampann 100% Pure California Almonds/Badam Giri Whole Premium Quality,Chheda's Yellow Banana Chips (170.0 GRAM),0.39998016168228934
The Belgian Waffle Co Classic Chocolate Wafers | Preservative-free,Korean Nongshim Shin Ramyun Noodle Soup Veg,0.39993532159540063
Garden Sabudana Chivda Namkeen,MAGGI 2-Minute Instant Noodles | Masala Noodles | Made With Quality Spices,0.3998970030756026
Snapin Oregano Pizza Seasoning Sachet Pouch,RiteBite Max Protein 10g Protein Bar Choco Almond,0.3998802025634224
Heka Bites Roasted Jowar Puffs Cheesy Salsa - Low Calorie & Healthy Snacks (40.0 GRAM),Haldiram's Salted Peanut,0.39987883989196554
BORGES Durum Wheat Pasta Penne Rigate,Sunfeast Dark Fantasy Bourbon Chocolate Cream Biscuits | Trans Fat-free,0.3998286309561676
Unibic Assorted Cookies,Lay's American Cream & Onion Potato Chips (48.0 GRAM),0.3998046132971506
"B Natural Orange Juice, 100% Pulp, No Concentrate",Coca-Cola Zero Sugar Soft Drink,0.3997594226142743
MasterChow Korean Instant Cup Noodles - Korean 2X Spicy Flavour Veg,YiPPee! Magic Masala Noodles with Added Veggies - The Better Noodles,0.3997573551713679
Origami Luncheon Tissue Paper Napkins - 32 X 32 cm - 50 Serviettes,Kurkure Solid Masti Masala Twisteez (61.0 GRAM),0.3997562110882809
Everest Cumin Powder (50.0 GRAM),Parle Shakti Milk Glucose Biscuits | Cholesterol-free and Trans Fat-free,0.3996532562791731
Society Natural Tea,YiPPee! Magic Masala Noodles with Added Veggies - The Better Noodles,0.3996252039795757
Beyond Snack Kerala Banana Chips - with Coconut Oil & Rock Salt,Sunfeast Dark Fantasy Bourbon Chocolate Cream Biscuits | Trans Fat-free,0.39959738247094145
"Aashirvaad Chilli Powder, Red Hot Chilli Powder with No Added Flavours and Colours",Rajdhani Roasted Chana (200.0 GRAM),0.3995885204170589
YiPPee! 100% Suji Cheese Pasta Treat,Let's Try Namkeen Combo Pack Of 6 (Crunchy Party Mix Peanut Party Mix Aloo Bhujia),0.3995809951365507
Heka Bites Roasted Chana Jor - Indian Herbs - Low Calorie & Healthy Snacks,Britannia Good Day Chunkies Chocochip Cookies,0.3995299647473561
Kurkure Red Chilli Chataka Chips (68.0 GRAM),Cheetos Masala Balls (28.0 GRAM),0.39949235484146606
Catch Black Pepper Sprinkler (50.0 GRAM),Lay's Spanish Tomato Tango Potato Chips,0.39944547569256794
Haldiram's Salted Peanut,MAGGI 2-Minute Instant Noodles | Masala Noodles | Made With Quality Spices,0.3993748325732563
Morelight Extra Power Detergent Powder,MAGGI 2-Minute Instant Noodles | Masala Noodles | Made With Quality Spices,0.39933692323936226
Society Natural Tea (250.0 GRAM),Palekar Jeeo Butter | Toasted Buns With Jeera And Khari | Trans Fat-free,0.39931563783978324
Cornitos Jalapeno Nachos and Salsa Dip Tray (75.0 GRAM),The Healthy Binge Quinoa Baked Chips Smokey Bbq -High Protein And Fibre (40.0 GRAM),0.3992831541218638
Tulips Paper Stick Cotton Buds Jar (100.0 PIECE),Sunfeast Dark Fantasy Bourbon Chocolate Cream Biscuits | Trans Fat-free,0.39923734342147954
The Healthy Binge Quinoa Baked Chips Smokey Bbq -High Protein And Fibre (40.0 GRAM),Haldiram's Masala Tasty Nuts (200.0 GRAM),0.3991928879025653
Maggi Masala Noodles No Onion No Garlic,Kurkure Masala Munch,0.3991477013638436
Fortune Besan (500.0 GRAM),Haldiram's Moong Dal,0.3991437252148414
Cheetos Masala Balls (28.0 GRAM),Kurkure Solid Masti Masala Twisteez (61.0 GRAM),0.39913680585720196
Beyond Snack Kerala Banana Chips - Peri Peri (70.0 GRAM),Sunfeast Dark Fantasy Bourbon Chocolate Cream Biscuits | Trans Fat-free,0.39912922227227937
"Assorted Candy 20 Pcs, Tangy Imli, Kaccha & Real Aam, Chilli Guava No Refined Sugar (20.0 PIECE)",Daily Good Chilli With Stem / Guntur With Stem,0.3990707070707071
Namaskaram Bombay Mix,MAGGI 2-Minute Instant Noodles | Masala Noodles | Made With Quality Spices,0.3989861661702016
Britannia Treat Rich Creme Strawberry Flavoured Wafers | Trans Fat-free,Chheda's Yellow Banana Chips (170.0 GRAM),0.3989571945168615
Tata Sampann Coriander Powder With Natural Oils Dhania Powder,"Vicks Vaporub - Relief for Cold, Cough, Congestion",0.3988385598141696
Doritos Nacho Cheese Flavoured Corn Chips,Uncle Chipps - Spicy Treat,0.3988382703438883
Unibic Fruit & Nut cookies,Sunfeast All Rounder Crunchy Potato Chatpata Masala Flavoured Crackers | Trans Fat-free,0.3988263785394933
Peppy Cheese Balls (55.0 GRAM),Chheda's Yellow Banana Chips (170.0 GRAM),0.39874577046041376
Nissin Cup Noodles Italiano,Kotton Multipurpose Napkin | 100% Virgin Pulp-Paper | 25 cm X 25 cm | 100Pcs,0.39872095265171936
Daily Good Tamarind / Imli (200.0 GRAM),Aashirvaad 100% Chana Dal Besan (500.0 GRAM),0.398696767399806
Beyond Snack Kerala Banana Chips - Hot & Sweet Chilli (70.0 GRAM),Kotton Multipurpose Napkin | 100% Virgin Pulp-Paper | 25 cm X 25 cm | 100Pcs,0.39866259185654207
Nissin Cup Noodles Super Hot Chilli,Everest Coriander Powder (100.0 GRAM),0.39863684270122907
Lay's American Cream & Onion Potato Chips,Haldiram's Moong Dal,0.3986136538666147
Bauli Moonfils Croissants Choco Cream (Egg) (50.0 GRAM),Max Protein Choco Chips Flavoured Biscuits | Maida-free,0.39858378731271515
Lijjat Moong Papad,Haldiram Aloo Bhujia ,0.3985346379075652
Daily Good Poha / Avalakki Thick,Om Shanthi Havan Samagri | Cycle,0.3985195996663886
Stroom Cookie Crunch Delight 20g protein Bars (63.0 GRAM),Everest Pav Bhaji Masala (100.0 GRAM),0.3984863961370601
Beyond Snack Kerala Banana Chips - Peri Peri (70.0 GRAM),Cheetos Cheese Puffs (28.0 GRAM),0.3984252681116793
Aashirvaad Jeera (100.0 GRAM),YiPPee! Magic Masala Noodles with Added Veggies - The Better Noodles,0.39834876688676124
Haldiram's All In One Mixture,Rajdhani Roasted Chana (200.0 GRAM),0.39832349937893613
Mr Makhana Lime Chilli,Korean Nongshim Kimchi Ramyun Noodle Soup Veg,0.39828816250023913
Crax Fritts Peri Peri Corn & Potato Stick Snacks,Palekar Jeeo Butter | Toasted Buns With Jeera And Khari | Trans Fat-free,0.39827791528822454
Figaro Extra Virgin Olive Oil,Haldiram's Masala Tasty Nuts (200.0 GRAM),0.3982247182247183
The Theatre Project Gourmet Popcorn - Cheddar Cheese (60.0 GRAM),Let's Try Salted Peanuts,0.39820674111037063
Vim Lemon Dishwash Bar,Kurkure Yummy PuffCorn Yummy Cheese Chips,0.39809124031685417
Cadbury Oreo Vanilla Flavour Creme Sandwich Biscuit Family Pack,Kurkure Solid Masti Masala Twisteez (61.0 GRAM),0.39805840927316466
"Britannia Jimjam Pops, Crunchy Cookie Vanilla Cream Biscuits",Sunfeast Dark Fantasy Bourbon Chocolate Cream Biscuits | Trans Fat-free,0.39805161481858464
Hillers Schezwan Hot Chutney,Piknik Classic Tomato Chilli,0.3980314827923282
Haldiram's Panchratan Mixture,Let's Try Namkeen Combo Pack Of 6 (Crunchy Party Mix Peanut Party Mix Aloo Bhujia),0.3980216674517193
Catch Chatpata Chat Masala Carton (100.0 GRAM),Palekar Knot Premium Salty Khari | Preservative-free,0.3979821213863767
Mr Makhana Cream And Onion,The Theatre Project Gourmet Popcorn - Cheddar Cheese (60.0 GRAM),0.3979742707512885
Haldirams Kaju - Salted,Piknik Classic Tomato Chilli,0.3979632098107171
Cornitos Nacho Chips - Cheese And Herbs (55.0 GRAM),Haldiram Aloo Bhujia ,0.3979490874676016
Lay's American Cream & Onion Potato Chips (48.0 GRAM),MAGGI 2-Minute Instant Noodles | Masala Noodles | Made With Quality Spices,0.3979440381242347
Lijjat Urad Papad,Kurkure Masala Munch,0.39789723864027265
Jatin Verna Plastic Cloth Hanging Clips Set of 12 pcs,Cheetos Cheese Puffs (28.0 GRAM),0.3978839294321797
Too Yumm! Noodles Masala | Spicy No Palm Oil Crisps (67.0 GRAM),Cheetos Cheese Puffs (28.0 GRAM),0.3978839294321797
Nutrela 100% Vegetarian Soya Chunks,Sunfeast All Rounder Crunchy Potato Chatpata Masala Flavoured Crackers | Trans Fat-free,0.3977746212121212
Cornitos Nachos Peri Peri (150.0 GRAM),Sunfeast All Rounder Crunchy Potato Chatpata Masala Flavoured Crackers | Trans Fat-free,0.3977746212121212
Fevikwik Instant Adhesive (3 gm),The Theatre Project Gourmet Popcorn - Cheddar Cheese (60.0 GRAM),0.39775216502256094
Parle Krack Jack Sweet and Salty Plain Crackers | Artificial Colour-free,Kurkure Solid Masti Masala Twisteez (61.0 GRAM),0.3977250968098838
Too Yumm! Noodles Masala | Spicy No Palm Oil Crisps (67.0 GRAM),Kurkure Masala Munch,0.39771740620845486
Doritos Nacho Cheese Flavoured Corn Chips (45.0 GRAM),Cheetos Masala Balls (28.0 GRAM),0.397708432549547
Tropicana Delight Orange Fruit Juice,Rajdhani Roasted Chana (200.0 GRAM),0.39768571793888247
Daily Good Sooji Rava Barik / Chiroti Sooji,Kurkure Green Chutney Style (68.0 GRAM),0.39768229960834833
"Uncle Chipps Potato Chips, Plain Salted Flavour, Crispy Chips & Snacks (48.0 GRAM)",Cheetos Cheese Puffs (28.0 GRAM),0.3976817012596601
Surf Excel Easy Wash Detergent Powder,"Maggi Nutri-licious Masala Veg Atta Noodles, Instant Noodles",0.397680969945993
Let's Try Kerala Garlic Mix (180.0 GRAM),Aashirvaad 100% Chana Dal Besan (500.0 GRAM),0.3976367402801318
Lal Sweets Motichoor Laddu,Haldiram's Soan Papdi,0.39763347585681985
Beyond Snack Kerala Banana Chips - Hot & Sweet Chilli (70.0 GRAM),The Theatre Project Gourmet Popcorn - Cheddar Cheese (60.0 GRAM),0.39763177998472116
Beyond Snack Kerala Banana Chips - Peri Peri (70.0 GRAM),The Theatre Project Gourmet Popcorn - Cheddar Cheese (60.0 GRAM),0.3976317799847211
"Ritebite Max Protein Cheese & Jalapeno 10G Multigrain Protein Chips, Healthy Snacks & Munchies",Origami Luncheon Tissue Paper Napkins - 32 X 32 cm - 50 Serviettes,0.3976191021464997
Haldiram Aloo Bhujia ,Crax Crunchy Pipes Salted Puff Snacks,0.3976123215948704
Nissin Geki - Hot and Spicy Korean Veg Flavoured Ramen Cup Noodles,Kinder Creamy Milky And Cocoa With Extruded Rice (19.0 GRAM),0.3976076555023923
Peppy Tomato Disc (55.0 GRAM),MAGGI 2-Minute Instant Noodles | Masala Noodles | Made With Quality Spices,0.39751644464801456
Korean Nongshim Kimchi Ramyun Noodle Soup Veg,Lal Sweets Motichoor Laddu,0.3974120990416301
Palekar Jeeo Butter | Toasted Buns With Jeera And Khari | Trans Fat-free,Haldiram's Bhujia Sev (200.0 GRAM),0.3974004456233796
Catch Chatpata Chat Masala Carton (100.0 GRAM),Lal Sweets Motichoor Laddu,0.39732107474042955
Lay's American Cream & Onion Potato Chips (48.0 GRAM),Daily Good Raw Peanut - Singdana,0.39729761916382766
Bauli Moonfils Croissants Strawberry (Veg),Everest Coriander Powder (100.0 GRAM),0.3972855313700384
Kurkure Schezwan Chutney (68.0 GRAM),Lay's Spanish Tomato Tango Potato Chips,0.39728319415688107
"Yoga Bar  Rolled Oats 400g Pouch | Premium Golden Rolled Oats, Gluten Free Oats with High Fibre",Modern Kitchens Butter Murukku,0.397238514173998
Yu 100% Whole Wheat Hakka Noodles,Palekar Jeeo Butter | Toasted Buns With Jeera And Khari | Trans Fat-free,0.3972346085794377
Daily Good Roasted Chana Dal / Phutana,Parle Krack Jack Sweet and Salty Plain Crackers | Artificial Colour-free,0.3971730018788842
Cornitos Nacho Crisps - Cheese And Herbs,Modern Kitchens Potato Chips Salted (70.0 GRAM),0.39713395988667466
Tropicana Delight Mixed Fruit Juice,Nissin Geki - Hot and Spicy Korean Kimchi Flavoured Ramen Instant Noodles,0.39712132328419925
YiPPee! Suji Tricolor Creamy Corn Pasta,Uncle Chipps - Spicy Treat,0.3971150885002973
Bauli Moonfils Croissants Strawberry (Veg),Haldiram Aloo Bhujia ,0.39711129991503824
Namaskaram Methi Khakhra,Britannia 50-50 Maska Chaska Biscuits Butter Flavoured Crackers | Trans Fat-free,0.397041560852853
Open Secret Arabian Dates (Khajur) With Seed,RiteBite Max Protein 10g Protein Bar Choco Almond,0.39697488304910733
"Aashirvaad Chilli Powder, Red Hot Chilli Powder with No Added Flavours and Colours",Sunfeast Dark Fantasy Bourbon Chocolate Cream Biscuits | Trans Fat-free,0.39694386449905245
Everest Super Garam Masala Pouch,Parle Hide & Seek Milano Chocolate Flavoured Biscuits,0.396938689217759
Knorr International Italian Mushroom Soup,Haldiram's Soan Papdi,0.39693324080499653
Sunfeast Dark Fantasy Vanilla Cream Dark Crunchy Biscuits | Artificial Colour-free,Cheetos Cheese Puffs (28.0 GRAM),0.3969251729757166
Haldiram's Ratlami Sev (200.0 GRAM),Sunfeast Dark Fantasy Bourbon Chocolate Cream Biscuits | Trans Fat-free,0.39691911583239625
Modern Kitchens Boondi Masala,Om Shanthi Havan Samagri | Cycle,0.3968873517786561
HELL Energy Drink Apple Flavoured Drink,Haldiram's Masala Tasty Nuts (200.0 GRAM),0.39685410749240535
Epigamia Turbo Cookies and Cream Protein Milkshake,Coca-Cola Zero Sugar Soft Drink,0.39663324922139626
Daily Good Tamarind / Imli (200.0 GRAM),Origami Luncheon Tissue Paper Napkins - 32 X 32 cm - 50 Serviettes,0.3966095183082337
Parle Hide & Seek Black Bourbon Chocolate Cream Biscuits | Trans Fat-free,Sunfeast Dark Fantasy Bourbon Chocolate Cream Biscuits | Trans Fat-free,0.39659551534196685
Knorr Korean Ramen Spicy Jjajangmyeon Veg Meal,Rajdhani Roasted Chana (200.0 GRAM),0.3965840954515172
Cadbury Oreo Chocolate Flavour Creme Sandwich Biscuit,Max Protein Choco Chips Flavoured Biscuits | Maida-free,0.3965799132560237
Yu 100% Whole Wheat Hakka Noodles,Haldiram's Bhujia Sev (200.0 GRAM),0.3965078361856129
Knorr International Italian Mushroom Soup,Satyam Sabudana (500.0 GRAM),0.3964303586321935
Balaji Cream & Onion Wafers (135.0 GRAM),MAGGI 2-Minute Instant Noodles | Masala Noodles | Made With Quality Spices,0.39642057002956393
Balaji Masala Masti Chips (135.0 GRAM),Parle Hide & Seek Chocolate Chip Biscuits | Trans Fat-free,0.3964160525043449
Maggi Special Masala Instant Noodles,Haldiram's Bhujia Sev (200.0 GRAM),0.39638087242122433
The Theatre Project Gourmet Popcorn - Cheddar Cheese (60.0 GRAM),Palekar Jeeo Butter | Toasted Buns With Jeera And Khari | Trans Fat-free,0.39632281111965767
Khari Foods Kimia Gold Dates / Khajur,Max Protein Choco Chips Flavoured Biscuits | Maida-free,0.39632155500634564
Gits Gulab Jamun Instant Dessert Mix,Max Protein Choco Chips Flavoured Biscuits | Maida-free,0.3963215550063456
Garden Sabudana Chivda Namkeen,RiteBite Max Protein 10g Protein Bar Choco Almond,0.39631691362968896
Unibic Fruit & Nut cookies,"Paper Boat Mango | Juicy Sips, Chewy Bites | Refreshing Summer Juice Drink",0.3963078698139512
Ching's Secret Manchurian Instant Noodle,Haldiram's Soan Papdi,0.39624412059526565
Rajam Garlic Mixture,Lay's Spanish Tomato Tango Potato Chips,0.39624136759877726
Peppy Tomato Disc (55.0 GRAM),Let's Try Namkeen Combo Pack Of 6 (Crunchy Party Mix Peanut Party Mix Aloo Bhujia),0.3962327500355669
Britannia The Original Bourbon Chocolate Cream Biscuits | Trans Fat-free,Daily Good Cashew | W320 (100.0 GRAM),0.3962240587695133
Open Secret Arabian Dates (Khajur) With Seed,Society Natural Tea (250.0 GRAM),0.39619111728161327
Snapin Oregano Pizza Seasoning Sachet Pouch,Cheetos Cheese Puffs (28.0 GRAM),0.39616148817922664
Everest Turmeric Powder (200.0 GRAM),Everest Coriander Powder (200.0 GRAM),0.39615877080665807
"Assorted Candy 20 Pcs, Tangy Imli, Kaccha & Real Aam, Chilli Guava No Refined Sugar (20.0 PIECE)",Haldiram's All In One Mixture,0.39614762584291674
YiPPee! 100% Suji Cheese Pasta Treat,Sunfeast Dark Fantasy Bourbon Chocolate Cream Biscuits | Trans Fat-free,0.39614610192325767
Palekar Tea Time Ajwain Rusk | Trans Fat-free,Om Shanthi Havan Samagri | Cycle,0.3961184882533197
Nissin Geki - Hot and Spicy Korean Chicken Flavoured Ramen Instant Noodles,Top Ramen Noodles Curry Veg Pouch,0.3960877831845573
Cheetos Cheese Puffs (28.0 GRAM),Kurkure Solid Masti Masala Twisteez (61.0 GRAM),0.39602639727807937
"Taali Roasted Protein Puffs | Smokey Bbq | Protein Rich,No Maida , No Palm Oil | Cheeseballs 2.0 (60.0 GRAM)","Paper Boat Mango | Juicy Sips, Chewy Bites | Refreshing Summer Juice Drink",0.3959832933439972
Sweet Karam Coffee Madras Mixture,Snackible Cheese Dosa Khakra | Millet Snack (100.0 GRAM),0.3959595959595959
Mysore Sandal Soap,YiPPee! Magic Masala Noodles with Added Veggies - The Better Noodles,0.3959559349053792
Peppy Tomato Disc (55.0 GRAM),Let's Try Salted Peanuts,0.3959334429097689
Beyond Snack Kerala Banana Chips - Original Style (70.0 GRAM),Kurkure Solid Masti Masala Twisteez (61.0 GRAM),0.3958885549839556
The Healthy Binge Ragi Baked Chips Chatpata Chaat- High Protein & Fibre (40.0 GRAM),Kinder Joy - Single Pack - Assorted,0.3958882364445981
RiteBite Max Protein 10g Protein Bar Choco Almond,Sunfeast Dark Fantasy Bourbon Chocolate Cream Biscuits | Trans Fat-free,0.39588654040551957
Sunfeast Wowzers Cheese Flavoured Crackers | Artificial Flavour-free,Lay's Spanish Tomato Tango Potato Chips,0.39586649402489016
Korean Samyang Hot Chicken Ramen Non Veg,Crax Crunchy Pipes Salted Puff Snacks,0.39585233932222824
Lal Besan Laddoo Classic (200.0 GRAM),YiPPee! Magic Masala Noodles with Added Veggies - The Better Noodles,0.3958436467990608
Cavin's Chilled Latte Cold Coffee,Crax Crunchy Pipes Salted Puff Snacks,0.3957629619595454
The Whole Truth Double Cocoa Protein Bar,Let's Try Salted Peanuts,0.39574124220932727
Kurkure Masala Munch,RiteBite Max Protein 10g Protein Bar Choco Almond,0.39571915056237417
Mr Makhana Cream And Onion,MAGGI 2-Minute Instant Noodles | Masala Noodles | Made With Quality Spices,0.39570291686003534
The Healthy Binge Ragi Baked Chips Chatpata Chaat- High Protein & Fibre (40.0 GRAM),Haldiram's Masala Tasty Nuts (200.0 GRAM),0.39567852437417655
Fortune Besan (500.0 GRAM),RiteBite Max Protein 10g Protein Bar Choco Almond,0.39566827710983665
Bingo! Original Style Chilli Sprinkled - Flat Cut Spicy Potato Chips Pack for Snacks,Britannia Treat Jimjam Naughty Jam Cream Biscuits | Trans Fat-free,0.39566569580885613
Snapin Oregano Pizza Seasoning Sachet Pouch,The Theatre Project Gourmet Popcorn - Cheddar Cheese (60.0 GRAM),0.39562353867166705
Crax Cheese Balls Puff Snacks (65.0 GRAM),Lal Sweets Motichoor Laddu,0.39562000591891094
"Uncle Chipps Potato Chips, Plain Salted Flavour, Crispy Chips & Snacks (48.0 GRAM)",Sunfeast Dark Fantasy Bourbon Chocolate Cream Biscuits | Trans Fat-free,0.3955949521023328
"B Natural Orange Juice, 100% Pulp, No Concentrate",Haldiram's Mixture (400.0 GRAM),0.39556169526946855
Daily Good Poha / Avalakki Thick,Sunfeast All Rounder Crunchy Potato Chatpata Masala Flavoured Crackers | Trans Fat-free,0.3955379482902419
Mr Makhana Piri Piri,Haldiram's Lite Chiwda (200.0 GRAM),0.3955162075287296
Snapin Chilli Flakes Sachet Pouch,Everest Dry Ginger Powder (100.0 GRAM),0.3955034213098729
Daily Good Coriander / Dhania Whole (200.0 GRAM),RiteBite Max Protein 10g Protein Bar Choco Almond,0.39549296994230915
Cornitos Nacho Crisps - Sizzlin Jalapeno (77.0 GRAM),Lal Sweets Motichoor Laddu,0.3954622626948603
Let's Try Namkeen Combo Pack Of 6 (Crunchy Party Mix Peanut Party Mix Aloo Bhujia),Palekar Jeeo Butter | Toasted Buns With Jeera And Khari | Trans Fat-free,0.3954612397911367
Veeba Thousand Island Dressing,Kotton Multipurpose Napkin | 100% Virgin Pulp-Paper | 25 cm X 25 cm | 100Pcs,0.3954527481217873
Catch Jeera Powder Pouch,Kotton Multipurpose Napkin | 100% Virgin Pulp-Paper | 25 cm X 25 cm | 100Pcs,0.3954527481217873
Lijjat Urad Papad,Kurkure Solid Masti Masala Twisteez (61.0 GRAM),0.39539921905076164
L'Oreal Paris Total Repair 5 Conditioner,Cheetos Masala Balls (28.0 GRAM),0.39538446430325047
Kurkure Masala Munch,Haldiram's Moong Dal,0.3953514462378282
Daily Good Coriander / Dhania Whole (200.0 GRAM),Sunfeast All Rounder Crunchy Potato Chatpata Masala Flavoured Crackers | Trans Fat-free,0.3953470515970516
Nestle Milkmaid Partly Skimmed Sweetened Condensed Milk,Cheetos Cheese Puffs (28.0 GRAM),0.3953078473397508
Nissin Geki - Hot and Spicy Korean Chicken Flavoured Ramen Instant Noodles,Haldiram's Soan Papdi,0.3952975269005803
Cavin's Chilled Latte Cold Coffee,Om Shanthi Havan Samagri | Cycle,0.39529598308668074
Cadbury Oreo Chocolate Flavour Creme Sandwich Biscuit Family Pack,Origami Luncheon Tissue Paper Napkins - 32 X 32 cm - 50 Serviettes,0.3952613038652704
Maggi Masala-ae-Magic Sabzi Masala,Sunfeast Dark Fantasy Bourbon Chocolate Cream Biscuits | Trans Fat-free,0.39526062265075496
"Taali Roasted Protein Puffs|Masala Mania| Protein Rich , No Maida, No palm oil| Cheeseballs 2.0 (60.0 GRAM)","Ching's Secret Veg Hakka Noodles, Cooks In 5-7 mins, Just Soak & Drain",0.3952493129171575
Haldiram's All In One Mixture,Haldiram's Masala Tasty Nuts (200.0 GRAM),0.395174928138917
ACT II Ready to Eat Caramel Popcorn - Classic Caramel Bliss (35.0 GRAM),Haldiram's Moong Dal,0.39516113815615683
Everest Dry Ginger Powder (100.0 GRAM),Kinder Creamy Milky And Cocoa With Extruded Rice (19.0 GRAM),0.39515328725855037
"Taali Roasted Bharuchi Peanuts | Nimbu Pudina | Protein Rich , No Palm Oil ,Restaurant-Style Crunch",Lay's Spanish Tomato Tango Potato Chips,0.3951527924130664
Mr Makhana Cream And Onion,Let's Try Salted Peanuts,0.39510653291949677
Satyam Puffed Rice Kurmura - R (200.0 GRAM),RiteBite Max Protein 10g Protein Bar Choco Almond,0.3950786075463348
Everest Sambhar Masala,Lal Sweets Motichoor Laddu,0.39506240196412734
HELL Energy Drink Apple Flavoured Drink,Palekar Knot Premium Salty Khari | Preservative-free,0.3950368327914729
Daily Good Chilli With Stem / Guntur With Stem,Lay's Spanish Tomato Tango Potato Chips,0.39500311332503113
Catch Turmeric Powder/Haldi (100.0 GRAM),Lay's Spanish Tomato Tango Potato Chips,0.3949945413948794
Namaskaram Mini Bhakarwadi,RiteBite Max Protein 10g Protein Bar Choco Almond,0.3949592412379336
Britannia Nice Time Coconut Flavoured Biscuits | Artificial Flavour-free,Max Protein Choco Chips Flavoured Biscuits | Maida-free,0.3949358153035262
Colombian Brew Original Instant Coffee Sachets | 40 Sachets,Haldiram's Moong Dal,0.3948762346679404
Chheda's Yellow Banana Chips (170.0 GRAM),Sunfeast Dark Fantasy Bourbon Chocolate Cream Biscuits | Trans Fat-free,0.39483246096448305
Sweet Karam Coffee Kerala Nendran Banana Chips (65.0 GRAM),Palekar Knot Premium Salty Khari | Preservative-free,0.39480980012894906
"Taali Roasted Protein Puffs| Cheese & Herbs| Protein Rich, No Maida,No palm oil| Cheeseballs 2.0","Ching's Secret Veg Hakka Noodles, Cooks In 5-7 mins, Just Soak & Drain",0.39478266673897905
Satyam Nighties Spices Chilli Kashmiri (100.0 GRAM),Haldiram's Bhujia Sev (200.0 GRAM),0.3947377119169272
Farmley Date Bites Dry Fruit Burfi - No Added Sugar,Charliee Rajgira Laddu,0.39466287137520023
Alpenliebe Pop Assorted Flavours Lollipop (64.0 GRAM),Om Shanthi Havan Samagri | Cycle,0.3946404341926729
Daily Good Raw Peanut - Singdana,Kurkure Green Chutney Style (68.0 GRAM),0.394555609380184
The Healthy Binge Quinoa Baked Chips Smokey Bbq -High Protein And Fibre (40.0 GRAM),Kinder Joy - Single Pack - Assorted,0.3944429164880926
Haldiram's Mini Bhakarwadi,Haldiram's Bhujia Sev (200.0 GRAM),0.3943941629944581
Lay's Spanish Tomato Tango Potato Chips,Sunfeast Dark Fantasy Bourbon Chocolate Cream Biscuits | Trans Fat-free,0.3943515264225215
"Yoga Bar Muesli Dark Chocolate & Cranberry,Breakfast Cereals, Protein Granola, Gluten Free",Haldiram's Masala Tasty Nuts (200.0 GRAM),0.39434177260264225
Candyman Choco Double Eclairs (75.0 PIECE),RiteBite Max Protein 10g Protein Bar Choco Almond,0.3943287016884029
Cornitos Nachos Peri Peri (150.0 GRAM),YiPPee! Magic Masala Noodles with Added Veggies - The Better Noodles,0.3943061185099402
L'Oreal Paris Total Repair 5 Conditioner,Sunfeast Dark Fantasy Bourbon Chocolate Cream Biscuits | Trans Fat-free,0.39422879018647344
Pulse Guava 50 Candies,Sunfeast Dark Fantasy Bourbon Chocolate Cream Biscuits | Trans Fat-free,0.39422879018647344
Lay's Classic Salted Potato Chips (67.0 GRAM),Chheda's Yellow Banana Chips (170.0 GRAM),0.3941587402872772
ACT II Ready to Eat Popcorn - Sour Cream & Cheese Popcorn (50.0 GRAM),Palekar Jeeo Butter | Toasted Buns With Jeera And Khari | Trans Fat-free,0.3941456668044729
Mr Makhana Super Snack - Pudina Party,Britannia Marie Gold Biscuits Plain | Trans Fat-free,0.39414227484830044
L'Oreal Paris Total Repair 5 Conditioner,Kurkure Solid Masti Masala Twisteez (61.0 GRAM),0.39414198782961457
Bauli Moonfils Croissants Strawberry (Veg),Everest Shahi Biryani Masala (50.0 GRAM),0.39412121212121204
Britannia Vita Butter Marie Gold Biscuits | Trans Fat-free,Britannia Marie Gold Biscuits Plain | Trans Fat-free,0.39410164162408917
Uncle Chipps - Spicy Treat,Cheetos Masala Balls (28.0 GRAM),0.3940920942462839
Sweet Karam Coffee Kerala Nendran Banana Chips (65.0 GRAM),Organic Tattva Brown Sugar Pouch,0.39409090909090905
Unibic Choco Chip Flavoured Biscuits | Trans Fat-free,Daily Good Raw Peanut - Singdana,0.3940648441640695
Sweet Karam Coffee Madras Mixture,Daily Good Medium Poha | Avalakki | Indori Poha,0.39405991735537194
Daadi'S Besan Laddoo Pure Ghee,Let's Try Salted Peanuts,0.39403546099290776
Modern Kitchens Hot Chips Spicy,Palekar Knot Premium Salty Khari | Preservative-free,0.3939889897336706
Britannia 50-50 Maska Chaska Biscuits Butter Flavoured Crackers | Trans Fat-free,Aashirvaad 100% Chana Dal Besan (500.0 GRAM),0.3939723911118953
Sweet Karam Coffee Onion Kodubale / Ring Murukku | No Palm Oil and No Maida,Parle Melody Chocolaty Toffee (176.0 GRAM),0.3939500289138368
Let's Try Pudina Rings (60.0 GRAM),Piknik Classic Tomato Chilli,0.3939451440400207
Nutrela 100% Vegetarian Soya Chunks,Crax Crunchy Pipes Salted Puff Snacks,0.39393072602454754
"Paper Boat Mango | Juicy Sips, Chewy Bites | Refreshing Summer Juice Drink",Crax Crunchy Pipes Salted Puff Snacks,0.39393072602454754
Disano Rolled Oats 100% Whole Grain,Crax Crunchy Pipes Salted Puff Snacks,0.39393072602454754
"Yoga Bar  Rolled Oats 400g Pouch | Premium Golden Rolled Oats, Gluten Free Oats with High Fibre",Crax Crunchy Pipes Salted Puff Snacks,0.39393072602454754
Daily Good Chilli With Stem / Guntur With Stem,Haldiram's Masala Tasty Nuts (200.0 GRAM),0.39392403767403766
Bauli Moonfils Croissants Choco Cream (Egg) (50.0 GRAM),Kurkure Solid Masti Masala Twisteez (61.0 GRAM),0.3938887645801256
Tulips Paper Stick Cotton Buds Jar (100.0 PIECE),RiteBite Max Protein 10g Protein Bar Choco Almond,0.39385531789285866
Modern Kitchens Potato Chips Salted (70.0 GRAM),Haldiram's Lite Chiwda (200.0 GRAM),0.3938457552592322
Tata Sampann Masoor Dal (500.0 GRAM),Mr Makhana Lime Chilli,0.3937847866419295
Jatin Verna Plastic Cloth Hanging Clips Set of 12 pcs,Haldiram's Bhujia Sev (200.0 GRAM),0.3937842391828284
Haldiram's All In One Mixture,Haldiram's Moong Dal,0.39375924463011325
Tata Sampann 100% Chana Dal Fine Besan,Let's Try Salted Peanuts,0.3937344407782455
Too Yumm! Karare Munchy Masala | Spicy | No Palm Oil Crisps,Scotch-Brite Scrub Sponge (Pack of 3),0.3936878109452736
Everest Dry Ginger Powder (100.0 GRAM),Unibic Choco Chip Flavoured Biscuits | Trans Fat-free,0.39367432792940693
Hindalco Fresh wrapp Aluminium Foil - 9 m,MAGGI 2-Minute Instant Noodles | Masala Noodles | Made With Quality Spices,0.39365862955370545
The Healthy Binge Ragi Baked Chips Chatpata Chaat- High Protein & Fibre (40.0 GRAM),Haldiram's Lite Chiwda (200.0 GRAM),0.3935509096031211
Daadi'S Besan Laddoo Pure Ghee,Garden Sabudana Chivda Namkeen,0.39352101661779076
ACT II Ready to Eat Popcorn - Sour Cream & Cheese Popcorn (50.0 GRAM),Society Natural Tea (250.0 GRAM),0.39346824691923965
Doritos Nacho Chips - Sweet Chilli Flavour,Max Protein Choco Chips Flavoured Biscuits | Maida-free,0.3934681599532495
Superyou Chocolate Protein Wafer Bar,Om Shanthi Havan Samagri | Cycle,0.3934659090909091
Peppy Tomato Disc (55.0 GRAM),Chheda's Yellow Banana Chips (170.0 GRAM),0.3934629483325917
Sweet Karam Coffee Kerala Nendran Banana Chips (65.0 GRAM),Everest Pav Bhaji Masala (100.0 GRAM),0.39337759618658485
Sweet Karam Coffee Garlic Murukku Sticks (95.0 GRAM),Max Protein Choco Chips Flavoured Biscuits | Maida-free,0.3933712704777624
Beyond Snack Kerala Banana Chips - Original Style (25.0 GRAM),Max Protein Choco Chips Flavoured Biscuits | Maida-free,0.3933712704777624
Hershey's Milkshake Cashew Butterscotch Ice Cream Flavor,Parle Hide & Seek Milano Chocolate Flavoured Biscuits,0.393362664990572
MAGGI 2-Minute Instant Noodles | Masala Noodles | Made With Quality Spices,Kurkure Solid Masti Masala Twisteez (61.0 GRAM),0.3933512901452347
Tata Sampann 100% Chana Dal Fine Besan,MAGGI 2-Minute Instant Noodles | Masala Noodles | Made With Quality Spices,0.3932089909134386
Dabur Real Alphonso Mango Fruit Juice,MAGGI 2-Minute Instant Noodles | Masala Noodles | Made With Quality Spices,0.3932089909134385
Daily Good Till - Sesame White (100.0 GRAM),Daily Good Chilli With Stem / Guntur With Stem,0.39319780721790776
Mr Makhana Lime Chilli,Organic Tattva Brown Sugar Pouch,0.39319727891156464
Malkist Double Chocolatey Crunchy Layered Crackers,Daily Good Raw Peanut - Singdana,0.3931579909282736
Pintola High Protein Oats Dark Chocolate With Almonds Raisin Pumpkin And Chia Seeds,Cheetos Masala Balls (28.0 GRAM),0.3931379616651639
Everest Turmeric Powder (200.0 GRAM),Haldiram's Soan Papdi,0.3930896971000185
Sunfeast Wowzers Cheese Flavoured Crackers | Artificial Flavour-free,Scotch-Brite Scrub Sponge (Pack of 3),0.3930198495781178
Epigamia Turbo Cookies and Cream Protein Milkshake,Cavin's Strawberry Milkshake,0.3929904870896216
Bauli Moonfils Croissants Choco Cream,Kurkure Solid Masti Masala Twisteez (61.0 GRAM),0.3929517942872174
Britannia Good Day Chunkies Coconut Flavoured Biscuits | Trans Fat-free,Lay's Spanish Tomato Tango Potato Chips,0.39294393596827426
Modern Kitchens Potato Chips Salted (70.0 GRAM),Haldiram's Masala Tasty Nuts (200.0 GRAM),0.3929273672012262
Parle Hide & Seek Milano Chocolate Flavoured Biscuits,Parle Melody Chocolaty Toffee (176.0 GRAM),0.3928892087625388
Tata Sampann Turmeric Powder With Natural Oils,Palekar Knot Premium Salty Khari | Preservative-free,0.3928697028310181
Daily Good Poha / Avalakki Thick,Chheda's Yellow Banana Chips (170.0 GRAM),0.3928569316037597
"Ritebite Max Protein Spanish Tomato 10G Multigrain Protein Chips, Healthy Snacks & Munchies",Om Shanthi Havan Samagri | Cycle,0.39283636363636365
Daily Good Lachkari Kolam Raw Rice,Cheetos Masala Balls (28.0 GRAM),0.3928170327168658
Lay's Wafer Chips Red Chilli (48.0 GRAM),Sunfeast Dark Fantasy Bourbon Chocolate Cream Biscuits | Trans Fat-free,0.39281409357097175
Bauli Moonfils Croissants Strawberry (Veg),Haldiram's Soan Papdi,0.3927985195466111
Nissin Geki - Hot and Spicy Korean Chicken Flavoured Ramen Instant Noodles,Haldiram Aloo Bhujia ,0.39274743947641133
"Tetley Ginger, Mint, and Lemon Green Tea",Everest Chhole Masala,0.39269180902989625
Mr Makhana Super Snack - Himalayan Salt And Pepper,Chheda's Yellow Banana Chips (170.0 GRAM),0.39266732883754163
Britannia Marie Gold Biscuits Plain | Trans Fat-free,YiPPee! Magic Masala Noodles with Added Veggies - The Better Noodles,0.3926648859667145
Catch Red Chilli Powder (200.0 GRAM),MAGGI 2-Minute Instant Noodles | Masala Noodles | Made With Quality Spices,0.3926590482688044
ACT II Ready to Eat Caramel Popcorn - Classic Caramel Bliss (35.0 GRAM),RiteBite Max Protein 10g Protein Bar Choco Almond,0.3926216510317431
Let's Try Salted Peanuts,Haldiram's Bhujia Sev (200.0 GRAM),0.3925913839325089
Nissin Geki - Hot and Spicy Korean Kimchi Flavoured Ramen Instant Noodles,Haldiram Aloo Bhujia ,0.3925468022148653
Chheda's Small Bhakarwadi,Kurkure Solid Masti Masala Twisteez (61.0 GRAM),0.3925109851643427
Sundrop Peanut Butter With Honey - Crunchy,Tata Classic Grand Instant Coffee,0.39246376811594197
Tata Sampann Turmeric Powder With Natural Oils,Rajdhani Roasted Chana (200.0 GRAM),0.3924530111238972
"Taali Roasted Protein Puffs| Cheese & Herbs| Protein Rich, No Maida,No palm oil| Cheeseballs 2.0",Om Shanthi Havan Samagri | Cycle,0.39244391971664705
Heka Bites Roasted Chana Jor - Indian Herbs - Low Calorie & Healthy Snacks,Colombian Brew Original Instant Coffee Sachets | 40 Sachets,0.3924304129783582
"Tetley Ginger, Mint, and Lemon Green Tea",Snackible Cheese Dosa Khakra | Millet Snack (100.0 GRAM),0.39242424242424245
The Theatre Project Gourmet Popcorn - Cheddar Cheese (60.0 GRAM),Chheda's Yellow Banana Chips (170.0 GRAM),0.39240103520453956
Parle Hide & Seek Milano Chocolate Flavoured Biscuits,Om Shanthi Havan Samagri | Cycle,0.3923678646934461
Nestle EveryDay Dairy Whitener,Crax Crunchy Pipes Salted Puff Snacks,0.3923228455101616
YiPPee! Suji Tricolor Creamy Corn Pasta,MAGGI 2-Minute Instant Noodles | Masala Noodles | Made With Quality Spices,0.3922753196324365
Daily Good Chilli With Stem / Guntur With Stem,Sunfeast Dark Fantasy Bourbon Chocolate Cream Biscuits | Trans Fat-free,0.39221284750938357
"Taali Roasted Protein Puffs | Smokey Bbq | Protein Rich,No Maida , No Palm Oil | Cheeseballs 2.0 (60.0 GRAM)",Kotton Multipurpose Napkin | 100% Virgin Pulp-Paper | 25 cm X 25 cm | 100Pcs,0.3921845435918552
Tata Coffee Grand Premium 100% Coffee Blend Classic Instant Coffee,Crax Crunchy Pipes Salted Puff Snacks,0.3921799227977718
Sofit Soya Milk Drink,Crax Crunchy Pipes Salted Puff Snacks,0.3921799227977718
Haldirams Namkeen - Khara Boondi,Haldiram's Bhujia Sev (200.0 GRAM),0.3921215165552946
Malkist Double Chocolatey Crunchy Layered Crackers,Kurkure Green Chutney Style (68.0 GRAM),0.39210608788503765
Veeba Thousand Island Dressing,Lay's Spanish Tomato Tango Potato Chips,0.39204833725381677
Veeba Thousand Island Dressing,Parle Hide & Seek Milano Chocolate Flavoured Biscuits,0.3920382115730953
Everest Dry Mango Powder,Parle Hide & Seek Milano Chocolate Flavoured Biscuits,0.3920382115730953
Winkies Swiss Roll - Cream & Real Strawberry Jam,Mr Makhana Super Snack - Pudina Party,0.392027294285259
Tropicana Delight Orange Fruit Juice,Lal Sweets Motichoor Laddu,0.3920234604105572
Superyou Strawberry Protein Wafer Bar (40.0 GRAM),Lal Sweets Motichoor Laddu,0.3920234604105572
Khari Foods Kimia Gold Dates / Khajur,"Paper Boat Mango | Juicy Sips, Chewy Bites | Refreshing Summer Juice Drink",0.3920234604105572
Colombian Brew Original Instant Coffee Sachets | 40 Sachets,Haldiram's Salted Peanut,0.3919858391294654
RiteBite Max Protein 10g Protein Bar Choco Berry (50.0 GRAM),RiteBite Max Protein 10g Protein Bar Choco Almond,0.3919617827106814
"MR. MAKHANA Fox Nuts Black Salt - Delicious Teatime Snack, Popped Lotus Seeds, Roasted In Olive Oil",The Theatre Project Gourmet Popcorn - Cheddar Cheese (60.0 GRAM),0.39189832768638333
Tulips Paper Stick Cotton Buds Jar (100.0 PIECE),Scotch-Brite Scrub Sponge (Pack of 3),0.39188922693140726
Vim Lemon Dishwash Bar,Parle Hide & Seek Chocolate Chip Biscuits | Trans Fat-free,0.39186160643816614
Maggi Special Masala Instant Noodles,Palekar Jeeo Butter | Toasted Buns With Jeera And Khari | Trans Fat-free,0.39178900925833393
Tata Sampann 100% Pure Premium Raisins/Kishmish Seedless,Haldiram's Moong Dal,0.3917313000225761
Sofit Soya Milk Drink,Om Shanthi Havan Samagri | Cycle,0.39171717171717174
Winkies Fruit Cake Slice,Let's Try Namkeen Combo Pack Of 6 (Crunchy Party Mix Peanut Party Mix Aloo Bhujia),0.39168831168831164
Let's Try Namkeen Combo Pack Of 6 (Crunchy Party Mix Peanut Party Mix Aloo Bhujia),Kurkure Solid Masti Masala Twisteez (61.0 GRAM),0.3915826242722794
Knorr Korean Ramen Spicy Jjajangmyeon Veg Meal,Britannia Good Day Pista and Badam Dry Fruit Biscuits | Trans Fat-free,0.39151237778240067
Chheda's Salt & Pepper Banana Chips,Sunfeast Dark Fantasy Bourbon Chocolate Cream Biscuits | Trans Fat-free,0.39149408883067094
Haldiram Aloo Bhujia ,Everest Chhole Masala,0.39146847006095575
YiPPee! 100% Suji Masala Pasta Treat,Let's Try Salted Peanuts,0.39143795603771925
Cadbury Oreo Chocolate Flavour Creme Sandwich Biscuit,Catch Jeera Whole (100.0 GRAM),0.391385149867721
Sunfeast Wowzers Cheese Flavoured Crackers | Artificial Flavour-free,Sunfeast Dark Fantasy Bourbon Chocolate Cream Biscuits | Trans Fat-free,0.39138065925195353
Britannia Good Day Chunkies Coconut Flavoured Biscuits | Trans Fat-free,Mr Makhana Super Snack - Pudina Party,0.39137482167341114
Haldiram's Bhujia Sev (200.0 GRAM),Let's Try Salted Peanuts,0.39137096923067455
Cadbury Oreo Vanilla Flavour Creme Sandwich Biscuit Mega Family Pack,Kurkure Solid Masti Masala Twisteez (61.0 GRAM),0.39135718810401676
Hershey's Milkshake Cashew Butterscotch Ice Cream Flavor,Om Shanthi Havan Samagri | Cycle,0.3913390663390663
ACT II Ready to Eat Caramel Popcorn - Classic Caramel Bliss (35.0 GRAM),MAGGI 2-Minute Instant Noodles | Masala Noodles | Made With Quality Spices,0.39131335528231315
"Aashirvaad Chilli Powder, Red Hot Chilli Powder with No Added Flavours and Colours",Haldiram's Masala Tasty Nuts (200.0 GRAM),0.3913037003946094
Kurkure Yummy PuffCorn Yummy Cheese Chips,Cheetos Masala Balls (28.0 GRAM),0.3912980186692368
Veeba Thousand Island Dressing,Palekar Knot Premium Salty Khari | Preservative-free,0.3912529550827424
Garden Lemon Bhel Namkeen,Kurkure Green Chutney Style (68.0 GRAM),0.39124659275084717
Haldiram's All In One Mixture,Let's Try Salted Peanuts,0.39124289395993295
Tata Sampann 100% Pure Premium Raisins/Kishmish Seedless,Sunfeast Dark Fantasy Bourbon Chocolate Cream Biscuits | Trans Fat-free,0.3912107707400698
The Healthy Binge Quinoa Baked Chips Smokey Bbq -High Protein And Fibre (40.0 GRAM),Haldiram's Moong Dal,0.3911357275807121
Tata Sampann Chilli Powder with Natural Oils Lal Mirchi Powder,YiPPee! Magic Masala Noodles with Added Veggies - The Better Noodles,0.3911262304574406
Everest Shahi Biryani Masala (50.0 GRAM),Rajdhani Roasted Chana (200.0 GRAM),0.3911074579429009
Doritos Nacho Chips - Sweet Chilli Flavour,Kurkure Green Chutney Style (68.0 GRAM),0.3911055691081399
Beyond Snack Kerala Banana Chips - with Coconut Oil & Rock Salt,Chheda's Golden Plain Salted Chips (170.0 GRAM),0.39109175739782276
"Aashirvaad Chilli Powder, Red Hot Chilli Powder with No Added Flavours and Colours",Let's Try Namkeen Combo Pack Of 6 (Crunchy Party Mix Peanut Party Mix Aloo Bhujia),0.39107438016528917
Crax Fritts Peri Peri Corn & Potato Stick Snacks,Haldiram's Moong Dal,0.39107265134662395
Doritos Nacho Chips - Sweet Chilli Flavour,Haldiram's Soan Papdi,0.3910672323201936
Lay's Wafer Chips Red Chilli (48.0 GRAM),Parle Shakti Milk Glucose Biscuits | Cholesterol-free and Trans Fat-free,0.39106643581614625
Kurkure Solid Masti Masala Twisteez (61.0 GRAM),RiteBite Max Protein 10g Protein Bar Choco Almond,0.3910607211412315
Beyond Snack Kerala Banana Chips - with Coconut Oil & Rock Salt,Palekar Jeeo Butter | Toasted Buns With Jeera And Khari | Trans Fat-free,0.3910138574273137
Yogabar Dark Chocolate Oatmeal 400g Breakfast Cereal Gluten Free Oats High in Protein & Gluten-Free,Om Shanthi Havan Samagri | Cycle,0.39098086124401915
Chheda's Yellow Banana Chips (170.0 GRAM),Kurkure Solid Masti Masala Twisteez (61.0 GRAM),0.39096547277618443
Let's Try Cheese Balls (60.0 GRAM),Sunfeast Dark Fantasy Bourbon Chocolate Cream Biscuits | Trans Fat-free,0.39094355026825284
Sofit Vanilla Soy Milk,Haldiram's Salted Peanut,0.39093805993369307
Britannia Treat Jimjam Naughty Jam Cream Biscuits | Trans Fat-free,Aashirvaad 100% Chana Dal Besan (500.0 GRAM),0.3909303603843849
Garden Sabudana Chivda Namkeen,Palekar Jeeo Butter | Toasted Buns With Jeera And Khari | Trans Fat-free,0.3909254836358262
Hindalco Fresh wrapp Aluminium Foil - 9 m,Scotch-Brite Scrub Sponge (Pack of 3),0.3909253048650401
Dukes Nutri Choice Assorted Biscuits Wafers,YiPPee! Magic Masala Noodles with Added Veggies - The Better Noodles,0.3909203384252644
Parle Marie Butter Marie Biscuits | Trans Fat-free,Britannia Treat Jimjam Naughty Jam Cream Biscuits | Trans Fat-free,0.39089823876004615
Unibic Fruit & Nut cookies,Everest Chhole Masala,0.3908760839776353
Catch Black Pepper Sprinkler (50.0 GRAM),Sunfeast Dark Fantasy Bourbon Chocolate Cream Biscuits | Trans Fat-free,0.3908477542500543
Ching's Secret Manchurian Instant Noodle,Chheda's Yellow Banana Chips (170.0 GRAM),0.39083028870262915
Modern Kitchens Banana Chips Salted,Kinder Joy - Single Pack - Assorted,0.39080756980316217
YiPPee! 100% Suji Cheese Pasta Treat,Scotch-Brite Scrub Sponge (Pack of 3),0.39075553768754434
Tata Sampann Unpolished Urad Kali,Haldiram's Bhujia Sev (200.0 GRAM),0.39075046230160465
Bauli Moonfills Croissants Combi,YiPPee! Magic Masala Noodles with Added Veggies - The Better Noodles,0.3907446438911407
Everest Kashmiri Lal Chilli Powder,Haldiram's Masala Tasty Nuts (200.0 GRAM),0.3907214032214032
Catch Jeera Whole (100.0 GRAM),MAGGI 2-Minute Instant Noodles | Masala Noodles | Made With Quality Spices,0.39065568577763704
Winkies Fruit Cake Slice,MAGGI 2-Minute Instant Noodles | Masala Noodles | Made With Quality Spices,0.390655685777637
Sunfeast Dark Fantasy Bourbon Chocolate Cream Biscuits | Trans Fat-free,Cheetos Cheese Puffs (28.0 GRAM),0.3906446137112303
Catch Black Pepper Sprinkler (50.0 GRAM),Haldiram's Masala Tasty Nuts (200.0 GRAM),0.3906005490911151
Chheda's Salt & Pepper Banana Chips,Kurkure Solid Masti Masala Twisteez (61.0 GRAM),0.3905924555064563
Pintola High Protein Oats Dark Chocolate With Almonds Raisin Pumpkin And Chia Seeds,Let's Try Salted Peanuts,0.39057372852429173
Fevikwik Instant Adhesive (3 gm),Palekar Jeeo Butter | Toasted Buns With Jeera And Khari | Trans Fat-free,0.39055239606378683
Gits Gulab Jamun Instant Dessert Mix,Palekar Knot Premium Salty Khari | Preservative-free,0.3905415860735009
Garden Sabudana Chivda Namkeen,Let's Try Namkeen Combo Pack Of 6 (Crunchy Party Mix Peanut Party Mix Aloo Bhujia),0.39053372434017597
Gits Gulab Jamun Instant Dessert Mix,Haldiram Aloo Bhujia ,0.39049277824978756
Candyman Choco Double Eclairs (75.0 PIECE),Haldiram's Bhujia Sev (200.0 GRAM),0.3904470846134823
Britannia Treat Rich Creme Strawberry Flavoured Wafers | Trans Fat-free,Scotch-Brite Scrub Sponge (Pack of 3),0.3904341926729986
Britannia 50-50 Maska Chaska Biscuits Butter Flavoured Crackers | Trans Fat-free,RiteBite Max Protein 10g Protein Bar Choco Almond,0.3903852647309501
Catch Black Pepper Sprinkler (50.0 GRAM),Let's Try Namkeen Combo Pack Of 6 (Crunchy Party Mix Peanut Party Mix Aloo Bhujia),0.3903716409376786
Figaro Extra Virgin Olive Oil,Peppy Cheese Balls (55.0 GRAM),0.39037020213490803
Everest Dry Mango Powder,Everest Sambhar Masala,0.39033748336073915
Hershey's Milkshake Cashew Butterscotch Ice Cream Flavor,Rajdhani Roasted Chana (200.0 GRAM),0.3903316434962004
Sofit Vanilla Soy Milk,Rajdhani Roasted Chana (200.0 GRAM),0.3903316434962004
Beyond Snack Kerala Banana Chips - with Coconut Oil & Rock Salt,Let's Try Salted Peanuts,0.39032694069648155
Sweet Karam Coffee Onion Kodubale / Ring Murukku | No Palm Oil and No Maida,Sweet Karam Coffee Garlic Murukku Sticks (95.0 GRAM),0.3902953714061129
Top Ramen Noodles Curry Veg Pouch,Nissin Geki - Hot and Spicy Korean Kimchi Flavoured Ramen Instant Noodles,0.3902416826777227
Hershey's Vanilla Milkshake,Crax Crunchy Pipes Salted Puff Snacks,0.39017900482431384
Too Yumm! Karare Munchy Masala | Spicy | No Palm Oil Crisps,Haldiram's Bhujia Sev (200.0 GRAM),0.39016898839937014
Vim Lemon Dishwash Bar,Kurkure Green Chutney Style (68.0 GRAM),0.39012179961579424
Namaskaram Bombay Mix,Daily Good Sooji / Rava (1.0 KILOGRAM),0.3900954364997784
Hindalco Fresh wrapp Aluminium Foil - 9 m,Let's Try Salted Peanuts,0.3900767611887644
Lay's American Cream & Onion Potato Chips,Chheda's Yellow Banana Chips (170.0 GRAM),0.38995019278142107
Everest Cumin Powder (50.0 GRAM),Sunfeast Dark Fantasy Bourbon Chocolate Cream Biscuits | Trans Fat-free,0.3899281124753483
Hershey's Spread - Cocoa Jar,YiPPee! Magic Masala Noodles with Added Veggies - The Better Noodles,0.38992375178212574
Cheetos Cheese Puffs (28.0 GRAM),RiteBite Max Protein 10g Protein Bar Choco Almond,0.3899037177946869
Scotch-Brite Scrub Sponge (Pack of 3),Sunfeast Dark Fantasy Bourbon Chocolate Cream Biscuits | Trans Fat-free,0.38988264511148696
Chheda's Farali Potato Chivda (170.0 GRAM),Cadbury Oreo Vanilla Flavour Creme Sandwich Biscuit Mega Family Pack,0.38984668783439724
Nongshim Korean Shin Ramyun Cup Noodle Soup Non Veg,Haldiram's Soan Papdi,0.389845147219193
Cadbury Oreo Chocolate Flavour Creme Sandwich Biscuit,Daily Good Tamarind / Imli (200.0 GRAM),0.38981241061037564
"MR. MAKHANA Fox Nuts Black Salt - Delicious Teatime Snack, Popped Lotus Seeds, Roasted In Olive Oil",Palekar Jeeo Butter | Toasted Buns With Jeera And Khari | Trans Fat-free,0.3897590845100092
Hershey's Vanilla Milkshake,Om Shanthi Havan Samagri | Cycle,0.3897186147186148
MasterChow Korean Instant Cup Noodles - Korean 2X Spicy Flavour Veg,Om Shanthi Havan Samagri | Cycle,0.3897186147186148
Catch Masala Amchur Powder,MAGGI 2-Minute Instant Noodles | Masala Noodles | Made With Quality Spices,0.3897120730100582
Peppy Cheese Balls (55.0 GRAM),Max Protein Choco Chips Flavoured Biscuits | Maida-free,0.3896814604685115
"MR. MAKHANA Fox Nuts Black Salt - Delicious Teatime Snack, Popped Lotus Seeds, Roasted In Olive Oil",MAGGI 2-Minute Instant Noodles | Masala Noodles | Made With Quality Spices,0.38966165095377525
Let's Try Teekha Tadka Makhana Puffs (60.0 GRAM),Kinder Joy - Single Pack - Assorted,0.3896467552393904
Amul Taaza Homogenised Toned Milk (Tetra Pack),MAGGI 2-Minute Instant Noodles | Masala Noodles | Made With Quality Spices,0.38963436372331633
Nissin Cup Noodles Super Hot Chilli,Kotton Multipurpose Napkin | 100% Virgin Pulp-Paper | 25 cm X 25 cm | 100Pcs,0.3895833195782358
"Yoga Bar  Rolled Oats 400g Pouch | Premium Golden Rolled Oats, Gluten Free Oats with High Fibre",Max Protein Choco Chips Flavoured Biscuits | Maida-free,0.3895468275703397
Daily Good Mustard / Rai / Sarso Small (100.0 GRAM),MAGGI 2-Minute Instant Noodles | Masala Noodles | Made With Quality Spices,0.38954270661587737
Let's Try Cheese Balls (60.0 GRAM),Aashirvaad 100% Chana Dal Besan (500.0 GRAM),0.38951428247562914
Chheda's Long Masala Banana Chips (170.0 GRAM),Sunfeast Dark Fantasy Bourbon Chocolate Cream Biscuits | Trans Fat-free,0.38946538132921465
Gits Khaman Dhokla Instant Snack Mix,Catch Chatpata Chat Masala Carton (100.0 GRAM),0.38943488943488946
HELL Energy Drink Apple Flavoured Drink,Cheetos Cheese Puffs (28.0 GRAM),0.3894183139123461
Korean Nongshim Kimchi Ramyun Noodle Soup Veg,Om Shanthi Havan Samagri | Cycle,0.38940955951265227
Everest Kashmiri Lal Chilli Powder,Everest Chhole Masala,0.3893354687817775
Haldiram's Moong Dal,RiteBite Max Protein 10g Protein Bar Choco Almond,0.3893102570370086
Lay's West Indies Hot 'n' Sweet Chilli Potato Chips,Lay's American Cream & Onion Potato Chips (48.0 GRAM),0.389302499360903
Garden Lemon Bhel Namkeen,MAGGI 2-Minute Instant Noodles | Masala Noodles | Made With Quality Spices,0.3892992424242424
Tropicana Delight Mixed Fruit Juice,Lal Sweets Motichoor Laddu,0.38924315218069505
Nissin Geki - Hot and Spicy Korean Kimchi Flavoured Ramen Instant Noodles,Haldiram's Soan Papdi,0.38923410466869274
Haldiram's Mini Bhakarwadi,The Theatre Project Gourmet Popcorn - Cheddar Cheese (60.0 GRAM),0.3892107994396429
Tropicana Delight Mixed Fruit Juice,Max Protein Choco Chips Flavoured Biscuits | Maida-free,0.389186469727999
Satyam Puffed Rice Kurmura - R (200.0 GRAM),Max Protein Choco Chips Flavoured Biscuits | Maida-free,0.389186469727999
Pulse Guava 50 Candies,Lay's Spanish Tomato Tango Potato Chips,0.3891656288916563
Mr Makhana Super Snack - Himalayan Salt And Pepper,Lay's Spanish Tomato Tango Potato Chips,0.3891656288916563
Haldiram's Lite Chiwda (200.0 GRAM),Haldiram's Masala Tasty Nuts (200.0 GRAM),0.389130461700656
Korean Nongshim Kimchi Ramyun Noodle Soup Veg,Everest Coriander Powder (100.0 GRAM),0.3890940771149861
Daily Good Lachkari Kolam Raw Rice,Daily Good Sooji Rava Barik / Chiroti Sooji,0.38906674720628215
Figaro Extra Virgin Olive Oil,Max Protein Choco Chips Flavoured Biscuits | Maida-free,0.38906291846776786
Candyman Choco Double Eclairs (75.0 PIECE),Rajdhani Roasted Chana (200.0 GRAM),0.38904037624455895
Haldiram's Ratlami Sev (200.0 GRAM),Lay's Spanish Tomato Tango Potato Chips,0.3889569609941273
Farmley Date Bites Dry Fruit Burfi - No Added Sugar,Lal Sweets Motichoor Laddu,0.3889121631057116
Nestle Milkmaid Partly Skimmed Sweetened Condensed Milk,Haldiram's Moong Dal,0.38881760419166617
Dukes Nibbles - Jeera Flavoured Crackers,Haldiram's Lite Chiwda (200.0 GRAM),0.38881747941889105
Haldiram's Panchratan Mixture,Rajdhani Roasted Chana (200.0 GRAM),0.3887928276004619
Lal Mysore Pak Premium,Parle Hide & Seek Milano Chocolate Flavoured Biscuits,0.38875438634728976
The Healthy Binge Quinoa Baked Chips Smokey Bbq -High Protein And Fibre (40.0 GRAM),Let's Try Salted Peanuts,0.38875304174206027
Hershey's Vanilla Milkshake,Rajdhani Roasted Chana (200.0 GRAM),0.3887153633989078
BORGES Durum Wheat Pasta Penne Rigate,Chheda's Yellow Banana Chips (170.0 GRAM),0.38870621104663655
Beyond Snack Kerala Banana Chips - Original Style (70.0 GRAM),MAGGI 2-Minute Instant Noodles | Masala Noodles | Made With Quality Spices,0.38866810556114156
YiPPee! 100% Suji Masala Pasta Treat,RiteBite Max Protein 10g Protein Bar Choco Almond,0.3886568772915357
Surf Excel Easy Wash Detergent Powder,YiPPee! Magic Masala Noodles with Added Veggies - The Better Noodles,0.3885245038690319
Lal Sweets Motichoor Laddu,Bhagirathi Rajgira Peeth | Amaranth Flour,0.3884593039340452
Beyond Snack Kerala Banana Chips - Original Style (25.0 GRAM),"Ritebite Max Protein Peri Peri 10G Multigrain Protein Chips, Healthy Snacks & Munchies",0.38841642228739
Moov Fast Pain Relief Spray (50.0 GRAM),Sunfeast Dark Fantasy Bourbon Chocolate Cream Biscuits | Trans Fat-free,0.3884049557859915
Tulips Paper Stick Cotton Buds Jar (100.0 PIECE),Haldiram's Moong Dal,0.38840072639953527
Winkies Swiss Roll - Cream & Real Strawberry Jam,Palekar Knot Premium Salty Khari | Preservative-free,0.3883375083235564
Mr Makhana Super Snack - Pudina Party,Mr Makhana Lime Chilli,0.388336192109777
Maggi Special Masala Instant Noodles,RiteBite Max Protein 10g Protein Bar Choco Almond,0.38832204793687103
Modern Kitchens Boondi Masala,Parle Hide & Seek Milano Chocolate Flavoured Biscuits,0.38830958727824244
Catch Masala Amchur Powder,Britannia Marie Gold Biscuits Plain | Trans Fat-free,0.3882729822771898
Malkist Double Chocolatey Crunchy Layered Crackers,Kurkure Solid Masti Masala Twisteez (61.0 GRAM),0.38826668211139026
Gits Gulab Jamun Instant Dessert Mix,Kotton Multipurpose Napkin | 100% Virgin Pulp-Paper | 25 cm X 25 cm | 100Pcs,0.38826269815593656
Modern Kitchens Wheel Chips,Kotton Multipurpose Napkin | 100% Virgin Pulp-Paper | 25 cm X 25 cm | 100Pcs,0.38826269815593656
Society Natural Tea,Kotton Multipurpose Napkin | 100% Virgin Pulp-Paper | 25 cm X 25 cm | 100Pcs,0.38826269815593656
Catch Peri Peri Sprinkler (90.0 GRAM),Lay's Spanish Tomato Tango Potato Chips,0.38824994505897004
Bauli Moonfils Croissants Strawberry (Veg),Om Shanthi Havan Samagri | Cycle,0.388219696969697
Vim Lemon Dishwash Bar,MAGGI 2-Minute Instant Noodles | Masala Noodles | Made With Quality Spices,0.38818004771820963
Everest Chicken Masala,Rajdhani Roasted Chana (200.0 GRAM),0.3881717055480001
Too Yumm! Noodles Masala | Spicy No Palm Oil Crisps (67.0 GRAM),Let's Try Salted Peanuts,0.3881650634287082
Vim Lemon Dishwash Bar,Britannia 50-50 Maska Chaska Biscuits Butter Flavoured Crackers | Trans Fat-free,0.3881580285069438
Everest Cumin Powder (50.0 GRAM),Let's Try Salted Peanuts,0.38809934235976784
Epigamia Turbo Coffee Protein Milkshake,Cornitos Nacho Chips - Cheese And Herbs (55.0 GRAM),0.3880882032780767
Everest Cumin Powder (50.0 GRAM),Bhagirathi Rajgira Peeth | Amaranth Flour,0.3880846197827329
Aashirvaad Jeera (100.0 GRAM),Sunfeast Dark Fantasy Bourbon Chocolate Cream Biscuits | Trans Fat-free,0.3880704123270888
Daily Good Coriander / Dhania Whole (200.0 GRAM),Colombian Brew Original Instant Coffee Sachets | 40 Sachets,0.3880700750563765
HELL Energy Drink Apple Flavoured Drink,Haldiram's Salted Peanut,0.3880449013032865
Everest Pav Bhaji Masala (100.0 GRAM),Rajdhani Roasted Chana (200.0 GRAM),0.38804342672924663
"ACT II Instant Popcorn - Cheese, Buy 2 Get 1 free offer, Hot & Fresh in 3 mins (210.0 GRAM)",Palekar Knot Premium Salty Khari | Preservative-free,0.3880194595861907
Satyam Puffed Rice Kurmura A (200.0 GRAM),Max Protein Choco Chips Flavoured Biscuits | Maida-free,0.38800711678942923
"Yoga Bar  Rolled Oats 400g Pouch | Premium Golden Rolled Oats, Gluten Free Oats with High Fibre",Peppy Tomato Disc (55.0 GRAM),0.3879463650590411
Beyond Snack Kerala Banana Chips - Peri Peri (70.0 GRAM),Palekar Jeeo Butter | Toasted Buns With Jeera And Khari | Trans Fat-free,0.387928644747496
Tata Sampann Masoor Dal (500.0 GRAM),Tata Sampann 100% Chana Dal Fine Besan,0.38792207792207795
RiteBite Max Protein 10g Protein Bar Choco Berry (50.0 GRAM),Kurkure Green Chutney Style (68.0 GRAM),0.38786815678859937
The Whole Truth Double Cocoa Protein Bar,RiteBite Max Protein 10g Protein Bar Choco Almond,0.38784860350939643
Tulips Paper Stick Cotton Buds Jar (100.0 PIECE),Palekar Jeeo Butter | Toasted Buns With Jeera And Khari | Trans Fat-free,0.38781947670338524
Cadbury Oreo Vanilla Flavour Creme Sandwich Biscuit Family Pack,Kurkure Green Chutney Style (68.0 GRAM),0.38774024211813973
"Tata Sampann Hing, Compounded Asafoetida | Bandhani Hing, Strong Flavour & Aroma (50.0 GRAM)",YiPPee! Magic Masala Noodles with Added Veggies - The Better Noodles,0.38764349592375075
Bingo! Mad Angles Very Peri Peri Crisps,MAGGI 2-Minute Instant Noodles | Masala Noodles | Made With Quality Spices,0.387627347128198
The Healthy Binge Ragi Baked Chips Chatpata Chaat- High Protein & Fibre (40.0 GRAM),The Whole Truth Double Cocoa Protein Bar,0.3875977162933685
BORGES Durum Wheat Pasta Penne Rigate,Kurkure Playz Puffcorn Yummy Cheese,0.387568870523416
Lay's India's Magic Masala Potato Chips,Kurkure Green Chutney Style (68.0 GRAM),0.3875506624035718
Mr Makhana Super Snack - Himalayan Salt And Pepper,Crax Crunchy Pipes Salted Puff Snacks,0.38754266019712247
Catch Black Pepper Sprinkler (50.0 GRAM),Haldiram's Moong Dal,0.38753086129669223
Cheetos Masala Balls (28.0 GRAM),Sunfeast Dark Fantasy Bourbon Chocolate Cream Biscuits | Trans Fat-free,0.3875276785609028
Whiskas Adult Ocean Fish Flavour Dry Cat Food,Cheetos Masala Balls (28.0 GRAM),0.387494308696312
The Belgian Waffle Co Classic Chocolate Wafers | Preservative-free,Let'S Try Special Makhana Mixture | Fasting Snacks (90.0 GRAM),0.3874883219547251
"Tetley Ginger, Mint, and Lemon Green Tea",Unibic Fruit & Nut cookies,0.38745808494783907
Paper Boat Aam Panna Drink,YiPPee! Magic Masala Noodles with Added Veggies - The Better Noodles,0.3874571288584027
Modern Kitchens Potato Chips Salted (70.0 GRAM),The Healthy Binge Ragi Baked Chips Chatpata Chaat- High Protein & Fibre (40.0 GRAM),0.38743575025011073
Jatin Verna Plastic Cloth Hanging Clips Set of 12 pcs,Let's Try Namkeen Combo Pack Of 6 (Crunchy Party Mix Peanut Party Mix Aloo Bhujia),0.38743083003952566
Nissin Geki - Hot and Spicy Korean Chicken Flavoured Ramen Instant Noodles,Nissin Geki - Hot and Spicy Korean Kimchi Flavoured Ramen Instant Noodles,0.38742361087188665
Britannia Treat Rich Creme Choco Flavoured Wafers | Trans Fat-free,Palekar Knot Premium Salty Khari | Preservative-free,0.3873673260406677
Sugar Free D'Lite Choco Chip Biscuits | Trans Fat-free,Crax Crunchy Pipes Salted Puff Snacks,0.3873652139241384
Bauli Moonfills Croissants Combi,Nissin Geki - Hot and Spicy Korean Kimchi Flavoured Ramen Instant Noodles,0.3871197492163009
Modern Kitchens Hot Chips Spicy,Modern Kitchens Butter Murukku,0.38705291124645963
Palekar Makkhan Butter Rusk | Bromate-free and Trans Fat-free,Haldiram's Soan Papdi,0.38704721554058635
Hindalco Fresh wrapp Aluminium Foil - 9 m,Sunfeast Dark Fantasy Bourbon Chocolate Cream Biscuits | Trans Fat-free,0.38701591352211256
Beyond Snack Kerala Banana Chips - Original Style (25.0 GRAM),Kinder Joy - Single Pack - Assorted,0.387000597309072
Cornitos Nacho Chips - Cheese And Herbs (55.0 GRAM),Crax Crunchy Pipes Salted Puff Snacks,0.38694967518360623
Vim Lemon Dishwash Bar,Chheda's Long Masala Banana Chips (170.0 GRAM),0.386937478943062
Satyam Nighties Spices Tamarind,Let's Try Namkeen Combo Pack Of 6 (Crunchy Party Mix Peanut Party Mix Aloo Bhujia),0.38693602693602697
Lay's American Cream & Onion Potato Chips,Tata Sampann 100% Chana Dal Fine Besan,0.38692204444255063
Nutrela 100% Vegetarian Soya Chunks,Om Shanthi Havan Samagri | Cycle,0.386908143939394
Kurkure Playz Puffcorn Yummy Cheese,Haldiram's Bhujia Sev (200.0 GRAM),0.3869007040523278
Modern Kitchens Banana Chips Salted,Garden Sabudana Chivda Namkeen,0.38687766281192937
Everest Black Pepper Powder,Mr Makhana Lime Chilli,0.3868762816131237
Wok Tok by Veeba Instant Cup Noodles Masala (75500.0 MILLIGRAM),Modern Kitchens Butter Murukku,0.38687577032598064
Tulips Paper Stick Cotton Buds Jar (100.0 PIECE),Lay's Spanish Tomato Tango Potato Chips,0.3867484510724535
Orbit Sugar Free Spearmint Chewing Gum Tube (19800.0 MILLIGRAM),Scotch-Brite Scrub Sponge (Pack of 3),0.3867157717903987
Haldiram's Panchratan Mixture,Sunfeast Dark Fantasy Bourbon Chocolate Cream Biscuits | Trans Fat-free,0.38670817501805516
Haldiram's Salted Peanut,Haldiram's Masala Tasty Nuts (200.0 GRAM),0.3866656652682854
Lay's West Indies Hot 'n' Sweet Chilli Potato Chips,RiteBite Max Protein 10g Protein Bar Choco Almond,0.38659676636117934
Rajam Garlic Mixture,Kurkure Masala Munch,0.38659333981526495
"Meetha Paan, 12 Pcs | Mouth Freshener | by GO DESi",Ezee Medium Garbage Bags 19x 21 Inch (30.0 PIECE),0.38658645276292336
Ferrero Rocher Moments Pack,Om Shanthi Havan Samagri | Cycle,0.3865629984051036
Everest Turmeric Powder (200.0 GRAM),Lal Sweets Motichoor Laddu,0.38650200322167605
Maggi Special Masala Instant Noodles,Britannia Marie Gold Biscuits Plain | Trans Fat-free,0.3864866006913046
Haldiram's All In One Mixture,Sunfeast Dark Fantasy Bourbon Chocolate Cream Biscuits | Trans Fat-free,0.38648518765951684
Sweet Karam Coffee Kerala Nendran Banana Chips (65.0 GRAM),Coca-Cola Zero Sugar Soft Drink,0.3864341085271318
Britannia Treat Rich Creme Strawberry Flavoured Wafers | Trans Fat-free,MAGGI 2-Minute Instant Noodles | Masala Noodles | Made With Quality Spices,0.38640942832353226
Britannia Treat Jimjam Naughty Jam Cream Biscuits | Trans Fat-free,Max Protein Choco Chips Flavoured Biscuits | Maida-free,0.38640656637279897
Korean Samyang Hot Chicken Ramen Non Veg,Kinder Joy - Single Pack - Assorted,0.3863955307091516
Mr Makhana Super Snack - Himalayan Salt And Pepper,Haldiram's Masala Tasty Nuts (200.0 GRAM),0.38639351882595124
Crax Cheese Balls Puff Snacks (65.0 GRAM),Haldiram's Lite Chiwda (200.0 GRAM),0.3863799386457757
Lijjat Urad Papad,Chheda's Yellow Banana Chips (170.0 GRAM),0.38635854626896055
Sunfeast Dark Fantasy Vanilla Cream Dark Crunchy Biscuits | Artificial Colour-free,Sunfeast Dark Fantasy Bourbon Chocolate Cream Biscuits | Trans Fat-free,0.38629455796338863
Candyman Choco Double Eclairs (75.0 PIECE),Haldiram's Salted Peanut,0.3862268498541519
Britannia Marie Gold Biscuits Plain | Trans Fat-free,Haldiram's Moong Dal,0.3862157813218352
Epigamia Turbo Cookies and Cream Protein Milkshake,Kotton Multipurpose Napkin | 100% Virgin Pulp-Paper | 25 cm X 25 cm | 100Pcs,0.3861752642948832
Top Ramen Noodles Curry Veg Pouch,Kotton Multipurpose Napkin | 100% Virgin Pulp-Paper | 25 cm X 25 cm | 100Pcs,0.3861752642948832
Tropicana Delight Mixed Fruit Juice,Top Ramen Curry Veg Instant Noodles,0.38615373594096997
Cavin's Chilled Latte Cold Coffee,Haldiram's Masala Tasty Nuts (200.0 GRAM),0.3861036512199303
The Whole Truth Double Cocoa Protein Bar,Haldiram's Salted Peanut,0.3860749415552909
Beyond Snack Kerala Banana Chips - Peri Peri (70.0 GRAM),Haldiram's Bhujia Sev (200.0 GRAM),0.38596576276321765
Britannia 50-50 Maska Chaska Biscuits Butter Flavoured Crackers | Trans Fat-free,Sunfeast Dark Fantasy Bourbon Chocolate Cream Biscuits | Trans Fat-free,0.3859582561266174
Sunfeast Dark Fantasy Choco Centre Fills | Preservative-free,Kurkure Green Chutney Style (68.0 GRAM),0.3859191290458753
Rajam Banana Chips (150.0 GRAM),Britannia 50-50 Maska Chaska Biscuits Butter Flavoured Crackers | Trans Fat-free,0.3858271739500664
Catch Masala Amchur Powder,Lay's Spanish Tomato Tango Potato Chips,0.3857815799447723
Crax Fritts Peri Peri Corn & Potato Stick Snacks,Let's Try Salted Peanuts,0.3857689827902594
Daily Good Figs / Anjeer,Top Ramen Curry Veg Instant Noodles,0.38576289207868153
Parle Hide & Seek Chocolate Chip Biscuits | Trans Fat-free,Max Protein Choco Chips Flavoured Biscuits | Maida-free,0.38571248959717974
Sunfeast All Rounder Crunchy Potato Chatpata Masala Flavoured Crackers | Trans Fat-free,MAGGI 2-Minute Instant Noodles | Masala Noodles | Made With Quality Spices,0.38564727954971856
Haldiram's Panchratan Mixture,Haldiram's Moong Dal,0.3856422124574584
Too Yumm! Noodles Masala | Spicy No Palm Oil Crisps (67.0 GRAM),Haldiram's Moong Dal,0.38563164054527965
Namaskaram Methi Khakhra,Kurkure Green Chutney Style (68.0 GRAM),0.38553746201014305
Tropicana Delight Mixed Fruit Juice,Kotton Multipurpose Napkin | 100% Virgin Pulp-Paper | 25 cm X 25 cm | 100Pcs,0.38550906199880225
Sweet Karam Coffee Garlic Murukku Sticks (95.0 GRAM),Haldiram's Salted Peanut,0.3854550576905838
Daily Good Saunf / Fennel,MAGGI 2-Minute Instant Noodles | Masala Noodles | Made With Quality Spices,0.38543806223925986
Cornitos Nacho Crisps - Cheese And Herbs,Modern Kitchens Butter Murukku,0.3854058775815811
Too Yumm! Karare Munchy Masala | Spicy | No Palm Oil Crisps,Let's Try Salted Peanuts,0.38539994358478397
Satyam Puffed Rice Kurmura A (200.0 GRAM),Om Shanthi Havan Samagri | Cycle,0.38535812672176306
"Eveready Ultima Alkaline AAA Battery, 400% Longer Lasting",Max Protein Choco Chips Flavoured Biscuits | Maida-free,0.38532836346055904
YiPPee! Suji Tricolor Creamy Corn Pasta,Cheetos Masala Balls (28.0 GRAM),0.38532549726704163
Tropicana Delight Mixed Fruit Juice,"Ching's Secret Veg Hakka Noodles, Cooks In 5-7 mins, Just Soak & Drain",0.38531074218616507
Cornitos Nacho Chips - Sizzlin Jalapeno (55.0 GRAM),Let's Try Namkeen Combo Pack Of 6 (Crunchy Party Mix Peanut Party Mix Aloo Bhujia),0.3853102453102453
Garden Sabudana Chivda Namkeen,Haldiram's Bhujia Sev (200.0 GRAM),0.3852583475088863
YiPPee! Suji Tricolor Creamy Corn Pasta,Let's Try Namkeen Combo Pack Of 6 (Crunchy Party Mix Peanut Party Mix Aloo Bhujia),0.3852374491180461
Uncle Chipps - Spicy Treat,Haldiram's Moong Dal,0.38523732009956424
Garden Sabudana Chivda Namkeen,Sunfeast Dark Fantasy Bourbon Chocolate Cream Biscuits | Trans Fat-free,0.38521124014701746
Veeba Chef'S Special Veg Mayonnaise Smart,YiPPee! Magic Masala Noodles with Added Veggies - The Better Noodles,0.38510890383501856
Rajam Banana Chips (150.0 GRAM),Kurkure Green Chutney Style (68.0 GRAM),0.385107722800896
Palekar Makkhan Butter Rusk | Bromate-free and Trans Fat-free,Palekar Knot Premium Salty Khari | Preservative-free,0.3851020200404299
Superyou Chocolate Protein Wafer Bar,Lal Sweets Motichoor Laddu,0.3850230414746544
Let's Try Kerala Garlic Mix (180.0 GRAM),Let's Try Salted Peanuts,0.38501918884897607
RiteBite Max Protein 10g Protein Bar Choco Berry (50.0 GRAM),Kurkure Solid Masti Masala Twisteez (61.0 GRAM),0.3849616620261298
Everest Sambhar Masala,Piknik Classic Tomato Chilli,0.38493259678555997
Mr Makhana Piri Piri,Chheda's Yellow Banana Chips (170.0 GRAM),0.3849115105151442
Chheda's Yellow Banana Chips (170.0 GRAM),RiteBite Max Protein 10g Protein Bar Choco Almond,0.38485766844563357
Orion K Snack Rings 3x Spicy,Haldiram's Salted Peanut,0.38484947236821054
Daily Good Figs / Anjeer,Daily Good Watermelon Seeds / Tarbuj Beej,0.3848484848484849
Korean Nongshim Kimchi Ramyun Noodle Soup Veg,Nissin Geki - Hot and Spicy Korean Kimchi Flavoured Ramen Instant Noodles,0.38483922050221364
Max Protein Choco Chips Flavoured Biscuits | Maida-free,RiteBite Max Protein 10g Protein Bar Choco Almond,0.3848258958999637
Mr Makhana Piri Piri,Lay's Spanish Tomato Tango Potato Chips,0.38479298137601964
Kurkure Yummy PuffCorn Yummy Cheese Chips,RiteBite Max Protein 10g Protein Bar Choco Almond,0.38478743711324426
Modern Kitchens Potato Chips Salted (70.0 GRAM),Let's Try Salted Peanuts,0.3847562942928
Haldiram's Moong Dal,YiPPee! Magic Masala Noodles with Added Veggies - The Better Noodles,0.38472289424213335
Ching's Secret Manchurian Instant Noodle,Om Shanthi Havan Samagri | Cycle,0.38472222222222224
Pulse Guava 50 Candies,Crax Crunchy Pipes Salted Puff Snacks,0.3846617677651464
Piknik Classic Tomato Chilli,Palekar Knot Premium Salty Khari | Preservative-free,0.38465558120671367
Piknik Classic Tomato Chilli,Lal Sweets Motichoor Laddu,0.3846466748651972
Lal Sweets Motichoor Laddu,Piknik Classic Tomato Chilli,0.3846466748651972
Chheda's Farali Potato Chivda (170.0 GRAM),Daily Good Cashew | W320 (100.0 GRAM),0.38462364508876135
Nutrela 100% Vegetarian Soya Chunks,Cornitos Nacho Chips - Cheese And Herbs (55.0 GRAM),0.38462313003452236
"Taali Roasted Bharuchi Peanuts | Nimbu Pudina | Protein Rich , No Palm Oil ,Restaurant-Style Crunch",The Theatre Project Gourmet Popcorn - Cheddar Cheese (60.0 GRAM),0.3846039581333699
Crax Fritts Peri Peri Corn & Potato Stick Snacks,The Theatre Project Gourmet Popcorn - Cheddar Cheese (60.0 GRAM),0.3846039581333699
Haldiram's Panchratan Mixture,The Theatre Project Gourmet Popcorn - Cheddar Cheese (60.0 GRAM),0.3845834141475714
RiteBite Max Protein 10g Protein Bar Choco Almond,Max Protein Choco Chips Flavoured Biscuits | Maida-free,0.384547854682538
Satyam Nighties Spices Tamarind,Kurkure Green Chutney Style (68.0 GRAM),0.38453142991230516
Khari Foods Kimia Gold Dates / Khajur,Kinder Joy - Single Pack - Assorted,0.38451982424939846
Sugar Free D'Lite Choco Chip Biscuits | Trans Fat-free,Kinder Joy - Single Pack - Assorted,0.38451982424939846
Sunfeast Dark Fantasy Choco Rolls | Crunchy Wafer Rolls,Kinder Joy - Single Pack - Assorted,0.38451982424939846
Doritos Nacho Chips - Sweet Chilli Flavour,RiteBite Max Protein 10g Protein Bar Choco Almond,0.38445293629859933
Mr Makhana Super Snack - Himalayan Salt And Pepper,Haldiram's Lite Chiwda (200.0 GRAM),0.3843732255719297
Haldiram's Ratlami Sev (200.0 GRAM),Haldiram's Moong Dal,0.38436255759697674
"Yoga Bar  Rolled Oats 400g Pouch | Premium Golden Rolled Oats, Gluten Free Oats with High Fibre",Haldiram's Salted Peanut,0.3843279961183892
BORGES Durum Wheat Pasta Penne Rigate,Haldiram's Masala Tasty Nuts (200.0 GRAM),0.3843161343161343
Daily Good Poha / Avalakki Thick,Everest Chhole Masala,0.38428556235341527
Veeba Veg Mayonnaise Burger,Rajdhani Roasted Chana (200.0 GRAM),0.3842525004436963
"Yoga Bar  Rolled Oats 400g Pouch | Premium Golden Rolled Oats, Gluten Free Oats with High Fibre",Haldiram's Mixture (400.0 GRAM),0.3842506990812076
Bauli Moonfils Croissants Strawberry (Veg),Palekar Knot Premium Salty Khari | Preservative-free,0.3841392649903288
Bauli Moonfills Croissants Combi,Palekar Knot Premium Salty Khari | Preservative-free,0.3841392649903288
The Whole Truth Double Cocoa Protein Bar,Haldiram's Lite Chiwda (200.0 GRAM),0.38413726901847856
Everest Tandoori Chicken Masala,Rajdhani Roasted Chana (200.0 GRAM),0.38410294705743125
Candyman Choco Double Eclairs (75.0 PIECE),Sunfeast Dark Fantasy Bourbon Chocolate Cream Biscuits | Trans Fat-free,0.3841003825334613
Morelight Extra Power Detergent Powder,Cheetos Masala Balls (28.0 GRAM),0.38408776532315764
Tata Sampann Chilli Powder with Natural Oils Lal Mirchi Powder,Crax Crunchy Pipes Salted Puff Snacks,0.3840824578739338
Bikano Classic Salted Peanuts (200.0 GRAM),YiPPee! Magic Masala Noodles with Added Veggies - The Better Noodles,0.3840484151147804
Gits Gulab Jamun Instant Dessert Mix,Om Shanthi Havan Samagri | Cycle,0.38402272727272724
Fevikwik Instant Adhesive (3 gm),Cheetos Cheese Puffs (28.0 GRAM),0.38400677875988565
Let's Try Pudina Rings (60.0 GRAM),The Whole Truth Double Cocoa Protein Bar,0.3839334521687463
Satyam Nighties Spices Tamarind,RiteBite Max Protein 10g Protein Bar Choco Almond,0.38389672545326003
Nutrela Mini Soya Chunks (200.0 GRAM),Haldiram Aloo Bhujia ,0.38387425658453694
Cavin's Strawberry Milkshake,Om Shanthi Havan Samagri | Cycle,0.3838691796008869
Tata Sampann 100% Chana Dal Fine Besan,The Theatre Project Gourmet Popcorn - Cheddar Cheese (60.0 GRAM),0.38385760721400863
Namaskaram Mini Bhakarwadi,Max Protein Choco Chips Flavoured Biscuits | Maida-free,0.3838555079631687
Let's Try Cheese Balls (60.0 GRAM),Haldiram's Moong Dal,0.3838378072967114
Catch Turmeric Powder/Haldi (100.0 GRAM),Sunfeast Dark Fantasy Bourbon Chocolate Cream Biscuits | Trans Fat-free,0.38380864595246983
Lay's Wafer Chips Red Chilli (48.0 GRAM),MAGGI 2-Minute Instant Noodles | Masala Noodles | Made With Quality Spices,0.3838020772552223
Haldiram's All In One Mixture,MAGGI 2-Minute Instant Noodles | Masala Noodles | Made With Quality Spices,0.3838020772552223
Lijjat Urad Papad,MAGGI 2-Minute Instant Noodles | Masala Noodles | Made With Quality Spices,0.38380207725522225
Ching's Secret Manchurian Instant Noodle,Charliee Rajgira Laddu,0.38370001383700014
Modern Kitchens Boondi Masala,Snackible Cheese Dosa Khakra | Millet Snack (100.0 GRAM),0.38366271409749675
Sunfeast Dark Fantasy Choco Rolls | Crunchy Wafer Rolls,Ferrero Rocher Moments Pack,0.38362952836637043
"Farmley Seed Mix Superfood Rich In Protein- Pumpkin, Watermelon, Sunflower, Flax, Chia Seeds",Om Shanthi Havan Samagri | Cycle,0.38362926136363634
ACT II Ready to Eat Popcorn - Sour Cream & Cheese Popcorn (50.0 GRAM),Haldiram's Moong Dal,0.3835790436561497
Piknik Classic Tomato Chilli,Kotton Multipurpose Napkin | 100% Virgin Pulp-Paper | 25 cm X 25 cm | 100Pcs,0.38356597196856634
Let's Try Teekha Tadka Makhana Puffs (60.0 GRAM),Bingo! Mad Angles Very Peri Peri Crisps,0.38355884425651865
Parle G Original Milk Glucose Biscuits,Lay's American Cream & Onion Potato Chips (48.0 GRAM),0.3834759595362522
"Maggi Nutri-licious Masala Veg Atta Noodles, Instant Noodles",Palekar Jeeo Butter | Toasted Buns With Jeera And Khari | Trans Fat-free,0.38346252044196005
RiteBite Max Protein 10g Protein Bar Choco Berry (50.0 GRAM),Max Protein Choco Chips Flavoured Biscuits | Maida-free,0.38344536497269466
Palekar Makkhan Butter Rusk | Bromate-free and Trans Fat-free,Om Shanthi Havan Samagri | Cycle,0.38340738209159264
Let's Try Pudina Rings (60.0 GRAM),Peppy Tomato Disc (55.0 GRAM),0.3833822901759935
Bauli Moonfills Croissants Combi,Tata Sampann 100% Chana Dal Fine Besan,0.38335828877005346
Daily Good Coriander / Dhania Whole (200.0 GRAM),Haldiram's Moong Dal,0.3833568936308662
Kinder Creamy Milky And Cocoa With Extruded Rice (19.0 GRAM),Crax Crunchy Pipes Salted Puff Snacks,0.3833337591256416
The Healthy Binge Quinoa Baked Chips Smokey Bbq -High Protein And Fibre (40.0 GRAM),Garden Sabudana Chivda Namkeen,0.38333222968498726
YiPPee! 100% Suji Masala Pasta Treat,Aashirvaad 100% Chana Dal Besan (500.0 GRAM),0.38329349093921644
"ACT II Instant Popcorn - Cheese, Buy 2 Get 1 free offer, Hot & Fresh in 3 mins (210.0 GRAM)",Coca-Cola Zero Sugar Soft Drink,0.38324043820872566
Palekar Makkhan Butter Rusk | Bromate-free and Trans Fat-free,Piknik Classic Tomato Chilli,0.3831808259652063
Winkies Fruit Cake Slice,Lay's Spanish Tomato Tango Potato Chips,0.38317846537024614
Crax Cheese Balls Puff Snacks (65.0 GRAM),Let's Try Salted Peanuts,0.38309655209128174
The Belgian Crisps Double Choco Waffle Wafers | Artificial Colour-free,Let's Try Salted Peanuts,0.38309655209128174
MasterChow Korean Instant Cup Noodles - Korean 2X Spicy Flavour Veg,Parle Melody Chocolaty Toffee (176.0 GRAM),0.3830892511743576
Beyond Snack Kerala Banana Chips - Hot & Sweet Chilli (70.0 GRAM),Palekar Knot Premium Salty Khari | Preservative-free,0.3829959933683338
Cadbury Oreo Vanilla Flavour Creme Sandwich Biscuit Family Pack,MAGGI 2-Minute Instant Noodles | Masala Noodles | Made With Quality Spices,0.38298389453239134
Too Yumm! Karare Munchy Masala | Spicy | No Palm Oil Crisps,MAGGI 2-Minute Instant Noodles | Masala Noodles | Made With Quality Spices,0.3829691734417344
Parle G Original Milk Glucose Biscuits,Kurkure Solid Masti Masala Twisteez (61.0 GRAM),0.3829669449703591
YiPPee! Suji Tricolor Creamy Corn Pasta,Society Natural Tea (250.0 GRAM),0.3829533882951007
Modern Kitchens Potato Chips Salted (70.0 GRAM),Kinder Joy - Single Pack - Assorted,0.38292430630645496
Hershey's Vanilla Milkshake,Ezee Medium Garbage Bags 19x 21 Inch (30.0 PIECE),0.38290467702232417
Sofit Vanilla Soy Milk,Sunfeast All Rounder Crunchy Potato Chatpata Masala Flavoured Crackers | Trans Fat-free,0.3828624078624078
Hershey's Milkshake Cashew Butterscotch Ice Cream Flavor,Sunfeast All Rounder Crunchy Potato Chatpata Masala Flavoured Crackers | Trans Fat-free,0.3828624078624078
Orion K Snack Rings 3x Spicy,The Healthy Binge Ragi Baked Chips Chatpata Chaat- High Protein & Fibre (40.0 GRAM),0.3827526399622441
Lijjat Urad Papad,Let's Try Namkeen Combo Pack Of 6 (Crunchy Party Mix Peanut Party Mix Aloo Bhujia),0.38274322169059005
Daily Good Mustard / Rai / Sarso Small (100.0 GRAM),Sunfeast Dark Fantasy Bourbon Chocolate Cream Biscuits | Trans Fat-free,0.3827419373255622
Satyam Singdana,Haldiram's Moong Dal,0.382734687270743
Unibic Choco Chip Flavoured Biscuits | Trans Fat-free,MAGGI 2-Minute Instant Noodles | Masala Noodles | Made With Quality Spices,0.38271911428328315
"Ritebite Max Protein Cheese & Jalapeno 10G Multigrain Protein Chips, Healthy Snacks & Munchies",Catch Jeera Whole (100.0 GRAM),0.3827032770131864
Fortune Besan (500.0 GRAM),Max Protein Choco Chips Flavoured Biscuits | Maida-free,0.38270002856586566
Tata Sampann Masoor Dal (500.0 GRAM),Crax Crunchy Pipes Salted Puff Snacks,0.3826755624238462
Mysore Sandal Soap,Max Protein Choco Chips Flavoured Biscuits | Maida-free,0.3826728886446851
ZOFF Black Mustard Seeds Whole - Rai (200.0 GRAM),Rajdhani Roasted Chana (200.0 GRAM),0.3826416858457998
YiPPee! 100% Suji Cheese Pasta Treat,MAGGI 2-Minute Instant Noodles | Masala Noodles | Made With Quality Spices,0.3826175029427062
Catch Red Chilli Powder (200.0 GRAM),Haldiram's Bhujia Sev (200.0 GRAM),0.3825919361656371
Sunfeast Wowzers Cheese Flavoured Crackers | Artificial Flavour-free,Rajdhani Roasted Chana (200.0 GRAM),0.38257671018170636
Knorr Korean Ramen Spicy Jjajangmyeon Veg Meal,Catch Sprinkler Chat Masala (100.0 GRAM),0.3825205214872043
Veeba Chef'S Special Veg Mayonnaise Smart,Charliee Rajgira Laddu,0.38251939840980936
Sweet Karam Coffee Garlic Murukku Sticks (95.0 GRAM),"Ching's Secret Veg Hakka Noodles, Cooks In 5-7 mins, Just Soak & Drain",0.3824993350811201
Hershey's Milkshake Cashew Butterscotch Ice Cream Flavor,Kinder Joy - Single Pack - Assorted,0.3824413387129152
Doritos Nacho Cheese Flavoured Corn Chips (45.0 GRAM),MAGGI 2-Minute Instant Noodles | Masala Noodles | Made With Quality Spices,0.38242347783979413
Tata Coffee Grand Premium 100% Coffee Blend Classic Instant Coffee,Let's Try Namkeen Combo Pack Of 6 (Crunchy Party Mix Peanut Party Mix Aloo Bhujia),0.3823838383838384
Sunfeast Dark Fantasy Choco Centre Fills | Preservative-free,Cheetos Masala Balls (28.0 GRAM),0.38237404411703085
ZOFF Black Mustard Seeds Whole - Rai (200.0 GRAM),Chheda's Yellow Banana Chips (170.0 GRAM),0.38233397807865893
Sunfeast Wowzers Cheese Flavoured Crackers | Artificial Flavour-free,Let's Try Salted Peanuts,0.38227573750752564
Chheda's Long Masala Banana Chips (170.0 GRAM),Cheetos Cheese Puffs (28.0 GRAM),0.38227076258104353
Tata Sampann Coriander Powder With Natural Oils Dhania Powder,"Ritebite Max Protein Peri Peri 10G Multigrain Protein Chips, Healthy Snacks & Munchies",0.38225108225108234
Bauli Moonfills Croissants Combi,Nissin Cup Noodles Super Hot Chilli,0.38223376623376626
Tata Sampann Masoor Dal (500.0 GRAM),Om Shanthi Havan Samagri | Cycle,0.382224025974026
Beyond Snack Kerala Banana Chips - Hot & Sweet Chilli (70.0 GRAM),Om Shanthi Havan Samagri | Cycle,0.382224025974026
Catch Red Chilli Powder (200.0 GRAM),Haldiram's Salted Peanut,0.3821779094268177
Britannia Vita Butter Marie Gold Biscuits | Trans Fat-free,MAGGI 2-Minute Instant Noodles | Masala Noodles | Made With Quality Spices,0.3821534429027514
Haldiram's Lite Chiwda (200.0 GRAM),Haldiram's Moong Dal,0.38211936818404457
Everest Tikhalal Powder Pouch (200.0 GRAM),Haldiram's Masala Tasty Nuts (200.0 GRAM),0.3820773995531277
Daily Good Figs / Anjeer,Nissin Geki - Hot and Spicy Korean Kimchi Flavoured Ramen Instant Noodles,0.38202606830556013
Cornitos Nacho Chips - Cheese And Herbs (55.0 GRAM),Sunfeast All Rounder Crunchy Potato Chatpata Masala Flavoured Crackers | Trans Fat-free,0.38201956271576526
Daily Good Tamarind / Imli (200.0 GRAM),Catch Jeera Whole (100.0 GRAM),0.38199166710970706
Beyond Snack Kerala Banana Chips - Peri Peri (70.0 GRAM),MAGGI 2-Minute Instant Noodles | Masala Noodles | Made With Quality Spices,0.3819744483159117
Everest Black Pepper Powder,Palekar Knot Premium Salty Khari | Preservative-free,0.38189283654009293
Satyam Nighties Spices Chilli Kashmiri (100.0 GRAM),Haldiram's Salted Peanut,0.38183235977995805
Scotch-Brite Scrub Sponge (Pack of 3),Let's Try Namkeen Combo Pack Of 6 (Crunchy Party Mix Peanut Party Mix Aloo Bhujia),0.38179782903663495
Hindalco Fresh wrapp Aluminium Foil - 9 m,Cheetos Cheese Puffs (28.0 GRAM),0.3817850618471879
ACT II Ready to Eat Popcorn - Sour Cream & Cheese Popcorn (50.0 GRAM),Cheetos Cheese Puffs (28.0 GRAM),0.3817620855849277
"Kotton Toilet Roll - 2 Ply -100% Virgin Pulp/Paper, Pack of 10 ,230 sheets (10.0 PIECE)",Kurkure Green Chutney Style (68.0 GRAM),0.38170399292765583
Daily Good Lachkari Kolam Raw Rice,Kurkure Green Chutney Style (68.0 GRAM),0.38170399292765583
Britannia Good Day Cashew Dry Fruit Biscuits| Trans Fat-free,Sunfeast Dark Fantasy Bourbon Chocolate Cream Biscuits | Trans Fat-free,0.38167267389915904
Nutrela Soya Granules (200.0 GRAM),Chheda's Yellow Banana Chips (170.0 GRAM),0.38157688109236454
Nissin Cup Noodles Italiano,Palekar Knot Premium Salty Khari | Preservative-free,0.38155246859308756
"ACT II Instant Popcorn - Cheese, Buy 2 Get 1 free offer, Hot & Fresh in 3 mins (210.0 GRAM)",Om Shanthi Havan Samagri | Cycle,0.38154269972451793
Maggi Special Masala Instant Noodles,Cheetos Cheese Puffs (28.0 GRAM),0.38152520495600556
Society Natural Tea (250.0 GRAM),RiteBite Max Protein 10g Protein Bar Choco Almond,0.38151965594580944
Sunfeast Farmlite Gold and Almond Oats Biscuits | Trans Fat-free,Crax Crunchy Pipes Salted Puff Snacks,0.38149080836061444
Daily Good Cashew | W320 (100.0 GRAM),MAGGI 2-Minute Instant Noodles | Masala Noodles | Made With Quality Spices,0.3814483127121708
Gits Gulab Jamun Instant Dessert Mix,Kinder Joy - Single Pack - Assorted,0.3814436656554033
Haldiram's All In One Mixture,Haldiram's Mini Bhakarwadi,0.38143893094386
Tata Sampann 100% Pure Premium Raisins/Kishmish Seedless,Haldiram's Bhujia Sev (200.0 GRAM),0.3813489474191601
Bingo! Original Style Chilli Sprinkled - Flat Cut Spicy Potato Chips Pack for Snacks,Aashirvaad 100% Chana Dal Besan (500.0 GRAM),0.3813451325633746
"Ritebite Max Protein Peri Peri 10G Multigrain Protein Chips, Healthy Snacks & Munchies",Kinder Joy - Single Pack - Assorted,0.38131549238065343
Nissin Geki - Hot and Spicy Korean Veg Flavoured Ramen Instant Noodles | 5 in 1 pack,Polka Pop Zero Sugar Blueberry Sparkling Water,0.3812982578667598
Pulse Guava 50 Candies,Haldiram's Moong Dal,0.38129583506295833
Aashirvaad Jeera (100.0 GRAM),Max Protein Choco Chips Flavoured Biscuits | Maida-free,0.381275358026379
Chheda's Long Masala Banana Chips (170.0 GRAM),RiteBite Max Protein 10g Protein Bar Choco Almond,0.3812669042513464
Alpenliebe Juzt Jelly Strawberry Flavour Pouch,Haldiram's Soan Papdi,0.3812288866676429
Rajam Banana Chips (150.0 GRAM),Britannia Treat Jimjam Naughty Jam Cream Biscuits | Trans Fat-free,0.3811541351993988
Ching's Schezwan Masala Instant Noodles,Lal Sweets Motichoor Laddu,0.3811339198435973
Ching's Schezwan Masala Instant Noodles,Piknik Classic Tomato Chilli,0.3811339198435973
Ching's Secret Manchurian Instant Noodle,Paper Boat Chikki Family Pack,0.3810835629017447
Let's Try Cheese Balls (60.0 GRAM),Max Protein Choco Chips Flavoured Biscuits | Maida-free,0.3810784182753323
Sunfeast Dark Fantasy Choco Rolls | Crunchy Wafer Rolls,Max Protein Choco Chips Flavoured Biscuits | Maida-free,0.3810784182753323
Beyond Snack Kerala Banana Chips - Hot & Sweet Chilli (70.0 GRAM),RiteBite Max Protein 10g Protein Bar Choco Almond,0.38107395541316247
Lay's Wafer Chips Red Chilli (48.0 GRAM),RiteBite Max Protein 10g Protein Bar Choco Almond,0.38107395541316247
Tata Sampann 100% Chana Dal Fine Besan,Haldiram's Bhujia Sev (200.0 GRAM),0.38106379117732125
Ezee Small Garbage Bags 17 x 19 Inch (30.0 PIECE),Aashirvaad 100% Chana Dal Besan (500.0 GRAM),0.3810555072078683
Let's Try Salted Peanuts,Kurkure Solid Masti Masala Twisteez (61.0 GRAM),0.3810293336890549
Britannia Treat Jimjam Naughty Jam Cream Biscuits | Trans Fat-free,Daily Good Raw Peanut - Singdana,0.38102321679545004
Parle Krack Jack Sweet and Salty Plain Crackers | Artificial Colour-free,Cheetos Masala Balls (28.0 GRAM),0.3810068474194959
Parle Hide & Seek Chocolate Chip Biscuits | Trans Fat-free,RiteBite Max Protein 10g Protein Bar Choco Almond,0.3809753593056816
Nissin Geki - Hot and Spicy Korean Chicken Flavoured Ramen Instant Noodles,Crax Crunchy Pipes Salted Puff Snacks,0.38094399879296903
Aashirvaad Jeera (100.0 GRAM),Kurkure Solid Masti Masala Twisteez (61.0 GRAM),0.3809020760937361
Hershey's Vanilla Milkshake,Chheda's Golden Plain Salted Chips (170.0 GRAM),0.38089039520910195
Namaskaram Nachani (Ragi) Chips,Kinder Joy - Single Pack - Assorted,0.3808577306851185
Orbit Sugar Free Spearmint Chewing Gum Tube (19800.0 MILLIGRAM),Kinder Joy - Single Pack - Assorted,0.3808577306851185
"Ching's Secret Veg Hakka Noodles, Cooks In 5-7 mins, Just Soak & Drain",Crax Crunchy Pipes Salted Puff Snacks,0.3808461012025308
Tulips Paper Stick Cotton Buds Jar (100.0 PIECE),Cheetos Cheese Puffs (28.0 GRAM),0.38083176102794347
Daily Good Tamarind / Imli (200.0 GRAM),Cheetos Masala Balls (28.0 GRAM),0.3807840295395683
Doritos Nacho Cheese Flavoured Corn Chips,Lay's American Cream & Onion Potato Chips,0.3807618012797295
Top Ramen Noodles Curry Veg Pouch,"Ching's Secret Veg Hakka Noodles, Cooks In 5-7 mins, Just Soak & Drain",0.3807607017398423
Modern Kitchens Hot Chips Salted (100.0 GRAM),The Healthy Binge Quinoa Baked Chips Smokey Bbq -High Protein And Fibre (40.0 GRAM),0.3807422097512605
Stroom Cookie Crunch Delight 20g protein Bars (63.0 GRAM),"Vicks Vaporub - Relief for Cold, Cough, Congestion",0.380709534368071
"Kotton Toilet Roll - 2 Ply -100% Virgin Pulp/Paper, Pack of 10 ,230 sheets (10.0 PIECE)",Kurkure Solid Masti Masala Twisteez (61.0 GRAM),0.380705329153605
Epigamia Turbo Coffee Protein Milkshake,Palekar Knot Premium Salty Khari | Preservative-free,0.38067855089131686
Ferrero Rocher Moments Pack,Haldiram's Salted Peanut,0.38065021625122747
Cornitos Nacho ChipsÂ  Tikka Masala (55.0 GRAM),Haldiram's Lite Chiwda (200.0 GRAM),0.38061307388986865
Chheda's Salt & Pepper Banana Chips,Cheetos Cheese Puffs (28.0 GRAM),0.3805908037174567
Haldiram's Mixture (400.0 GRAM),Om Shanthi Havan Samagri | Cycle,0.38057267591165894
Nutrela Soya Granules (200.0 GRAM),Haldiram's Moong Dal,0.38054079380540795
Hershey's Milkshake Cashew Butterscotch Ice Cream Flavor,BAY6 Dishwashbar,0.3805285375533309
Let's Try Teekha Tadka Makhana Puffs (60.0 GRAM),Modern Kitchens Spicy Murukku (150.0 GRAM),0.38050296782255544
Hershey's Milkshake Cashew Butterscotch Ice Cream Flavor,Parle Melody Chocolaty Toffee (176.0 GRAM),0.3805008102880443
Chheda's Long Masala Banana Chips (170.0 GRAM),Max Protein Choco Chips Flavoured Biscuits | Maida-free,0.3804995649817496
Daily Good Lachkari Kolam Raw Rice,Daily Good Sooji / Rava (1.0 KILOGRAM),0.38048717451702535
Aashirvaad Jeera (100.0 GRAM),RiteBite Max Protein 10g Protein Bar Choco Almond,0.38048314307918857
Rajdhani Roasted Chana (200.0 GRAM),Sunfeast Dark Fantasy Bourbon Chocolate Cream Biscuits | Trans Fat-free,0.3804678312655034
Modern Kitchens Banana Chips Salted,The Whole Truth Double Cocoa Protein Bar,0.3804586747982974
Britannia Treat Rich Creme Choco Flavoured Wafers | Trans Fat-free,"Ching's Secret Veg Hakka Noodles, Cooks In 5-7 mins, Just Soak & Drain",0.38045388409138153
Lay's Wafer Chips Red Chilli (48.0 GRAM),Palekar Jeeo Butter | Toasted Buns With Jeera And Khari | Trans Fat-free,0.3804290874014151
Veeba Veg Mayonnaise Burger,Lal Sweets Motichoor Laddu,0.38032126756248086
"Maggi Nutri-licious Masala Veg Atta Noodles, Instant Noodles",Cheetos Cheese Puffs (28.0 GRAM),0.38030010731540287
Sweet Karam Coffee Onion Kodubale / Ring Murukku | No Palm Oil and No Maida,Kotton Multipurpose Napkin | 100% Virgin Pulp-Paper | 25 cm X 25 cm | 100Pcs,0.38025728169911316
Everest Cumin Powder (100.0 GRAM),Lay's Spanish Tomato Tango Potato Chips,0.3802534389170382
Om Shanthi Havan Samagri | Cycle,YiPPee! Magic Masala Noodles with Added Veggies - The Better Noodles,0.38022375713458517
Everest Cumin Powder (100.0 GRAM),Haldiram's Masala Tasty Nuts (200.0 GRAM),0.3802089389875649
Uncle Chipps - Spicy Treat,Palekar Jeeo Butter | Toasted Buns With Jeera And Khari | Trans Fat-free,0.38015624798898284
Figaro Extra Virgin Olive Oil,Let's Try Salted Peanuts,0.38014552823063463
Top Ramen Noodles Curry Veg Pouch,Haldiram's Soan Papdi,0.3801275995612366
"Haldirams Namkeen - Tasty Nuts, (400.0 GRAM)",Max Protein Choco Chips Flavoured Biscuits | Maida-free,0.38008860420188995
"Ching's Secret Veg Hakka Noodles, Cooks In 5-7 mins, Just Soak & Drain",Palekar Knot Premium Salty Khari | Preservative-free,0.38006711730491893
Catch Turmeric Powder (200.0 GRAM),Scotch-Brite Scrub Sponge (Pack of 3),0.37996894627145433
The Whole Truth Double Cocoa Protein Bar,Crax Crunchy Pipes Salted Puff Snacks,0.3799243002103414
Hindalco Fresh wrapp Aluminium Foil - 9 m,Haldiram's Moong Dal,0.37985698285517355
BORGES Durum Wheat Pasta Penne Rigate,MAGGI 2-Minute Instant Noodles | Masala Noodles | Made With Quality Spices,0.37980413895048043
Moov Fast Pain Relief Spray (50.0 GRAM),MAGGI 2-Minute Instant Noodles | Masala Noodles | Made With Quality Spices,0.37980413895048043
Haldiram's Masala Tasty Nuts (200.0 GRAM),MAGGI 2-Minute Instant Noodles | Masala Noodles | Made With Quality Spices,0.37980413895048043
Catch Peri Peri Sprinkler (90.0 GRAM),Haldiram's Masala Tasty Nuts (200.0 GRAM),0.3797947680300621
Orbit Sugar Free Sweetmint Chewing Gum Tube (19800.0 MILLIGRAM),Let's Try Namkeen Combo Pack Of 6 (Crunchy Party Mix Peanut Party Mix Aloo Bhujia),0.37977528089887636
Bauli Moonfils Croissants Choco Cream (Egg) (50.0 GRAM),Let's Try Salted Peanuts,0.3797322142559343
"Tata Sampann Hing, Compounded Asafoetida | Bandhani Hing, Strong Flavour & Aroma (50.0 GRAM)",Om Shanthi Havan Samagri | Cycle,0.3797258297258298
YiPPee! Suji Tricolor Creamy Corn Pasta,Kurkure Masala Munch,0.3796796764838907
Tropicana Delight Mixed Fruit Juice,Kinder Joy - Single Pack - Assorted,0.37961106053557636
Ching's Schezwan Masala Instant Noodles,Bhagirathi Rajgira Peeth | Amaranth Flour,0.37958198335556825
Catch Peri Peri Sprinkler (90.0 GRAM),Let's Try Namkeen Combo Pack Of 6 (Crunchy Party Mix Peanut Party Mix Aloo Bhujia),0.37957219251336893
Haldiram's Moong Dal,Max Protein Choco Chips Flavoured Biscuits | Maida-free,0.3795703453871803
ACT II Ready to Eat Caramel Popcorn - Classic Caramel Bliss (35.0 GRAM),Aashirvaad 100% Chana Dal Besan (500.0 GRAM),0.3795623429946713
Modern Kitchens Potato Chips Salted (70.0 GRAM),The Healthy Binge Quinoa Baked Chips Smokey Bbq -High Protein And Fibre (40.0 GRAM),0.3795524512965284
Bauli Moonfils Croissants Choco Cream,RiteBite Max Protein 10g Protein Bar Choco Almond,0.3794750437121282
Everest Dry Mango Powder,Palekar Knot Premium Salty Khari | Preservative-free,0.37939680492871986
Lijjat Moong Papad,Lal Sweets Motichoor Laddu,0.3793775423327972
Everest Kashmiri Lal Chilli Powder,Rajdhani Roasted Chana (200.0 GRAM),0.37937124408643397
The Healthy Binge Ragi Baked Chips Chatpata Chaat- High Protein & Fibre (40.0 GRAM),Haldiram's Moong Dal,0.3793064654887168
Beyond Snack Kerala Banana Chips - Original Style (25.0 GRAM),Modern Kitchens Butter Murukku,0.3792987103080756
Everest Powder - Tea Masala (100.0 GRAM),MAGGI 2-Minute Instant Noodles | Masala Noodles | Made With Quality Spices,0.3792654096753733
Sunfeast Dark Fantasy Vanilla Cream Dark Crunchy Biscuits | Artificial Colour-free,Max Protein Choco Chips Flavoured Biscuits | Maida-free,0.3792418957776199
Mr Makhana Super Snack - Himalayan Salt And Pepper,Haldiram's Moong Dal,0.37923477649505044
Kinder Creamy Milky And Cocoa With Extruded Rice (19.0 GRAM),Om Shanthi Havan Samagri | Cycle,0.3791998936735779
Haldiram's Bhujia Sev (200.0 GRAM),Kurkure Solid Masti Masala Twisteez (61.0 GRAM),0.37917120375510693
YiPPee! Magic Masala Noodles with Added Veggies - The Better Noodles,RiteBite Max Protein 10g Protein Bar Choco Almond,0.3791321772964074
Cornitos Nacho Chips - Peri Peri (55.0 GRAM),Cornitos Nacho Chips - Cheese And Herbs (55.0 GRAM),0.3791224692089462
Catch Masala Amchur Powder,Chheda's Yellow Banana Chips (170.0 GRAM),0.3790093347910184
"Aashirvaad Chilli Powder, Red Hot Chilli Powder with No Added Flavours and Colours",Haldiram's Moong Dal,0.3789849512140919
Chheda's Long Masala Banana Chips (170.0 GRAM),Aashirvaad 100% Chana Dal Besan (500.0 GRAM),0.3789764177970877
Top Ramen Noodles Curry Veg Pouch,Haldiram Aloo Bhujia ,0.3789637405103188
Malkist Double Chocolatey Crunchy Layered Crackers,MAGGI 2-Minute Instant Noodles | Masala Noodles | Made With Quality Spices,0.3789269931330428
Let's Try Salted Peanuts,Palekar Jeeo Butter | Toasted Buns With Jeera And Khari | Trans Fat-free,0.37891357089207495
Ezee Biodegradable Medium Garbage Bags 19 x 21 Inch (30.0 PIECE),Sunfeast Dark Fantasy Bourbon Chocolate Cream Biscuits | Trans Fat-free,0.378811046768614
Modern Kitchens Hot Chips Spicy,Haldiram's Lite Chiwda (200.0 GRAM),0.37876471980143683
Veeba Chef'S Special Veg Mayonnaise Smart,Tata Sampann Chilli Powder with Natural Oils Lal Mirchi Powder,0.3787587412587412
Catch Chatpata Chat Masala Carton (100.0 GRAM),Organic Tattva Brown Sugar Pouch,0.3787059787059788
Daily Good Sooji Rava Barik / Chiroti Sooji,Daily Good Roasted Chana Dal / Phutana,0.3786412205016857
Cornitos Nacho Crisps - Cheese And Herbs,Kotton Multipurpose Napkin | 100% Virgin Pulp-Paper | 25 cm X 25 cm | 100Pcs,0.37862497160596653
Haldiram's Panchratan Mixture,Haldiram's Bhujia Sev (200.0 GRAM),0.37860277953575167
Dabur Real Litchi Fruit Juice,MAGGI 2-Minute Instant Noodles | Masala Noodles | Made With Quality Spices,0.378590707196645
Maggi Pazzta Instant Pasta - Masala Penne (69.0 GRAM),Max Protein Choco Chips Flavoured Biscuits | Maida-free,0.37850107631598223
Kinder Creamy Milky And Cocoa With Extruded Rice (19.0 GRAM),Kotton Multipurpose Napkin | 100% Virgin Pulp-Paper | 25 cm X 25 cm | 100Pcs,0.3784236824131935
Haldirams Namkeen - Khara Boondi,Sunfeast Dark Fantasy Bourbon Chocolate Cream Biscuits | Trans Fat-free,0.37838418809285446
Nissin Cup Noodles Italiano,Top Ramen Noodles Curry Veg Pouch,0.3783583636956071
Balaji Cream & Onion Wafers (135.0 GRAM),Kurkure Solid Masti Masala Twisteez (61.0 GRAM),0.37832592084639494
Cornitos Nacho Crisps - Sizzlin Jalapeno (77.0 GRAM),Piknik Classic Tomato Chilli,0.3782682512733447
Nova Nova Waffle Chips- Classic Chocolate Drizzle,Max Protein Choco Chips Flavoured Biscuits | Maida-free,0.37820652294919943
Catch Red Chilli Powder (200.0 GRAM),Let's Try Namkeen Combo Pack Of 6 (Crunchy Party Mix Peanut Party Mix Aloo Bhujia),0.37818181818181823
Epigamia Turbo Coffee Protein Milkshake,Smoodh Chocolate Milk Drink | Pet,0.3781808049849287
"Taali Roasted Protein Puffs| Cheese & Herbs| Protein Rich, No Maida,No palm oil| Cheeseballs 2.0",Kotton Multipurpose Napkin | 100% Virgin Pulp-Paper | 25 cm X 25 cm | 100Pcs,0.37817795274928895
Everest Super Garam Masala Pouch,Crax Crunchy Pipes Salted Puff Snacks,0.3781734969835656
Lay's Wafer Chips Red Chilli (48.0 GRAM),Scotch-Brite Scrub Sponge (Pack of 3),0.378104691851746
"Uncle Chipps Potato Chips, Plain Salted Flavour, Crispy Chips & Snacks (48.0 GRAM)",Max Protein Choco Chips Flavoured Biscuits | Maida-free,0.37807627571712765
Daily Good Cashew | W320 (100.0 GRAM),Kurkure Green Chutney Style (68.0 GRAM),0.37806871680453524
"Uncle Chipps Potato Chips, Plain Salted Flavour, Crispy Chips & Snacks (48.0 GRAM)",Origami Luncheon Tissue Paper Napkins - 32 X 32 cm - 50 Serviettes,0.3780025799584815
Tata Sampann 100% Chana Dal Fine Besan,Haldiram's Masala Tasty Nuts (200.0 GRAM),0.37798622151563327
Everest Tikhalal Powder Pouch (200.0 GRAM),Rajdhani Roasted Chana (200.0 GRAM),0.37797416216981167
Haldiram's Ratlami Sev (200.0 GRAM),MAGGI 2-Minute Instant Noodles | Masala Noodles | Made With Quality Spices,0.37797130396358797
Crax Cheese Balls Puff Snacks (65.0 GRAM),Haldiram's Masala Tasty Nuts (200.0 GRAM),0.3779696293457761
Catch Dhania Powder (200.0 GRAM),Haldiram's Bhujia Sev (200.0 GRAM),0.37786857892902426
Tata Sampann Masoor Dal (500.0 GRAM),Stroom Choco Almond Bliss Protein Bars (45.0 GRAM),0.3778391820945013
Pulse Guava 50 Candies,Chheda's Yellow Banana Chips (170.0 GRAM),0.3778359312777335
Parle G Original Milk Glucose Biscuits,Kurkure Yummy PuffCorn Yummy Cheese Chips,0.37780202614228947
Everest Super Garam Masala Pouch,Om Shanthi Havan Samagri | Cycle,0.3777272727272727
Superyou Strawberry Protein Wafer Bar (40.0 GRAM),Om Shanthi Havan Samagri | Cycle,0.3777272727272727
Hindalco Fresh wrapp Aluminium Foil - 9 m,RiteBite Max Protein 10g Protein Bar Choco Almond,0.3777185872522919
Bingo! Original Style Chilli Sprinkled - Flat Cut Spicy Potato Chips Pack for Snacks,RiteBite Max Protein 10g Protein Bar Choco Almond,0.3777141386368979
Alpenliebe Juzt Jelly Strawberry Flavour Pouch,Lal Sweets Motichoor Laddu,0.3776372783771422
Daily Good Pistachios California Salted,Kurkure Solid Masti Masala Twisteez (61.0 GRAM),0.3776147323855683
Sunfeast Dark Fantasy Bourbon Chocolate Cream Biscuits | Trans Fat-free,RiteBite Max Protein 10g Protein Bar Choco Almond,0.377607222438795
Tata Sampann Chilli Powder with Natural Oils Lal Mirchi Powder,Chheda's Yellow Banana Chips (170.0 GRAM),0.37755480335267566
Tata Sampann Unpolished Urad Kali,Tata Sampann 100% Chana Dal Fine Besan,0.3775498298492951
Scotch-Brite Scrub Sponge (Pack of 3),Lay's Spanish Tomato Tango Potato Chips,0.3775487444471292
Cornitos Jalapeno Nachos and Salsa Dip Tray (75.0 GRAM),Piknik Classic Tomato Chilli,0.377504072987944
MasterChow Korean Instant Cup Noodles - Korean 2X Spicy Flavour Veg,Max Protein Choco Chips Flavoured Biscuits | Maida-free,0.3774491000060435
Sugar Free D'Lite Choco Chip Biscuits | Trans Fat-free,Scotch-Brite Scrub Sponge (Pack of 3),0.3774197195838987
Orbit Sugar Free Spearmint Chewing Gum Tube (19800.0 MILLIGRAM),Haldiram's Masala Tasty Nuts (200.0 GRAM),0.377402510735844
Catch Turmeric Powder (200.0 GRAM),Haldiram's Moong Dal,0.37736495016540206
Tata Sampann Turmeric Powder With Natural Oils,Haldiram's Masala Tasty Nuts (200.0 GRAM),0.37732856823765915
Lay's Classic Salted Potato Chips (50.0 GRAM),Kurkure Green Chutney Style (68.0 GRAM),0.3773277688049183
MasterChow Korean Instant Cup Noodles - Korean 2X Spicy Flavour Veg,"Ching's Secret Veg Hakka Noodles, Cooks In 5-7 mins, Just Soak & Drain",0.3772834350572867
Everest Powder - Tea Masala (100.0 GRAM),Ezee Medium Garbage Bags 19x 21 Inch (30.0 PIECE),0.3772645099303422
Hindalco Fresh wrapp Aluminium Foil - 9 m,Palekar Jeeo Butter | Toasted Buns With Jeera And Khari | Trans Fat-free,0.37722193732697523
Britannia Vita Butter Marie Gold Biscuits | Trans Fat-free,Kurkure Yummy PuffCorn Yummy Cheese Chips,0.37712605761975476
Lay's Spanish Tomato Tango Potato Chips,Haldiram's Moong Dal,0.37711725056911766
Society Natural Tea (250.0 GRAM),Let's Try Salted Peanuts,0.37706742678747157
Doublemint Lemonmint Flavour Chewymints Tube (27300.0 MILLIGRAM),Crax Crunchy Pipes Salted Puff Snacks,0.3770479806234955
YiPPee! 100% Suji Cheese Pasta Treat,Haldiram's Masala Tasty Nuts (200.0 GRAM),0.3770410140780511
Beyond Snack Kerala Banana Chips - Peri Peri (70.0 GRAM),RiteBite Max Protein 10g Protein Bar Choco Almond,0.377029905274084
Namaskaram Methi Khakhra,RiteBite Max Protein 10g Protein Bar Choco Almond,0.37702812001853203
"B Natural Orange Juice, 100% Pulp, No Concentrate",Mr Makhana Super Snack - Pudina Party,0.3769641765738057
Haldiram's All In One Mixture,The Theatre Project Gourmet Popcorn - Cheddar Cheese (60.0 GRAM),0.37694856335886157
Colombian Brew Original Instant Coffee Sachets | 40 Sachets,Haldiram's Masala Tasty Nuts (200.0 GRAM),0.37694568790459193
ACT II Ready to Eat Popcorn - Sour Cream & Cheese Popcorn (50.0 GRAM),Let's Try Salted Peanuts,0.376906149017246
Rajam Garlic Mixture,Society Natural Tea (250.0 GRAM),0.3769034040565141
Nissin Geki - Hot and Spicy Korean Chicken Flavoured Ramen Instant Noodles,Kotton Multipurpose Napkin | 100% Virgin Pulp-Paper | 25 cm X 25 cm | 100Pcs,0.37688503667151346
Sweet Karam Coffee Onion Kodubale / Ring Murukku | No Palm Oil and No Maida,Crax Crunchy Pipes Salted Puff Snacks,0.37687393170183503
Parle Hide & Seek Milano Choco Filled Hazelnut Chocolate Centre Fills | Trans Fat-free,Modern Kitchens Butter Murukku,0.376809104873621
Kurkure Playz Puffcorn Yummy Cheese,Cheetos Cheese Puffs (28.0 GRAM),0.3767632359994162
Nongshim Korean Shin Ramyun Cup Noodle Soup Non Veg,Rajdhani Roasted Chana (200.0 GRAM),0.3767548906789413
Parle Hide & Seek Milano Mixed Berries Centre Fills| Preservative-free,Rajdhani Roasted Chana (200.0 GRAM),0.3767548906789413
Kurkure Schezwan Chutney (68.0 GRAM),Haldiram's Bhujia Sev (200.0 GRAM),0.3767094728586899
Let's Try Teekha Tadka Makhana Puffs (60.0 GRAM),Kurkure Green Chutney Style (68.0 GRAM),0.37661460635528704
Orion K Snack Rings 3x Spicy,Chheda's Golden Plain Salted Chips (170.0 GRAM),0.3765173711538883
Too Yumm! Noodles Masala | Spicy No Palm Oil Crisps (67.0 GRAM),Palekar Jeeo Butter | Toasted Buns With Jeera And Khari | Trans Fat-free,0.3765037890542149
Balaji Masala Masti Chips (135.0 GRAM),Kurkure Solid Masti Masala Twisteez (61.0 GRAM),0.37647526994078717
Haldiram's Panchratan Mixture,Haldiram's Mini Bhakarwadi,0.37646158141159425
BORGES Durum Wheat Pasta Penne Rigate,Colombian Brew Original Instant Coffee Sachets | 40 Sachets,0.37644250726442496
Doritos Nacho Cheese Flavoured Corn Chips,Colombian Brew Original Instant Coffee Sachets | 40 Sachets,0.37644250726442496
Chheda's Small Bhakarwadi,RiteBite Max Protein 10g Protein Bar Choco Almond,0.3764121687608819
"Ritebite Max Protein Spanish Tomato 10G Multigrain Protein Chips, Healthy Snacks & Munchies",Modern Kitchens Butter Murukku,0.3762643206256109
Mysore Sandal Soap,Chheda's Yellow Banana Chips (170.0 GRAM),0.3762550277995839
Doritos Nacho Cheese Flavoured Corn Chips,Haldiram's Moong Dal,0.37621189059545224
Everest Kashmiri Lal Chilli Powder,Lay's Spanish Tomato Tango Potato Chips,0.3761934412619344
Daadi'S Coconut Ghee Burfi (200.0 GRAM),MAGGI 2-Minute Instant Noodles | Masala Noodles | Made With Quality Spices,0.3761869566747616
Britannia Pure Magic Choco Stars Chocolate Cream Biscuits | Trans Fat-free,RiteBite Max Protein 10g Protein Bar Choco Almond,0.376144640567022
MAGGI Pazzta Instant Pasta - Mushroom Penne (68.0 GRAM),Korean Nongshim Shin Ramyun Noodle Soup Veg,0.3761369121626563
Origami Luncheon Tissue Paper Napkins - 32 X 32 cm - 50 Serviettes,RiteBite Max Protein 10g Protein Bar Choco Almond,0.3761346867539927
"Maggi Nutri-licious Masala Veg Atta Noodles, Instant Noodles",Let's Try Namkeen Combo Pack Of 6 (Crunchy Party Mix Peanut Party Mix Aloo Bhujia),0.3761342235918507
Nestle EveryDay Dairy Whitener,Sunfeast Dark Fantasy Bourbon Chocolate Cream Biscuits | Trans Fat-free,0.3761264477799518
Lay's Spanish Tomato Tango Potato Chips,Cheetos Cheese Puffs (28.0 GRAM),0.3760820702852109
Orion K Snack Rings 3x Spicy,Let's Try Namkeen Combo Pack Of 6 (Crunchy Party Mix Peanut Party Mix Aloo Bhujia),0.3760651289009498
Lay's American Cream & Onion Potato Chips (48.0 GRAM),Lay's India's Magic Masala Potato Chips,0.3760261750725188
Parle Hide & Seek Milano Mixed Berries Centre Fills| Preservative-free,Max Protein Choco Chips Flavoured Biscuits | Maida-free,0.3759973726983279
Disano Rolled Oats 100% Whole Grain,Kinder Joy - Single Pack - Assorted,0.37597493926607856
Everest Black Pepper Powder,Crax Crunchy Pipes Salted Puff Snacks,0.375961956065533
Stash-Pro Brown Ripper Tipper 32 Roach 32 Paper (1.0 PIECE),Origami Luncheon Tissue Paper Napkins - 32 X 32 cm - 50 Serviettes,0.3759128484313062
Bauli Moonfils Croissants Strawberry (Veg),Everest Chhole Masala,0.37591010778930234
Britannia Marie Gold Biscuits Plain | Trans Fat-free,Sunfeast Dark Fantasy Bourbon Chocolate Cream Biscuits | Trans Fat-free,0.3758757636638627
Orion K Snack Rings 3x Spicy,Om Shanthi Havan Samagri | Cycle,0.37584803256445054
L'Oreal Paris Total Repair 5 Conditioner,Parle Krack Jack Sweet and Salty Plain Crackers | Artificial Colour-free,0.3758414595784838
RiteBite Max Protein 10g Protein Bar Choco Almond,Cheetos Cheese Puffs (28.0 GRAM),0.37581821763351797
RiteBite Max Protein 10g Protein Bar Choco Almond,Haldiram's Moong Dal,0.37580875843503325
Parle G Original Milk Glucose Biscuits,Parle Hide & Seek Chocolate Chip Biscuits | Trans Fat-free,0.3757731400565671
Beyond Snack Kerala Banana Chips - Original Style (25.0 GRAM),Kotton Multipurpose Napkin | 100% Virgin Pulp-Paper | 25 cm X 25 cm | 100Pcs,0.375738094989616
Maggi Masala-ae-Magic Sabzi Masala,RiteBite Max Protein 10g Protein Bar Choco Almond,0.3756613886760081
Hellmann's Eggless Mayonnaise World's No.1 Mayonnaise Brand (85.0 GRAM),Maggi Masala Noodles No Onion No Garlic,0.37565065247503104
Lal Milk Cake Signature,Let's Try Salted Peanuts,0.3756347997859994
Daily Good Cashew | W320 (100.0 GRAM),Aashirvaad 100% Chana Dal Besan (500.0 GRAM),0.37559479237103355
Beyond Snack Kerala Banana Chips - Original Style (25.0 GRAM),"Ching's Secret Veg Hakka Noodles, Cooks In 5-7 mins, Just Soak & Drain",0.3755448017160088
Top Ramen Masala Instant Noodles,Haldiram's Soan Papdi,0.37553890328454376
Modern Kitchens Hot Chips Salted (100.0 GRAM),Haldiram's Salted Peanut,0.37553042916996293
Everest Black Pepper Powder,Om Shanthi Havan Samagri | Cycle,0.3755183413078149
Farmley Premium California Natural Dried Cranberry,Society Natural Tea (250.0 GRAM),0.3754811270600744
Catch Jeera Whole (100.0 GRAM),Britannia 50-50 Maska Chaska Biscuits Butter Flavoured Crackers | Trans Fat-free,0.3754486357150064
Aashirvaad Jeera (100.0 GRAM),Chheda's Yellow Banana Chips (170.0 GRAM),0.3754183764079855
Top Ramen Masala Instant Noodles,Om Shanthi Havan Samagri | Cycle,0.37541701417848206
Figaro Extra Virgin Olive Oil,Sunfeast All Rounder Crunchy Potato Chatpata Masala Flavoured Crackers | Trans Fat-free,0.3754112554112554
Daily Good Raw Peanut - Singdana,Aashirvaad 100% Chana Dal Besan (500.0 GRAM),0.3753930847613906
Haldiram's Ratlami Sev (200.0 GRAM),Let's Try Salted Peanuts,0.3753633304121011
Sunfeast Dark Fantasy Choco Centre Fills | Preservative-free,MAGGI Pazzta Instant Pasta - Cheese Macaroni,0.37535410159138577
Haldiram's Lite Chiwda (200.0 GRAM),Let's Try Salted Peanuts,0.3753455514661341
Modern Kitchens Hot Chips Salted (100.0 GRAM),Haldiram's Lite Chiwda (200.0 GRAM),0.3753440679618096
Tata Sampann 100% Pure Premium Cashews/Kaju Whole,MAGGI 2-Minute Instant Noodles | Masala Noodles | Made With Quality Spices,0.3753358549628277
Modern Kitchens Hot Chips Spicy,Om Shanthi Havan Samagri | Cycle,0.3753059440559441
Modern Kitchens Wheel Chips,Kinder Joy - Single Pack - Assorted,0.37529134846741286
Everest Sabji Masala,"Ching's Secret Veg Hakka Noodles, Cooks In 5-7 mins, Just Soak & Drain",0.3752872264061899
Namaskaram Methi Khakhra,Max Protein Choco Chips Flavoured Biscuits | Maida-free,0.37528296456841903
Ching's Schezwan Masala Instant Noodles,Let's Try Salted Peanuts,0.3752718676122932
"Tata Sampann Hing, Compounded Asafoetida | Bandhani Hing, Strong Flavour & Aroma (50.0 GRAM)",Tata Sampann 100% Chana Dal Fine Besan,0.37524488583312116
Disano Rolled Oats 100% Whole Grain,Haldiram's Bhujia Sev (200.0 GRAM),0.37524449157535056
Veeba Veg Mayonnaise Burger,Parle Hide & Seek Milano Chocolate Flavoured Biscuits,0.37521567637499603
Modern Kitchens Hot Chips Spicy,The Healthy Binge Ragi Baked Chips Chatpata Chaat- High Protein & Fibre (40.0 GRAM),0.37514036687949726
Gits Gulab Jamun Instant Dessert Mix,"Ching's Secret Veg Hakka Noodles, Cooks In 5-7 mins, Just Soak & Drain",0.3751275297141021
Let's Try Namkeen Combo Pack Of 6 (Crunchy Party Mix Peanut Party Mix Aloo Bhujia),Chheda's Yellow Banana Chips (170.0 GRAM),0.3751074457457436
Chheda's Mix Farsan (170.0 GRAM),Sunfeast Dark Fantasy Bourbon Chocolate Cream Biscuits | Trans Fat-free,0.3750976615782654
Gits Gulab Jamun Instant Dessert Mix,Haldiram's Masala Tasty Nuts (200.0 GRAM),0.375092547092547
Figaro Extra Virgin Olive Oil,Kinder Joy - Single Pack - Assorted,0.3749983809822705
Modern Kitchens Wheel Chips,Modern Kitchens Butter Murukku,0.3749931573802541
Beyond Snack Kerala Banana Chips - Original Style (70.0 GRAM),Chheda's Yellow Banana Chips (170.0 GRAM),0.37499226210373643
Too Yumm! Karare Munchy Masala | Spicy | No Palm Oil Crisps,Cheetos Cheese Puffs (28.0 GRAM),0.37495034183296383
"Yoga Bar Muesli Dark Chocolate & Cranberry,Breakfast Cereals, Protein Granola, Gluten Free",Sunfeast All Rounder Crunchy Potato Chatpata Masala Flavoured Crackers | Trans Fat-free,0.37490118577075093
Tata Sampann 100% Pure Premium Raisins/Kishmish Seedless,Scotch-Brite Scrub Sponge (Pack of 3),0.37481682496607877
Lijjat Moong Papad,Bhagirathi Rajgira Peeth | Amaranth Flour,0.37468415131227056
Everest Sabji Masala,Everest Pav Bhaji Masala (100.0 GRAM),0.3746453297015095
Everest Black Pepper Powder,Kotton Multipurpose Napkin | 100% Virgin Pulp-Paper | 25 cm X 25 cm | 100Pcs,0.37463944558906165
Cornitos Nacho Crisps - Sizzlin Jalapeno (77.0 GRAM),Kotton Multipurpose Napkin | 100% Virgin Pulp-Paper | 25 cm X 25 cm | 100Pcs,0.37463944558906165
Ferrero Rocher Moments Pack,Haldiram's Moong Dal,0.37460643444781866
Lijjat Urad Papad,Haldiram's Moong Dal,0.37460643444781866
Britannia Marie Gold Biscuits Plain | Trans Fat-free,Kurkure Solid Masti Masala Twisteez (61.0 GRAM),0.3745649206188694
Cavin's Strawberry Milkshake,Piknik Classic Tomato Chilli,0.3744939560832558
Cadbury Chocobakes Choclayered Chocolate Cake,Aashirvaad 100% Chana Dal Besan (500.0 GRAM),0.37448558466980153
Everest Black Pepper Powder,"Ching's Secret Veg Hakka Noodles, Cooks In 5-7 mins, Just Soak & Drain",0.374446717500465
Cornitos Nacho Crisps - Sizzlin Jalapeno (77.0 GRAM),"Ching's Secret Veg Hakka Noodles, Cooks In 5-7 mins, Just Soak & Drain",0.374446717500465
Heka Bites Roasted Chana Jor - Indian Herbs - Low Calorie & Healthy Snacks,Uncle Chipps - Spicy Treat,0.3744427573641057
Amul Taaza Homogenised Toned Milk (Tetra Pack),Britannia 50-50 Maska Chaska Biscuits Butter Flavoured Crackers | Trans Fat-free,0.3744101918842403
Chheda's Small Bhakarwadi,Sunfeast Dark Fantasy Bourbon Chocolate Cream Biscuits | Trans Fat-free,0.3743975475403415
Rajam Garlic Mixture,Cheetos Cheese Puffs (28.0 GRAM),0.3743726063293691
Haldiram's Salted Peanut,Let's Try Namkeen Combo Pack Of 6 (Crunchy Party Mix Peanut Party Mix Aloo Bhujia),0.37436284239777695
Cadbury Oreo Vanilla Flavour Creme Sandwich Biscuit Family Pack,Max Protein Choco Chips Flavoured Biscuits | Maida-free,0.37434307878953577
Catch Chatpata Chat Masala Carton (100.0 GRAM),Om Shanthi Havan Samagri | Cycle,0.37432432432432433
Namaskaram Bombay Mix,Parle Krack Jack Sweet and Salty Plain Crackers | Artificial Colour-free,0.37432290822665154
Cadbury Oreo Vanilla Flavour Creme Sandwich Biscuit Mega Family Pack,Britannia Treat Jimjam Naughty Jam Cream Biscuits | Trans Fat-free,0.3743187580801956
Daily Good Tamarind / Imli (200.0 GRAM),Britannia Treat Jimjam Naughty Jam Cream Biscuits | Trans Fat-free,0.3742951713518511
Daily Good Saunf / Fennel,Haldiram's Masala Tasty Nuts (200.0 GRAM),0.3742904960296264
Kurkure Schezwan Chutney (68.0 GRAM),Cheetos Cheese Puffs (28.0 GRAM),0.3742875409791465
BAY6 Dishwashbar,Kurkure Solid Masti Masala Twisteez (61.0 GRAM),0.37420292408266187
Britannia Little Hearts Classic Crunch Flavoured Biscuits | Cholesterol-free,RiteBite Max Protein 10g Protein Bar Choco Almond,0.37417921881155514
Lijjat Moong Papad,Everest Chhole Masala,0.374177803145112
"Ritebite Max Protein Spanish Tomato 10G Multigrain Protein Chips, Healthy Snacks & Munchies",Kinder Joy - Single Pack - Assorted,0.37406088502981477
Nissin Geki - Hot and Spicy Korean Kimchi Flavoured Ramen Instant Noodles,Lal Sweets Motichoor Laddu,0.37399939326524423
YiPPee! 100% Suji Cheese Pasta Treat,Haldiram's Bhujia Sev (200.0 GRAM),0.37398104210876687
Lay's Classic Salted Potato Chips (50.0 GRAM),Balaji Tomato Wafers (135.0 GRAM),0.37390610831303056
Haldiram's Bhujia Sev (200.0 GRAM),Chheda's Golden Plain Salted Chips (170.0 GRAM),0.37386851501355106
Bauli Moonfils Croissants Choco Cream,Aashirvaad 100% Chana Dal Besan (500.0 GRAM),0.37386534722739667
"Cheetos Masala Balls, Crispy Chips & Snacks (84.0 GRAM)",Haldiram's Salted Peanut,0.3738463234969785
Britannia 50-50 Maska Chaska Biscuits Butter Flavoured Crackers | Trans Fat-free,Origami Luncheon Tissue Paper Napkins - 32 X 32 cm - 50 Serviettes,0.37383979963480996
Tata Sampann Turmeric Powder With Natural Oils,Peppy Tomato Disc (55.0 GRAM),0.37383922451143964
Ching's Schezwan Masala Instant Noodles,Chheda's Yellow Banana Chips (170.0 GRAM),0.37383766745468877
Palekar Knot Premium Salty Khari | Preservative-free,Haldiram's Masala Tasty Nuts (200.0 GRAM),0.3738029269944164
The Healthy Binge Ragi Baked Chips Chatpata Chaat- High Protein & Fibre (40.0 GRAM),Max Protein Choco Chips Flavoured Biscuits | Maida-free,0.3737882224474564
Too Yumm! Noodles Masala | Spicy No Palm Oil Crisps (67.0 GRAM),Haldiram's Bhujia Sev (200.0 GRAM),0.3737613117667523
Tata Coffee Grand Premium 100% Coffee Blend Classic Instant Coffee,"Ching's Secret Veg Hakka Noodles, Cooks In 5-7 mins, Just Soak & Drain",0.37369025948531254
Balaji Masala Masti Chips (135.0 GRAM),Britannia 50-50 Maska Chaska Biscuits Butter Flavoured Crackers | Trans Fat-free,0.373681669637552
Satyam Singdana,Sunfeast Dark Fantasy Bourbon Chocolate Cream Biscuits | Trans Fat-free,0.3736044709743166
Veeba Chef'S Special Veg Mayonnaise Smart,Lay's Spanish Tomato Tango Potato Chips,0.37359900373599003
Tata Coffee Grand Premium 100% Coffee Blend Classic Instant Coffee,Sweet Karam Coffee Indian Masala Tapioca Chips | No Palm Oil,0.3735904499540863
Lal Mysore Pak Premium,Kotton Multipurpose Napkin | 100% Virgin Pulp-Paper | 25 cm X 25 cm | 100Pcs,0.3735861013184269
Let's Try Kerala Garlic Mix (180.0 GRAM),Palekar Jeeo Butter | Toasted Buns With Jeera And Khari | Trans Fat-free,0.37349117091385137
"Ritebite Max Protein Peri Peri 10G Multigrain Protein Chips, Healthy Snacks & Munchies",Palekar Knot Premium Salty Khari | Preservative-free,0.3734687298517085
Modern Kitchens Potato Chips Salted (70.0 GRAM),Peppy Tomato Disc (55.0 GRAM),0.3734587414676247
Britannia Good Day Chunkies Coconut Flavoured Biscuits | Trans Fat-free,YiPPee! Magic Masala Noodles with Added Veggies - The Better Noodles,0.3734361736216909
Mr Makhana Super Snack - Himalayan Salt And Pepper,Let's Try Salted Peanuts,0.37342777981075853
Colombian Brew Original Instant Coffee Sachets | 40 Sachets,Crax Crunchy Pipes Salted Puff Snacks,0.3734247430260094
Haldirams Namkeen - Khara Boondi,Palekar Jeeo Butter | Toasted Buns With Jeera And Khari | Trans Fat-free,0.3734140829528784
ZOFF Black Mustard Seeds Whole - Rai (200.0 GRAM),Haldiram's Salted Peanut,0.3734095871377531
Tropicana Delight Orange Fruit Juice,YiPPee! 100% Suji Masala Pasta Treat,0.3733926107619194
Modern Kitchens Hot Chips Spicy,Kotton Multipurpose Napkin | 100% Virgin Pulp-Paper | 25 cm X 25 cm | 100Pcs,0.37332951745763127
Mr Makhana Piri Piri,Tata Sampann 100% Chana Dal Fine Besan,0.3733076969296401
Haldirams Namkeen - Khara Boondi,The Theatre Project Gourmet Popcorn - Cheddar Cheese (60.0 GRAM),0.37329330456265436
Let's Try Namkeen Combo Pack Of 6 (Crunchy Party Mix Peanut Party Mix Aloo Bhujia),Chheda's Golden Plain Salted Chips (170.0 GRAM),0.3732275115185046
Jatin Verna Plastic Cloth Hanging Clips Set of 12 pcs,MAGGI 2-Minute Instant Noodles | Masala Noodles | Made With Quality Spices,0.37319884957742855
Daily Good Figs / Anjeer,Everest Chhole Masala,0.37308371600141294
Catch Jeera Powder Pouch,Om Shanthi Havan Samagri | Cycle,0.3730639730639731
Everest Dry Mango Powder,Om Shanthi Havan Samagri | Cycle,0.3730639730639731
Rang Munch Tangy Imli (110.0 GRAM),Crax Crunchy Pipes Salted Puff Snacks,0.3730282793375307
Catch Peri Peri Sprinkler (90.0 GRAM),Max Protein Choco Chips Flavoured Biscuits | Maida-free,0.3730085223589135
Haldiram's Panchratan Mixture,Cheetos Cheese Puffs (28.0 GRAM),0.3730075939478189
Haldiram's Salted Peanut,Haldiram's Moong Dal,0.3729705984895313
Daily Good Figs / Anjeer,Unibic Fruit & Nut cookies,0.37289199152874736
Nestle EveryDay Dairy Whitener,Let's Try Salted Peanuts,0.3728350373031224
Rajam Banana Chips (150.0 GRAM),Max Protein Choco Chips Flavoured Biscuits | Maida-free,0.37282576463115313
Nissin Cup Noodles Super Hot Chilli,Coca-Cola Zero Sugar Soft Drink,0.37281212696495086
Tata Sampann Masoor Dal (500.0 GRAM),Haldiram's Bhujia Sev (200.0 GRAM),0.3728078390326535
Sunfeast Wowzers Cheese Flavoured Crackers | Artificial Flavour-free,ACT II Ready to Eat Popcorn - Sour Cream & Cheese Popcorn (50.0 GRAM),0.3727644049649046
Ching's Schezwan Masala Instant Noodles,Tata Sampann 100% Chana Dal Fine Besan,0.3727094474153298
Rajam Garlic Mixture,Scotch-Brite Scrub Sponge (Pack of 3),0.372687183915135
Dabur Real Litchi Fruit Juice,Kurkure Green Chutney Style (68.0 GRAM),0.37267968127377515
Tata Sampann Chilli Powder with Natural Oils Lal Mirchi Powder,Piknik Classic Tomato Chilli,0.3726264662756598
Cornitos Jalapeno Nachos and Salsa Dip Tray (75.0 GRAM),The Healthy Binge Ragi Baked Chips Chatpata Chaat- High Protein & Fibre (40.0 GRAM),0.3726113306982872
Disano Rolled Oats 100% Whole Grain,Max Protein Choco Chips Flavoured Biscuits | Maida-free,0.372610008980325
"Taali Roasted Protein Puffs|Masala Mania| Protein Rich , No Maida, No palm oil| Cheeseballs 2.0 (60.0 GRAM)",Max Protein Choco Chips Flavoured Biscuits | Maida-free,0.372610008980325
Nissin Geki - Hot and Spicy Korean Chicken Flavoured Ramen Instant Noodles,Top Ramen Masala Instant Noodles,0.3726090423338129
"Yoga Bar Muesli Dark Chocolate & Cranberry,Breakfast Cereals, Protein Granola, Gluten Free","Ching's Secret Veg Hakka Noodles, Cooks In 5-7 mins, Just Soak & Drain",0.3725966843112334
Nissin Cup Noodles Super Hot Chilli,Om Shanthi Havan Samagri | Cycle,0.3725881261595547
YiPPee! 100% Suji Cheese Pasta Treat,Chheda's Yellow Banana Chips (170.0 GRAM),0.3725789547696561
Godrej Expert Creme Hair Colour Natural Black (Pack of 4),Daily Good Sooji / Rava (1.0 KILOGRAM),0.3725603583812539
Fevikwik Instant Adhesive (3 gm),MAGGI 2-Minute Instant Noodles | Masala Noodles | Made With Quality Spices,0.3725599183165476
Crax Crunchy Pipes Salted Puff Snacks,Haldiram's Lite Chiwda (200.0 GRAM),0.37255002042108315
Ferrero Rocher Moments Pack,The Healthy Binge Quinoa Baked Chips Smokey Bbq -High Protein And Fibre (40.0 GRAM),0.37253691413283946
Max Protein Choco Chips Flavoured Biscuits | Maida-free,Sunfeast Dark Fantasy Bourbon Chocolate Cream Biscuits | Trans Fat-free,0.3724515402042269
Korean Nongshim Shin Ramyun Noodle Soup Veg,Cheetos Cheese Puffs (28.0 GRAM),0.37239179888847285
Sunfeast Farmlite Gold and Almond Oats Biscuits | Trans Fat-free,Haldiram's Salted Peanut,0.3723752115501138
Parle Krackjack Sweet and Salty Plain Crackers | Trans Fat-free,Kurkure Masala Munch,0.37236910057140954
Wok Tok by Veeba Instant Cup Noodles Masala (75500.0 MILLIGRAM),Chheda's Yellow Banana Chips (170.0 GRAM),0.3723600482157373
Kurkure Playz Puffcorn Yummy Cheese,Kurkure Solid Masti Masala Twisteez (61.0 GRAM),0.37235129371763254
Kotton Multipurpose Napkin | 100% Virgin Pulp-Paper | 25 cm X 25 cm | 100Pcs,Crax Crunchy Pipes Salted Puff Snacks,0.3723416399719567
Lay's American Cream & Onion Potato Chips (48.0 GRAM),Catch Jeera Whole (100.0 GRAM),0.3723170169734518
Sunfeast Dark Fantasy Chocolate Cream Biscuits | Made With Real Chocolate,Kurkure Green Chutney Style (68.0 GRAM),0.3723046753840919
Orbit Sugar Free Spearmint Chewing Gum Tube (19800.0 MILLIGRAM),Lay's Spanish Tomato Tango Potato Chips,0.37228119419900235
Parle Hide & Seek Milano Choco Filled Hazelnut Chocolate Centre Fills | Trans Fat-free,Rajdhani Roasted Chana (200.0 GRAM),0.37226971340895393
"Yoga Bar Muesli Dark Chocolate & Cranberry,Breakfast Cereals, Protein Granola, Gluten Free",Lay's Spanish Tomato Tango Potato Chips,0.37224538415723646
Everest Shahi Biryani Masala (50.0 GRAM),Parle Shakti Milk Glucose Biscuits | Cholesterol-free and Trans Fat-free,0.37219064554027875
Everest Turmeric Powder (200.0 GRAM),Everest Chhole Masala,0.37212831596043616
Bauli Moonfills Croissants Combi,Haldiram's Soan Papdi,0.3721249132546842
Modern Kitchens Potato Chips Salted (70.0 GRAM),Haldiram's Moong Dal,0.37211942077513616
Amul Taaza Homogenised Toned Milk (Tetra Pack),Britannia Treat Jimjam Naughty Jam Cream Biscuits | Trans Fat-free,0.3720696324951644
Nutrela Soya Granules (200.0 GRAM),Sunfeast All Rounder Crunchy Potato Chatpata Masala Flavoured Crackers | Trans Fat-free,0.371984698469847
Superyou Strawberry Protein Wafer Bar (40.0 GRAM),Britannia Good Day Pista and Badam Dry Fruit Biscuits | Trans Fat-free,0.37193675889328065
Parle G Original Milk Glucose Biscuits,Kurkure Green Chutney Style (68.0 GRAM),0.3718779495453597
Epigamia Turbo Cookies and Cream Protein Milkshake,Palekar Knot Premium Salty Khari | Preservative-free,0.37174767579709234
Lay's India's Magic Masala Potato Chips,Cheetos Masala Balls (28.0 GRAM),0.3717101607911601
Parle Shakti Milk Glucose Biscuits | Cholesterol-free and Trans Fat-free,YiPPee! Magic Masala Noodles with Added Veggies - The Better Noodles,0.3716970367087944
Coca-Cola Zero Sugar Soft Drink,Lay's Spanish Tomato Tango Potato Chips,0.3716682595306361
Daily Good Sooji Rava Barik / Chiroti Sooji,Daily Good Sooji / Rava (1.0 KILOGRAM),0.37163863557476884
Everest Black Pepper Powder,Mr Makhana Super Snack - Pudina Party,0.37159078370597737
Lay's Classic Salted Potato Chips (50.0 GRAM),MAGGI 2-Minute Instant Noodles | Masala Noodles | Made With Quality Spices,0.3715790811642916
Haldiram's Lite Chiwda (200.0 GRAM),MAGGI 2-Minute Instant Noodles | Masala Noodles | Made With Quality Spices,0.3714369635351566
Daily Good Saunf / Fennel,Haldiram's Moong Dal,0.3713489871917507
Britannia Treat Rich Creme Strawberry Flavoured Wafers | Trans Fat-free,Haldiram's Moong Dal,0.3713489871917507
Modern Kitchens Hot Chips Salted (100.0 GRAM),Piknik Classic Tomato Chilli,0.37134116753518
Sugar Free D'Lite Choco Chip Biscuits | Trans Fat-free,Let's Try Namkeen Combo Pack Of 6 (Crunchy Party Mix Peanut Party Mix Aloo Bhujia),0.3712878787878788
Too Yumm! Karare Munchy Masala | Spicy | No Palm Oil Crisps,Let's Try Namkeen Combo Pack Of 6 (Crunchy Party Mix Peanut Party Mix Aloo Bhujia),0.3712878787878788
Parle Hide & Seek Black Bourbon Chocolate Cream Biscuits | Trans Fat-free,Haldiram's Masala Tasty Nuts (200.0 GRAM),0.37126388824502027
Britannia Marie Gold Biscuits Plain | Trans Fat-free,RiteBite Max Protein 10g Protein Bar Choco Almond,0.37123978882185504
Ezee Small Garbage Bags 17 x 19 Inch (30.0 PIECE),Sunfeast Dark Fantasy Bourbon Chocolate Cream Biscuits | Trans Fat-free,0.3712353221371483
Parle Hide & Seek Black Bourbon Chocolate Cream Biscuits | Trans Fat-free,Haldiram's Moong Dal,0.37122386960846515
Cadbury Oreo Vanilla Flavour Creme Sandwich Biscuit Mega Family Pack,Britannia 50-50 Maska Chaska Biscuits Butter Flavoured Crackers | Trans Fat-free,0.37121443019035216
Satyam Puffed Rice Kurmura - R (200.0 GRAM),Sunfeast Dark Fantasy Bourbon Chocolate Cream Biscuits | Trans Fat-free,0.37121420282197387
Lay's West Indies Hot 'n' Sweet Chilli Potato Chips,Max Protein Choco Chips Flavoured Biscuits | Maida-free,0.37113724214641053
Wok Tok by Veeba Instant Cup Noodles Masala (75500.0 MILLIGRAM),Max Protein Choco Chips Flavoured Biscuits | Maida-free,0.37113724214641053
Scotch-Brite Scrub Sponge (Pack of 3),Haldiram's Moong Dal,0.3710520663597744
Modern Kitchens Wheel Chips,Haldiram's Salted Peanut,0.3710512107979357
Colombian Brew Original Instant Coffee Sachets | 40 Sachets,Lay's Spanish Tomato Tango Potato Chips,0.3710401064501271
Parle Hide & Seek Choco Roll Centre Fills | Trans Fat-free,Haldiram Aloo Bhujia ,0.3710383357792023
Satyam Singdana,RiteBite Max Protein 10g Protein Bar Choco Almond,0.37100785093055066
Nutrela Soya Granules (200.0 GRAM),Sunfeast Dark Fantasy Bourbon Chocolate Cream Biscuits | Trans Fat-free,0.37098667879384156
Malkist Double Chocolatey Crunchy Layered Crackers,Britannia Treat Jimjam Naughty Jam Cream Biscuits | Trans Fat-free,0.37092392154059883
Haldiram's Ratlami Sev (200.0 GRAM),Haldiram's Masala Tasty Nuts (200.0 GRAM),0.37092173821396346
Cornitos Nacho Chips - Peri Peri (55.0 GRAM),"Ritebite Max Protein Peri Peri 10G Multigrain Protein Chips, Healthy Snacks & Munchies",0.37089708970897095
Britannia Pure Magic Choco Stars Chocolate Cream Biscuits | Trans Fat-free,Cheetos Masala Balls (28.0 GRAM),0.37088529125506176
Britannia Vita Butter Marie Gold Biscuits | Trans Fat-free,Max Protein Choco Chips Flavoured Biscuits | Maida-free,0.37086394520815846
Catch Masala Amchur Powder,Sunfeast Dark Fantasy Bourbon Chocolate Cream Biscuits | Trans Fat-free,0.37085554175644536
Epigamia Turbo Coffee Protein Milkshake,"Paper Boat Mango | Juicy Sips, Chewy Bites | Refreshing Summer Juice Drink",0.3708330030910676
Palekar Tea Time Ajwain Rusk | Trans Fat-free,Kotton Multipurpose Napkin | 100% Virgin Pulp-Paper | 25 cm X 25 cm | 100Pcs,0.37081268925005173
Mr Makhana Super Snack - Himalayan Salt And Pepper,Max Protein Choco Chips Flavoured Biscuits | Maida-free,0.37077900156518817
Britannia Treat Rich Creme Choco Flavoured Wafers | Trans Fat-free,Crax Crunchy Pipes Salted Puff Snacks,0.3707583303760448
Daily Good Raw Peanut - Singdana,Britannia 50-50 Maska Chaska Biscuits Butter Flavoured Crackers | Trans Fat-free,0.37075366444812063
Pulse Kachcha Aam 50 Candies (190.0 GRAM),Haldiram's Masala Tasty Nuts (200.0 GRAM),0.3707520354579178
Cornitos Jalapeno Nachos and Salsa Dip Tray (75.0 GRAM),Om Shanthi Havan Samagri | Cycle,0.37073232323232325
Rajam Garlic Mixture,RiteBite Max Protein 10g Protein Bar Choco Almond,0.3706810293564399
Cavin's Strawberry Milkshake,Haldiram's Soan Papdi,0.370612210355275
Catch Jeera Whole (100.0 GRAM),Max Protein Choco Chips Flavoured Biscuits | Maida-free,0.37060132968663045
Nestle Milkmaid Partly Skimmed Sweetened Condensed Milk,YiPPee! Magic Masala Noodles with Added Veggies - The Better Noodles,0.3705848291835553
Orion K Snack Rings 3x Spicy,The Healthy Binge Quinoa Baked Chips Smokey Bbq -High Protein And Fibre (40.0 GRAM),0.3705694401890839
Sugar Free D'Lite Choco Chip Biscuits | Trans Fat-free,"Ching's Secret Veg Hakka Noodles, Cooks In 5-7 mins, Just Soak & Drain",0.37054623085983507
Tata Sampann Turmeric Powder With Natural Oils,Kinder Joy - Single Pack - Assorted,0.370537285185784
Korean Samyang Hot Chicken Ramen Non Veg,The Healthy Binge Quinoa Baked Chips Smokey Bbq -High Protein And Fibre (40.0 GRAM),0.370509977827051
Top Ramen Curry Veg Instant Noodles,Max Protein Choco Chips Flavoured Biscuits | Maida-free,0.37035176650165624
Unibic Danish Coconut Cookies,Om Shanthi Havan Samagri | Cycle,0.3703208556149733
Parle Hide & Seek Milano Mixed Berries Centre Fills| Preservative-free,Lal Sweets Motichoor Laddu,0.3702443792766374
Namaskaram Bombay Mix,Origami Luncheon Tissue Paper Napkins - 32 X 32 cm - 50 Serviettes,0.37021719921265006
Ezee Biodegradable Medium Garbage Bags 19 x 21 Inch (30.0 PIECE),RiteBite Max Protein 10g Protein Bar Choco Almond,0.37018612811564355
"Taali Roasted Protein Puffs | Smokey Bbq | Protein Rich,No Maida , No Palm Oil | Cheeseballs 2.0 (60.0 GRAM)",Top Ramen Curry Veg Instant Noodles,0.370176512600755
"Tata Sampann Hing, Compounded Asafoetida | Bandhani Hing, Strong Flavour & Aroma (50.0 GRAM)",Crax Crunchy Pipes Salted Puff Snacks,0.37016982508973356
YiPPee! Magic Masala Noodles with Added Veggies - The Better Noodles,Chheda's Yellow Banana Chips (170.0 GRAM),0.3701577367385742
Epigamia Turbo Cookies and Cream Protein Milkshake,Haldiram's Soan Papdi,0.3701242416780462
Sunfeast Wowzers Cheese Flavoured Crackers | Artificial Flavour-free,Haldiram's Bhujia Sev (200.0 GRAM),0.3700484510538376
Doublemint Lemonmint Flavour Chewymints Tube (27300.0 MILLIGRAM),Rajdhani Roasted Chana (200.0 GRAM),0.37002712477396027
Lal Sweets Motichoor Laddu,Chheda's Yellow Banana Chips (170.0 GRAM),0.3700006239470893
Superyou Strawberry Protein Wafer Bar (40.0 GRAM),Catch Chatpata Chat Masala Carton (100.0 GRAM),0.369963144963145
Orbit Sugar Free Sweetmint Chewing Gum Tube (19800.0 MILLIGRAM),Max Protein Choco Chips Flavoured Biscuits | Maida-free,0.36994579032571584
Bauli Moonfills Croissants Combi,Britannia Treat Rich Creme Choco Flavoured Wafers | Trans Fat-free,0.3698395721925134
Haldiram's Lite Chiwda (200.0 GRAM),Lay's Spanish Tomato Tango Potato Chips,0.3698334270244681
Britannia Treat Rich Creme Choco Flavoured Wafers | Trans Fat-free,Kotton Multipurpose Napkin | 100% Virgin Pulp-Paper | 25 cm X 25 cm | 100Pcs,0.3697739982437492
Palekar Makkhan Butter Rusk | Bromate-free and Trans Fat-free,Kotton Multipurpose Napkin | 100% Virgin Pulp-Paper | 25 cm X 25 cm | 100Pcs,0.3697739982437492
"Haldirams Namkeen - Tasty Nuts, (400.0 GRAM)",Kotton Multipurpose Napkin | 100% Virgin Pulp-Paper | 25 cm X 25 cm | 100Pcs,0.36977399824374907
Sugar Free D'Lite Choco Chip Biscuits | Trans Fat-free,Colombian Brew Original Instant Coffee Sachets | 40 Sachets,0.36972031963470314
Kotton Multipurpose Napkin | 100% Virgin Pulp-Paper | 25 cm X 25 cm | 100Pcs,Om Shanthi Havan Samagri | Cycle,0.369661921708185
The Belgian Crisps Double Choco Waffle Wafers | Artificial Colour-free,Scotch-Brite Scrub Sponge (Pack of 3),0.3696587952647107
Haldiram's Ratlami Sev (200.0 GRAM),Cheetos Cheese Puffs (28.0 GRAM),0.369651593420638
Rajam Banana Chips (150.0 GRAM),MAGGI 2-Minute Instant Noodles | Masala Noodles | Made With Quality Spices,0.3696437734498943
Rajdhani Roasted Chana (200.0 GRAM),Let's Try Namkeen Combo Pack Of 6 (Crunchy Party Mix Peanut Party Mix Aloo Bhujia),0.3695051783659378
"Cheetos Masala Balls, Crispy Chips & Snacks (84.0 GRAM)",Haldiram's Moong Dal,0.3694332979721107
Chheda's Salt & Pepper Banana Chips,YiPPee! Magic Masala Noodles with Added Veggies - The Better Noodles,0.36942892201889976
Parle Hide & Seek Milano Chocolate Flavoured Biscuits,Crax Crunchy Pipes Salted Puff Snacks,0.3693787644955757
Modern Kitchens Boondi Masala,"Paper Boat Mango | Juicy Sips, Chewy Bites | Refreshing Summer Juice Drink",0.3692974627055974
Max Protein Choco Chips Flavoured Biscuits | Maida-free,Kurkure Solid Masti Masala Twisteez (61.0 GRAM),0.36923661607844127
Orbit Sugar Free Spearmint Chewing Gum Tube (19800.0 MILLIGRAM),Palekar Knot Premium Salty Khari | Preservative-free,0.36923439051098617
Farmley Date Bites Dry Fruit Burfi - No Added Sugar,Haldiram's Soan Papdi,0.3691715409272662
Parle Krackjack Sweet and Salty Plain Crackers | Trans Fat-free,MAGGI 2-Minute Instant Noodles | Masala Noodles | Made With Quality Spices,0.3691554247742987
Society Natural Tea,Kinder Joy - Single Pack - Assorted,0.36913903127942255
"Aashirvaad Chilli Powder, Red Hot Chilli Powder with No Added Flavours and Colours",Scotch-Brite Scrub Sponge (Pack of 3),0.36913778216356236
Lay's American Cream & Onion Potato Chips (48.0 GRAM),Britannia Treat Jimjam Naughty Jam Cream Biscuits | Trans Fat-free,0.3690616068593204
"Farmley Seed Mix Superfood Rich In Protein- Pumpkin, Watermelon, Sunflower, Flax, Chia Seeds",Kotton Multipurpose Napkin | 100% Virgin Pulp-Paper | 25 cm X 25 cm | 100Pcs,0.3690517834034293
Korean Nongshim Shin Ramyun Noodle Soup Veg,Max Protein Choco Chips Flavoured Biscuits | Maida-free,0.36900268657933477
Catch Red Chilli Powder (200.0 GRAM),Haldiram's Masala Tasty Nuts (200.0 GRAM),0.36894348894348894
Dew Fresh Toilet Cleaner Liquid,Cheetos Masala Balls (28.0 GRAM),0.3689350747529473
Daily Good Sooji Rava Barik / Chiroti Sooji,Cheetos Cheese Puffs (28.0 GRAM),0.36889083689991237
Haldirams Namkeen - Khara Boondi,MAGGI 2-Minute Instant Noodles | Masala Noodles | Made With Quality Spices,0.36887644091751925
Tata Sampann Chilli Powder with Natural Oils Lal Mirchi Powder,Om Shanthi Havan Samagri | Cycle,0.3688742897727273
Sunfeast Wowzers Cheese Flavoured Crackers | Artificial Flavour-free,Society Natural Tea (250.0 GRAM),0.36885011377866034
Epigamia Turbo Cookies and Cream Protein Milkshake,Piknik Classic Tomato Chilli,0.3688392772679973
Top Ramen Curry Veg Instant Noodles,Crax Crunchy Pipes Salted Puff Snacks,0.3688358797740949
Parle Melody Chocolaty Toffee (176.0 GRAM),Crax Crunchy Pipes Salted Puff Snacks,0.3687862115974488
Haldiram's Ratlami Sev (200.0 GRAM),Haldiram's Bhujia Sev (200.0 GRAM),0.3687511065151872
Sofit Soya Milk Drink,Let's Try Namkeen Combo Pack Of 6 (Crunchy Party Mix Peanut Party Mix Aloo Bhujia),0.36872727272727274
"Cheetos Masala Balls, Crispy Chips & Snacks (84.0 GRAM)",Maggi Special Masala Instant Noodles,0.36870608098273805
Maggi Pazzta Instant Pasta - Masala Penne (69.0 GRAM),Kurkure Yummy PuffCorn Yummy Cheese Chips,0.3686763733369201
YiPPee! Magic Masala Noodles with Added Veggies - The Better Noodles,Let's Try Salted Peanuts,0.36864431001983505
Satyam Puffed Rice Kurmura A (200.0 GRAM),Palekar Knot Premium Salty Khari | Preservative-free,0.3686184866068812
Moov Fast Pain Relief Spray (50.0 GRAM),Haldiram's Moong Dal,0.36858597389419306
Parle Hide & Seek Chocolate Chip Biscuits | Trans Fat-free,Haldiram's Moong Dal,0.3685695316417108
Modern Kitchens Boondi Masala,Rajdhani Roasted Chana (200.0 GRAM),0.3685645669685295
Modern Kitchens Butter Murukku,Sunfeast Dark Fantasy Bourbon Chocolate Cream Biscuits | Trans Fat-free,0.36850565065084584
"Farmley Seed Mix Superfood Rich In Protein- Pumpkin, Watermelon, Sunflower, Flax, Chia Seeds",Haldiram's Salted Peanut,0.36849630309646686
Catch Sprinkler Chat Masala (100.0 GRAM),Lay's Spanish Tomato Tango Potato Chips,0.36845773304237556
Palekar Makkhan Butter Rusk | Bromate-free and Trans Fat-free,Lal Sweets Motichoor Laddu,0.36844310188962137
Cavin's Strawberry Milkshake,Coca-Cola Zero Sugar Soft Drink,0.368440502586844
Sunfeast Dark Fantasy Bourbon Chocolate Cream Biscuits | Trans Fat-free,Haldiram's Moong Dal,0.3684347719068809
Tata Sampann Turmeric Powder With Natural Oils,Om Shanthi Havan Samagri | Cycle,0.3684271694214876
"Taali Roasted Protein Puffs|Masala Mania| Protein Rich , No Maida, No palm oil| Cheeseballs 2.0 (60.0 GRAM)",Top Ramen Curry Veg Instant Noodles,0.3684137673026562
Daily Good Mustard / Rai / Sarso Small (100.0 GRAM),Scotch-Brite Scrub Sponge (Pack of 3),0.3684096997529834
Cornitos Nacho Crisps - Cheese And Herbs,Om Shanthi Havan Samagri | Cycle,0.3683510638297872
Everest Pav Bhaji Masala (100.0 GRAM),Everest Coriander Powder (100.0 GRAM),0.3682702959329008
Nissin Geki - Hot and Spicy Korean Kimchi Flavoured Ramen Instant Noodles,Coca-Cola Zero Sugar Soft Drink,0.3682632256810284
"Ritebite Max Protein Peri Peri 10G Multigrain Protein Chips, Healthy Snacks & Munchies",Haldiram's Soan Papdi,0.36824861207494797
Orbit Sugar Free Spearmint Chewing Gum Tube (19800.0 MILLIGRAM),Sunfeast All Rounder Crunchy Potato Chatpata Masala Flavoured Crackers | Trans Fat-free,0.3682419432419432
Nissin Cup Noodles Super Hot Chilli,Everest Chhole Masala,0.36823847293645945
MAGGI Pazzta Instant Pasta - Cheese Macaroni,Max Protein Choco Chips Flavoured Biscuits | Maida-free,0.3681728871771901
Catch Black Pepper Sprinkler (50.0 GRAM),RiteBite Max Protein 10g Protein Bar Choco Almond,0.3681318210783758
"Paper Boat Mango | Juicy Sips, Chewy Bites | Refreshing Summer Juice Drink",Om Shanthi Havan Samagri | Cycle,0.3680810117302053
Korean Samyang Hot Chicken Ramen Non Veg,Max Protein Choco Chips Flavoured Biscuits | Maida-free,0.3680659844805649
Unifit Rolled Oats | 100% Wholegrain | High Fiber and Protein | Healthy Breakfast Cereal,Kurkure Solid Masti Masala Twisteez (61.0 GRAM),0.3680151515151515
Tata Sampann Unpolished Urad Kali,Lay's Spanish Tomato Tango Potato Chips,0.3679384127702932
MAGGI Pazzta Instant Pasta - Cheese Macaroni,MAGGI 2-Minute Instant Noodles | Masala Noodles | Made With Quality Spices,0.36791250776289347
Lijjat Urad Papad,Chheda's Long Masala Banana Chips (170.0 GRAM),0.36788888215936844
Sunfeast Dark Fantasy Bourbon Chocolate Cream Biscuits | Trans Fat-free,YiPPee! Magic Masala Noodles with Added Veggies - The Better Noodles,0.36786119925458377
Everest Dry Mango Powder,Everest Coriander Powder (100.0 GRAM),0.3678569734907763
Everest Chicken Masala,Everest Pav Bhaji Masala (100.0 GRAM),0.36783359643420926
Sunfeast Farmlite Gold and Almond Oats Biscuits | Trans Fat-free,MAGGI 2-Minute Instant Noodles | Masala Noodles | Made With Quality Spices,0.3678103240362547
Kurkure Masala Munch,Aashirvaad 100% Chana Dal Besan (500.0 GRAM),0.36779972232223956
Haldiram's Ratlami Sev (200.0 GRAM),RiteBite Max Protein 10g Protein Bar Choco Almond,0.36779255750332035
Rajam Banana Chips (150.0 GRAM),Aashirvaad 100% Chana Dal Besan (500.0 GRAM),0.36776919889044035
Daily Good Saunf / Fennel,Rajdhani Roasted Chana (200.0 GRAM),0.36776159405574405
Candyman Choco Double Eclairs (75.0 PIECE),Palekar Jeeo Butter | Toasted Buns With Jeera And Khari | Trans Fat-free,0.36775984859803773
Daily Good Pistachios California Salted,MAGGI 2-Minute Instant Noodles | Masala Noodles | Made With Quality Spices,0.3677513138767752
Aashirvaad 100% Chana Dal Besan (500.0 GRAM),Sunfeast Dark Fantasy Bourbon Chocolate Cream Biscuits | Trans Fat-free,0.36768470705671086
Catch Turmeric Powder (200.0 GRAM),Haldiram's Masala Tasty Nuts (200.0 GRAM),0.3676756419024459
"Taali Roasted Protein Puffs|Masala Mania| Protein Rich , No Maida, No palm oil| Cheeseballs 2.0 (60.0 GRAM)",Crax Crunchy Pipes Salted Puff Snacks,0.36766867762291106
Snackible Cheese Dosa Khakra | Millet Snack (100.0 GRAM),Crax Crunchy Pipes Salted Puff Snacks,0.36766867762291106
Tata Classic Grand Instant Coffee,Crax Crunchy Pipes Salted Puff Snacks,0.36766867762291094
Daily Good Sooji / Rava (1.0 KILOGRAM),Kurkure Green Chutney Style (68.0 GRAM),0.3676512091084287
Kurkure Masala Munch,Chheda's Yellow Banana Chips (170.0 GRAM),0.36764035852896926
Lal Sweets Motichoor Laddu,Charliee Rajgira Laddu,0.36760936809544853
"Taali Roasted Protein Puffs| Cheese & Herbs| Protein Rich, No Maida,No palm oil| Cheeseballs 2.0",Kinder Joy - Single Pack - Assorted,0.3675410268150095
"Taali Roasted Protein Puffs|Masala Mania| Protein Rich , No Maida, No palm oil| Cheeseballs 2.0 (60.0 GRAM)",Nissin Cup Noodles Super Hot Chilli,0.36753246753246754
"B Natural Orange Juice, 100% Pulp, No Concentrate",Mr Makhana Lime Chilli,0.36753246753246754
Daily Good Figs / Anjeer,Nissin Cup Noodles Super Hot Chilli,0.36753246753246754
Bauli Moonfills Croissants Combi,Top Ramen Noodles Curry Veg Pouch,0.36750733137829916
Colombian Brew Original Instant Coffee Sachets | 40 Sachets,RiteBite Max Protein 10g Protein Bar Choco Almond,0.3675014583710498
Daily Good Saunf / Fennel,Scotch-Brite Scrub Sponge (Pack of 3),0.3674674754569398
Cheetos Masala Balls (28.0 GRAM),RiteBite Max Protein 10g Protein Bar Choco Almond,0.3674596271229426
Everest Black Pepper Powder,Everest Shahi Biryani Masala (50.0 GRAM),0.36745135566188203
Orbit Sugar Free Sweetmint Chewing Gum Tube (19800.0 MILLIGRAM),Haldiram's Salted Peanut,0.36744739976181023
Korean Samyang Hot Chicken Ramen Non Veg,Haldiram's Masala Tasty Nuts (200.0 GRAM),0.36744371866323083
"Aashirvaad Chilli Powder, Red Hot Chilli Powder with No Added Flavours and Colours",Cheetos Cheese Puffs (28.0 GRAM),0.36743978028623264
Cornitos Nacho Crisps - Cheese And Herbs,Rajdhani Roasted Chana (200.0 GRAM),0.3674028189244995
Modern Kitchens Hot Chips Spicy,Max Protein Choco Chips Flavoured Biscuits | Maida-free,0.3673986801833973
Pulse Kachcha Aam 50 Candies (190.0 GRAM),Sunfeast Dark Fantasy Bourbon Chocolate Cream Biscuits | Trans Fat-free,0.3673495544919412
Everest Powder - Tea Masala (100.0 GRAM),Sunfeast Dark Fantasy Bourbon Chocolate Cream Biscuits | Trans Fat-free,0.3672860101995191
Orbit Sugar Free Sweetmint Chewing Gum Tube (19800.0 MILLIGRAM),Haldiram's Lite Chiwda (200.0 GRAM),0.36726504984810615
Lay's American Cream & Onion Potato Chips,Let's Try Namkeen Combo Pack Of 6 (Crunchy Party Mix Peanut Party Mix Aloo Bhujia),0.36725823976819993
Crax Crunchy Pipes Salted Puff Snacks,Haldiram's Masala Tasty Nuts (200.0 GRAM),0.36725496038997185
Daily Good Raw Peanut - Singdana,MAGGI 2-Minute Instant Noodles | Masala Noodles | Made With Quality Spices,0.36723508111470915
Parle Hide & Seek Milano Chocolate Flavoured Biscuits,Kotton Multipurpose Napkin | 100% Virgin Pulp-Paper | 25 cm X 25 cm | 100Pcs,0.3671941796513508
Hillers Thin Hakka Noodles,Crax Crunchy Pipes Salted Puff Snacks,0.36715873493550055
Unifit Rolled Oats | 100% Wholegrain | High Fiber and Protein | Healthy Breakfast Cereal,MAGGI 2-Minute Instant Noodles | Masala Noodles | Made With Quality Spices,0.3671440009854644
Catch Dhania Powder (200.0 GRAM),Catch Turmeric Powder/Haldi (100.0 GRAM),0.3671344074427774
Nestle EveryDay Dairy Whitener,Haldiram's Soan Papdi,0.3670619892648246
Nestle Milkmaid Partly Skimmed Sweetened Condensed Milk,Sunfeast Dark Fantasy Bourbon Chocolate Cream Biscuits | Trans Fat-free,0.3670368471469871
Disano Rolled Oats 100% Whole Grain,Let's Try Namkeen Combo Pack Of 6 (Crunchy Party Mix Peanut Party Mix Aloo Bhujia),0.367020202020202
Nutrela Soya Granules (200.0 GRAM),MAGGI 2-Minute Instant Noodles | Masala Noodles | Made With Quality Spices,0.3670186530848207
Alpenliebe Juzt Jelly Strawberry Flavour Pouch,Kinder Joy - Single Pack - Assorted,0.3668813002012609
Orbit Sugar Free Sweetmint Chewing Gum Tube (19800.0 MILLIGRAM),Rajdhani Roasted Chana (200.0 GRAM),0.36687742163492415
Ezee Biodegradable Medium Garbage Bags 19 x 21 Inch (30.0 PIECE),Kurkure Solid Masti Masala Twisteez (61.0 GRAM),0.3668614990025649
Pulse Guava 50 Candies,Sunfeast All Rounder Crunchy Potato Chatpata Masala Flavoured Crackers | Trans Fat-free,0.3668282085561497
Satyam Puffed Rice Kurmura - R (200.0 GRAM),MAGGI 2-Minute Instant Noodles | Masala Noodles | Made With Quality Spices,0.3667277101819726
Chheda's Farali Potato Chivda (170.0 GRAM),Britannia Treat Jimjam Naughty Jam Cream Biscuits | Trans Fat-free,0.36671314830641893
Chheda's Mix Farsan (170.0 GRAM),RiteBite Max Protein 10g Protein Bar Choco Almond,0.36669892364312856
Catch Sprinkler Chat Masala (100.0 GRAM),Haldiram's Masala Tasty Nuts (200.0 GRAM),0.3666869538429171
"Cheetos Masala Balls, Crispy Chips & Snacks (84.0 GRAM)",Lay's Spanish Tomato Tango Potato Chips,0.36668050366680505
Parle Hide & Seek Chocolate Chip Biscuits | Trans Fat-free,Origami Luncheon Tissue Paper Napkins - 32 X 32 cm - 50 Serviettes,0.3666730759601614
Max Protein Choco Chips Flavoured Biscuits | Maida-free,Haldiram's Moong Dal,0.36667155689228503
Haldiram's Masala Tasty Nuts (200.0 GRAM),Max Protein Choco Chips Flavoured Biscuits | Maida-free,0.3666592348811305
"Maggi Nutri-licious Masala Veg Atta Noodles, Instant Noodles",Haldiram's Bhujia Sev (200.0 GRAM),0.36657166049117446
Everest Powder - Tea Masala (100.0 GRAM),Lay's Spanish Tomato Tango Potato Chips,0.3665333015376734
Cornitos Jalapeno Nachos and Salsa Dip Tray (75.0 GRAM),Korean Nongshim Shin Ramyun Noodle Soup Veg,0.3665307621671258
Tata Sampann Turmeric Powder With Natural Oils,Let's Try Salted Peanuts,0.3663552839810093
Rang Munch Tangy Imli (110.0 GRAM),Kinder Creamy Milky And Cocoa With Extruded Rice (19.0 GRAM),0.3663520272542829
Tata Coffee Grand Premium 100% Coffee Blend Classic Instant Coffee,YiPPee! Magic Masala Noodles with Added Veggies - The Better Noodles,0.3663231036479444
Modern Kitchens Hot Chips Spicy,Rajdhani Roasted Chana (200.0 GRAM),0.36628947704897075
Chheda's Farali Potato Chivda (170.0 GRAM),Kurkure Solid Masti Masala Twisteez (61.0 GRAM),0.3662865891125715
Lay's Spanish Tomato Tango Potato Chips,Let's Try Namkeen Combo Pack Of 6 (Crunchy Party Mix Peanut Party Mix Aloo Bhujia),0.3662017434620174
Orbit Sugar Free Sweetmint Chewing Gum Tube (19800.0 MILLIGRAM),Haldiram's Masala Tasty Nuts (200.0 GRAM),0.3661798673034628
Stash-Pro Brown Ripper Tipper 32 Roach 32 Paper (1.0 PIECE),MAGGI 2-Minute Instant Noodles | Masala Noodles | Made With Quality Spices,0.3661701442189247
Daily Good Roasted Chana Dal / Phutana,Ezee Small Garbage Bags 17 x 19 Inch (30.0 PIECE),0.366159708095192
Lay's American Cream & Onion Potato Chips (48.0 GRAM),Parle Hide & Seek Chocolate Chip Biscuits | Trans Fat-free,0.36612916249049937
Malkist Double Chocolatey Crunchy Layered Crackers,Max Protein Choco Chips Flavoured Biscuits | Maida-free,0.3661169099365779
"Aashirvaad Chilli Powder, Red Hot Chilli Powder with No Added Flavours and Colours",Chheda's Yellow Banana Chips (170.0 GRAM),0.36611374870562485
Everest Tandoori Chicken Masala,Let's Try Namkeen Combo Pack Of 6 (Crunchy Party Mix Peanut Party Mix Aloo Bhujia),0.3661121856866537
Farmley Premium California Natural Dried Cranberry,Cheetos Cheese Puffs (28.0 GRAM),0.3660532150776053
Cadbury Oreo Vanilla Flavour Creme Sandwich Biscuit Family Pack,Haldiram's Moong Dal,0.36604400166044004
Kurkure Solid Masti Masala Twisteez (61.0 GRAM),Haldiram's Moong Dal,0.36604400166044
Namaskaram Mini Bhakarwadi,Origami Luncheon Tissue Paper Napkins - 32 X 32 cm - 50 Serviettes,0.36602040505153494
Britannia Treat Rich Creme Choco Flavoured Wafers | Trans Fat-free,Nissin Geki - Hot and Spicy Korean Kimchi Flavoured Ramen Instant Noodles,0.3659745528305366
Nissin Geki - Hot and Spicy Korean Kimchi Flavoured Ramen Instant Noodles,Kotton Multipurpose Napkin | 100% Virgin Pulp-Paper | 25 cm X 25 cm | 100Pcs,0.3659487499860552
"Taali Roasted Protein Puffs | Smokey Bbq | Protein Rich,No Maida , No Palm Oil | Cheeseballs 2.0 (60.0 GRAM)",Modern Kitchens Butter Murukku,0.36594093426937996
Cornitos Nacho Crisps - Sizzlin Jalapeno (77.0 GRAM),Everest Coriander Powder (100.0 GRAM),0.3659208841566143
Lay's Classic Salted Potato Chips (50.0 GRAM),Cheetos Masala Balls (28.0 GRAM),0.36585082452611134
Nissin Geki - Hot and Spicy Korean Chicken Flavoured Ramen Instant Noodles,Palekar Knot Premium Salty Khari | Preservative-free,0.3658469190384084
Zep Aluminium Foil 9 Meter 1 pc,Max Protein Choco Chips Flavoured Biscuits | Maida-free,0.36583528154431905
Tata Coffee Grand Premium 100% Coffee Blend Classic Instant Coffee,Max Protein Choco Chips Flavoured Biscuits | Maida-free,0.365835281544319
Tropicana Delight Orange Fruit Juice,Max Protein Choco Chips Flavoured Biscuits | Maida-free,0.365835281544319
Moov Fast Pain Relief Spray (50.0 GRAM),RiteBite Max Protein 10g Protein Bar Choco Almond,0.365830997196636
Lay's Classic Salted Potato Chips (50.0 GRAM),Aashirvaad 100% Chana Dal Besan (500.0 GRAM),0.36582333011324225
Satyam Puffed Rice Kurmura A (200.0 GRAM),Haldiram's Lite Chiwda (200.0 GRAM),0.36572407761098125
Everest Sabji Masala,Crax Crunchy Pipes Salted Puff Snacks,0.3657233407042713
Ezee Medium Garbage Bags 19x 21 Inch (30.0 PIECE),Cheetos Cheese Puffs (28.0 GRAM),0.36571142869564677
Crax Cheese Balls Puff Snacks (65.0 GRAM),Piknik Classic Tomato Chilli,0.3656487933492964
Daily Good Saunf - Fennel,Scotch-Brite Scrub Sponge (Pack of 3),0.3656047371020891
Candyman Choco Double Eclairs (75.0 PIECE),Haldiram's Mini Bhakarwadi,0.36556156410282875
Catch Peri Peri Sprinkler (90.0 GRAM),Sunfeast Dark Fantasy Bourbon Chocolate Cream Biscuits | Trans Fat-free,0.36555760544563903
Jatin Verna Plastic Cloth Hanging Clips Set of 12 pcs,Lay's Spanish Tomato Tango Potato Chips,0.3654772862634685
Unibic Assorted Cookies,Kurkure Solid Masti Masala Twisteez (61.0 GRAM),0.3654771159874608
Nutrela Soya Granules (200.0 GRAM),Cheetos Cheese Puffs (28.0 GRAM),0.36544916686790635
Haldiram's Mixture (400.0 GRAM),"Ching's Secret Veg Hakka Noodles, Cooks In 5-7 mins, Just Soak & Drain",0.36540768528550766
Everest - Ginger Garlic Paste (200.0 GRAM),Rajdhani Roasted Chana (200.0 GRAM),0.3653380758098825
Korean Nongshim Shin Ramyun Noodle Soup Veg,Let's Try Salted Peanuts,0.36525871034188245
"Ritebite Max Protein Peri Peri 10G Multigrain Protein Chips, Healthy Snacks & Munchies",Parle Hide & Seek Milano Chocolate Flavoured Biscuits,0.36523872445384065
YiPPee! Magic Masala Noodles with Added Veggies - The Better Noodles,Haldiram's Bhujia Sev (200.0 GRAM),0.36519523984671126
Daily Good Unpolished Green Moong Chilka Dal -Split,Origami Luncheon Tissue Paper Napkins - 32 X 32 cm - 50 Serviettes,0.36518707422334773
Parle Krackjack Sweet and Salty Plain Crackers | Trans Fat-free,YiPPee! Magic Masala Noodles with Added Veggies - The Better Noodles,0.36518191017863616
Lay's American Cream & Onion Potato Chips,Palekar Jeeo Butter | Toasted Buns With Jeera And Khari | Trans Fat-free,0.3651758061993409
Cornitos Nacho Chips - Cheese And Herbs (55.0 GRAM),Snackible Cheese Dosa Khakra | Millet Snack (100.0 GRAM),0.36517069428461835
Maggi Pazzta Instant Pasta - Masala Penne (69.0 GRAM),Lay's American Cream & Onion Potato Chips (48.0 GRAM),0.3651597087028625
Orbit Sugar Free Spearmint Chewing Gum Tube (19800.0 MILLIGRAM),Kurkure Green Chutney Style (68.0 GRAM),0.3651432905889956
Chheda's Small Bhakarwadi,Max Protein Choco Chips Flavoured Biscuits | Maida-free,0.36514142610279354
Nissin Geki - Hot and Spicy Korean Kimchi Flavoured Ramen Instant Noodles,Crax Crunchy Pipes Salted Puff Snacks,0.36513303157033916
Daily Good Unpolished Green Moong Chilka Dal -Split,Kurkure Green Chutney Style (68.0 GRAM),0.3651081671481925
Tata Sampann Coriander Powder With Natural Oils Dhania Powder,Tata Sampann 100% Chana Dal Fine Besan,0.3651031321619558
Everest Sambhar Masala,Rajdhani Roasted Chana (200.0 GRAM),0.36507256848734626
Let's Try Cheese Balls (60.0 GRAM),YiPPee! Magic Masala Noodles with Added Veggies - The Better Noodles,0.3650511484269446
Hillers Schezwan Hot Chutney,Parle Hide & Seek Milano Chocolate Flavoured Biscuits,0.36500109353357146
Sunfeast Dark Fantasy Chocolate Cream Biscuits | Made With Real Chocolate,MAGGI 2-Minute Instant Noodles | Masala Noodles | Made With Quality Spices,0.36497695034280403
Satyam Singdana,Let's Try Salted Peanuts,0.3649728112112696
Heka Bites Roasted Chana Jor - Indian Herbs - Low Calorie & Healthy Snacks,Rajdhani Roasted Chana (200.0 GRAM),0.3648752319638395
Haldirams Namkeen - Khara Boondi,Lay's Spanish Tomato Tango Potato Chips,0.3648598457538616
Doublemint Lemonmint Flavour Chewymints Tube (27300.0 MILLIGRAM),Haldiram's Lite Chiwda (200.0 GRAM),0.36480568567501614
Epigamia Turbo Cookies and Cream Protein Milkshake,Top Ramen Noodles Curry Veg Pouch,0.3647715447923564
Everest Cumin Powder (50.0 GRAM),Charliee Rajgira Laddu,0.36466849315068495
Daily Good Saunf / Fennel,Sunfeast Dark Fantasy Bourbon Chocolate Cream Biscuits | Trans Fat-free,0.3646226755084379
Bingo! Mad Angles Very Peri Peri Crisps,RiteBite Max Protein 10g Protein Bar Choco Almond,0.3646156118238897
Bauli Moonfils Croissants Sweet Cheese Creme (45.0 GRAM),MAGGI 2-Minute Instant Noodles | Masala Noodles | Made With Quality Spices,0.3646119733924612
Lay's Potato Chips - Sizzling Hot Spicy Flavour,MAGGI 2-Minute Instant Noodles | Masala Noodles | Made With Quality Spices,0.3646119733924612
Catch Jeera Powder Pouch,Kinder Joy - Single Pack - Assorted,0.3645817592883186
Mr Makhana Lime Chilli,Parle Hide & Seek Milano Chocolate Flavoured Biscuits,0.36453553091426844
Catch Masala Amchur Powder,Max Protein Choco Chips Flavoured Biscuits | Maida-free,0.36450979139379613
Jatin Verna Plastic Cloth Hanging Clips Set of 12 pcs,RiteBite Max Protein 10g Protein Bar Choco Almond,0.3645055225691119
Top Ramen Masala Instant Noodles,Everest Coriander Powder (100.0 GRAM),0.3644821388715949
MAGGI Pazzta Instant Pasta - Mushroom Penne (68.0 GRAM),Let's Try Namkeen Combo Pack Of 6 (Crunchy Party Mix Peanut Party Mix Aloo Bhujia),0.3643765084473049
Crax Crunchy Pipes Salted Puff Snacks,Haldiram's Moong Dal,0.36436874307160505
Nissin Cup Noodles Italiano,Top Ramen Masala Instant Noodles,0.3643608731181709
Britannia The Original Bourbon Chocolate Cream Biscuits | Trans Fat-free,Chheda's Yellow Banana Chips (170.0 GRAM),0.36432179955584204
Sunfeast Farmlite Gold and Almond Oats Biscuits | Trans Fat-free,Chheda's Golden Plain Salted Chips (170.0 GRAM),0.36431318165243043
Korean Samyang Hot Chicken Ramen Non Veg,Haldiram's Salted Peanut,0.3643020362319542
Catch Turmeric Powder (200.0 GRAM),Sunfeast Dark Fantasy Bourbon Chocolate Cream Biscuits | Trans Fat-free,0.3643013937430766
Kurkure Schezwan Chutney (68.0 GRAM),Ezee Medium Garbage Bags 19x 21 Inch (30.0 PIECE),0.3642925100882517
Lay's Classic Salted Potato Chips (50.0 GRAM),Britannia 50-50 Maska Chaska Biscuits Butter Flavoured Crackers | Trans Fat-free,0.3642835246432099
Everest Sambhar Masala,Haldiram Aloo Bhujia ,0.36427522343627533
Everest Kasuri Methi,Rajdhani Roasted Chana (200.0 GRAM),0.3642657782807443
Britannia Treat Rich Creme Strawberry Flavoured Wafers | Trans Fat-free,Haldiram's Masala Tasty Nuts (200.0 GRAM),0.36426485774311856
"Taali Roasted Protein Puffs| Cheese & Herbs| Protein Rich, No Maida,No palm oil| Cheeseballs 2.0",Max Protein Choco Chips Flavoured Biscuits | Maida-free,0.3642515790268112
"Tata Sampann Hing, Compounded Asafoetida | Bandhani Hing, Strong Flavour & Aroma (50.0 GRAM)",Haldiram's Soan Papdi,0.3642492537149026
Top Ramen Masala Instant Noodles,Palekar Knot Premium Salty Khari | Preservative-free,0.36416872216208546
Daily Good Unpolished Green Moong Chilka Dal -Split,Kurkure Solid Masti Masala Twisteez (61.0 GRAM),0.36415292353823087
"Uncle Chipps Potato Chips, Plain Salted Flavour, Crispy Chips & Snacks (48.0 GRAM)",Britannia 50-50 Maska Chaska Biscuits Butter Flavoured Crackers | Trans Fat-free,0.3641391869211587
Cheetos Masala Balls (28.0 GRAM),Cheetos Cheese Puffs (28.0 GRAM),0.36411804226556455
Coca-Cola Zero Sugar Soft Drink,Parle Hide & Seek Milano Chocolate Flavoured Biscuits,0.36411688545815096
Nutrela Soya Granules (200.0 GRAM),Haldiram's Lite Chiwda (200.0 GRAM),0.36408329817863
Nongshim Korean Shin Ramyun Cup Noodle Soup Non Veg,Piknik Classic Tomato Chilli,0.36402178466694596
Khari Foods Kimia Gold Dates / Khajur,Haldiram Aloo Bhujia ,0.364018691588785
Britannia Pure Magic Choco Stars Chocolate Cream Biscuits | Trans Fat-free,Max Protein Choco Chips Flavoured Biscuits | Maida-free,0.3640152055167354
Aashirvaad 100% Chana Dal Besan (500.0 GRAM),RiteBite Max Protein 10g Protein Bar Choco Almond,0.36390503738872904
Chheda's Farali Potato Chivda (170.0 GRAM),Chheda's Small Bhakarwadi,0.3638957687917296
Sunfeast Dark Fantasy Choco Centre Fills | Preservative-free,Catch Jeera Whole (100.0 GRAM),0.36388049963695296
Disano Rolled Oats 100% Whole Grain,Sunfeast Dark Fantasy Bourbon Chocolate Cream Biscuits | Trans Fat-free,0.36386520912413145
Scotch-Brite Scrub Sponge (Pack of 3),Palekar Jeeo Butter | Toasted Buns With Jeera And Khari | Trans Fat-free,0.3638177823783302
Nutrela Soya Granules (200.0 GRAM),Lay's Spanish Tomato Tango Potato Chips,0.36373500363735006
Britannia The Original Bourbon Chocolate Cream Biscuits | Trans Fat-free,Kurkure Green Chutney Style (68.0 GRAM),0.36372149370528617
Haldiram's Moong Dal,Chheda's Yellow Banana Chips (170.0 GRAM),0.3635955395792178
Everest Sabji Masala,Palekar Knot Premium Salty Khari | Preservative-free,0.36358860472335647
Parle Hide & Seek Choco Roll Centre Fills | Trans Fat-free,Kinder Joy - Single Pack - Assorted,0.36354601565397676
Everest Black Pepper Powder,Rajdhani Roasted Chana (200.0 GRAM),0.36353542083055745
Britannia Good Day Oats Cookies Fruits and Nuts Dry Fruit Biscuits | Trans Fat-free,Let's Try Namkeen Combo Pack Of 6 (Crunchy Party Mix Peanut Party Mix Aloo Bhujia),0.3635339308578745
Godrej Expert Creme Hair Colour Natural Black (Pack of 4),Kurkure Green Chutney Style (68.0 GRAM),0.3635276123120532
Sweet Karam Coffee Garlic Murukku Sticks (95.0 GRAM),Sweet Karam Coffee Classic Tapioca Chips | No Palm Oil,0.3634915462872452
Cheetos Masala Balls (28.0 GRAM),Kurkure Green Chutney Style (68.0 GRAM),0.36347906104496636
Namaskaram Nachani (Ragi) Chips,YiPPee! Magic Masala Noodles with Added Veggies - The Better Noodles,0.36341577742851633
Nissin Cup Noodles Italiano,Haldiram's Soan Papdi,0.36335429240356376
Unibic Assorted Cookies,Daily Good Pistachios California Salted,0.36335189533713513
Catch Peri Peri Sprinkler (90.0 GRAM),Crax Crunchy Pipes Salted Puff Snacks,0.36334316376852377
Daily Good Saunf / Fennel,RiteBite Max Protein 10g Protein Bar Choco Almond,0.36333598613306134
Satyam Puffed Rice Kurmura A (200.0 GRAM),Chheda's Yellow Banana Chips (170.0 GRAM),0.3633331379559619
Daily Good Roasted Chana Dal / Phutana,Cheetos Masala Balls (28.0 GRAM),0.36332626449487887
Alpenliebe Juzt Jelly Strawberry Flavour Pouch,Haldiram's Lite Chiwda (200.0 GRAM),0.3633124796221473
ACT II Ready to Eat Popcorn - Sour Cream & Cheese Popcorn (50.0 GRAM),RiteBite Max Protein 10g Protein Bar Choco Almond,0.36327529162739797
Everest Kasuri Methi,Haldiram's Soan Papdi,0.36321584534987594
Catch Jeera Whole (100.0 GRAM),Cheetos Masala Balls (28.0 GRAM),0.36317046420993254
Pulse Guava 50 Candies,Max Protein Choco Chips Flavoured Biscuits | Maida-free,0.3631453162388461
Catch Turmeric Powder/Haldi (100.0 GRAM),Palekar Jeeo Butter | Toasted Buns With Jeera And Khari | Trans Fat-free,0.36313523536376524
Daily Good Roasted Chana Dal / Phutana,Kurkure Green Chutney Style (68.0 GRAM),0.363134609487932
Britannia Vita Butter Marie Gold Biscuits | Trans Fat-free,Catch Jeera Whole (100.0 GRAM),0.36305989284009127
Cavin's Strawberry Milkshake,Parle Hide & Seek Milano Chocolate Flavoured Biscuits,0.3630536791625844
Crax Curls Chatpata Masala Puff Snacks,Palekar Jeeo Butter | Toasted Buns With Jeera And Khari | Trans Fat-free,0.3630107493646163
"Tata Sampann Hing, Compounded Asafoetida | Bandhani Hing, Strong Flavour & Aroma (50.0 GRAM)",Piknik Classic Tomato Chilli,0.3629846855653307
Veeba Thousand Island Dressing,Lal Sweets Motichoor Laddu,0.3629846855653307
Catch Turmeric Powder/Haldi (100.0 GRAM),Haldiram's Masala Tasty Nuts (200.0 GRAM),0.36298404932766165
Catch Turmeric Powder/Haldi (100.0 GRAM),Haldiram's Salted Peanut,0.3629336863624997
Kinder Joy - Single Pack - Assorted,MAGGI 2-Minute Instant Noodles | Masala Noodles | Made With Quality Spices,0.36293366741597116
Cornitos Nacho Chips - Sizzlin Jalapeno (55.0 GRAM),Max Protein Choco Chips Flavoured Biscuits | Maida-free,0.362931826928888
Nissin Cup Noodles Italiano,Crax Crunchy Pipes Salted Puff Snacks,0.3628937597317044
Bingo! Mad Angles Achaari Masti Crisps,Haldiram's Moong Dal,0.3628884499219879
Doritos Nacho Cheese Flavoured Corn Chips (45.0 GRAM),Lay's India's Magic Masala Potato Chips,0.3628620964035587
RiteBite Max Protein 10g Protein Bar Choco Berry (50.0 GRAM),Haldiram's Moong Dal,0.3628231175878585
Cornitos Jalapeno Nachos and Salsa Dip Tray (75.0 GRAM),Rajdhani Roasted Chana (200.0 GRAM),0.36280100583898056
Britannia 50-50 Maska Chaska Biscuits Butter Flavoured Crackers | Trans Fat-free,Max Protein Choco Chips Flavoured Biscuits | Maida-free,0.3628004488919906
Parle Hide & Seek Milano Mixed Berries Centre Fills| Preservative-free,Palekar Knot Premium Salty Khari | Preservative-free,0.3627981947130884
Sundrop Peanut Butter With Honey - Crunchy,Dukes Nutri Choice Assorted Biscuits Wafers,0.36272641965478997
MAGGI 2-Minute Instant Noodles | Masala Noodles | Made With Quality Spices,Sunfeast Dark Fantasy Bourbon Chocolate Cream Biscuits | Trans Fat-free,0.3626563546087689
Daily Good Lachkari Kolam Raw Rice,Whiskas Adult Ocean Fish Flavour Dry Cat Food,0.36254355400696864
Parle Shakti Milk Glucose Biscuits | Cholesterol-free and Trans Fat-free,MAGGI 2-Minute Instant Noodles | Masala Noodles | Made With Quality Spices,0.3625318724847617
Sweet Karam Coffee Onion Kodubale / Ring Murukku | No Palm Oil and No Maida,Rajdhani Roasted Chana (200.0 GRAM),0.36251329687320805
Haldirams Namkeen - Khara Boondi,Haldiram's Masala Tasty Nuts (200.0 GRAM),0.36247079615500666
Parle Hide & Seek Black Bourbon Chocolate Cream Biscuits | Trans Fat-free,Scotch-Brite Scrub Sponge (Pack of 3),0.3624407977266326
Daily Good Mustard / Rai / Sarso Small (100.0 GRAM),Let's Try Namkeen Combo Pack Of 6 (Crunchy Party Mix Peanut Party Mix Aloo Bhujia),0.3624242424242424
Chheda's Salt & Pepper Banana Chips,Max Protein Choco Chips Flavoured Biscuits | Maida-free,0.3624071062152558
Sofit Vanilla Soy Milk,Parle Melody Chocolaty Toffee (176.0 GRAM),0.3623817240838518
Catch Masala Amchur Powder,Haldiram's Salted Peanut,0.36230129278354073
Haldiram Aloo Bhujia ,Haldiram's Soan Papdi,0.3622711382931116
Heka Bites Roasted Chana Jor - Indian Herbs - Low Calorie & Healthy Snacks,Sunfeast Dark Fantasy Bourbon Chocolate Cream Biscuits | Trans Fat-free,0.3622642936848675
Bingo! Original Style Chilli Sprinkled - Flat Cut Spicy Potato Chips Pack for Snacks,Parle Hide & Seek Chocolate Chip Biscuits | Trans Fat-free,0.36225571266917395
Let's Try Cheese Balls (60.0 GRAM),Cheetos Cheese Puffs (28.0 GRAM),0.36224016075388027
Britannia Treat Jimjam Naughty Jam Cream Biscuits | Trans Fat-free,Cheetos Masala Balls (28.0 GRAM),0.3621717322921457
Palekar Makkhan Butter Rusk | Bromate-free and Trans Fat-free,Max Protein Choco Chips Flavoured Biscuits | Maida-free,0.36216775992482714
Britannia Little Hearts Classic Crunch Flavoured Biscuits | Cholesterol-free,Parle Hide & Seek Chocolate Chip Biscuits | Trans Fat-free,0.36212618184233547
"Yoga Bar Muesli Dark Chocolate & Cranberry,Breakfast Cereals, Protein Granola, Gluten Free",Haldiram's Lite Chiwda (200.0 GRAM),0.3621214966834274
Lay's West Indies Hot 'n' Sweet Chilli Potato Chips,Sunfeast Dark Fantasy Bourbon Chocolate Cream Biscuits | Trans Fat-free,0.36202564790510144
Farmley Black Pepper Roasted Makhana- Fit For Fasting,Origami Luncheon Tissue Paper Napkins - 32 X 32 cm - 50 Serviettes,0.3619901503412578
Catch Sprinkler Chat Masala (100.0 GRAM),Chheda's Yellow Banana Chips (170.0 GRAM),0.3619896012634643
Haldirams Namkeen - Khara Boondi,Let's Try Salted Peanuts,0.3619847297159727
Everest Powder - Tea Masala (100.0 GRAM),Haldiram's Masala Tasty Nuts (200.0 GRAM),0.3619658343062598
Lay's India's Magic Masala Potato Chips,Sunfeast Dark Fantasy Bourbon Chocolate Cream Biscuits | Trans Fat-free,0.3619580228974872
"Ching's Secret Veg Hakka Noodles, Cooks In 5-7 mins, Just Soak & Drain",Max Protein Choco Chips Flavoured Biscuits | Maida-free,0.3619571690191142
Tata Sampann Chilli Powder with Natural Oils Lal Mirchi Powder,Haldiram Aloo Bhujia ,0.36195040356839425
Pulse Guava 50 Candies,MAGGI 2-Minute Instant Noodles | Masala Noodles | Made With Quality Spices,0.3619310029998696
"Yoga Bar Muesli Dark Chocolate & Cranberry,Breakfast Cereals, Protein Granola, Gluten Free",Palekar Knot Premium Salty Khari | Preservative-free,0.36187032209233877
Rajam Banana Chips (150.0 GRAM),Origami Luncheon Tissue Paper Napkins - 32 X 32 cm - 50 Serviettes,0.3618460459820455
Wok Tok by Veeba Instant Cup Noodles Masala (75500.0 MILLIGRAM),Haldiram's Mixture (400.0 GRAM),0.3618394706088147
Hillers Schezwan Hot Chutney,Om Shanthi Havan Samagri | Cycle,0.3618077324973876
"Tata Sampann Hing, Compounded Asafoetida | Bandhani Hing, Strong Flavour & Aroma (50.0 GRAM)",Charliee Rajgira Laddu,0.36177429876060013
Hellmann's Eggless Mayonnaise World's No.1 Mayonnaise Brand (85.0 GRAM),Parle Hide & Seek Chocolate Chip Biscuits | Trans Fat-free,0.3617619744755401
Kurkure Red Chilli Chataka Chips (68.0 GRAM),Max Protein Choco Chips Flavoured Biscuits | Maida-free,0.36173628679312214
Britannia Treat Rich Creme Choco Flavoured Wafers | Trans Fat-free,Haldiram's Masala Tasty Nuts (200.0 GRAM),0.3617093028857735
Everest Turmeric Powder ,Scotch-Brite Scrub Sponge (Pack of 3),0.3616653574234093
Chheda's Yellow Banana Chips (170.0 GRAM),Chheda's Golden Plain Salted Chips (170.0 GRAM),0.3616432741745994
Lay's Classic Salted Potato Chips (67.0 GRAM),Haldiram's Moong Dal,0.3616414105751769
Cornitos Nachos Peri Peri (150.0 GRAM),Unibic Fruit & Nut cookies,0.3616275459513164
"Cheetos Masala Balls, Crispy Chips & Snacks (84.0 GRAM)",Haldiram's Bhujia Sev (200.0 GRAM),0.3615992373362469
YiPPee! Magic Masala Noodles with Added Veggies - The Better Noodles,Let's Try Namkeen Combo Pack Of 6 (Crunchy Party Mix Peanut Party Mix Aloo Bhujia),0.36158367110596407
Coca-Cola Zero Sugar Soft Drink,Crax Crunchy Pipes Salted Puff Snacks,0.3615612245062513
Winkies Fruit Cake Slice,Britannia Marie Gold Biscuits Plain | Trans Fat-free,0.36154974058199857
"Taali Roasted Bharuchi Peanuts | Masala | Protein Rich, No Palm Oil ,Restaurant-Style Crunch",Cheetos Cheese Puffs (28.0 GRAM),0.36153403958282004
Farmley Black Pepper Roasted Makhana- Fit For Fasting,Haldiram's Moong Dal,0.3615249399115457
Satyam Puffed Rice Kurmura A (200.0 GRAM),Haldiram's Masala Tasty Nuts (200.0 GRAM),0.3614900851264488
Jatin Verna Plastic Cloth Hanging Clips Set of 12 pcs,Haldiram's Moong Dal,0.3614021393205431
Daily Good Raw Peanut - Singdana,Britannia Treat Jimjam Naughty Jam Cream Biscuits | Trans Fat-free,0.3613625927111309
Catch Red Chilli Powder (200.0 GRAM),Haldiram's Moong Dal,0.3613511298442805
Daily Good Roasted Chana Dal / Phutana,MAGGI 2-Minute Instant Noodles | Masala Noodles | Made With Quality Spices,0.361327180839376
Veeba Thousand Island Dressing,Max Protein Choco Chips Flavoured Biscuits | Maida-free,0.36131879658698174
Ezee Small Garbage Bags 17 x 19 Inch (30.0 PIECE),RiteBite Max Protein 10g Protein Bar Choco Almond,0.36131456513248
Parle Hide & Seek Milano Mixed Berries Centre Fills| Preservative-free,Kinder Creamy Milky And Cocoa With Extruded Rice (19.0 GRAM),0.3612830054935318
Tata Coffee Grand Premium 100% Coffee Blend Classic Instant Coffee,Kinder Creamy Milky And Cocoa With Extruded Rice (19.0 GRAM),0.3612830054935318
"Ching's Secret Veg Hakka Noodles, Cooks In 5-7 mins, Just Soak & Drain",Sunfeast All Rounder Crunchy Potato Chatpata Masala Flavoured Crackers | Trans Fat-free,0.3612752971410216
"Taali Roasted Protein Puffs | Smokey Bbq | Protein Rich,No Maida , No Palm Oil | Cheeseballs 2.0 (60.0 GRAM)",Everest Chhole Masala,0.361264259433875
Top Ramen Masala Instant Noodles,Kinder Joy - Single Pack - Assorted,0.36123697250585696
Everest Turmeric Powder ,Cheetos Cheese Puffs (28.0 GRAM),0.36123672540553153
Daily Good Mustard / Rai / Sarso Small (100.0 GRAM),Lay's Spanish Tomato Tango Potato Chips,0.3612255324584092
Everest Cumin Powder (100.0 GRAM),Let's Try Namkeen Combo Pack Of 6 (Crunchy Party Mix Peanut Party Mix Aloo Bhujia),0.3612213740458015
Daily Good Saunf / Fennel,Haldiram's Bhujia Sev (200.0 GRAM),0.36119790632921434
Beyond Snack Kerala Banana Chips - Original Style (70.0 GRAM),Max Protein Choco Chips Flavoured Biscuits | Maida-free,0.36115201353833554
Crax Crunchy Pipes Salted Puff Snacks,Let's Try Salted Peanuts,0.3611415975815411
Cornitos Nacho Chips - Cheese And Herbs (55.0 GRAM),Haldiram's Soan Papdi,0.36113388206150787
Origami Luncheon Tissue Paper Napkins - 32 X 32 cm - 50 Serviettes,Max Protein Choco Chips Flavoured Biscuits | Maida-free,0.3611335428971812
"B Natural Orange Juice, 100% Pulp, No Concentrate",Everest Shahi Biryani Masala (50.0 GRAM),0.3611159874608151
Britannia Good Day Pista and Badam Dry Fruit Biscuits | Trans Fat-free,Kinder Joy - Single Pack - Assorted,0.3611142697298698
Palekar Knot Premium Salty Khari | Preservative-free,Haldiram's Lite Chiwda (200.0 GRAM),0.36110389311988506
Cornitos Nacho Crisps - Cheese And Herbs,Haldiram's Lite Chiwda (200.0 GRAM),0.361103893119885
Bauli Moonfils Croissants Choco Cream,Sunfeast Dark Fantasy Bourbon Chocolate Cream Biscuits | Trans Fat-free,0.36108399838598954
Parle Melody Chocolaty Toffee (176.0 GRAM),Palekar Knot Premium Salty Khari | Preservative-free,0.36098193341289764
"Taali Roasted Bharuchi Peanuts | Masala | Protein Rich, No Palm Oil ,Restaurant-Style Crunch",Let's Try Namkeen Combo Pack Of 6 (Crunchy Party Mix Peanut Party Mix Aloo Bhujia),0.3609235209235209
Cadbury Oreo Vanilla Flavour Creme Sandwich Biscuit Family Pack,Aashirvaad 100% Chana Dal Besan (500.0 GRAM),0.36091793068421263
Scotch-Brite Scrub Sponge (Pack of 3),Let's Try Salted Peanuts,0.3608872946678599
"Farmley Seed Mix Superfood Rich In Protein- Pumpkin, Watermelon, Sunflower, Flax, Chia Seeds",Sunfeast All Rounder Crunchy Potato Chatpata Masala Flavoured Crackers | Trans Fat-free,0.36088423295454547
Beyond Snack Kerala Banana Chips - Original Style (70.0 GRAM),Sunfeast Dark Fantasy Bourbon Chocolate Cream Biscuits | Trans Fat-free,0.3608778921312192
Lay's Classic Salted Potato Chips (50.0 GRAM),Ezee Small Garbage Bags 17 x 19 Inch (30.0 PIECE),0.3608591911858811
Cadbury Oreo Vanilla Flavour Creme Sandwich Biscuit Family Pack,Origami Luncheon Tissue Paper Napkins - 32 X 32 cm - 50 Serviettes,0.3608326236977247
Daily Good Mustard / Rai / Sarso Small (100.0 GRAM),Haldiram's Salted Peanut,0.3608114229293268
Britannia Marie Gold Biscuits Plain | Trans Fat-free,Haldiram's Masala Tasty Nuts (200.0 GRAM),0.36076127447095185
Nissin Cup Noodles Super Hot Chilli,Haldiram's Soan Papdi,0.36073333427750004
Hillers Schezwan Hot Chutney,Kinder Joy - Single Pack - Assorted,0.36065307653736683
Rajdhani Roasted Chana (200.0 GRAM),Haldiram's Masala Tasty Nuts (200.0 GRAM),0.3606409631726088
Ezee Small Garbage Bags 17 x 19 Inch (30.0 PIECE),Max Protein Choco Chips Flavoured Biscuits | Maida-free,0.3605903312712822
Everest Sambhar Masala,Haldiram's Soan Papdi,0.360586156254539
Tata Sampann 100% Pure Premium Cashews/Kaju Whole,Kurkure Masala Munch,0.3605746041732201
Haldiram's Lite Chiwda (200.0 GRAM),Sunfeast Dark Fantasy Bourbon Chocolate Cream Biscuits | Trans Fat-free,0.3605571774373833
Catch Turmeric Powder/Haldi (100.0 GRAM),Scotch-Brite Scrub Sponge (Pack of 3),0.36050663781612563
Tata Sampann Unpolished Urad Kali,Haldiram's Moong Dal,0.3604978804231606
Parle Shakti Milk Glucose Biscuits | Cholesterol-free and Trans Fat-free,Sunfeast Dark Fantasy Bourbon Chocolate Cream Biscuits | Trans Fat-free,0.36049283014606615
Britannia Treat Jimjam Naughty Jam Cream Biscuits | Trans Fat-free,RiteBite Max Protein 10g Protein Bar Choco Almond,0.3604565803178606
Mr Makhana Piri Piri,Haldiram's Salted Peanut,0.3603811036125446
Everest - Ginger Garlic Paste (200.0 GRAM),Max Protein Choco Chips Flavoured Biscuits | Maida-free,0.3602923227330414
"Cheetos Masala Balls, Crispy Chips & Snacks (84.0 GRAM)",Chheda's Yellow Banana Chips (170.0 GRAM),0.3602435704563364
"Haldirams Namkeen - Tasty Nuts, (400.0 GRAM)",Crax Crunchy Pipes Salted Puff Snacks,0.3601652352224434
Farmley Premium California Natural Dried Cranberry,Modern Kitchens Butter Murukku,0.36016291951775825
Coca-Cola Zero Sugar Soft Drink,Bhagirathi Rajgira Peeth | Amaranth Flour,0.3601615097885392
Lal Sweets Motichoor Laddu,Parle Hide & Seek Milano Chocolate Flavoured Biscuits,0.36012582691127326
Britannia Good Day Cashew Dry Fruit Biscuits| Trans Fat-free,Cheetos Masala Balls (28.0 GRAM),0.3601075968912541
Nissin Cup Noodles Super Hot Chilli,Lal Sweets Motichoor Laddu,0.36002154527500146
Tata Sampann Unpolished Urad Kali,Sunfeast Dark Fantasy Bourbon Chocolate Cream Biscuits | Trans Fat-free,0.3600188538479778
"Taali Roasted Bharuchi Peanuts | Masala | Protein Rich, No Palm Oil ,Restaurant-Style Crunch",The Theatre Project Gourmet Popcorn - Cheddar Cheese (60.0 GRAM),0.3599958501919286
YiPPee! Magic Masala Noodles with Added Veggies - The Better Noodles,Palekar Jeeo Butter | Toasted Buns With Jeera And Khari | Trans Fat-free,0.35998727507526507
Nissin Geki - Hot and Spicy Korean Kimchi Flavoured Ramen Instant Noodles,Everest Chhole Masala,0.35998485199133196
Chheda's Salt & Pepper Banana Chips,RiteBite Max Protein 10g Protein Bar Choco Almond,0.35995419402881856
Satyam Puffed Rice Kurmura - R (200.0 GRAM),Haldiram's Moong Dal,0.3599078675255777
Yogabar Dark Chocolate Oatmeal 400g Breakfast Cereal Gluten Free Oats High in Protein & Gluten-Free,Parle Melody Chocolaty Toffee (176.0 GRAM),0.35990227018222537
Palekar Tea Time Ajwain Rusk | Trans Fat-free,Rajdhani Roasted Chana (200.0 GRAM),0.3598220866034832
Haldiram's Masala Tasty Nuts (200.0 GRAM),RiteBite Max Protein 10g Protein Bar Choco Almond,0.359788743489184
Sofit Vanilla Soy Milk,Daily Good Saunf / Fennel,0.3597541740764247
Britannia Treat Rich Creme Strawberry Flavoured Wafers | Trans Fat-free,Crax Crunchy Pipes Salted Puff Snacks,0.3596758802832825
"Maggi Nutri-licious Masala Veg Atta Noodles, Instant Noodles",Haldiram's Moong Dal,0.3596100832382853
RiteBite Max Protein 10g Protein Bar Choco Berry (50.0 GRAM),Cheetos Masala Balls (28.0 GRAM),0.35960786328428046
Daily Good Pistachios California Salted,Lay's American Cream & Onion Potato Chips (48.0 GRAM),0.3596028579010349
"Haldirams Namkeen - Tasty Nuts, (400.0 GRAM)",Kinder Joy - Single Pack - Assorted,0.3595510044929441
Crax Curls Chatpata Masala Puff Snacks,Sunfeast Dark Fantasy Bourbon Chocolate Cream Biscuits | Trans Fat-free,0.35952956483758375
Scotch-Brite Scrub Sponge (Pack of 3),RiteBite Max Protein 10g Protein Bar Choco Almond,0.3594608057031622
Mr Makhana Super Snack - Pudina Party,Let's Try Namkeen Combo Pack Of 6 (Crunchy Party Mix Peanut Party Mix Aloo Bhujia),0.359451114922813
Modern Kitchens Butter Murukku,Scotch-Brite Scrub Sponge (Pack of 3),0.3593673859441794
"Maggi Nutri-licious Masala Veg Atta Noodles, Instant Noodles",MAGGI 2-Minute Instant Noodles | Masala Noodles | Made With Quality Spices,0.35934764483751663
Britannia Good Day Chunkies Coconut Flavoured Biscuits | Trans Fat-free,Maggi Special Masala Instant Noodles,0.35934386533418455
Malkist Double Chocolatey Crunchy Layered Crackers,Britannia 50-50 Maska Chaska Biscuits Butter Flavoured Crackers | Trans Fat-free,0.3593261785083549
Tata Sampann Coriander Powder With Natural Oils Dhania Powder,Paper Boat Chikki Family Pack,0.3593073593073593
Disano Rolled Oats 100% Whole Grain,Sunfeast All Rounder Crunchy Potato Chatpata Masala Flavoured Crackers | Trans Fat-free,0.35928030303030306
Britannia Treat Jimjam Naughty Jam Cream Biscuits | Trans Fat-free,Origami Luncheon Tissue Paper Napkins - 32 X 32 cm - 50 Serviettes,0.35927384887118186
Doritos Nacho Cheese Flavoured Corn Chips (45.0 GRAM),Britannia Marie Gold Biscuits Plain | Trans Fat-free,0.3592640813024573
Dabur Real Alphonso Mango Fruit Juice,Kurkure Green Chutney Style (68.0 GRAM),0.35925081687308785
Catch Dhania Powder (200.0 GRAM),Lay's Spanish Tomato Tango Potato Chips,0.35922981128460574
Palekar Makkhan Butter Rusk | Bromate-free and Trans Fat-free,Haldiram's Lite Chiwda (200.0 GRAM),0.3591932905107852
Korean Kab's Jackpot Cheese and Butter Instant Noodles | Hot Chicken | Non Veg,Society Natural Tea (250.0 GRAM),0.35915586066615823
Society Natural Tea,Crax Crunchy Pipes Salted Puff Snacks,0.35907382541873906
Cheetos Cheese Puffs (28.0 GRAM),Chheda's Yellow Banana Chips (170.0 GRAM),0.35902093063483825
Lay's Spanish Tomato Tango Potato Chips,MAGGI 2-Minute Instant Noodles | Masala Noodles | Made With Quality Spices,0.35899295325456365
Nestle EveryDay Dairy Whitener,Lay's Spanish Tomato Tango Potato Chips,0.35898543726332377
Kurkure Solid Masti Masala Twisteez (61.0 GRAM),Cheetos Cheese Puffs (28.0 GRAM),0.35890045110482455
BAY6 Dishwashbar,RiteBite Max Protein 10g Protein Bar Choco Almond,0.3588883826186771
L'Oreal Paris Total Repair 5 Conditioner,Cheetos Cheese Puffs (28.0 GRAM),0.3588757010564758
Catch Peri Peri Sprinkler (90.0 GRAM),Haldiram's Salted Peanut,0.35884314503888104
Lal Sweets Motichoor Laddu,Palekar Knot Premium Salty Khari | Preservative-free,0.35883977038747117
Rajdhani Roasted Chana (200.0 GRAM),Haldiram's Bhujia Sev (200.0 GRAM),0.35883564154098535
Everest Super Garam Masala Pouch,Rajdhani Roasted Chana (200.0 GRAM),0.3588141815989918
Winkies Fruit Cake Slice,Rajdhani Roasted Chana (200.0 GRAM),0.3588141815989917
Catch Red Chilli Powder (200.0 GRAM),Crax Crunchy Pipes Salted Puff Snacks,0.3587799843177417
Unibic Danish Coconut Cookies,Max Protein Choco Chips Flavoured Biscuits | Maida-free,0.3586620407297246
Scotch-Brite Scrub Sponge (Pack of 3),Cheetos Cheese Puffs (28.0 GRAM),0.35854092894728135
Chheda's Long Masala Banana Chips (170.0 GRAM),Chheda's Yellow Banana Chips (170.0 GRAM),0.35852279868439313
Top Ramen Masala Instant Noodles,Crax Crunchy Pipes Salted Puff Snacks,0.3585131011159185
Crax Crunchy Pipes Salted Puff Snacks,Chheda's Yellow Banana Chips (170.0 GRAM),0.3583615501625142
Modern Kitchens Butter Murukku,Let's Try Salted Peanuts,0.35821405544809803
Moov Fast Pain Relief Spray (50.0 GRAM),Haldiram's Bhujia Sev (200.0 GRAM),0.3581879237764709
Britannia Good Day Cashew Dry Fruit Biscuits| Trans Fat-free,Haldiram's Moong Dal,0.35811729474126575
Daily Good Lachkari Kolam Raw Rice,MAGGI 2-Minute Instant Noodles | Masala Noodles | Made With Quality Spices,0.35810104529616726
Alpenliebe Juzt Jelly Strawberry Flavour Pouch,Parle Hide & Seek Milano Chocolate Flavoured Biscuits,0.3580945361444615
Daily Good Sooji Rava Barik / Chiroti Sooji,Sunfeast All Rounder Crunchy Potato Chatpata Masala Flavoured Crackers | Trans Fat-free,0.3580866807610994
Ezee Medium Garbage Bags 19x 21 Inch (30.0 PIECE),Haldiram's Moong Dal,0.3580122238462287
Tang Mango Instant Drink Mix,MAGGI 2-Minute Instant Noodles | Masala Noodles | Made With Quality Spices,0.35797216706781615
Hellmann's Eggless Mayonnaise World's No.1 Mayonnaise Brand (85.0 GRAM),YiPPee! Magic Masala Noodles with Added Veggies - The Better Noodles,0.3579018828744285
"Yoga Bar Muesli Dark Chocolate & Cranberry,Breakfast Cereals, Protein Granola, Gluten Free",Max Protein Choco Chips Flavoured Biscuits | Maida-free,0.35788234064118163
"Taali Roasted Bharuchi Peanuts | Masala | Protein Rich, No Palm Oil ,Restaurant-Style Crunch",Sunfeast Dark Fantasy Bourbon Chocolate Cream Biscuits | Trans Fat-free,0.35782093654731867
Britannia The Original Bourbon Chocolate Cream Biscuits | Trans Fat-free,Daily Good Raw Peanut - Singdana,0.35767051813094974
Nestle EveryDay Dairy Whitener,Haldiram's Masala Tasty Nuts (200.0 GRAM),0.3576493005064434
Yogabar Dark Chocolate Oatmeal 400g Breakfast Cereal Gluten Free Oats High in Protein & Gluten-Free,Piknik Classic Tomato Chilli,0.35763543756752586
"B Natural Orange Juice, 100% Pulp, No Concentrate",Nissin Geki - Hot and Spicy Korean Kimchi Flavoured Ramen Instant Noodles,0.3575613447194898
Haldiram's Salted Peanut,Lay's Spanish Tomato Tango Potato Chips,0.3575565428768754
Parle Hide & Seek Milano Mixed Berries Centre Fills| Preservative-free,Parle Melody Chocolaty Toffee (176.0 GRAM),0.35754996776273373
Ezee Small Garbage Bags 17 x 19 Inch (30.0 PIECE),Kurkure Green Chutney Style (68.0 GRAM),0.35753396709113755
Unibic Choco Chip Flavoured Biscuits | Trans Fat-free,Kurkure Solid Masti Masala Twisteez (61.0 GRAM),0.3575020698146719
Alpenliebe Pop Assorted Flavours Lollipop (64.0 GRAM),Crax Crunchy Pipes Salted Puff Snacks,0.3574774349595894
Alpenliebe Pop Assorted Flavours Lollipop (64.0 GRAM),Kotton Multipurpose Napkin | 100% Virgin Pulp-Paper | 25 cm X 25 cm | 100Pcs,0.35735621472063817
"Ritebite Max Protein Peri Peri 10G Multigrain Protein Chips, Healthy Snacks & Munchies",Lal Sweets Motichoor Laddu,0.3573130498533724
Heka Bites Roasted Chana Jor - Indian Herbs - Low Calorie & Healthy Snacks,Haldiram's Masala Tasty Nuts (200.0 GRAM),0.357310135688514
Rajdhani Roasted Chana (200.0 GRAM),Lay's Spanish Tomato Tango Potato Chips,0.3573098769908203
Chheda's Yellow Banana Chips (170.0 GRAM),Max Protein Choco Chips Flavoured Biscuits | Maida-free,0.35729480068084346
Doritos Nacho Cheese Flavoured Corn Chips (45.0 GRAM),Ezee Medium Garbage Bags 19x 21 Inch (30.0 PIECE),0.3572592046222878
"Ching's Secret Veg Hakka Noodles, Cooks In 5-7 mins, Just Soak & Drain",Rajdhani Roasted Chana (200.0 GRAM),0.35722931330571
Alpenliebe Pop Assorted Flavours Lollipop (64.0 GRAM),"Ching's Secret Veg Hakka Noodles, Cooks In 5-7 mins, Just Soak & Drain",0.35717237775146116
Hillers Schezwan Hot Chutney,Sunfeast Dark Fantasy Bourbon Chocolate Cream Biscuits | Trans Fat-free,0.3571539823319462
Scotch-Brite Scrub Sponge (Pack of 3),MAGGI 2-Minute Instant Noodles | Masala Noodles | Made With Quality Spices,0.35712926498328756
Pulse Kachcha Aam 50 Candies (190.0 GRAM),Lay's Spanish Tomato Tango Potato Chips,0.35711669474763746
Tata Sampann Coriander Powder With Natural Oils Dhania Powder,"Maggi Nutri-licious Masala Veg Atta Noodles, Instant Noodles",0.35710127913517753
Rajam Banana Chips (150.0 GRAM),Kurkure Solid Masti Masala Twisteez (61.0 GRAM),0.3569415570153545
Cavin's Strawberry Milkshake,Max Protein Choco Chips Flavoured Biscuits | Maida-free,0.3569124697993356
Cheetos Cheese Puffs (28.0 GRAM),Max Protein Choco Chips Flavoured Biscuits | Maida-free,0.3569124697993356
Namaskaram Nachani (Ragi) Chips,MAGGI 2-Minute Instant Noodles | Masala Noodles | Made With Quality Spices,0.35689531787092765
Daily Good Cashew | W320 (100.0 GRAM),Kurkure Solid Masti Masala Twisteez (61.0 GRAM),0.3568631772268136
Pulse Kachcha Aam 50 Candies (190.0 GRAM),Crax Crunchy Pipes Salted Puff Snacks,0.35685489298694295
"Maggi Nutri-licious Masala Veg Atta Noodles, Instant Noodles",Sunfeast Dark Fantasy Bourbon Chocolate Cream Biscuits | Trans Fat-free,0.35683746168736263
Aashirvaad 100% Chana Dal Besan (500.0 GRAM),Max Protein Choco Chips Flavoured Biscuits | Maida-free,0.3568135746844009
Bauli Moonfils Croissants Sweet Cheese Creme (45.0 GRAM),Max Protein Choco Chips Flavoured Biscuits | Maida-free,0.3568023116296445
Everest Sabji Masala,Haldiram's Masala Tasty Nuts (200.0 GRAM),0.3567972012416457
Tata Sampann Unpolished Urad Kali,Rajdhani Roasted Chana (200.0 GRAM),0.3567754646580884
Everest Kasuri Methi,Haldiram's Masala Tasty Nuts (200.0 GRAM),0.35671331803928485
Beyond Snack Kerala Banana Chips - Original Style (70.0 GRAM),RiteBite Max Protein 10g Protein Bar Choco Almond,0.3566446944605313
Everest Sabji Masala,Rajdhani Roasted Chana (200.0 GRAM),0.35659927924344237
Catch Turmeric Powder (200.0 GRAM),Haldiram's Salted Peanut,0.35659298608922696
Bauli Moonfills Croissants Combi,The Whole Truth Double Cocoa Protein Bar,0.35658989898989896
Korean Nongshim Shin Ramyun Noodle Soup Veg,Haldiram's Moong Dal,0.35653636525367527
Sunfeast Farmlite Gold and Almond Oats Biscuits | Trans Fat-free,Kinder Creamy Milky And Cocoa With Extruded Rice (19.0 GRAM),0.35652928173703796
Sundrop Peanut Butter With Honey - Crunchy,Mr Makhana Super Snack - Pudina Party,0.35647699306435976
Mr Makhana Piri Piri,Cheetos Cheese Puffs (28.0 GRAM),0.35645631430778046
Balaji Masala Masti Chips (135.0 GRAM),Aashirvaad 100% Chana Dal Besan (500.0 GRAM),0.3564182976901182
Maggi Pazzta Instant Pasta - Masala Penne (69.0 GRAM),RiteBite Max Protein 10g Protein Bar Choco Almond,0.35640539984535385
Beyond Snack Kerala Banana Chips - Original Style (70.0 GRAM),Kurkure Green Chutney Style (68.0 GRAM),0.3563322356429519
MAGGI Pazzta Instant Pasta - Cheese Macaroni,Catch Jeera Whole (100.0 GRAM),0.3562936009075017
Britannia Vita Butter Marie Gold Biscuits | Trans Fat-free,Parle Hide & Seek Chocolate Chip Biscuits | Trans Fat-free,0.35627740845862765
Rajdhani Roasted Chana (200.0 GRAM),Let's Try Salted Peanuts,0.3562707603914176
Everest Powder - Tea Masala (100.0 GRAM),Rajdhani Roasted Chana (200.0 GRAM),0.35626940016921166
Hellmann's Eggless Mayonnaise World's No.1 Mayonnaise Brand (85.0 GRAM),MAGGI 2-Minute Instant Noodles | Masala Noodles | Made With Quality Spices,0.35623008894665753
Yogabar Dark Chocolate Oatmeal 400g Breakfast Cereal Gluten Free Oats High in Protein & Gluten-Free,Kinder Joy - Single Pack - Assorted,0.3561867845678639
Britannia Pure Magic Choco Stars Chocolate Cream Biscuits | Trans Fat-free,Parle Hide & Seek Chocolate Chip Biscuits | Trans Fat-free,0.35615079957147117
Everest Turmeric Powder ,Everest Chhole Masala,0.35612536527407596
Ezee Medium Garbage Bags 19x 21 Inch (30.0 PIECE),Max Protein Choco Chips Flavoured Biscuits | Maida-free,0.3561001690102264
Palekar Tea Time Ajwain Rusk | Trans Fat-free,"Ching's Secret Veg Hakka Noodles, Cooks In 5-7 mins, Just Soak & Drain",0.3560877364585626
Orbit Sugar Free Sweetmint Chewing Gum Tube (19800.0 MILLIGRAM),"Ching's Secret Veg Hakka Noodles, Cooks In 5-7 mins, Just Soak & Drain",0.3560877364585626
"Ritebite Max Protein Spanish Tomato 10G Multigrain Protein Chips, Healthy Snacks & Munchies",Max Protein Choco Chips Flavoured Biscuits | Maida-free,0.3560796740364705
"Ritebite Max Protein Peri Peri 10G Multigrain Protein Chips, Healthy Snacks & Munchies",Sunfeast All Rounder Crunchy Potato Chatpata Masala Flavoured Crackers | Trans Fat-free,0.3560724431818182
Korean Nongshim Shin Ramyun Noodle Soup Veg,Sunfeast Dark Fantasy Bourbon Chocolate Cream Biscuits | Trans Fat-free,0.35606260270679124
Haldiram's Mixture (400.0 GRAM),Parle Melody Chocolaty Toffee (176.0 GRAM),0.35603492552645094
Moov Fast Pain Relief Spray (50.0 GRAM),Let's Try Namkeen Combo Pack Of 6 (Crunchy Party Mix Peanut Party Mix Aloo Bhujia),0.3559242424242425
Daily Good Mustard / Rai / Sarso Small (100.0 GRAM),Haldiram's Moong Dal,0.35587611272542785
Alpenliebe Pop Assorted Flavours Lollipop (64.0 GRAM),Everest Chhole Masala,0.3558722555617277
Orbit Sugar Free Spearmint Chewing Gum Tube (19800.0 MILLIGRAM),Haldiram's Lite Chiwda (200.0 GRAM),0.35586742670975935
"Taali Roasted Bharuchi Peanuts | Masala | Protein Rich, No Palm Oil ,Restaurant-Style Crunch",Lay's Spanish Tomato Tango Potato Chips,0.35580857498665713
Nestle EveryDay Dairy Whitener,Chheda's Yellow Banana Chips (170.0 GRAM),0.3558046816405479
Parle Hide & Seek Milano Mixed Berries Centre Fills| Preservative-free,"Ching's Secret Veg Hakka Noodles, Cooks In 5-7 mins, Just Soak & Drain",0.35572438162544173
Khari Foods Kimia Gold Dates / Khajur,"Ching's Secret Veg Hakka Noodles, Cooks In 5-7 mins, Just Soak & Drain",0.3557243816254417
Crax Curls Chatpata Masala Puff Snacks,Cheetos Cheese Puffs (28.0 GRAM),0.3557054210118073
Daily Good Cashew | W320 (100.0 GRAM),Haldiram's Moong Dal,0.35565602854934525
Bingo! Mad Angles Achaari Masti Crisps,Sunfeast Dark Fantasy Bourbon Chocolate Cream Biscuits | Trans Fat-free,0.35565333534735816
Sofit Vanilla Soy Milk,Cornitos Nacho Chips - Peri Peri (55.0 GRAM),0.3556474566375556
Cornitos Nacho Chips - Cheese And Herbs (55.0 GRAM),"Paper Boat Mango | Juicy Sips, Chewy Bites | Refreshing Summer Juice Drink",0.355633096996919
Alpenliebe Pop Assorted Flavours Lollipop (64.0 GRAM),Haldiram Aloo Bhujia ,0.3556220596254074
Tropicana Delight Orange Fruit Juice,Britannia Treat Rich Creme Choco Flavoured Wafers | Trans Fat-free,0.35561497326203206
"B Natural Orange Juice, 100% Pulp, No Concentrate",Korean Nongshim Kimchi Ramyun Noodle Soup Veg,0.35553113789871693
Orbit Sugar Free Sweetmint Chewing Gum Tube (19800.0 MILLIGRAM),Colombian Brew Original Instant Coffee Sachets | 40 Sachets,0.35529405180013146
Everest Turmeric Powder ,Rajdhani Roasted Chana (200.0 GRAM),0.35527325217531747
Rajdhani Roasted Chana (200.0 GRAM),Cheetos Cheese Puffs (28.0 GRAM),0.35524151674197985
Rajdhani Roasted Chana (200.0 GRAM),Haldiram's Moong Dal,0.3552325754510599
Balaji Masala Masti Chips (135.0 GRAM),Bingo! Mad Angles Achaari Masti Crisps,0.3552290142807385
Nova Nova Waffle Chips- Classic Chocolate Drizzle,RiteBite Max Protein 10g Protein Bar Choco Almond,0.3552272001764436
Superyou Chocolate Protein Wafer Bar,Paper Boat Chikki Family Pack,0.35522432113341207
Dukes Nibbles - Jeera Flavoured Crackers,Kinder Joy - Single Pack - Assorted,0.3551853221932587
Britannia Good Day Oats Cookies Fruits and Nuts Dry Fruit Biscuits | Trans Fat-free,Haldiram's Masala Tasty Nuts (200.0 GRAM),0.35508645649490717
Amul Taaza Homogenised Toned Milk (Tetra Pack),Max Protein Choco Chips Flavoured Biscuits | Maida-free,0.3550754203224273
Sunfeast Dark Fantasy Bourbon Chocolate Cream Biscuits | Trans Fat-free,Max Protein Choco Chips Flavoured Biscuits | Maida-free,0.3549976140014852
Maggi Masala Noodles No Onion No Garlic,YiPPee! Magic Masala Noodles with Added Veggies - The Better Noodles,0.35496424772087637
Chheda's Yellow Banana Chips (170.0 GRAM),Let's Try Salted Peanuts,0.35494766588474147
Rang Munch Tangy Imli (110.0 GRAM),"Ritebite Max Protein Peri Peri 10G Multigrain Protein Chips, Healthy Snacks & Munchies",0.3549474335188621
Everest Chhole Masala,Haldiram's Masala Tasty Nuts (200.0 GRAM),0.3549120810865777
Gebi Sparkle Plus Dolphin Dust Pan,MAGGI 2-Minute Instant Noodles | Masala Noodles | Made With Quality Spices,0.3548889874353289
Piknik Classic Tomato Chilli,Haldiram's Lite Chiwda (200.0 GRAM),0.3548482103836385
Nestle EveryDay Dairy Whitener,Haldiram's Moong Dal,0.35483857303818167
Lal Mysore Pak Premium,Haldiram Aloo Bhujia ,0.3548073470031269
Cadbury Chocobakes Choclayered Chocolate Cake,Cheetos Masala Balls (28.0 GRAM),0.3548024811636206
Parle Marie Butter Marie Biscuits | Trans Fat-free,Kurkure Green Chutney Style (68.0 GRAM),0.3547453610839203
Unibic Danish Coconut Cookies,Peppy Tomato Disc (55.0 GRAM),0.35469381948255196
Everest Super Garam Masala Pouch,Lal Sweets Motichoor Laddu,0.3546878927524089
Catch Peri Peri Sprinkler (90.0 GRAM),Kinder Joy - Single Pack - Assorted,0.3546629908370922
Maggi Masala-ae-Magic Sabzi Masala,Max Protein Choco Chips Flavoured Biscuits | Maida-free,0.3546004168519791
MAGGI 2-Minute Instant Noodles | Masala Noodles | Made With Quality Spices,RiteBite Max Protein 10g Protein Bar Choco Almond,0.35442976015663236
Superyou Chocolate Protein Wafer Bar,Parle Hide & Seek Milano Chocolate Flavoured Biscuits,0.35440954394442764
Parle Hide & Seek Milano Chocolate Flavoured Biscuits,Palekar Knot Premium Salty Khari | Preservative-free,0.3543610273941793
Daily Good Cashew | W320 (100.0 GRAM),Origami Luncheon Tissue Paper Napkins - 32 X 32 cm - 50 Serviettes,0.35435074781782216
Superyou Strawberry Protein Wafer Bar (40.0 GRAM),Haldiram's Mixture (400.0 GRAM),0.3542604006163328
Khari Foods Kimia Gold Dates / Khajur,Unibic Fruit & Nut cookies,0.35424739195231
Catch Masala Amchur Powder,Tata Sampann 100% Chana Dal Fine Besan,0.35418972332015813
Chheda's Farali Potato Chivda (170.0 GRAM),Cadbury Oreo Vanilla Flavour Creme Sandwich Biscuit Family Pack,0.35416012867608326
MAGGI Spicy Cheesy Instant Noodles,ZOFF Green Cardamom Whole - Elaichi,0.3541520869068039
Unibic Choco Chip Flavoured Biscuits | Trans Fat-free,Britannia Treat Jimjam Naughty Jam Cream Biscuits | Trans Fat-free,0.35415205801834687
Doublemint Lemonmint Flavour Chewymints Tube (27300.0 MILLIGRAM),Om Shanthi Havan Samagri | Cycle,0.35411931818181813
Haldiram's Lite Chiwda (200.0 GRAM),Chheda's Yellow Banana Chips (170.0 GRAM),0.3540924617713368
Daily Good Raw Peanut - Singdana,Kurkure Solid Masti Masala Twisteez (61.0 GRAM),0.3540833449854536
Crax Curls Chatpata Masala Puff Snacks,The Theatre Project Gourmet Popcorn - Cheddar Cheese (60.0 GRAM),0.35407494189452204
BAY6 Dishwashbar,Haldiram's Moong Dal,0.3540554163596542
Sunfeast Dark Fantasy Choco Centre Fills | Preservative-free,Kurkure Yummy PuffCorn Yummy Cheese Chips,0.354049325619223
Yogabar Dark Chocolate Oatmeal 400g Breakfast Cereal Gluten Free Oats High in Protein & Gluten-Free,"Ching's Secret Veg Hakka Noodles, Cooks In 5-7 mins, Just Soak & Drain",0.35402235109134866
Satyam Puffed Rice Kurmura - R (200.0 GRAM),Cheetos Cheese Puffs (28.0 GRAM),0.35401664901122376
Parle Hide & Seek Black Bourbon Chocolate Cream Biscuits | Trans Fat-free,Palekar Jeeo Butter | Toasted Buns With Jeera And Khari | Trans Fat-free,0.3540082796453152
Farmley Premium California Natural Dried Cranberry,Scotch-Brite Scrub Sponge (Pack of 3),0.3539936680235188
Balaji Masala Masti Chips (135.0 GRAM),Catch Jeera Whole (100.0 GRAM),0.3539701257861635
Haldiram's Salted Peanut,Haldiram's Bhujia Sev (200.0 GRAM),0.3539424025339551
Catch Jeera Powder Pouch,Nissin Cup Noodles Super Hot Chilli,0.35392015392015397
Cornitos Nachos Peri Peri (150.0 GRAM),"Paper Boat Mango | Juicy Sips, Chewy Bites | Refreshing Summer Juice Drink",0.3539100684261975
Modern Kitchens Hot Chips Salted (100.0 GRAM),Haldiram's Masala Tasty Nuts (200.0 GRAM),0.3539026272839222
Doublemint Lemonmint Flavour Chewymints Tube (27300.0 MILLIGRAM),Max Protein Choco Chips Flavoured Biscuits | Maida-free,0.35385853125566574
Haldiram Aloo Bhujia ,Kotton Multipurpose Napkin | 100% Virgin Pulp-Paper | 25 cm X 25 cm | 100Pcs,0.35379077635704503
Cadbury Chocobakes Choclayered Chocolate Cake,Sunfeast Dark Fantasy Bourbon Chocolate Cream Biscuits | Trans Fat-free,0.3537654246248119
Everest Kashmiri Lal Chilli Powder,Haldiram's Salted Peanut,0.3537564509726081
Lay's Potato Chips - Sizzling Hot Spicy Flavour,Haldiram's Soan Papdi,0.3536506267810475
Tata Sampann Turmeric Powder With Natural Oils,Haldiram's Lite Chiwda (200.0 GRAM),0.35358089534655407
Aashirvaad 100% Chana Dal Besan (500.0 GRAM),Haldiram's Moong Dal,0.35346726123209565
Tata Sampann Coriander Powder With Natural Oils Dhania Powder,The Theatre Project Gourmet Popcorn - Cheddar Cheese (60.0 GRAM),0.35345047109753
Balaji Tomato Wafers (135.0 GRAM),Kurkure Solid Masti Masala Twisteez (61.0 GRAM),0.35340947536523326
Tang Mango Instant Drink Mix,RiteBite Max Protein 10g Protein Bar Choco Almond,0.3533759434520157
Palekar Tea Time Ajwain Rusk | Trans Fat-free,Haldiram's Salted Peanut,0.3533148074632791
Lay's Spanish Tomato Tango Potato Chips,Haldiram's Bhujia Sev (200.0 GRAM),0.353281239889122
Satyam Puffed Rice Kurmura A (200.0 GRAM),Modern Kitchens Potato Chips Salted (70.0 GRAM),0.35326131934204363
Namaskaram Nachani (Ragi) Chips,Max Protein Choco Chips Flavoured Biscuits | Maida-free,0.3532536448774509
Everest Tandoori Chicken Masala,Sunfeast Dark Fantasy Bourbon Chocolate Cream Biscuits | Trans Fat-free,0.35324272157424336
Nissin Geki - Hot and Spicy Korean Kimchi Flavoured Ramen Instant Noodles,Palekar Knot Premium Salty Khari | Preservative-free,0.353231508037084
Bingo! Mad Angles Very Peri Peri Crisps,Sunfeast Dark Fantasy Bourbon Chocolate Cream Biscuits | Trans Fat-free,0.3532104216515172
Namaskaram Methi Khakhra,Sunfeast Dark Fantasy Bourbon Chocolate Cream Biscuits | Trans Fat-free,0.3531450803444241
Moov Fast Pain Relief Spray (50.0 GRAM),Let's Try Salted Peanuts,0.35309671179883945
Korean Kab's Jackpot Cheese and Butter Instant Noodles | Hot Chicken | Non Veg,Scotch-Brite Scrub Sponge (Pack of 3),0.3530883133738423
Kurkure Green Chutney Style (68.0 GRAM),Cheetos Masala Balls (28.0 GRAM),0.35306137408425664
BAY6 Dishwashbar,Sunfeast Dark Fantasy Bourbon Chocolate Cream Biscuits | Trans Fat-free,0.3530254806186076
Hillers Schezwan Hot Chutney,Lal Sweets Motichoor Laddu,0.3529713149290457
Everest Chicken Masala,Kotton Multipurpose Napkin | 100% Virgin Pulp-Paper | 25 cm X 25 cm | 100Pcs,0.3529660892326696
Maggi Masala-ae-Magic Sabzi Masala,Kurkure Masala Munch,0.3529617046609256
Cadbury Oreo Vanilla Flavour Creme Sandwich Biscuit Mega Family Pack,Origami Luncheon Tissue Paper Napkins - 32 X 32 cm - 50 Serviettes,0.35290522914584094
Balaji Tomato Wafers (135.0 GRAM),Kurkure Green Chutney Style (68.0 GRAM),0.35289614440481387
Veeba Veg Mayonnaise Burger,Dukes Nutri Choice Assorted Biscuits Wafers,0.352801069863241
"Haldirams Namkeen - Tasty Nuts, (400.0 GRAM)","Ching's Secret Veg Hakka Noodles, Cooks In 5-7 mins, Just Soak & Drain",0.35278451070291733
Rang Munch Tangy Imli (110.0 GRAM),Palekar Knot Premium Salty Khari | Preservative-free,0.3527809576441795
Sofit Soya Milk Drink,YiPPee! Magic Masala Noodles with Added Veggies - The Better Noodles,0.35275558129061313
Piknik Classic Tomato Chilli,Haldiram's Soan Papdi,0.35261836538246283
Haldiram's Lite Chiwda (200.0 GRAM),Crax Crunchy Pipes Salted Puff Snacks,0.35258076212650646
Let's Try Cheese Balls (60.0 GRAM),Origami Luncheon Tissue Paper Napkins - 32 X 32 cm - 50 Serviettes,0.35251618937529516
Kotton Multipurpose Napkin | 100% Virgin Pulp-Paper | 25 cm X 25 cm | 100Pcs,Kinder Joy - Single Pack - Assorted,0.35249931219446634
Veeba Veg Mayonnaise Burger,Haldiram's Mixture (400.0 GRAM),0.3524979110610276
Mr Makhana Super Snack - Pudina Party,Lay's Spanish Tomato Tango Potato Chips,0.3524518903169717
Catch Jeera Whole (100.0 GRAM),Aashirvaad 100% Chana Dal Besan (500.0 GRAM),0.35243827049219234
Catch Sprinkler Chat Masala (100.0 GRAM),Max Protein Choco Chips Flavoured Biscuits | Maida-free,0.3524101335977385
Parle Hide & Seek Milano Choco Filled Hazelnut Chocolate Centre Fills | Trans Fat-free,Parle Shakti Milk Glucose Biscuits | Cholesterol-free and Trans Fat-free,0.35231638776871055
Parle Hide & Seek Chocolate Chip Biscuits | Trans Fat-free,Sunfeast Dark Fantasy Bourbon Chocolate Cream Biscuits | Trans Fat-free,0.35231619153557703
Chheda's Mix Farsan (170.0 GRAM),Cheetos Masala Balls (28.0 GRAM),0.3522771966001785
"Taali Roasted Protein Puffs| Cheese & Herbs| Protein Rich, No Maida,No palm oil| Cheeseballs 2.0",Parle Hide & Seek Milano Chocolate Flavoured Biscuits,0.3522616073144615
Everest Sabji Masala,Haldiram's Soan Papdi,0.35221699608468054
Daily Good Mustard / Rai / Sarso Small (100.0 GRAM),Rajdhani Roasted Chana (200.0 GRAM),0.3522014202393949
BAY6 Dishwashbar,Max Protein Choco Chips Flavoured Biscuits | Maida-free,0.35217384770642274
Ezee Biodegradable Medium Garbage Bags 19 x 21 Inch (30.0 PIECE),Aashirvaad 100% Chana Dal Besan (500.0 GRAM),0.352120117847844
Doritos Nacho Chips - Sweet Chilli Flavour,Origami Luncheon Tissue Paper Napkins - 32 X 32 cm - 50 Serviettes,0.352071085261094
Britannia Little Hearts Classic Crunch Flavoured Biscuits | Cholesterol-free,Haldiram's Moong Dal,0.35202275628306373
Paper Boat Aam Panna Drink,Haldiram's Moong Dal,0.3519653862119615
MasterChow Korean Instant Cup Noodles - Korean 2X Spicy Flavour Veg,Sunfeast All Rounder Crunchy Potato Chatpata Masala Flavoured Crackers | Trans Fat-free,0.351948051948052
Catch Red Chilli Powder (200.0 GRAM),Britannia Marie Gold Biscuits Plain | Trans Fat-free,0.3519084141664787
Godrej Expert Creme Hair Colour Natural Black (Pack of 4),Ezee Small Garbage Bags 17 x 19 Inch (30.0 PIECE),0.3518937454421326
Britannia The Original Bourbon Chocolate Cream Biscuits | Trans Fat-free,Parle Marie Butter Marie Biscuits | Trans Fat-free,0.35188078807880785
"Maggi Nutri-licious Masala Veg Atta Noodles, Instant Noodles",The Theatre Project Gourmet Popcorn - Cheddar Cheese (60.0 GRAM),0.3517863916667505
Namaskaram Bombay Mix,Kurkure Green Chutney Style (68.0 GRAM),0.3516303450000223
Ezee Biodegradable Medium Garbage Bags 19 x 21 Inch (30.0 PIECE),Haldiram's Moong Dal,0.35158447129181875
Everest Super Garam Masala Pouch,Kinder Joy - Single Pack - Assorted,0.35156098217087867
Britannia Good Day Pista and Badam Dry Fruit Biscuits | Trans Fat-free,Mr Makhana Lime Chilli,0.35155279503105585
Kurkure Masala Munch,Max Protein Choco Chips Flavoured Biscuits | Maida-free,0.35148879991513005
Britannia Treat Rich Creme Strawberry Flavoured Wafers | Trans Fat-free,Cheetos Cheese Puffs (28.0 GRAM),0.35146413766509205
Doublemint Lemonmint Flavour Chewymints Tube (27300.0 MILLIGRAM),Scotch-Brite Scrub Sponge (Pack of 3),0.35139077340569874
"Taali Roasted Bharuchi Peanuts | Masala | Protein Rich, No Palm Oil ,Restaurant-Style Crunch",Haldiram's Masala Tasty Nuts (200.0 GRAM),0.3513747513747513
Cavin's Strawberry Milkshake,Palekar Knot Premium Salty Khari | Preservative-free,0.35134688871066655
Parle Hide & Seek Choco Roll Centre Fills | Trans Fat-free,Cheetos Cheese Puffs (28.0 GRAM),0.35126318618558083
Cadbury Oreo Vanilla Flavour Creme Sandwich Biscuit Mega Family Pack,Daily Good Cashew | W320 (100.0 GRAM),0.3512510883683753
Haldiram's Mixture (400.0 GRAM),Rajdhani Roasted Chana (200.0 GRAM),0.3512121862261317
Bingo! Mad Angles Very Peri Peri Crisps,Kurkure Solid Masti Masala Twisteez (61.0 GRAM),0.3511089680167467
Dukes Nibbles - Jeera Flavoured Crackers,Modern Kitchens Potato Chips Salted (70.0 GRAM),0.35109256573088543
Parle Melody Chocolaty Toffee (176.0 GRAM),Haldiram's Lite Chiwda (200.0 GRAM),0.3510732294221104
Modern Kitchens Wheel Chips,Sunfeast All Rounder Crunchy Potato Chatpata Masala Flavoured Crackers | Trans Fat-free,0.3510681818181818
Chheda's Farali Potato Chivda (170.0 GRAM),Daily Good Tamarind / Imli (200.0 GRAM),0.3510656800235312
Catch Red Chilli Powder (200.0 GRAM),Daily Good Saunf / Fennel,0.35105682041743425
Ezee Biodegradable Medium Garbage Bags 19 x 21 Inch (30.0 PIECE),Origami Luncheon Tissue Paper Napkins - 32 X 32 cm - 50 Serviettes,0.35104523711056634
Kurkure Green Chutney Style (68.0 GRAM),Sunfeast Dark Fantasy Bourbon Chocolate Cream Biscuits | Trans Fat-free,0.35104194688256257
Fortune Besan (500.0 GRAM),Cheetos Masala Balls (28.0 GRAM),0.3510279866831566
Britannia Vita Butter Marie Gold Biscuits | Trans Fat-free,Daily Good Raw Peanut - Singdana,0.35100496922049984
Orion K Snack Rings 3x Spicy,Modern Kitchens Butter Murukku,0.35099283640448786
Britannia Pure Magic Choco Stars Chocolate Cream Biscuits | Trans Fat-free,Chheda's Small Bhakarwadi,0.3509773002310316
Modern Kitchens Butter Murukku,Cheetos Cheese Puffs (28.0 GRAM),0.3509650001192094
Daily Good Saunf - Fennel,Sunfeast Dark Fantasy Bourbon Chocolate Cream Biscuits | Trans Fat-free,0.3509577625246151
"Taali Roasted Bharuchi Peanuts | Masala | Protein Rich, No Palm Oil ,Restaurant-Style Crunch",Let's Try Salted Peanuts,0.35090356452058574
Sundrop Peanut Butter With Honey - Crunchy,Nissin Cup Noodles Italiano,0.35090030742204653
"Farmley Seed Mix Superfood Rich In Protein- Pumpkin, Watermelon, Sunflower, Flax, Chia Seeds",Kinder Joy - Single Pack - Assorted,0.3508743396275761
Sunfeast Dark Fantasy Choco Centre Fills | Preservative-free,Britannia 50-50 Maska Chaska Biscuits Butter Flavoured Crackers | Trans Fat-free,0.3508743151471408
Britannia Good Day Oats Cookies Fruits and Nuts Dry Fruit Biscuits | Trans Fat-free,Lay's Spanish Tomato Tango Potato Chips,0.3507971866065634
Cornitos Nacho Chips - Peri Peri (55.0 GRAM),Unibic Fruit & Nut cookies,0.35073999203199013
Namaskaram Mini Bhakarwadi,Cheetos Cheese Puffs (28.0 GRAM),0.35073924791511435
Namaskaram Bombay Mix,Kurkure Solid Masti Masala Twisteez (61.0 GRAM),0.3507103638263513
Everest - Ginger Garlic Paste (200.0 GRAM),Parle Shakti Milk Glucose Biscuits | Cholesterol-free and Trans Fat-free,0.35067388712643205
Ezee Medium Garbage Bags 19x 21 Inch (30.0 PIECE),MAGGI 2-Minute Instant Noodles | Masala Noodles | Made With Quality Spices,0.3506539053167461
Sunfeast Yippee! Korean Noodles Fiery Hot,Kurkure Green Chutney Style (68.0 GRAM),0.3506378635348055
Everest Tikhalal Powder Pouch (200.0 GRAM),Lay's Spanish Tomato Tango Potato Chips,0.35062689671015246
Society Natural Tea,Haldiram's Lite Chiwda (200.0 GRAM),0.3504855743771903
Tang Mango Instant Drink Mix,Max Protein Choco Chips Flavoured Biscuits | Maida-free,0.3504835238864814
Hillers Schezwan Hot Chutney,Max Protein Choco Chips Flavoured Biscuits | Maida-free,0.3504169363451331
Daily Good Mustard / Rai / Sarso Small (100.0 GRAM),Let's Try Salted Peanuts,0.3503412190646233
Britannia Little Hearts Classic Crunch Flavoured Biscuits | Cholesterol-free,Max Protein Choco Chips Flavoured Biscuits | Maida-free,0.35033125983257923
Kurkure Green Chutney Style (68.0 GRAM),RiteBite Max Protein 10g Protein Bar Choco Almond,0.35031628445761065
Cornitos Nachos Peri Peri (150.0 GRAM),Cornitos Nacho Chips - Peri Peri (55.0 GRAM),0.3502962796279628
Parle Melody Chocolaty Toffee (176.0 GRAM),Max Protein Choco Chips Flavoured Biscuits | Maida-free,0.350267822755199
Alpenliebe Juzt Jelly Strawberry Flavour Pouch,Kotton Multipurpose Napkin | 100% Virgin Pulp-Paper | 25 cm X 25 cm | 100Pcs,0.35026757173089085
Namaskaram Mini Bhakarwadi,Sunfeast Dark Fantasy Bourbon Chocolate Cream Biscuits | Trans Fat-free,0.3502643722893437
Veeba Veg Mayonnaise Burger,Parle Melody Chocolaty Toffee (176.0 GRAM),0.3502121885735731
"Paper Boat Mango | Juicy Sips, Chewy Bites | Refreshing Summer Juice Drink",Sunfeast All Rounder Crunchy Potato Chatpata Masala Flavoured Crackers | Trans Fat-free,0.35017412023460404
Lay's Spanish Tomato Tango Potato Chips,Let's Try Salted Peanuts,0.3501524866855673
RiteBite Max Protein 10g Protein Bar Choco Almond,YiPPee! Magic Masala Noodles with Added Veggies - The Better Noodles,0.35009586875800847
Chheda's Mix Farsan (170.0 GRAM),Aashirvaad 100% Chana Dal Besan (500.0 GRAM),0.35007633509776726
Daily Good Raw Peanut - Singdana,Max Protein Choco Chips Flavoured Biscuits | Maida-free,0.3500438305424059
Korean Kab's Jackpot Cheese and Butter Instant Noodles | Hot Chicken | Non Veg,Max Protein Choco Chips Flavoured Biscuits | Maida-free,0.3499293997380443
Balaji Masala Masti Chips (135.0 GRAM),Lay's India's Magic Masala Potato Chips,0.34991324624803843
Haldiram's Lite Chiwda (200.0 GRAM),Rajdhani Roasted Chana (200.0 GRAM),0.3499019503065761
Haldiram's Salted Peanut,Sunfeast Dark Fantasy Bourbon Chocolate Cream Biscuits | Trans Fat-free,0.34986044480423234
Nongshim Korean Shin Ramyun Cup Noodle Soup Non Veg,Everest Chhole Masala,0.3498265492896366
Dukes Nibbles - Jeera Flavoured Crackers,Palekar Knot Premium Salty Khari | Preservative-free,0.3498175437197152
Daily Good Raw Peanut - Singdana,Origami Luncheon Tissue Paper Napkins - 32 X 32 cm - 50 Serviettes,0.3498153017596363
Winkies Fruit Cake Slice,Crax Crunchy Pipes Salted Puff Snacks,0.3497758534371806
The Belgian Crisps Double Choco Waffle Wafers | Artificial Colour-free,Haldiram's Masala Tasty Nuts (200.0 GRAM),0.34976294058862867
Balaji Tomato Wafers (135.0 GRAM),MAGGI 2-Minute Instant Noodles | Masala Noodles | Made With Quality Spices,0.3497064524676121
Nestle EveryDay Dairy Whitener,Haldiram's Lite Chiwda (200.0 GRAM),0.34957204165781763
Lal Mysore Pak Premium,Rajdhani Roasted Chana (200.0 GRAM),0.34956639341345064
Tata Sampann Coriander Powder With Natural Oils Dhania Powder,Chheda's Yellow Banana Chips (170.0 GRAM),0.34956249424334535
Sofit Soya Milk Drink,Cornitos Nacho Chips - Cheese And Herbs (55.0 GRAM),0.34948472062396113
Parle Hide & Seek Milano Chocolate Flavoured Biscuits,Piknik Classic Tomato Chilli,0.34947827866057424
Britannia Vita Butter Marie Gold Biscuits | Trans Fat-free,Bingo! Mad Angles Achaari Masti Crisps,0.34944898684678277
"Taali Roasted Bharuchi Peanuts | Masala | Protein Rich, No Palm Oil ,Restaurant-Style Crunch",Haldiram's Salted Peanut,0.3493890873803537
Sunfeast Dark Fantasy Chocolate Cream Biscuits | Made With Real Chocolate,Kurkure Solid Masti Masala Twisteez (61.0 GRAM),0.34938002579381894
Crax Curls Chatpata Masala Puff Snacks,Let's Try Salted Peanuts,0.3493536371154595
Kotton Multipurpose Napkin | 100% Virgin Pulp-Paper | 25 cm X 25 cm | 100Pcs,Max Protein Choco Chips Flavoured Biscuits | Maida-free,0.34934448593496653
Cavin's Strawberry Milkshake,Lay's Spanish Tomato Tango Potato Chips,0.34929988154177927
Cadbury Oreo Vanilla Flavour Creme Sandwich Biscuit Mega Family Pack,Haldiram's Moong Dal,0.34929069243073074
Chheda's Salt & Pepper Banana Chips,Chheda's Golden Plain Salted Chips (170.0 GRAM),0.3492377797283332
Crax Crunchy Pipes Salted Puff Snacks,Kinder Joy - Single Pack - Assorted,0.3491475200507123
Britannia 50-50 Maska Chaska Biscuits Butter Flavoured Crackers | Trans Fat-free,Cheetos Masala Balls (28.0 GRAM),0.34907194837961797
"Maggi Nutri-licious Masala Veg Atta Noodles, Instant Noodles",RiteBite Max Protein 10g Protein Bar Choco Almond,0.3490666137720569
Chheda's Farali Potato Chivda (170.0 GRAM),Origami Luncheon Tissue Paper Napkins - 32 X 32 cm - 50 Serviettes,0.34906193068621283
Cornitos Nacho Chips - Peri Peri (55.0 GRAM),Om Shanthi Havan Samagri | Cycle,0.34905490549054907
Ezee Medium Garbage Bags 19x 21 Inch (30.0 PIECE),Sunfeast Dark Fantasy Bourbon Chocolate Cream Biscuits | Trans Fat-free,0.34900340949408587
Uncle Chips Plain Salted (80.0 GRAM),Lay's Spanish Tomato Tango Potato Chips,0.3489661023907598
Morelight Extra Power Detergent Powder,YiPPee! Magic Masala Noodles with Added Veggies - The Better Noodles,0.3488791463313757
Ezee Medium Garbage Bags 19x 21 Inch (30.0 PIECE),YiPPee! Magic Masala Noodles with Added Veggies - The Better Noodles,0.34887914633137557
Parle Hide & Seek Milano Chocolate Flavoured Biscuits,Max Protein Choco Chips Flavoured Biscuits | Maida-free,0.3488196870538855
Unibic Danish Coconut Cookies,Haldiram's Salted Peanut,0.34880187883013464
Korean Samyang Hot Chicken Ramen Non Veg,Haldiram's Lite Chiwda (200.0 GRAM),0.34878982630391786
Everest Coriander Powder (100.0 GRAM),Om Shanthi Havan Samagri | Cycle,0.3487622705932566
Dukes Nutri Choice Assorted Biscuits Wafers,Om Shanthi Havan Samagri | Cycle,0.3487410071942445
Kurkure Schezwan Chutney (68.0 GRAM),Cheetos Masala Balls (28.0 GRAM),0.3486351578714105
Winkies Fruit Cake Slice,Haldiram's Moong Dal,0.3486133349147047
Winkies Fruit Cake Slice,Sunfeast All Rounder Crunchy Potato Chatpata Masala Flavoured Crackers | Trans Fat-free,0.34856393606393604
Britannia Good Day Chunkies Coconut Flavoured Biscuits | Trans Fat-free,Lay's American Cream & Onion Potato Chips,0.3485475573434417
MAGGI Pazzta Instant Pasta - Cheese Macaroni,Cheetos Masala Balls (28.0 GRAM),0.34847346991815675
MAGGI Pazzta Instant Pasta - Mushroom Penne (68.0 GRAM),Kinder Joy - Single Pack - Assorted,0.34844982303662303
Stash-Pro Brown Ripper Tipper 32 Roach 32 Paper (1.0 PIECE),Kurkure Green Chutney Style (68.0 GRAM),0.34842723456986013
Cadbury Oreo Vanilla Flavour Creme Sandwich Biscuit Family Pack,Daily Good Cashew | W320 (100.0 GRAM),0.3484237726098191
Hillers Thin Hakka Noodles,Om Shanthi Havan Samagri | Cycle,0.3483892321270962
Origami Luncheon Tissue Paper Napkins - 32 X 32 cm - 50 Serviettes,Sunfeast Dark Fantasy Bourbon Chocolate Cream Biscuits | Trans Fat-free,0.34836430270113533
Snackible Cheese Dosa Khakra | Millet Snack (100.0 GRAM),Sunfeast All Rounder Crunchy Potato Chatpata Masala Flavoured Crackers | Trans Fat-free,0.34828192640692635
Unibic Danish Coconut Cookies,Rajdhani Roasted Chana (200.0 GRAM),0.3482608233166684
Haldiram's Salted Peanut,Rajdhani Roasted Chana (200.0 GRAM),0.3482377810496764
Lay's Classic Salted Potato Chips (67.0 GRAM),Haldiram's Bhujia Sev (200.0 GRAM),0.34816499218331487
Winkies Fruit Cake Slice,Sunfeast Dark Fantasy Bourbon Chocolate Cream Biscuits | Trans Fat-free,0.3481501004244181
Everest Turmeric Powder ,Kinder Joy - Single Pack - Assorted,0.34809163037313967
Haldiram Aloo Bhujia ,"Paper Boat Mango | Juicy Sips, Chewy Bites | Refreshing Summer Juice Drink",0.34805821251404606
Haldiram Aloo Bhujia ,Lal Sweets Motichoor Laddu,0.34805821251404606
Hellmann's Eggless Mayonnaise World's No.1 Mayonnaise Brand (85.0 GRAM),Cadbury Oreo Vanilla Flavour Creme Sandwich Biscuit Family Pack,0.3480177881460961
Haldiram's Mixture (400.0 GRAM),Sunfeast All Rounder Crunchy Potato Chatpata Masala Flavoured Crackers | Trans Fat-free,0.34797123780174627
Doublemint Lemonmint Flavour Chewymints Tube (27300.0 MILLIGRAM),The Theatre Project Gourmet Popcorn - Cheddar Cheese (60.0 GRAM),0.347927807486631
Lal Milk Cake Signature,Lay's Spanish Tomato Tango Potato Chips,0.34776503007339493
Britannia Pure Magic Choco Stars Chocolate Cream Biscuits | Trans Fat-free,Ezee Medium Garbage Bags 19x 21 Inch (30.0 PIECE),0.34773547591809223
"Farmley Seed Mix Superfood Rich In Protein- Pumpkin, Watermelon, Sunflower, Flax, Chia Seeds",Max Protein Choco Chips Flavoured Biscuits | Maida-free,0.3477340566762407
Modern Kitchens Butter Murukku,Haldiram's Moong Dal,0.34767620229396634
Alpenliebe Juzt Jelly Strawberry Flavour Pouch,Piknik Classic Tomato Chilli,0.3476660658075278
"Ching's Secret Veg Hakka Noodles, Cooks In 5-7 mins, Just Soak & Drain",Haldiram's Masala Tasty Nuts (200.0 GRAM),0.34764993068879996
Lay's Spanish Tomato Tango Potato Chips,Scotch-Brite Scrub Sponge (Pack of 3),0.3476468838869166
Parle Krack Jack Sweet and Salty Plain Crackers | Artificial Colour-free,Sunfeast Dark Fantasy Bourbon Chocolate Cream Biscuits | Trans Fat-free,0.34763811498261754
Parle Melody Chocolaty Toffee (176.0 GRAM),Piknik Classic Tomato Chilli,0.3475385287327634
Stash-Pro Brown Ripper Tipper 32 Roach 32 Paper (1.0 PIECE),Kurkure Solid Masti Masala Twisteez (61.0 GRAM),0.3475156337914958
Sundrop Peanut Butter With Honey - Crunchy,Let's Try Namkeen Combo Pack Of 6 (Crunchy Party Mix Peanut Party Mix Aloo Bhujia),0.34735177865612654
Lay's West Indies Hot 'n' Sweet Chilli Potato Chips,Kurkure Yummy PuffCorn Yummy Cheese Chips,0.3473479881025528
Aashirvaad Jeera (100.0 GRAM),Aashirvaad 100% Chana Dal Besan (500.0 GRAM),0.3473400907722082
Piknik Classic Tomato Chilli,Kinder Joy - Single Pack - Assorted,0.34730822835429537
Tang Mango Instant Drink Mix,Kurkure Solid Masti Masala Twisteez (61.0 GRAM),0.3472466660213404
Kurkure Schezwan Chutney (68.0 GRAM),Haldiram's Salted Peanut,0.347245596046732
Daily Good Pistachios California Salted,Cheetos Masala Balls (28.0 GRAM),0.34723801662056686
Everest Chicken Masala,Sunfeast All Rounder Crunchy Potato Chatpata Masala Flavoured Crackers | Trans Fat-free,0.34714876033057845
Unibic Choco Chip Flavoured Biscuits | Trans Fat-free,Britannia 50-50 Maska Chaska Biscuits Butter Flavoured Crackers | Trans Fat-free,0.34705037360727176
MasterChow Korean Instant Cup Noodles - Korean 2X Spicy Flavour Veg,Haldiram's Soan Papdi,0.34702124847163013
Parle Marie Butter Marie Biscuits | Trans Fat-free,MAGGI 2-Minute Instant Noodles | Masala Noodles | Made With Quality Spices,0.3469629889818249
Haldiram's Masala Tasty Nuts (200.0 GRAM),Cheetos Cheese Puffs (28.0 GRAM),0.3469535916182257
Kurkure Solid Masti Masala Twisteez (61.0 GRAM),Max Protein Choco Chips Flavoured Biscuits | Maida-free,0.34691276698168183
Dukes Nibbles - Jeera Flavoured Crackers,Kotton Multipurpose Napkin | 100% Virgin Pulp-Paper | 25 cm X 25 cm | 100Pcs,0.34690137979568214
Unibic Choco Chip Flavoured Biscuits | Trans Fat-free,Max Protein Choco Chips Flavoured Biscuits | Maida-free,0.3468415761819728
Amul Taaza Homogenised Toned Milk (Tetra Pack),Aashirvaad 100% Chana Dal Besan (500.0 GRAM),0.34683394010517377
Fortune Besan (500.0 GRAM),Sunfeast Dark Fantasy Bourbon Chocolate Cream Biscuits | Trans Fat-free,0.3467612037471931
Dabur Real Litchi Fruit Juice,RiteBite Max Protein 10g Protein Bar Choco Almond,0.3467407747657146
Piknik Classic Tomato Chilli,Let's Try Salted Peanuts,0.346658763336869
"Ching's Secret Veg Hakka Noodles, Cooks In 5-7 mins, Just Soak & Drain",Sunfeast Dark Fantasy Bourbon Chocolate Cream Biscuits | Trans Fat-free,0.34661233496317956
Tata Sampann 100% Pure Premium Cashews/Kaju Whole,Haldiram's Soan Papdi,0.34658692901171567
Lay's American Cream & Onion Potato Chips (48.0 GRAM),Cheetos Masala Balls (28.0 GRAM),0.3465649442875167
Lay's Spanish Tomato Tango Potato Chips,Palekar Jeeo Butter | Toasted Buns With Jeera And Khari | Trans Fat-free,0.3465552645506042
Satyam Sabudana (500.0 GRAM),Let's Try Salted Peanuts,0.34647702872961506
Hillers Schezwan Hot Chutney,Rajdhani Roasted Chana (200.0 GRAM),0.3464412787852334
Unibic Danish Coconut Cookies,Chheda's Golden Plain Salted Chips (170.0 GRAM),0.34642067618565375
Origami 3 Ply Toilet Tissue Paper Roll - 160 Pulls Per Roll (1.0 PIECE),Kurkure Green Chutney Style (68.0 GRAM),0.3464120171881152
Unibic Danish Coconut Cookies,Kinder Joy - Single Pack - Assorted,0.3463909677271892
Britannia Pure Magic Choco Stars Chocolate Cream Biscuits | Trans Fat-free,Kurkure Green Chutney Style (68.0 GRAM),0.34638213089554437
"Taali Roasted Protein Puffs| Cheese & Herbs| Protein Rich, No Maida,No palm oil| Cheeseballs 2.0",Haldiram's Soan Papdi,0.346350027488126
Pulse Kachcha Aam 50 Candies (190.0 GRAM),Chheda's Yellow Banana Chips (170.0 GRAM),0.3463496036712556
Modern Kitchens Wheel Chips,Piknik Classic Tomato Chilli,0.34628739002932546
Lay's Classic Salted Potato Chips (50.0 GRAM),Origami Luncheon Tissue Paper Napkins - 32 X 32 cm - 50 Serviettes,0.3462827751871188
Farmley Premium California Natural Dried Cranberry,Cheetos Masala Balls (28.0 GRAM),0.34626093995042245
MAGGI Pazzta Instant Pasta - Mushroom Penne (68.0 GRAM),Peppy Cheese Balls (55.0 GRAM),0.3462454930440354
Bingo! Mad Angles Achaari Masti Crisps,Cheetos Masala Balls (28.0 GRAM),0.3461606035435982
The Belgian Crisps Double Choco Waffle Wafers | Artificial Colour-free,The Theatre Project Gourmet Popcorn - Cheddar Cheese (60.0 GRAM),0.3461544751345075
Everest Powder - Tea Masala (100.0 GRAM),Cheetos Cheese Puffs (28.0 GRAM),0.34614961236652986
Haldiram's Salted Peanut,RiteBite Max Protein 10g Protein Bar Choco Almond,0.3461283088468899
Cadbury Oreo Vanilla Flavour Creme Sandwich Biscuit Family Pack,Britannia Treat Jimjam Naughty Jam Cream Biscuits | Trans Fat-free,0.3461112860420134
Sundrop Peanut Butter With Honey - Crunchy,BAY6 Dishwashbar,0.34600042828573196
Snackible Cheese Dosa Khakra | Millet Snack (100.0 GRAM),Cornitos Nacho Chips - Cheese And Herbs (55.0 GRAM),0.34595731272946467
Parle Hide & Seek Milano Chocolate Flavoured Biscuits,"Ching's Secret Veg Hakka Noodles, Cooks In 5-7 mins, Just Soak & Drain",0.3459476015807678
Everest Powder - Tea Masala (100.0 GRAM),Max Protein Choco Chips Flavoured Biscuits | Maida-free,0.3459435286471102
Kinder Creamy Milky And Cocoa With Extruded Rice (19.0 GRAM),Max Protein Choco Chips Flavoured Biscuits | Maida-free,0.34586766383819634
Lay's Potato Chips - Sizzling Hot Spicy Flavour,Cheetos Masala Balls (28.0 GRAM),0.3458275720656284
Ezee Biodegradable Medium Garbage Bags 19 x 21 Inch (30.0 PIECE),Cheetos Cheese Puffs (28.0 GRAM),0.34565089843637514
Rajam Banana Chips (150.0 GRAM),RiteBite Max Protein 10g Protein Bar Choco Almond,0.3456365047823843
Chheda's Salt & Pepper Banana Chips,Kurkure Masala Munch,0.34546619037051357
Britannia Marie Gold Biscuits Plain | Trans Fat-free,Ezee Medium Garbage Bags 19x 21 Inch (30.0 PIECE),0.34543370133977347
MAGGI Pazzta Instant Pasta - Cheese Macaroni,Kurkure Solid Masti Masala Twisteez (61.0 GRAM),0.34543231143649783
Pulse Kachcha Aam 50 Candies (190.0 GRAM),Cheetos Cheese Puffs (28.0 GRAM),0.3454178622668579
Bingo! Mad Angles Achaari Masti Crisps,RiteBite Max Protein 10g Protein Bar Choco Almond,0.34540693495577285
Kinder Creamy Milky And Cocoa With Extruded Rice (19.0 GRAM),Kinder Joy - Single Pack - Assorted,0.3453932456415649
Nongshim Korean Shin Ramyun Cup Noodle Soup Non Veg,Lal Sweets Motichoor Laddu,0.34535400083787177
Catch Jeera Whole (100.0 GRAM),Lay's India's Magic Masala Potato Chips,0.3453354580682106
MAGGI Pazzta Instant Pasta - Mushroom Penne (68.0 GRAM),RiteBite Max Protein 10g Protein Bar Choco Almond,0.34532719499387465
Rajdhani Roasted Chana (200.0 GRAM),Scotch-Brite Scrub Sponge (Pack of 3),0.3452953872753608
Snackible Cheese Dosa Khakra | Millet Snack (100.0 GRAM),Everest Chhole Masala,0.3452235683779308
"Taali Roasted Bharuchi Peanuts | Masala | Protein Rich, No Palm Oil ,Restaurant-Style Crunch",Max Protein Choco Chips Flavoured Biscuits | Maida-free,0.34518849316792005
Nestle Milkmaid Partly Skimmed Sweetened Condensed Milk,RiteBite Max Protein 10g Protein Bar Choco Almond,0.345106125327125
Doritos Nacho Chips - Sweet Chilli Flavour,Lay's India's Magic Masala Potato Chips,0.34507844830036033
"Ritebite Max Protein Spanish Tomato 10G Multigrain Protein Chips, Healthy Snacks & Munchies",Piknik Classic Tomato Chilli,0.34498064516129034
Kurkure Solid Masti Masala Twisteez (61.0 GRAM),Kurkure Green Chutney Style (68.0 GRAM),0.3449551119533794
Daily Good Cashew | W320 (100.0 GRAM),RiteBite Max Protein 10g Protein Bar Choco Almond,0.3448911758082763
Everest Kashmiri Lal Chilli Powder,Scotch-Brite Scrub Sponge (Pack of 3),0.34488353686114875
Unibic Assorted Cookies,Ezee Small Garbage Bags 17 x 19 Inch (30.0 PIECE),0.34485587053328987
Korean Kab's Jackpot Cheese and Butter Instant Noodles | Hot Chicken | Non Veg,Cheetos Cheese Puffs (28.0 GRAM),0.34483273884122245
Crax Crunchy Pipes Salted Puff Snacks,Cheetos Cheese Puffs (28.0 GRAM),0.34483273884122245
Balaji Masala Masti Chips (135.0 GRAM),Sunfeast Dark Fantasy Bourbon Chocolate Cream Biscuits | Trans Fat-free,0.344825750507171
Britannia The Original Bourbon Chocolate Cream Biscuits | Trans Fat-free,Origami Luncheon Tissue Paper Napkins - 32 X 32 cm - 50 Serviettes,0.344795618200048
Parle Hide & Seek Black Bourbon Chocolate Cream Biscuits | Trans Fat-free,Haldiram's Bhujia Sev (200.0 GRAM),0.3446713983509437
Parle G Original Milk Glucose Biscuits,Daily Good Tamarind / Imli (200.0 GRAM),0.3446454922816915
Sunfeast Dark Fantasy Vanilla Cream Dark Crunchy Biscuits | Artificial Colour-free,"Uncle Chipps Potato Chips, Plain Salted Flavour, Crispy Chips & Snacks (48.0 GRAM)",0.34463819236748305
Cheetos Masala Balls (28.0 GRAM),Max Protein Choco Chips Flavoured Biscuits | Maida-free,0.3445610539865108
Top Ramen Curry Veg Instant Noodles,Haldiram's Soan Papdi,0.34456010486544836
Namaskaram Mini Bhakarwadi,Haldiram's Moong Dal,0.3445555886074992
Palekar Knot Premium Salty Khari | Preservative-free,Om Shanthi Havan Samagri | Cycle,0.34443216358109974
Tang Mango Instant Drink Mix,Sunfeast Dark Fantasy Bourbon Chocolate Cream Biscuits | Trans Fat-free,0.3444287810612118
Garden Lemon Bhel Namkeen,Parle Krack Jack Sweet and Salty Plain Crackers | Artificial Colour-free,0.3444234625668449
Bikano Classic Salted Peanuts (200.0 GRAM),Cheetos Cheese Puffs (28.0 GRAM),0.3444049066590372
Parle G Original Milk Glucose Biscuits,MAGGI Pazzta Instant Pasta - Cheese Macaroni,0.3443968678017962
Korean Kab's Jackpot Cheese and Butter Instant Noodles | Hot Chicken | Non Veg,Sunfeast Dark Fantasy Bourbon Chocolate Cream Biscuits | Trans Fat-free,0.3443658602024136
Catch Jeera Whole (100.0 GRAM),Parle Hide & Seek Chocolate Chip Biscuits | Trans Fat-free,0.3443248981729296
Max Protein Choco Chips Flavoured Biscuits | Maida-free,Cheetos Cheese Puffs (28.0 GRAM),0.34426753512074565
Daily Good Sooji / Rava (1.0 KILOGRAM),Chheda's Salt & Pepper Banana Chips,0.34420183371810775
Farmley Black Pepper Roasted Makhana- Fit For Fasting,Beyond Snack Kerala Banana Chips - Original Style (70.0 GRAM),0.34419527624845203
Everest Cumin Powder (100.0 GRAM),Sunfeast Dark Fantasy Bourbon Chocolate Cream Biscuits | Trans Fat-free,0.3441636488928408
Superyou Chocolate Protein Wafer Bar,Nutrela Mini Soya Chunks (200.0 GRAM),0.3441212121212121
Nutrela Mini Soya Chunks (200.0 GRAM),"Paper Boat Mango | Juicy Sips, Chewy Bites | Refreshing Summer Juice Drink",0.3441094819159335
Everest Powder - Tea Masala (100.0 GRAM),Haldiram's Bhujia Sev (200.0 GRAM),0.3440346015603794
Farmley Black Pepper Roasted Makhana- Fit For Fasting,Daily Good Cashew | W320 (100.0 GRAM),0.34394449545964695
Everest Kasuri Methi,Everest Coriander Powder (100.0 GRAM),0.34387513764994115
Everest Chicken Masala,Crax Crunchy Pipes Salted Puff Snacks,0.3437940881668778
Alpenliebe Pop Assorted Flavours Lollipop (64.0 GRAM),Kinder Creamy Milky And Cocoa With Extruded Rice (19.0 GRAM),0.3437580835852635
Amul Taaza Homogenised Toned Milk (Tetra Pack),Daily Good Tamarind / Imli (200.0 GRAM),0.3437042335842835
Everest Chicken Masala,Max Protein Choco Chips Flavoured Biscuits | Maida-free,0.34366344629920875
Chheda's Small Bhakarwadi,Cheetos Cheese Puffs (28.0 GRAM),0.3436630468722895
Catch Dhania Powder (200.0 GRAM),Maggi Special Masala Instant Noodles,0.34361661393361675
Everest Coriander Powder (100.0 GRAM),Max Protein Choco Chips Flavoured Biscuits | Maida-free,0.34350730661438406
Tata Sampann Unpolished Urad Kali,Uncle Chipps - Spicy Treat,0.3434970749373201
Cornitos Nacho Chips - Cheese And Herbs (55.0 GRAM),Max Protein Choco Chips Flavoured Biscuits | Maida-free,0.34345295419245137
Britannia 50-50 Maska Chaska Biscuits Butter Flavoured Crackers | Trans Fat-free,Lay's India's Magic Masala Potato Chips,0.3433868872792801
Britannia Vita Butter Marie Gold Biscuits | Trans Fat-free,Chheda's Long Masala Banana Chips (170.0 GRAM),0.34334808347075074
Catch Jeera Powder Pouch,Everest Coriander Powder (100.0 GRAM),0.34333317525805784
Superyou Chocolate Protein Wafer Bar,Haldiram's Soan Papdi,0.3433295330623575
Cornitos Nacho Chips - Cheese And Herbs (55.0 GRAM),Lal Sweets Motichoor Laddu,0.3432272912877241
"Ritebite Max Protein Spanish Tomato 10G Multigrain Protein Chips, Healthy Snacks & Munchies",Palekar Knot Premium Salty Khari | Preservative-free,0.343164410058027
Paper Boat Aam Panna Drink,Chheda's Golden Plain Salted Chips (170.0 GRAM),0.3431394240863062
Pulse Kachcha Aam 50 Candies (190.0 GRAM),Haldiram's Bhujia Sev (200.0 GRAM),0.34313801101275365
Lay's West Indies Hot 'n' Sweet Chilli Potato Chips,Britannia 50-50 Maska Chaska Biscuits Butter Flavoured Crackers | Trans Fat-free,0.34313725490196073
Mr Makhana Lime Chilli,Lay's Spanish Tomato Tango Potato Chips,0.3431011258799908
Palekar Knot Premium Salty Khari | Preservative-free,Haldiram's Moong Dal,0.3430503561660659
Satyam Puffed Rice Kurmura A (200.0 GRAM),Kinder Joy - Single Pack - Assorted,0.3430382916940088
MAGGI Pazzta Instant Pasta - Mushroom Penne (68.0 GRAM),Chheda's Golden Plain Salted Chips (170.0 GRAM),0.3430347126355628
Parle Hide & Seek Choco Roll Centre Fills | Trans Fat-free,"Ching's Secret Veg Hakka Noodles, Cooks In 5-7 mins, Just Soak & Drain",0.34298494096116966
Britannia Pure Magic Choco Stars Chocolate Cream Biscuits | Trans Fat-free,Haldiram's Moong Dal,0.3429765521362332
Crax Crunchy Pipes Salted Puff Snacks,Sunfeast Dark Fantasy Bourbon Chocolate Cream Biscuits | Trans Fat-free,0.3429716664364119
Lal Mysore Pak Premium,Sunfeast All Rounder Crunchy Potato Chatpata Masala Flavoured Crackers | Trans Fat-free,0.3428772258669165
Dabur Real Litchi Fruit Juice,Max Protein Choco Chips Flavoured Biscuits | Maida-free,0.34284882615442036
Crax Curls Chatpata Masala Puff Snacks,Haldiram's Bhujia Sev (200.0 GRAM),0.3428189315902014
Unibic Assorted Cookies,BAY6 Dishwashbar,0.342806578178479
Modern Kitchens Wheel Chips,"Ching's Secret Veg Hakka Noodles, Cooks In 5-7 mins, Just Soak & Drain",0.34278894956633466
Cornitos Nacho Crisps - Sizzlin Jalapeno (77.0 GRAM),Haldiram's Soan Papdi,0.34274663062931443
Kab's Korean Jackpot Ramyun Soup Noodles Non Veg,Sunfeast Dark Fantasy Bourbon Chocolate Cream Biscuits | Trans Fat-free,0.3427102551052866
Unifit Rolled Oats | 100% Wholegrain | High Fiber and Protein | Healthy Breakfast Cereal,Sunfeast Dark Fantasy Bourbon Chocolate Cream Biscuits | Trans Fat-free,0.3427102551052865
Everest Kashmiri Lal Chilli Powder,Sunfeast Dark Fantasy Bourbon Chocolate Cream Biscuits | Trans Fat-free,0.3427102551052865
Doritos Nacho Cheese Flavoured Corn Chips (45.0 GRAM),Bingo! Mad Angles Achaari Masti Crisps,0.34268457464057944
Daily Good Pistachios California Salted,Britannia 50-50 Maska Chaska Biscuits Butter Flavoured Crackers | Trans Fat-free,0.34266037847544245
Haldiram Aloo Bhujia ,Snackible Cheese Dosa Khakra | Millet Snack (100.0 GRAM),0.3425658453695837
Crax Crunchy Pipes Salted Puff Snacks,Haldiram's Salted Peanut,0.3425132380634863
Superyou Strawberry Protein Wafer Bar (40.0 GRAM),Lay's Spanish Tomato Tango Potato Chips,0.3424657534246575
Catch Dhania Powder (200.0 GRAM),Scotch-Brite Scrub Sponge (Pack of 3),0.34238075357478337
Ezee Medium Garbage Bags 19x 21 Inch (30.0 PIECE),Cheetos Masala Balls (28.0 GRAM),0.34232421151796577
Dukes Nibbles - Jeera Flavoured Crackers,Haldiram's Masala Tasty Nuts (200.0 GRAM),0.34231870108158763
Britannia Marie Gold Biscuits Plain | Trans Fat-free,Kurkure Green Chutney Style (68.0 GRAM),0.3423022904318978
Everest Tikhalal Powder Pouch (200.0 GRAM),Ezee Medium Garbage Bags 19x 21 Inch (30.0 PIECE),0.3422979076891127
Daily Good Cashew | W320 (100.0 GRAM),Max Protein Choco Chips Flavoured Biscuits | Maida-free,0.3422557107280906
Cornitos Nacho Chips - Sizzlin Jalapeno (55.0 GRAM),Sunfeast All Rounder Crunchy Potato Chatpata Masala Flavoured Crackers | Trans Fat-free,0.3421717171717171
Unibic Assorted Cookies,Aashirvaad 100% Chana Dal Besan (500.0 GRAM),0.3421615657825134
Korean Kab's Jackpot Cheese and Butter Instant Noodles | Hot Chicken | Non Veg,Korean Nongshim Shin Ramyun Noodle Soup Veg,0.3420136543298599
Unibic Assorted Cookies,Kurkure Green Chutney Style (68.0 GRAM),0.34200677766317955
Nestle Milkmaid Partly Skimmed Sweetened Condensed Milk,Kurkure Solid Masti Masala Twisteez (61.0 GRAM),0.34199932452038573
Ezee Biodegradable Medium Garbage Bags 19 x 21 Inch (30.0 PIECE),YiPPee! Magic Masala Noodles with Added Veggies - The Better Noodles,0.34194120876228584
Palekar Tea Time Ajwain Rusk | Trans Fat-free,Parle Hide & Seek Milano Chocolate Flavoured Biscuits,0.34193220419507325
Kurkure Green Chutney Style (68.0 GRAM),Max Protein Choco Chips Flavoured Biscuits | Maida-free,0.34192060349631115
Kotton Multipurpose Napkin | 100% Virgin Pulp-Paper | 25 cm X 25 cm | 100Pcs,Piknik Classic Tomato Chilli,0.34179981423696265
Parle Hide & Seek Choco Roll Centre Fills | Trans Fat-free,Everest Chhole Masala,0.34173646162663857
Pulse Kachcha Aam 50 Candies (190.0 GRAM),Rajdhani Roasted Chana (200.0 GRAM),0.3416649743902163
Catch Jeera Powder Pouch,Mr Makhana Super Snack - Pudina Party,0.34162378502001145
"Ritebite Max Protein Spanish Tomato 10G Multigrain Protein Chips, Healthy Snacks & Munchies",Rajdhani Roasted Chana (200.0 GRAM),0.34159110088224015
Palekar Knot Premium Salty Khari | Preservative-free,Let's Try Salted Peanuts,0.3415710229109957
RiteBite Max Protein 10g Protein Bar Choco Berry (50.0 GRAM),Aashirvaad 100% Chana Dal Besan (500.0 GRAM),0.34155435803489587
Origami 3 Ply Toilet Tissue Paper Roll - 160 Pulls Per Roll (1.0 PIECE),Kurkure Solid Masti Masala Twisteez (61.0 GRAM),0.3415114034636929
The Whole Truth 20g Protein Double Cocoa Protein Bar (67.0 GRAM),Cheetos Masala Balls (28.0 GRAM),0.34146840098917086
Dabur Real Alphonso Mango Fruit Juice,Cheetos Masala Balls (28.0 GRAM),0.34146840098917086
Nutrela Mini Soya Chunks (200.0 GRAM),Palekar Knot Premium Salty Khari | Preservative-free,0.34145712443584786
Daily Good Soya Chunks Medium,Aashirvaad 100% Chana Dal Besan (500.0 GRAM),0.3414427389636426
Tata Sampann 100% Pure Premium Cashews/Kaju Whole,Aashirvaad 100% Chana Dal Besan (500.0 GRAM),0.3414427389636426
Fortune Besan (500.0 GRAM),Parle Hide & Seek Chocolate Chip Biscuits | Trans Fat-free,0.3413873951871805
Parle Hide & Seek Black Bourbon Chocolate Cream Biscuits | Trans Fat-free,The Theatre Project Gourmet Popcorn - Cheddar Cheese (60.0 GRAM),0.34136313187367573
Everest Chicken Masala,Parle Melody Chocolaty Toffee (176.0 GRAM),0.3412976965007912
Nova Nova Waffle Chips- Classic Chocolate Drizzle,Haldiram's Moong Dal,0.3412874025143232
Fortune Besan (500.0 GRAM),Aashirvaad 100% Chana Dal Besan (500.0 GRAM),0.3412515616181982
Unibic Assorted Cookies,Sunfeast Dark Fantasy Bourbon Chocolate Cream Biscuits | Trans Fat-free,0.34118709841592976
Daily Good Soya Chunks Medium,YiPPee! Magic Masala Noodles with Added Veggies - The Better Noodles,0.34118328280935994
Balaji Cream & Onion Wafers (135.0 GRAM),Kurkure Green Chutney Style (68.0 GRAM),0.34114794367909235
Gebi Sparkle Plus Dolphin Dust Pan,Kurkure Solid Masti Masala Twisteez (61.0 GRAM),0.34111197492163003
MAGGI Pazzta Instant Pasta - Cheese Macaroni,Parle Hide & Seek Chocolate Chip Biscuits | Trans Fat-free,0.34109374665359604
Namaskaram Peanuts Salted,Cheetos Masala Balls (28.0 GRAM),0.341050447009992
Catch Jeera Whole (100.0 GRAM),RiteBite Max Protein 10g Protein Bar Choco Almond,0.3410149681864419
Catch Sprinkler Chat Masala (100.0 GRAM),Sunfeast Dark Fantasy Bourbon Chocolate Cream Biscuits | Trans Fat-free,0.3409635157826296
Namaskaram Peanuts Salted,Kurkure Green Chutney Style (68.0 GRAM),0.34087054252144144
Everest Cumin Powder (100.0 GRAM),Haldiram's Salted Peanut,0.34085439211610086
Dukes Nutri Choice Assorted Biscuits Wafers,Palekar Knot Premium Salty Khari | Preservative-free,0.34084299291707826
Korean Samyang Hot Chicken Ramen Non Veg,The Healthy Binge Ragi Baked Chips Chatpata Chaat- High Protein & Fibre (40.0 GRAM),0.34080304637038467
Aashirvaad 100% Chana Dal Besan (500.0 GRAM),Cheetos Cheese Puffs (28.0 GRAM),0.34079767322270815
Cornitos Nacho Chips - Peri Peri (55.0 GRAM),Haldiram Aloo Bhujia ,0.3407555708841913
Everest - Ginger Garlic Paste (200.0 GRAM),Scotch-Brite Scrub Sponge (Pack of 3),0.3407425681509806
Britannia Good Day Oats Cookies Fruits and Nuts Dry Fruit Biscuits | Trans Fat-free,Haldiram's Soan Papdi,0.3406777374866828
Kurkure Schezwan Chutney (68.0 GRAM),Haldiram's Moong Dal,0.3405930894795505
Parle Melody Chocolaty Toffee (176.0 GRAM),"Ching's Secret Veg Hakka Noodles, Cooks In 5-7 mins, Just Soak & Drain",0.34058717389669946
Doublemint Lemonmint Flavour Chewymints Tube (27300.0 MILLIGRAM),Kinder Joy - Single Pack - Assorted,0.34057470147803864
Mr Makhana Lime Chilli,Om Shanthi Havan Samagri | Cycle,0.34046846011131726
The Whole Truth 20g Protein Double Cocoa Protein Bar (67.0 GRAM),Kurkure Solid Masti Masala Twisteez (61.0 GRAM),0.3403953531255762
Modern Kitchens Butter Murukku,Peppy Tomato Disc (55.0 GRAM),0.34039164934212635
Satyam Puffed Rice Kurmura - R (200.0 GRAM),YiPPee! Magic Masala Noodles with Added Veggies - The Better Noodles,0.3401065565783623
Dukes Nutri Choice Assorted Biscuits Wafers,Crax Crunchy Pipes Salted Puff Snacks,0.3400840800211921
Lal Mysore Pak Premium,"Ching's Secret Veg Hakka Noodles, Cooks In 5-7 mins, Just Soak & Drain",0.3400551726878636
Kotton Multipurpose Napkin | 100% Virgin Pulp-Paper | 25 cm X 25 cm | 100Pcs,Haldiram's Lite Chiwda (200.0 GRAM),0.3400192714443731
Everest - Ginger Garlic Paste (200.0 GRAM),Daily Good Saunf / Fennel,0.33997548138910616
Sunfeast Dark Fantasy Choco Centre Fills | Preservative-free,Daily Good Raw Peanut - Singdana,0.3399051467136385
Daily Good Almond / Badam | California,YiPPee! Magic Masala Noodles with Added Veggies - The Better Noodles,0.33988741575582465
Zep Aluminium Foil 9 Meter 1 pc,Kurkure Solid Masti Masala Twisteez (61.0 GRAM),0.3398295990760601
Origami Luncheon Tissue Paper Napkins - 32 X 32 cm - 50 Serviettes,Haldiram's Moong Dal,0.3398193562037719
Cornitos Nacho Crisps - Sizzlin Jalapeno (77.0 GRAM),Haldiram's Masala Tasty Nuts (200.0 GRAM),0.33981637139531873
Nutrela Mini Soya Chunks (200.0 GRAM),Lal Sweets Motichoor Laddu,0.33975366568914955
Parle Hide & Seek Milano Choco Filled Hazelnut Chocolate Centre Fills | Trans Fat-free,Max Protein Choco Chips Flavoured Biscuits | Maida-free,0.3397041900054391
Lay's Potato Chips - Sizzling Hot Spicy Flavour,Sunfeast Dark Fantasy Bourbon Chocolate Cream Biscuits | Trans Fat-free,0.3396315341374377
Rang Munch Tangy Imli (110.0 GRAM),Rajdhani Roasted Chana (200.0 GRAM),0.33959199329904577
Everest Pav Bhaji Masala (100.0 GRAM),Om Shanthi Havan Samagri | Cycle,0.33953013278855976
Parle Krack Jack Sweet and Salty Plain Crackers | Artificial Colour-free,Kurkure Green Chutney Style (68.0 GRAM),0.339492021945068
Everest Coriander Powder (100.0 GRAM),Everest Shahi Biryani Masala (50.0 GRAM),0.3394041826717883
Britannia Marie Gold Biscuits Plain | Trans Fat-free,Max Protein Choco Chips Flavoured Biscuits | Maida-free,0.33928272078707
Haldiram Aloo Bhujia ,Max Protein Choco Chips Flavoured Biscuits | Maida-free,0.3390529478487068
Malkist Double Chocolatey Crunchy Layered Crackers,Lay's American Cream & Onion Potato Chips (48.0 GRAM),0.33903754375299655
Chheda's Small Bhakarwadi,Cheetos Masala Balls (28.0 GRAM),0.3389886199832602
Haldiram's Masala Tasty Nuts (200.0 GRAM),Sunfeast Dark Fantasy Bourbon Chocolate Cream Biscuits | Trans Fat-free,0.33893666871273587
Lal Milk Cake Signature,Scotch-Brite Scrub Sponge (Pack of 3),0.3389301076820924
Kinder Joy - Single Pack - Assorted,Max Protein Choco Chips Flavoured Biscuits | Maida-free,0.338892291879375
Lal Mysore Pak Premium,Haldiram's Soan Papdi,0.3388766392181832
Everest Pav Bhaji Masala (100.0 GRAM),Sunfeast Dark Fantasy Bourbon Chocolate Cream Biscuits | Trans Fat-free,0.3388595780816317
Hershey's Spread - Cocoa Jar,Dukes Nutri Choice Assorted Biscuits Wafers,0.3388494704618276
Superyou Chocolate Protein Wafer Bar,Coca-Cola Zero Sugar Soft Drink,0.3387571730594986
Kurkure Green Chutney Style (68.0 GRAM),Cheetos Cheese Puffs (28.0 GRAM),0.338663495851107
Chheda's Mix Farsan (170.0 GRAM),Max Protein Choco Chips Flavoured Biscuits | Maida-free,0.3384952782972347
Nutrela Mini Soya Chunks (200.0 GRAM),Chheda's Yellow Banana Chips (170.0 GRAM),0.33849301525897274
Bauli Moonfils Croissants Sweet Cheese Creme (45.0 GRAM),Sunfeast Dark Fantasy Bourbon Chocolate Cream Biscuits | Trans Fat-free,0.3384792643015176
Namaskaram Nachani (Ragi) Chips,Sunfeast Dark Fantasy Bourbon Chocolate Cream Biscuits | Trans Fat-free,0.3384792643015176
Dukes Nutri Choice Assorted Biscuits Wafers,Lal Sweets Motichoor Laddu,0.33843751977889824
Cheetos Cheese Puffs (28.0 GRAM),Haldiram's Bhujia Sev (200.0 GRAM),0.3383752642296017
Superyou Chocolate Protein Wafer Bar,Piknik Classic Tomato Chilli,0.338353581901969
"Haldirams Namkeen - Tasty Nuts, (400.0 GRAM)",Haldiram's Soan Papdi,0.33829537568607654
Veeba Veg Mayonnaise Burger,Om Shanthi Havan Samagri | Cycle,0.33826322930800545
Pulse Kachcha Aam 50 Candies (190.0 GRAM),Tata Sampann 100% Chana Dal Fine Besan,0.3382573136206353
Kinder Creamy Milky And Cocoa With Extruded Rice (19.0 GRAM),Modern Kitchens Butter Murukku,0.33823349510955625
Everest Chhole Masala,Let's Try Namkeen Combo Pack Of 6 (Crunchy Party Mix Peanut Party Mix Aloo Bhujia),0.3382062233068944
Cheetos Masala Balls (28.0 GRAM),Haldiram's Moong Dal,0.3381374751009073
Sofit Soya Milk Drink,Parle Hide & Seek Milano Chocolate Flavoured Biscuits,0.33813295748179467
Parle Hide & Seek Milano Choco Filled Hazelnut Chocolate Centre Fills | Trans Fat-free,Let's Try Namkeen Combo Pack Of 6 (Crunchy Party Mix Peanut Party Mix Aloo Bhujia),0.338
Everest Chhole Masala,Let's Try Salted Peanuts,0.33795074838056416
Kinder Joy - Single Pack - Assorted,YiPPee! Magic Masala Noodles with Added Veggies - The Better Noodles,0.3379390350108578
Beyond Snack Kerala Banana Chips - Original Style (70.0 GRAM),Britannia 50-50 Maska Chaska Biscuits Butter Flavoured Crackers | Trans Fat-free,0.3379173611165965
Veeba Veg Mayonnaise Burger,"Ching's Secret Veg Hakka Noodles, Cooks In 5-7 mins, Just Soak & Drain",0.3378657627378686
Namaskaram Methi Khakhra,Haldiram's Moong Dal,0.33785983893096566
Sunfeast Light Active Plain Marie Biscuits with Iron and 6 Vitamins | Trans Fat-free,Maggi Masala Noodles No Onion No Garlic,0.33779438517134575
Maggi Masala Noodles No Onion No Garlic,Sunfeast Light Active Plain Marie Biscuits with Iron and 6 Vitamins | Trans Fat-free,0.33779438517134575
RiteBite Max Protein 10g Protein Bar Choco Berry (50.0 GRAM),Sunfeast Dark Fantasy Bourbon Chocolate Cream Biscuits | Trans Fat-free,0.33774343981390564
Rang Munch Tangy Imli (110.0 GRAM),Haldiram Aloo Bhujia ,0.3376796767985019
Modern Kitchens Butter Murukku,Max Protein Choco Chips Flavoured Biscuits | Maida-free,0.33764367382674604
Sunfeast Dark Fantasy Vanilla Cream Dark Crunchy Biscuits | Artificial Colour-free,Origami Luncheon Tissue Paper Napkins - 32 X 32 cm - 50 Serviettes,0.33762804967352444
Dukes Nibbles - Jeera Flavoured Crackers,Om Shanthi Havan Samagri | Cycle,0.3374882849109653
Fortune Besan (500.0 GRAM),Ezee Small Garbage Bags 17 x 19 Inch (30.0 PIECE),0.33738748731885315
Cadbury Chocobakes Choclayered Chocolate Cake,Kinder Joy - Single Pack - Assorted,0.3373851361156012
Tata Sampann Unpolished Urad Kali,Ezee Medium Garbage Bags 19x 21 Inch (30.0 PIECE),0.3373845405930968
Korean Nongshim Shin Ramyun Noodle Soup Veg,RiteBite Max Protein 10g Protein Bar Choco Almond,0.3373246857267681
Everest Shahi Biryani Masala (50.0 GRAM),Haldiram's Masala Tasty Nuts (200.0 GRAM),0.3373197613197613
RiteBite Max Protein 10g Protein Bar Choco Almond,Origami Luncheon Tissue Paper Napkins - 32 X 32 cm - 50 Serviettes,0.3372727612210397
Doublemint Lemonmint Flavour Chewymints Tube (27300.0 MILLIGRAM),Palekar Knot Premium Salty Khari | Preservative-free,0.33726512848853274
Catch Jeera Powder Pouch,Rajdhani Roasted Chana (200.0 GRAM),0.3372188836323858
Daily Good Saunf - Fennel,Haldiram's Masala Tasty Nuts (200.0 GRAM),0.3372064146257694
Hellmann's Eggless Mayonnaise World's No.1 Mayonnaise Brand (85.0 GRAM),Balaji Cream & Onion Wafers (135.0 GRAM),0.33708855799373044
Kurkure Solid Masti Masala Twisteez (61.0 GRAM),Origami Luncheon Tissue Paper Napkins - 32 X 32 cm - 50 Serviettes,0.33702531238668837
Yogabar Dark Chocolate Oatmeal 400g Breakfast Cereal Gluten Free Oats High in Protein & Gluten-Free,Palekar Knot Premium Salty Khari | Preservative-free,0.3369642675353762
Korean Nongshim Shin Ramyun Noodle Soup Veg,Peppy Tomato Disc (55.0 GRAM),0.33695912850842424
MAGGI 2-Minute Instant Noodles | Masala Noodles | Made With Quality Spices,Cheetos Cheese Puffs (28.0 GRAM),0.3369305144587715
Bauli Moonfils Croissants Choco Cream,Max Protein Choco Chips Flavoured Biscuits | Maida-free,0.33684134314686714
Satyam Sabudana (500.0 GRAM),Chheda's Yellow Banana Chips (170.0 GRAM),0.3367345128032226
RiteBite Max Protein 10g Protein Bar Choco Berry (50.0 GRAM),Origami Luncheon Tissue Paper Napkins - 32 X 32 cm - 50 Serviettes,0.3367309385695804
Britannia The Original Bourbon Chocolate Cream Biscuits | Trans Fat-free,Aashirvaad 100% Chana Dal Besan (500.0 GRAM),0.3367304298177116
Mr Makhana Super Snack - Pudina Party,Lay's American Cream & Onion Potato Chips,0.3366303795680628
Dukes Nibbles - Jeera Flavoured Crackers,Rajdhani Roasted Chana (200.0 GRAM),0.33661948995369323
Palekar Knot Premium Salty Khari | Preservative-free,Kinder Joy - Single Pack - Assorted,0.3366009403763731
Gebi Sparkle Plus Dolphin Dust Pan,RiteBite Max Protein 10g Protein Bar Choco Almond,0.33656451742090504
Britannia Good Day Cashew Dry Fruit Biscuits| Trans Fat-free,Parle Hide & Seek Chocolate Chip Biscuits | Trans Fat-free,0.33648257896148565
Parle Marie Butter Marie Biscuits | Trans Fat-free,Catch Jeera Whole (100.0 GRAM),0.336446852232393
Lal Milk Cake Signature,Haldiram's Bhujia Sev (200.0 GRAM),0.33641358190556087
Cornitos Nacho Chips - Peri Peri (55.0 GRAM),"Paper Boat Mango | Juicy Sips, Chewy Bites | Refreshing Summer Juice Drink",0.336389768009059
Britannia Good Day Oats Cookies Fruits and Nuts Dry Fruit Biscuits | Trans Fat-free,Colombian Brew Original Instant Coffee Sachets | 40 Sachets,0.3362987388841141
Crax Curls Chatpata Masala Puff Snacks,Haldiram's Moong Dal,0.3362948425148919
Lay's India's Magic Masala Potato Chips,RiteBite Max Protein 10g Protein Bar Choco Almond,0.336212295016602
Cadbury Chocobakes Choclayered Chocolate Cake,Kurkure Masala Munch,0.33614858260019553
Namaskaram Mini Bhakarwadi,Britannia 50-50 Maska Chaska Biscuits Butter Flavoured Crackers | Trans Fat-free,0.3361189893697633
"Farmley Seed Mix Superfood Rich In Protein- Pumpkin, Watermelon, Sunflower, Flax, Chia Seeds",Haldiram Aloo Bhujia ,0.33609680331350894
Cornitos Nacho Chips - Peri Peri (55.0 GRAM),Sweet Karam Coffee Madras Mixture,0.3360636063606361
Britannia Little Hearts Classic Crunch Flavoured Biscuits | Cholesterol-free,Daily Good Raw Peanut - Singdana,0.3360098247252387
Superyou Strawberry Protein Wafer Bar (40.0 GRAM),Britannia Treat Rich Creme Strawberry Flavoured Wafers | Trans Fat-free,0.3359683794466403
"Haldirams Namkeen - Tasty Nuts, (400.0 GRAM)",Sunfeast All Rounder Crunchy Potato Chatpata Masala Flavoured Crackers | Trans Fat-free,0.33595041322314045
Parle Krackjack Sweet and Salty Plain Crackers | Trans Fat-free,Sunfeast Dark Fantasy Bourbon Chocolate Cream Biscuits | Trans Fat-free,0.335948578213282
Parle Krackjack Sweet and Salty Plain Crackers | Trans Fat-free,Kurkure Solid Masti Masala Twisteez (61.0 GRAM),0.33587460815047027
Modern Kitchens Butter Murukku,The Theatre Project Gourmet Popcorn - Cheddar Cheese (60.0 GRAM),0.3358729611101527
Cornitos Nachos Peri Peri (150.0 GRAM),Polka Pop Zero Sugar Blueberry Sparkling Water,0.33587014511310287
Everest Tikhalal Powder Pouch (200.0 GRAM),Haldiram's Salted Peanut,0.335820579132573
The Belgian Crisps Double Choco Waffle Wafers | Artificial Colour-free,Haldiram's Moong Dal,0.335820185009578
Kurkure Schezwan Chutney (68.0 GRAM),Haldiram's Masala Tasty Nuts (200.0 GRAM),0.3357461197951996
Alpenliebe Pop Assorted Flavours Lollipop (64.0 GRAM),Parle Hide & Seek Milano Chocolate Flavoured Biscuits,0.3357192893881544
Britannia The Original Bourbon Chocolate Cream Biscuits | Trans Fat-free,Kurkure Solid Masti Masala Twisteez (61.0 GRAM),0.33569749912922325
The Belgian Crisps Double Choco Waffle Wafers | Artificial Colour-free,Max Protein Choco Chips Flavoured Biscuits | Maida-free,0.3356286986645129
Everest Coriander Powder (100.0 GRAM),Haldiram Aloo Bhujia ,0.33558701401270835
Kurkure Schezwan Chutney (68.0 GRAM),Lay's India's Magic Masala Potato Chips,0.3355146015198908
Daily Good Cashew | W320 (100.0 GRAM),Britannia 50-50 Maska Chaska Biscuits Butter Flavoured Crackers | Trans Fat-free,0.33543996110841023
Sunfeast All Rounder Crunchy Potato Chatpata Masala Flavoured Crackers | Trans Fat-free,YiPPee! Magic Masala Noodles with Added Veggies - The Better Noodles,0.3353558861520644
Everest Cumin Powder (100.0 GRAM),Haldiram's Moong Dal,0.3353074824370443
"Ching's Secret Veg Hakka Noodles, Cooks In 5-7 mins, Just Soak & Drain",Haldiram's Soan Papdi,0.33530690063584623
Everest Shahi Biryani Masala (50.0 GRAM),Everest Pav Bhaji Masala (100.0 GRAM),0.335254049321465
Nestle Milkmaid Partly Skimmed Sweetened Condensed Milk,Chheda's Yellow Banana Chips (170.0 GRAM),0.335107899451037
Zep Aluminium Foil 9 Meter 1 pc,BAY6 Dishwashbar,0.33507409897144563
Everest Chhole Masala,Rajdhani Roasted Chana (200.0 GRAM),0.33503371150979677
Snackible Cheese Dosa Khakra | Millet Snack (100.0 GRAM),Chheda's Yellow Banana Chips (170.0 GRAM),0.33499739031653925
Palekar Knot Premium Salty Khari | Preservative-free,Lay's Spanish Tomato Tango Potato Chips,0.3349899881523315
Cadbury Chocobakes Choclayered Chocolate Cake,Origami Luncheon Tissue Paper Napkins - 32 X 32 cm - 50 Serviettes,0.33498685283596236
Farmley Date Bites Dry Fruit Burfi - No Added Sugar,Tata Sampann Chilli Powder with Natural Oils Lal Mirchi Powder,0.33495670995670995
Cornitos Nachos Peri Peri (150.0 GRAM),Crax Crunchy Pipes Salted Puff Snacks,0.3348411171208654
Haldiram's Masala Tasty Nuts (200.0 GRAM),YiPPee! Magic Masala Noodles with Added Veggies - The Better Noodles,0.33483361763616537
MAGGI 2-Minute Instant Noodles | Masala Noodles | Made With Quality Spices,Haldiram's Moong Dal,0.3347963429821098
Haldiram's Mixture (400.0 GRAM),Crax Crunchy Pipes Salted Puff Snacks,0.33472983725475675
Lay's Potato Chips - Sizzling Hot Spicy Flavour,Max Protein Choco Chips Flavoured Biscuits | Maida-free,0.3347003639660791
Daily Good Cashew | W320 (100.0 GRAM),"Uncle Chipps Potato Chips, Plain Salted Flavour, Crispy Chips & Snacks (48.0 GRAM)",0.3346664553087101
Dukes Nutri Choice Assorted Biscuits Wafers,Haldiram's Soan Papdi,0.3346447061642844
Parle Hide & Seek Chocolate Chip Biscuits | Trans Fat-free,Cheetos Cheese Puffs (28.0 GRAM),0.3346411453059609
Britannia Good Day Chunkies Coconut Flavoured Biscuits | Trans Fat-free,Britannia Marie Gold Biscuits Plain | Trans Fat-free,0.33463827121829
Aashirvaad 100% Chana Dal Besan (500.0 GRAM),Origami Luncheon Tissue Paper Napkins - 32 X 32 cm - 50 Serviettes,0.33462649340305484
Godrej Expert Creme Hair Colour Natural Black (Pack of 4),Cheetos Masala Balls (28.0 GRAM),0.3346219167588116
Sunfeast All Rounder Crunchy Potato Chatpata Masala Flavoured Crackers | Trans Fat-free,Kurkure Solid Masti Masala Twisteez (61.0 GRAM),0.33458141427537974
Kab's Korean Jackpot Ramyun Soup Noodles Non Veg,Max Protein Choco Chips Flavoured Biscuits | Maida-free,0.3345021671527917
Snackible Cheese Dosa Khakra | Millet Snack (100.0 GRAM),"Paper Boat Mango | Juicy Sips, Chewy Bites | Refreshing Summer Juice Drink",0.33446446027091187
Cornitos Nachos Peri Peri (150.0 GRAM),Om Shanthi Havan Samagri | Cycle,0.3344460227272727
Parle Hide & Seek Milano Choco Filled Hazelnut Chocolate Centre Fills | Trans Fat-free,Sunfeast All Rounder Crunchy Potato Chatpata Masala Flavoured Crackers | Trans Fat-free,0.3343506493506494
Malkist Double Chocolatey Crunchy Layered Crackers,Origami Luncheon Tissue Paper Napkins - 32 X 32 cm - 50 Serviettes,0.3343497361480527
Dew Fresh Toilet Cleaner Liquid,Origami Luncheon Tissue Paper Napkins - 32 X 32 cm - 50 Serviettes,0.33424326381745856
Modern Kitchens Butter Murukku,Ezee Medium Garbage Bags 19x 21 Inch (30.0 PIECE),0.33421022367891434
Origami Luncheon Tissue Paper Napkins - 32 X 32 cm - 50 Serviettes,Kurkure Green Chutney Style (68.0 GRAM),0.33417104286496657
Haldiram's Mixture (400.0 GRAM),Max Protein Choco Chips Flavoured Biscuits | Maida-free,0.3341433362504609
Korean Kab's Jackpot Cheese and Butter Instant Noodles | Hot Chicken | Non Veg,Uncle Chipps - Spicy Treat,0.33403845983035046
Hillers Thin Hakka Noodles,Parle Hide & Seek Milano Chocolate Flavoured Biscuits,0.333993719082904
Sunfeast Yippee! Korean Noodles Fiery Hot,Daily Good Raw Peanut - Singdana,0.3339328605942318
Everest Kasuri Methi,Om Shanthi Havan Samagri | Cycle,0.3339025615268709
Snackible Cheese Dosa Khakra | Millet Snack (100.0 GRAM),Max Protein Choco Chips Flavoured Biscuits | Maida-free,0.33389728077457687
Bauli Moonfils Croissants Sweet Cheese Creme (45.0 GRAM),Kurkure Solid Masti Masala Twisteez (61.0 GRAM),0.33389267386508764
Lal Besan Laddoo Classic (200.0 GRAM),Haldiram's Mixture (400.0 GRAM),0.33368326588665564
Hershey's Spread - Cocoa Jar,Crax Crunchy Pipes Salted Puff Snacks,0.33368249733844024
Bingo! Mad Angles Achaari Masti Crisps,Cheetos Cheese Puffs (28.0 GRAM),0.3335952945288521
Top Ramen Curry Veg Instant Noodles,Everest Coriander Powder (100.0 GRAM),0.3335236559649705
Doritos Nacho Cheese Flavoured Corn Chips (45.0 GRAM),Chheda's Small Bhakarwadi,0.3334204729395292
Mr Makhana Super Snack - Pudina Party,Sunfeast Dark Fantasy Bourbon Chocolate Cream Biscuits | Trans Fat-free,0.3333701433309287
Rang Munch Tangy Imli (110.0 GRAM),"Paper Boat Mango | Juicy Sips, Chewy Bites | Refreshing Summer Juice Drink",0.33335328266203845
Lay's Classic Salted Potato Chips (67.0 GRAM),Cheetos Cheese Puffs (28.0 GRAM),0.33334742953802543
Kurkure Solid Masti Masala Twisteez (61.0 GRAM),Aashirvaad 100% Chana Dal Besan (500.0 GRAM),0.33331255977089674
Dew Fresh Toilet Cleaner Liquid,Kurkure Solid Masti Masala Twisteez (61.0 GRAM),0.3332967409948542
Britannia Good Day Chunkies Coconut Flavoured Biscuits | Trans Fat-free,Fortune Suji,0.33325834011156685
Everest Chhole Masala,Sunfeast Dark Fantasy Bourbon Chocolate Cream Biscuits | Trans Fat-free,0.3332544165975345
Palekar Knot Premium Salty Khari | Preservative-free,Sunfeast All Rounder Crunchy Potato Chatpata Masala Flavoured Crackers | Trans Fat-free,0.3332274108869854
Cheetos Cheese Puffs (28.0 GRAM),Cheetos Masala Balls (28.0 GRAM),0.3330029215358931
"Kotton Toilet Roll - 2 Ply -100% Virgin Pulp/Paper, Pack of 10 ,230 sheets (10.0 PIECE)",Daily Good Sooji / Rava (1.0 KILOGRAM),0.3329262777023971
Cornitos Nachos Peri Peri (150.0 GRAM),Let's Try Namkeen Combo Pack Of 6 (Crunchy Party Mix Peanut Party Mix Aloo Bhujia),0.3328787878787879
Britannia Little Hearts Classic Crunch Flavoured Biscuits | Cholesterol-free,Chheda's Small Bhakarwadi,0.3328661308329305
Catch Jeera Powder Pouch,Nissin Geki - Hot and Spicy Korean Kimchi Flavoured Ramen Instant Noodles,0.3328410542203646
Bauli Moonfils Croissants Choco Cream,Haldiram's Moong Dal,0.3327672742367636
Parle Marie Butter Marie Biscuits | Trans Fat-free,Origami Luncheon Tissue Paper Napkins - 32 X 32 cm - 50 Serviettes,0.33264565176780186
"Taali Roasted Protein Puffs| Cheese & Herbs| Protein Rich, No Maida,No palm oil| Cheeseballs 2.0",Palekar Knot Premium Salty Khari | Preservative-free,0.33258810821673496
Catch Sprinkler Chat Masala (100.0 GRAM),Scotch-Brite Scrub Sponge (Pack of 3),0.332406358532608
Lay's India's Magic Masala Potato Chips,Britannia 50-50 Maska Chaska Biscuits Butter Flavoured Crackers | Trans Fat-free,0.33238160989480336
Alpenliebe Pop Assorted Flavours Lollipop (64.0 GRAM),Haldiram's Mixture (400.0 GRAM),0.3323551732861118
Korean Nongshim Shin Ramyun Noodle Soup Veg,Palekar Jeeo Butter | Toasted Buns With Jeera And Khari | Trans Fat-free,0.3323472237436623
Parle Marie Butter Marie Biscuits | Trans Fat-free,Daily Good Tamarind / Imli (200.0 GRAM),0.3323367247002024
Stash-Pro Brown Ripper Tipper 32 Roach 32 Paper (1.0 PIECE),Max Protein Choco Chips Flavoured Biscuits | Maida-free,0.33222221080413583
Daily Good Roasted Chana Dal / Phutana,Lay's India's Magic Masala Potato Chips,0.33215232339958817
The Whole Truth 20g Protein Double Cocoa Protein Bar (67.0 GRAM),Haldiram's Moong Dal,0.3319516681724578
Ezee Medium Garbage Bags 19x 21 Inch (30.0 PIECE),Kurkure Solid Masti Masala Twisteez (61.0 GRAM),0.33186414126779235
Britannia Good Day Chunkies Coconut Flavoured Biscuits | Trans Fat-free,Haldiram's Moong Dal,0.3316903574916608
Maggi Masala-ae-Magic Sabzi Masala,YiPPee! Magic Masala Noodles with Added Veggies - The Better Noodles,0.3316360791182606
Malkist Double Chocolatey Crunchy Layered Crackers,Aashirvaad 100% Chana Dal Besan (500.0 GRAM),0.33160659831281203
Everest Tikhalal Powder Pouch (200.0 GRAM),Everest Chhole Masala,0.331593382183074
Lay's Classic Salted Potato Chips (67.0 GRAM),Ezee Medium Garbage Bags 19x 21 Inch (30.0 PIECE),0.3315875553595383
Crax Curls Chatpata Masala Puff Snacks,Kurkure Solid Masti Masala Twisteez (61.0 GRAM),0.33146923358108926
Haldiram's Soan Papdi,Max Protein Choco Chips Flavoured Biscuits | Maida-free,0.33139277412157137
Paper Boat Aam Panna Drink,Palekar Jeeo Butter | Toasted Buns With Jeera And Khari | Trans Fat-free,0.3312410384575333
Parle Hide & Seek Chocolate Chip Biscuits | Trans Fat-free,Cheetos Masala Balls (28.0 GRAM),0.3312152815749798
Everest Tandoori Chicken Masala,Lay's Spanish Tomato Tango Potato Chips,0.3312047905460904
Satyam Puffed Rice Kurmura - R (200.0 GRAM),Kurkure Solid Masti Masala Twisteez (61.0 GRAM),0.33107372531423757
Sunfeast All Rounder Crunchy Potato Chatpata Masala Flavoured Crackers | Trans Fat-free,Sunfeast Dark Fantasy Bourbon Chocolate Cream Biscuits | Trans Fat-free,0.3309936651871571
Satyam Puffed Rice Kurmura - R (200.0 GRAM),Cheetos Masala Balls (28.0 GRAM),0.3309354756608884
Everest - Ginger Garlic Paste (200.0 GRAM),Haldiram Aloo Bhujia ,0.33092608326253187
Daily Good Raw Peanut - Singdana,Daily Good Tamarind / Imli (200.0 GRAM),0.33091988814405987
Everest Pav Bhaji Masala (100.0 GRAM),Palekar Knot Premium Salty Khari | Preservative-free,0.3309064829504705
Kurkure Solid Masti Masala Twisteez (61.0 GRAM),Cheetos Masala Balls (28.0 GRAM),0.33080913329949085
Top Ramen Curry Veg Instant Noodles,Kotton Multipurpose Napkin | 100% Virgin Pulp-Paper | 25 cm X 25 cm | 100Pcs,0.33074229842913117
Sofit Soya Milk Drink,Kotton Multipurpose Napkin | 100% Virgin Pulp-Paper | 25 cm X 25 cm | 100Pcs,0.33074229842913117
L'Oreal Paris Total Repair 5 Conditioner,Lay's American Cream & Onion Potato Chips (48.0 GRAM),0.33072072791124585
Ezee Small Garbage Bags 17 x 19 Inch (30.0 PIECE),Britannia 50-50 Maska Chaska Biscuits Butter Flavoured Crackers | Trans Fat-free,0.33063078603875573
Britannia Good Day Pista and Badam Dry Fruit Biscuits | Trans Fat-free,Kotton Multipurpose Napkin | 100% Virgin Pulp-Paper | 25 cm X 25 cm | 100Pcs,0.33058599299509095
Top Ramen Curry Veg Instant Noodles,"Ching's Secret Veg Hakka Noodles, Cooks In 5-7 mins, Just Soak & Drain",0.33057215262162254
Uncle Chips Plain Salted (80.0 GRAM),Britannia Marie Gold Biscuits Plain | Trans Fat-free,0.33055976281782734
Kab's Korean Jackpot Ramyun Soup Noodles Non Veg,Cheetos Cheese Puffs (28.0 GRAM),0.3304647080561715
Everest Kashmiri Lal Chilli Powder,Cheetos Cheese Puffs (28.0 GRAM),0.3304647080561715
Korean Nongshim Shin Ramyun Noodle Soup Veg,Let's Try Namkeen Combo Pack Of 6 (Crunchy Party Mix Peanut Party Mix Aloo Bhujia),0.3304179456906729
Farmley Date Bites Dry Fruit Burfi - No Added Sugar,Satyam Sabudana (500.0 GRAM),0.3303586321934946
Palekar Tea Time Ajwain Rusk | Trans Fat-free,Piknik Classic Tomato Chilli,0.3303568486605819
Origami Luncheon Tissue Paper Napkins - 32 X 32 cm - 50 Serviettes,Aashirvaad 100% Chana Dal Besan (500.0 GRAM),0.330312422141504
Everest Pav Bhaji Masala (100.0 GRAM),Everest Shahi Biryani Masala (50.0 GRAM),0.3302267620020429
Sunfeast Dark Fantasy Chocolate Cream Biscuits | Made With Real Chocolate,Origami Luncheon Tissue Paper Napkins - 32 X 32 cm - 50 Serviettes,0.33019371821668786
Bingo! Mad Angles Achaari Masti Crisps,Kurkure Green Chutney Style (68.0 GRAM),0.3301833554586028
Kurkure Green Chutney Style (68.0 GRAM),Origami Luncheon Tissue Paper Napkins - 32 X 32 cm - 50 Serviettes,0.3301803392167601
Nova Nova Waffle Chips- Classic Chocolate Drizzle,Kurkure Solid Masti Masala Twisteez (61.0 GRAM),0.3301653173413293
The Belgian Crisps Double Choco Waffle Wafers | Artificial Colour-free,Palekar Jeeo Butter | Toasted Buns With Jeera And Khari | Trans Fat-free,0.33015571395406823
Farmley Date Bites Dry Fruit Burfi - No Added Sugar,Crax Crunchy Pipes Salted Puff Snacks,0.3301514656205732
Haldiram's Masala Tasty Nuts (200.0 GRAM),Kurkure Green Chutney Style (68.0 GRAM),0.33012237226175634
"Paper Boat Mango | Juicy Sips, Chewy Bites | Refreshing Summer Juice Drink",Haldiram's Soan Papdi,0.3301108101452844
Nutrela Mini Soya Chunks (200.0 GRAM),"Ritebite Max Protein Peri Peri 10G Multigrain Protein Chips, Healthy Snacks & Munchies",0.330010101010101
Farmley Premium California Natural Dried Cranberry,Ezee Medium Garbage Bags 19x 21 Inch (30.0 PIECE),0.3298871063576946
Everest Coriander Powder (100.0 GRAM),Everest Chhole Masala,0.3297722474771346
Whiskas Adult Ocean Fish Flavour Dry Cat Food,Lay's India's Magic Masala Potato Chips,0.3297219405454448
Lay's India's Magic Masala Potato Chips,Max Protein Choco Chips Flavoured Biscuits | Maida-free,0.3295452754976178
Veeba Veg Mayonnaise Burger,"Ritebite Max Protein Peri Peri 10G Multigrain Protein Chips, Healthy Snacks & Munchies",0.3294776119402985
Kinder Creamy Milky And Cocoa With Extruded Rice (19.0 GRAM),Palekar Knot Premium Salty Khari | Preservative-free,0.3294761727012567
The Belgian Crisps Double Choco Waffle Wafers | Artificial Colour-free,Modern Kitchens Butter Murukku,0.3294528594617378
Lay's Classic Salted Potato Chips (67.0 GRAM),Let's Try Namkeen Combo Pack Of 6 (Crunchy Party Mix Peanut Party Mix Aloo Bhujia),0.32944704779756323
Hershey's Spread - Cocoa Jar,Piknik Classic Tomato Chilli,0.32943147933660266
Top Ramen Curry Veg Instant Noodles,Everest Chhole Masala,0.3293688563487221
Hillers Thin Hakka Noodles,Rajdhani Roasted Chana (200.0 GRAM),0.32920330253499724
"Paper Boat Mango | Juicy Sips, Chewy Bites | Refreshing Summer Juice Drink",Rajdhani Roasted Chana (200.0 GRAM),0.3291541383619783
Everest Tandoori Chicken Masala,Everest Chhole Masala,0.3290641673049212
MAGGI Pazzta Instant Pasta - Cheese Macaroni,Sunfeast Dark Fantasy Bourbon Chocolate Cream Biscuits | Trans Fat-free,0.3289629143786635
Society Natural Tea,Max Protein Choco Chips Flavoured Biscuits | Maida-free,0.32888222280246865
Everest - Ginger Garlic Paste (200.0 GRAM),Daily Good Watermelon Seeds / Tarbuj Beej,0.32887052341597794
"Eveready Ultima Alkaline AAA Battery, 400% Longer Lasting",Haldiram's Moong Dal,0.3288499395338526
Parle Marie Butter Marie Biscuits | Trans Fat-free,Britannia 50-50 Maska Chaska Biscuits Butter Flavoured Crackers | Trans Fat-free,0.328797585640917
"Farmley Seed Mix Superfood Rich In Protein- Pumpkin, Watermelon, Sunflower, Flax, Chia Seeds",The Healthy Binge Ragi Baked Chips Chatpata Chaat- High Protein & Fibre (40.0 GRAM),0.32877470355731225
Rang Munch Tangy Imli (110.0 GRAM),The Healthy Binge Ragi Baked Chips Chatpata Chaat- High Protein & Fibre (40.0 GRAM),0.32877470355731225
Doritos Nacho Cheese Flavoured Corn Chips (45.0 GRAM),Haldiram's Moong Dal,0.3287033060887572
Daily Good Almond / Badam | California,Kurkure Masala Munch,0.32860613411250156
Kinder Creamy Milky And Cocoa With Extruded Rice (19.0 GRAM),The Healthy Binge Quinoa Baked Chips Smokey Bbq -High Protein And Fibre (40.0 GRAM),0.32859666272229937
Hillers Thin Hakka Noodles,Kinder Joy - Single Pack - Assorted,0.32852179159171907
Everest Pav Bhaji Masala (100.0 GRAM),Modern Kitchens Butter Murukku,0.32850286115962085
Nutrela Mini Soya Chunks (200.0 GRAM),Sunfeast All Rounder Crunchy Potato Chatpata Masala Flavoured Crackers | Trans Fat-free,0.3284848484848485
Britannia Good Day Pista and Badam Dry Fruit Biscuits | Trans Fat-free,Om Shanthi Havan Samagri | Cycle,0.3284584980237154
Garden Lemon Bhel Namkeen,Kurkure Solid Masti Masala Twisteez (61.0 GRAM),0.3283583463949843
Britannia Good Day Chunkies Coconut Flavoured Biscuits | Trans Fat-free,Haldiram's Masala Tasty Nuts (200.0 GRAM),0.3283477652409691
BAY6 Dishwashbar,Cheetos Cheese Puffs (28.0 GRAM),0.3282938231335732
Society Natural Tea,Chheda's Golden Plain Salted Chips (170.0 GRAM),0.32815172510322627
Kinder Joy - Single Pack - Assorted,Sunfeast Dark Fantasy Bourbon Chocolate Cream Biscuits | Trans Fat-free,0.32811844907663806
Paper Boat Aam Panna Drink,Kurkure Solid Masti Masala Twisteez (61.0 GRAM),0.3279922835784904
Farmley Premium California Natural Dried Cranberry,Haldiram's Masala Tasty Nuts (200.0 GRAM),0.32794976794976793
Everest Tikhalal Powder Pouch (200.0 GRAM),Haldiram's Bhujia Sev (200.0 GRAM),0.3278835363279762
Kinder Joy - Single Pack - Assorted,Cheetos Cheese Puffs (28.0 GRAM),0.32786124173617504
Society Natural Tea,Haldiram's Salted Peanut,0.32779048925138643
Sofit Soya Milk Drink,Parle Melody Chocolaty Toffee (176.0 GRAM),0.32775413711583923
Lal Milk Cake Signature,Haldiram's Moong Dal,0.3277521646073088
Everest Turmeric Powder ,Lay's Spanish Tomato Tango Potato Chips,0.3277184243298158
Lal Milk Cake Signature,Max Protein Choco Chips Flavoured Biscuits | Maida-free,0.3275652786877324
Zep Aluminium Foil 9 Meter 1 pc,Cheetos Cheese Puffs (28.0 GRAM),0.3275212977010153
Tata Classic Grand Instant Coffee,Kinder Creamy Milky And Cocoa With Extruded Rice (19.0 GRAM),0.3274127237285132
Britannia Good Day Oats Cookies Fruits and Nuts Dry Fruit Biscuits | Trans Fat-free,Mr Makhana Super Snack - Pudina Party,0.3271889772022645
Namaskaram Bombay Mix,Cheetos Masala Balls (28.0 GRAM),0.32712709121875916
Daily Good Saunf - Fennel,Lay's Spanish Tomato Tango Potato Chips,0.3271143350683784
Lal Besan Laddoo Classic (200.0 GRAM),Kotton Multipurpose Napkin | 100% Virgin Pulp-Paper | 25 cm X 25 cm | 100Pcs,0.32710776767716265
Zep Aluminium Foil 9 Meter 1 pc,Sunfeast Dark Fantasy Bourbon Chocolate Cream Biscuits | Trans Fat-free,0.3270778575039928
Everest Tandoori Chicken Masala,Haldiram's Masala Tasty Nuts (200.0 GRAM),0.32707756112011427
"Ching's Secret Veg Hakka Noodles, Cooks In 5-7 mins, Just Soak & Drain",Om Shanthi Havan Samagri | Cycle,0.32700770960488273
The Belgian Crisps Double Choco Waffle Wafers | Artificial Colour-free,Sunfeast Dark Fantasy Bourbon Chocolate Cream Biscuits | Trans Fat-free,0.3269896012013744
Daily Good Saunf - Fennel,Rajdhani Roasted Chana (200.0 GRAM),0.3269838912958553
Daily Good Lachkari Kolam Raw Rice,Cheetos Cheese Puffs (28.0 GRAM),0.3268332277478619
Sunfeast Light Active Plain Marie Biscuits with Iron and 6 Vitamins | Trans Fat-free,Aashirvaad 100% Chana Dal Besan (500.0 GRAM),0.3268154490447595
Everest Kasuri Methi,Lay's Spanish Tomato Tango Potato Chips,0.32681312481509256
Britannia Good Day Cashew Dry Fruit Biscuits| Trans Fat-free,RiteBite Max Protein 10g Protein Bar Choco Almond,0.3267863896072038
Om Shanthi Havan Samagri | Cycle,Max Protein Choco Chips Flavoured Biscuits | Maida-free,0.3266386442359991
Gebi Sparkle Plus Dolphin Dust Pan,Sunfeast Dark Fantasy Bourbon Chocolate Cream Biscuits | Trans Fat-free,0.32656479419810414
Hellmann's Eggless Mayonnaise World's No.1 Mayonnaise Brand (85.0 GRAM),Balaji Tomato Wafers (135.0 GRAM),0.3264919855681079
Sunfeast Dark Fantasy Chocolate Cream Biscuits | Made With Real Chocolate,Lay's American Cream & Onion Potato Chips (48.0 GRAM),0.32641705477526367
Daily Good Unpolished Green Moong Chilka Dal -Split,Parle Krack Jack Sweet and Salty Plain Crackers | Artificial Colour-free,0.32641013717740064
Origami Luncheon Tissue Paper Napkins - 32 X 32 cm - 50 Serviettes,Cheetos Cheese Puffs (28.0 GRAM),0.3263148704273977
Britannia Little Hearts Classic Crunch Flavoured Biscuits | Cholesterol-free,Britannia 50-50 Maska Chaska Biscuits Butter Flavoured Crackers | Trans Fat-free,0.3262816573617666
Chheda's Long Masala Banana Chips (170.0 GRAM),YiPPee! Magic Masala Noodles with Added Veggies - The Better Noodles,0.3261357589439505
Doritos Nacho Cheese Flavoured Corn Chips (45.0 GRAM),Max Protein Choco Chips Flavoured Biscuits | Maida-free,0.3258877508009739
Daily Good Raw Peanut - Singdana,Parle Hide & Seek Chocolate Chip Biscuits | Trans Fat-free,0.32587665631342977
Sunfeast Dark Fantasy Bourbon Chocolate Cream Biscuits | Trans Fat-free,Cheetos Masala Balls (28.0 GRAM),0.32583563525569736
Namaskaram Peanuts Salted,Kurkure Solid Masti Masala Twisteez (61.0 GRAM),0.3258129328570388
Everest Tikhalal Powder Pouch (200.0 GRAM),Cheetos Cheese Puffs (28.0 GRAM),0.3257755150367037
Parle Marie Butter Marie Biscuits | Trans Fat-free,Kurkure Solid Masti Masala Twisteez (61.0 GRAM),0.3256726776125888
Nova Nova Waffle Chips- Classic Chocolate Drizzle,YiPPee! Magic Masala Noodles with Added Veggies - The Better Noodles,0.3256205365759506
Everest Turmeric Powder ,Ezee Medium Garbage Bags 19x 21 Inch (30.0 PIECE),0.3255464865371986
Lal Besan Laddoo Classic (200.0 GRAM),Crax Crunchy Pipes Salted Puff Snacks,0.32553396260490075
Parle Krackjack Sweet and Salty Plain Crackers | Trans Fat-free,Cheetos Masala Balls (28.0 GRAM),0.3255119336532283
Hillers Thin Hakka Noodles,Parle Melody Chocolaty Toffee (176.0 GRAM),0.32543989784229405
Lal Milk Cake Signature,Chheda's Yellow Banana Chips (170.0 GRAM),0.3253906196414118
Nova Nova Waffle Chips- Classic Chocolate Drizzle,Cheetos Cheese Puffs (28.0 GRAM),0.32538063562453806
Tata Classic Grand Instant Coffee,Om Shanthi Havan Samagri | Cycle,0.3252651515151515
MAGGI Pazzta Instant Pasta - Cheese Macaroni,Britannia 50-50 Maska Chaska Biscuits Butter Flavoured Crackers | Trans Fat-free,0.3251695682629718
Haldiram's Masala Tasty Nuts (200.0 GRAM),Kurkure Solid Masti Masala Twisteez (61.0 GRAM),0.3251429297636194
Daily Good Lachkari Kolam Raw Rice,Daily Good Roasted Chana Dal / Phutana,0.32494734994735
Everest Chhole Masala,Scotch-Brite Scrub Sponge (Pack of 3),0.32492509994262975
Korean Kab's Jackpot Cheese and Butter Instant Noodles | Hot Chicken | Non Veg,Lay's Spanish Tomato Tango Potato Chips,0.3248686989008609
Britannia Good Day Pista and Badam Dry Fruit Biscuits | Trans Fat-free,Lay's Spanish Tomato Tango Potato Chips,0.3248686989008609
Kinder Joy - Single Pack - Assorted,RiteBite Max Protein 10g Protein Bar Choco Almond,0.3248556802877685
Society Natural Tea,The Healthy Binge Quinoa Baked Chips Smokey Bbq -High Protein And Fibre (40.0 GRAM),0.3247063005420777
Mr Makhana Super Snack - Pudina Party,Colombian Brew Original Instant Coffee Sachets | 40 Sachets,0.32469434588845286
BAY6 Dishwashbar,YiPPee! Magic Masala Noodles with Added Veggies - The Better Noodles,0.3246113820204466
Palekar Tea Time Ajwain Rusk | Trans Fat-free,Let's Try Namkeen Combo Pack Of 6 (Crunchy Party Mix Peanut Party Mix Aloo Bhujia),0.324535240040858
Daily Good Soya Chunks Medium,Kurkure Masala Munch,0.324517143755898
The Whole Truth 20g Protein Double Cocoa Protein Bar (67.0 GRAM),Kurkure Masala Munch,0.324517143755898
Origami 3 Ply Toilet Tissue Paper Roll - 160 Pulls Per Roll (1.0 PIECE),Origami Luncheon Tissue Paper Napkins - 32 X 32 cm - 50 Serviettes,0.3244559257362012
Kotton Multipurpose Napkin | 100% Virgin Pulp-Paper | 25 cm X 25 cm | 100Pcs,Haldiram's Soan Papdi,0.3244505471437638
"Kotton Toilet Roll - 2 Ply -100% Virgin Pulp/Paper, Pack of 10 ,230 sheets (10.0 PIECE)",Daily Good Pistachios California Salted,0.32442133512244214
Hellmann's Eggless Mayonnaise World's No.1 Mayonnaise Brand (85.0 GRAM),Parle Krackjack Sweet and Salty Plain Crackers | Trans Fat-free,0.3244191837810917
Farmley Black Pepper Roasted Makhana- Fit For Fasting,Satyam Puffed Rice Kurmura - R (200.0 GRAM),0.32438635223935025
Bikano Classic Salted Peanuts (200.0 GRAM),Sunfeast Dark Fantasy Bourbon Chocolate Cream Biscuits | Trans Fat-free,0.3242849725727443
Daily Good Sooji / Rava (1.0 KILOGRAM),Kurkure Solid Masti Masala Twisteez (61.0 GRAM),0.3242624495079462
Lal Besan Laddoo Classic (200.0 GRAM),Let's Try Namkeen Combo Pack Of 6 (Crunchy Party Mix Peanut Party Mix Aloo Bhujia),0.32415584415584414
Doritos Nacho Chips - Sweet Chilli Flavour,Sunfeast Dark Fantasy Bourbon Chocolate Cream Biscuits | Trans Fat-free,0.3241397486710099
Bingo! Mad Angles Very Peri Peri Crisps,Max Protein Choco Chips Flavoured Biscuits | Maida-free,0.3241065617225418
Haldiram's Moong Dal,Aashirvaad 100% Chana Dal Besan (500.0 GRAM),0.32410117872147726
Max Protein Choco Chips Flavoured Biscuits | Maida-free,Origami Luncheon Tissue Paper Napkins - 32 X 32 cm - 50 Serviettes,0.3240556571800367
Everest Shahi Biryani Masala (50.0 GRAM),Max Protein Choco Chips Flavoured Biscuits | Maida-free,0.32402553508211107
Bauli Moonfils Croissants Sweet Cheese Creme (45.0 GRAM),Sunfeast All Rounder Crunchy Potato Chatpata Masala Flavoured Crackers | Trans Fat-free,0.3239225589225589
RiteBite Max Protein 10g Protein Bar Choco Almond,Cheetos Masala Balls (28.0 GRAM),0.3239186300132223
Balaji Cream & Onion Wafers (135.0 GRAM),RiteBite Max Protein 10g Protein Bar Choco Almond,0.3239128621011881
Mr Makhana Super Snack - Pudina Party,Rajdhani Roasted Chana (200.0 GRAM),0.3238354406255051
Everest Coriander Powder (100.0 GRAM),Cheetos Cheese Puffs (28.0 GRAM),0.323662075929338
Bingo! Mad Angles Very Peri Peri Crisps,Kurkure Green Chutney Style (68.0 GRAM),0.3236241162629161
Lal Milk Cake Signature,Let's Try Namkeen Combo Pack Of 6 (Crunchy Party Mix Peanut Party Mix Aloo Bhujia),0.32361702127659575
Everest Kasuri Methi,Cheetos Cheese Puffs (28.0 GRAM),0.3235829525547892
Daily Good Saunf - Fennel,Sunfeast All Rounder Crunchy Potato Chatpata Masala Flavoured Crackers | Trans Fat-free,0.3235651445328865
Lay's India's Magic Masala Potato Chips,Aashirvaad 100% Chana Dal Besan (500.0 GRAM),0.3235507147521423
Hillers Thin Hakka Noodles,Lal Sweets Motichoor Laddu,0.32351450616405203
Bauli Moonfils Croissants Choco Cream,YiPPee! Magic Masala Noodles with Added Veggies - The Better Noodles,0.32341462822065015
Ezee Small Garbage Bags 17 x 19 Inch (30.0 PIECE),Cheetos Masala Balls (28.0 GRAM),0.3234104920894732
Paper Boat Aam Panna Drink,"Ching's Secret Veg Hakka Noodles, Cooks In 5-7 mins, Just Soak & Drain",0.32338580147767426
Haldiram's Mixture (400.0 GRAM),Kinder Joy - Single Pack - Assorted,0.3232573437757655
Everest Turmeric Powder ,Let's Try Salted Peanuts,0.32320065153211847
Maggi Masala-ae-Magic Sabzi Masala,Cheetos Cheese Puffs (28.0 GRAM),0.32319477722782813
Everest Kasuri Methi,Sunfeast Dark Fantasy Bourbon Chocolate Cream Biscuits | Trans Fat-free,0.32314484459283005
Hershey's Spread - Cocoa Jar,Haldiram's Soan Papdi,0.3231336781763365
Daily Good Soya Chunks Medium,Haldiram's Moong Dal,0.32298000146509404
Ezee Small Garbage Bags 17 x 19 Inch (30.0 PIECE),Cheetos Cheese Puffs (28.0 GRAM),0.3229023780951397
Society Natural Tea,The Healthy Binge Ragi Baked Chips Chatpata Chaat- High Protein & Fibre (40.0 GRAM),0.32279698167445203
Tata Sampann 100% Pure Premium Cashews/Kaju Whole,Max Protein Choco Chips Flavoured Biscuits | Maida-free,0.322795836656752
Dabur Real Alphonso Mango Fruit Juice,RiteBite Max Protein 10g Protein Bar Choco Almond,0.3227920563499728
Parle G Original Milk Glucose Biscuits,Britannia 50-50 Maska Chaska Biscuits Butter Flavoured Crackers | Trans Fat-free,0.32270874146238154
Britannia The Original Bourbon Chocolate Cream Biscuits | Trans Fat-free,Haldiram's Moong Dal,0.3226610088710545
Farmley Black Pepper Roasted Makhana- Fit For Fasting,Kurkure Red Chilli Chataka Chips (68.0 GRAM),0.3226460685284214
Everest Coriander Powder (100.0 GRAM),Scotch-Brite Scrub Sponge (Pack of 3),0.32261229065937913
Daily Good Saunf - Fennel,Let's Try Salted Peanuts,0.32260488996247405
Farmley Black Pepper Roasted Makhana- Fit For Fasting,Daily Good Tamarind / Imli (200.0 GRAM),0.3223073585226929
Paper Boat Aam Panna Drink,Peppy Tomato Disc (55.0 GRAM),0.3222939032798187
Balaji Tomato Wafers (135.0 GRAM),RiteBite Max Protein 10g Protein Bar Choco Almond,0.32211534344357884
RiteBite Max Protein 10g Protein Bar Choco Almond,Aashirvaad 100% Chana Dal Besan (500.0 GRAM),0.3220998587054812
"Eveready Ultima Alkaline AAA Battery, 400% Longer Lasting",Cheetos Cheese Puffs (28.0 GRAM),0.32205425366183366
Everest Pav Bhaji Masala (100.0 GRAM),Max Protein Choco Chips Flavoured Biscuits | Maida-free,0.32198985454275264
Ezee Medium Garbage Bags 19x 21 Inch (30.0 PIECE),RiteBite Max Protein 10g Protein Bar Choco Almond,0.3219381091109518
"Paper Boat Mango | Juicy Sips, Chewy Bites | Refreshing Summer Juice Drink",Haldiram's Lite Chiwda (200.0 GRAM),0.3218980194194435
Sunfeast All Rounder Crunchy Potato Chatpata Masala Flavoured Crackers | Trans Fat-free,RiteBite Max Protein 10g Protein Bar Choco Almond,0.321714358512266
Parle Krack Jack Sweet and Salty Plain Crackers | Artificial Colour-free,Lay's India's Magic Masala Potato Chips,0.3216992943984835
Kab's Korean Jackpot Ramyun Soup Noodles Non Veg,Society Natural Tea (250.0 GRAM),0.32159263197274895
Everest Chhole Masala,Haldiram's Bhujia Sev (200.0 GRAM),0.32144189516277744
Unibic Choco Chip Flavoured Biscuits | Trans Fat-free,Daily Good Cashew | W320 (100.0 GRAM),0.3214289415807987
Catch Sprinkler Chat Masala (100.0 GRAM),Let's Try Namkeen Combo Pack Of 6 (Crunchy Party Mix Peanut Party Mix Aloo Bhujia),0.3213678065054212
Everest Tandoori Chicken Masala,Cheetos Cheese Puffs (28.0 GRAM),0.3212701089776855
Everest Chhole Masala,Max Protein Choco Chips Flavoured Biscuits | Maida-free,0.32123120359316604
Stash-Pro Brown Ripper Tipper 32 Roach 32 Paper (1.0 PIECE),Aashirvaad 100% Chana Dal Besan (500.0 GRAM),0.32116813638010644
Lal Milk Cake Signature,Haldiram's Ratlami Sev (200.0 GRAM),0.32112336069611747
BAY6 Dishwashbar,Aashirvaad 100% Chana Dal Besan (500.0 GRAM),0.32093076155647005
Zep Aluminium Foil 9 Meter 1 pc,RiteBite Max Protein 10g Protein Bar Choco Almond,0.32090438350582107
Bikano Classic Salted Peanuts (200.0 GRAM),Paper Boat Chikki Family Pack,0.3208477739269528
Parle Hide & Seek Milano Choco Filled Hazelnut Chocolate Centre Fills | Trans Fat-free,Kinder Joy - Single Pack - Assorted,0.32079939623092674
Everest Chhole Masala,Haldiram's Lite Chiwda (200.0 GRAM),0.32062219891231153
Chheda's Small Bhakarwadi,Kurkure Green Chutney Style (68.0 GRAM),0.3205661983278633
Daily Good Saunf - Fennel,Cheetos Cheese Puffs (28.0 GRAM),0.3205074233398388
Daily Good Saunf - Fennel,Haldiram's Moong Dal,0.32049935629255116
Dabur Real Alphonso Mango Fruit Juice,Maggi Masala Noodles No Onion No Garlic,0.320407909463997
Korean Kab's Jackpot Cheese and Butter Instant Noodles | Hot Chicken | Non Veg,Let's Try Salted Peanuts,0.3203902110840131
Everest Shahi Biryani Masala (50.0 GRAM),Everest Chhole Masala,0.3203674714547198
Daily Good Almond / Badam | California,Sunfeast Dark Fantasy Bourbon Chocolate Cream Biscuits | Trans Fat-free,0.320333984153395
Everest Shahi Biryani Masala (50.0 GRAM),Sunfeast Dark Fantasy Bourbon Chocolate Cream Biscuits | Trans Fat-free,0.32029809239046464
Farmley Date Bites Dry Fruit Burfi - No Added Sugar,Palekar Knot Premium Salty Khari | Preservative-free,0.32011605415860733
"Paper Boat Mango | Juicy Sips, Chewy Bites | Refreshing Summer Juice Drink",Palekar Knot Premium Salty Khari | Preservative-free,0.32011605415860733
Kab's Korean Jackpot Ramyun Soup Noodles Non Veg,Lay's Spanish Tomato Tango Potato Chips,0.3199806281998063
Kinder Creamy Milky And Cocoa With Extruded Rice (19.0 GRAM),Let's Try Namkeen Combo Pack Of 6 (Crunchy Party Mix Peanut Party Mix Aloo Bhujia),0.3198511430090378
Daily Good Pistachios California Salted,Daily Good Raw Peanut - Singdana,0.3198019109033471
Lay's India's Magic Masala Potato Chips,Cheetos Cheese Puffs (28.0 GRAM),0.3197291940593963
Satyam Puffed Rice Kurmura - R (200.0 GRAM),Chheda's Small Bhakarwadi,0.319588360166595
Britannia Good Day Oats Cookies Fruits and Nuts Dry Fruit Biscuits | Trans Fat-free,Crax Crunchy Pipes Salted Puff Snacks,0.3195832368875202
Namaskaram Nachani (Ragi) Chips,Cheetos Cheese Puffs (28.0 GRAM),0.31957026713124276
Daadi'S Coconut Ghee Burfi (200.0 GRAM),Cheetos Cheese Puffs (28.0 GRAM),0.31957026713124276
Everest Tikhalal Powder Pouch (200.0 GRAM),Sunfeast Dark Fantasy Bourbon Chocolate Cream Biscuits | Trans Fat-free,0.3194192668942477
Daadi'S Coconut Ghee Burfi (200.0 GRAM),RiteBite Max Protein 10g Protein Bar Choco Almond,0.3193762673938885
Tang Mango Instant Drink Mix,Cheetos Masala Balls (28.0 GRAM),0.319312869033504
Parle G Original Milk Glucose Biscuits,Britannia Treat Jimjam Naughty Jam Cream Biscuits | Trans Fat-free,0.31926767144799595
Parle Hide & Seek Milano Choco Filled Hazelnut Chocolate Centre Fills | Trans Fat-free,Peppy Tomato Disc (55.0 GRAM),0.31922443753429675
Dabur Real Litchi Fruit Juice,Kurkure Solid Masti Masala Twisteez (61.0 GRAM),0.31915999479203183
Catch Sprinkler Chat Masala (100.0 GRAM),Britannia Marie Gold Biscuits Plain | Trans Fat-free,0.31909252333934196
Godrej Expert Creme Hair Colour Natural Black (Pack of 4),Kurkure Solid Masti Masala Twisteez (61.0 GRAM),0.3190673234811166
Haldiram's Soan Papdi,Sunfeast Dark Fantasy Bourbon Chocolate Cream Biscuits | Trans Fat-free,0.31904900424390376
Mr Makhana Super Snack - Pudina Party,Ezee Medium Garbage Bags 19x 21 Inch (30.0 PIECE),0.318994607562865
Everest Tandoori Chicken Masala,Scotch-Brite Scrub Sponge (Pack of 3),0.31899304252432226
Satyam Sabudana (500.0 GRAM),Max Protein Choco Chips Flavoured Biscuits | Maida-free,0.31884726373128724
Bikano Classic Salted Peanuts (200.0 GRAM),Chheda's Salt & Pepper Banana Chips,0.318822896669768
Sunfeast All Rounder Crunchy Potato Chatpata Masala Flavoured Crackers | Trans Fat-free,Max Protein Choco Chips Flavoured Biscuits | Maida-free,0.31878675374955673
Haldiram's Soan Papdi,YiPPee! Magic Masala Noodles with Added Veggies - The Better Noodles,0.3187849909608066
Everest Coriander Powder (100.0 GRAM),Palekar Knot Premium Salty Khari | Preservative-free,0.3186131618855622
Bauli Moonfils Croissants Choco Cream,Cheetos Masala Balls (28.0 GRAM),0.31834356264467056
Lal Besan Laddoo Classic (200.0 GRAM),Om Shanthi Havan Samagri | Cycle,0.3182317682317682
Nestle Milkmaid Partly Skimmed Sweetened Condensed Milk,Kurkure Masala Munch,0.31811543985783025
Daily Good Pistachios California Salted,Haldiram's Soan Papdi,0.3181141632373992
Unifit Rolled Oats | 100% Wholegrain | High Fiber and Protein | Healthy Breakfast Cereal,Kurkure Green Chutney Style (68.0 GRAM),0.31808666077304654
Catch Sprinkler Chat Masala (100.0 GRAM),Crax Crunchy Pipes Salted Puff Snacks,0.3180358155060567
Kinder Joy - Single Pack - Assorted,Haldiram's Moong Dal,0.3180244203148817
MAGGI 2-Minute Instant Noodles | Masala Noodles | Made With Quality Spices,Max Protein Choco Chips Flavoured Biscuits | Maida-free,0.31796368837282085
Everest Shahi Biryani Masala (50.0 GRAM),Scotch-Brite Scrub Sponge (Pack of 3),0.31770188020934287
Bikano Classic Salted Peanuts (200.0 GRAM),Tata Sampann Chilli Powder with Natural Oils Lal Mirchi Powder,0.3176686217008797
Satyam Sabudana (500.0 GRAM),Om Shanthi Havan Samagri | Cycle,0.31766055045871555
Unifit Rolled Oats | 100% Wholegrain | High Fiber and Protein | Healthy Breakfast Cereal,Max Protein Choco Chips Flavoured Biscuits | Maida-free,0.3175653485627769
Everest Coriander Powder (100.0 GRAM),Haldiram's Masala Tasty Nuts (200.0 GRAM),0.3175569936133316
Sunfeast Dark Fantasy Chocolate Cream Biscuits | Made With Real Chocolate,Aashirvaad 100% Chana Dal Besan (500.0 GRAM),0.317427879023889
Daily Good Pistachios California Salted,Max Protein Choco Chips Flavoured Biscuits | Maida-free,0.31723723676352394
Unibic Choco Chip Flavoured Biscuits | Trans Fat-free,Aashirvaad 100% Chana Dal Besan (500.0 GRAM),0.31722492796669655
Hellmann's Eggless Mayonnaise World's No.1 Mayonnaise Brand (85.0 GRAM),Kurkure Masala Munch,0.3170569795316246
Nova Nova Waffle Chips- Classic Chocolate Drizzle,Aashirvaad 100% Chana Dal Besan (500.0 GRAM),0.3170130449020181
Lay's Classic Salted Potato Chips (67.0 GRAM),Haldiram's Masala Tasty Nuts (200.0 GRAM),0.3169617602607293
Bauli Moonfils Croissants Sweet Cheese Creme (45.0 GRAM),Aashirvaad 100% Chana Dal Besan (500.0 GRAM),0.3168162646134383
Bauli Moonfils Croissants Choco Cream,Cheetos Cheese Puffs (28.0 GRAM),0.3167768207402354
Unibic Choco Chip Flavoured Biscuits | Trans Fat-free,Haldiram's Moong Dal,0.3167423641155049
Kotton Multipurpose Napkin | 100% Virgin Pulp-Paper | 25 cm X 25 cm | 100Pcs,Palekar Knot Premium Salty Khari | Preservative-free,0.3166984450394763
Godrej Expert Creme Hair Colour Natural Black (Pack of 4),Daily Good Pistachios California Salted,0.31669701761952684
Everest Cumin Powder (100.0 GRAM),Cheetos Cheese Puffs (28.0 GRAM),0.3166872598635772
Chheda's Small Bhakarwadi,Haldiram's Masala Tasty Nuts (200.0 GRAM),0.316637133706835
Max Protein Choco Chips Flavoured Biscuits | Maida-free,YiPPee! Magic Masala Noodles with Added Veggies - The Better Noodles,0.316259843340437
Everest Pav Bhaji Masala (100.0 GRAM),Parle Shakti Milk Glucose Biscuits | Cholesterol-free and Trans Fat-free,0.31618137363858634
Haldiram's Soan Papdi,Kurkure Green Chutney Style (68.0 GRAM),0.3160858713953596
Max Protein Choco Chips Flavoured Biscuits | Maida-free,Aashirvaad 100% Chana Dal Besan (500.0 GRAM),0.3160514095608395
Haldiram's Moong Dal,Origami Luncheon Tissue Paper Napkins - 32 X 32 cm - 50 Serviettes,0.31565665078987254
Daily Good Pistachios California Salted,Aashirvaad 100% Chana Dal Besan (500.0 GRAM),0.31564720090637766
Lay's Classic Salted Potato Chips (67.0 GRAM),The Theatre Project Gourmet Popcorn - Cheddar Cheese (60.0 GRAM),0.31564584596725287
Paper Boat Aam Panna Drink,Balaji Tomato Wafers (135.0 GRAM),0.3156089193825043
Everest Turmeric Powder ,Haldiram's Masala Tasty Nuts (200.0 GRAM),0.3155437734385103
Whiskas Adult Ocean Fish Flavour Dry Cat Food,Ezee Small Garbage Bags 17 x 19 Inch (30.0 PIECE),0.31541695475605774
Ezee Medium Garbage Bags 19x 21 Inch (30.0 PIECE),Haldiram's Masala Tasty Nuts (200.0 GRAM),0.315203821086174
Britannia Good Day Pista and Badam Dry Fruit Biscuits | Trans Fat-free,Crax Crunchy Pipes Salted Puff Snacks,0.31514458081963803
Garden Lemon Bhel Namkeen,Cheetos Masala Balls (28.0 GRAM),0.3150719949916528
Hellmann's Eggless Mayonnaise World's No.1 Mayonnaise Brand (85.0 GRAM),Kurkure Solid Masti Masala Twisteez (61.0 GRAM),0.3150664792995352
Sofit Soya Milk Drink,Everest Chhole Masala,0.315048471290082
Everest Cumin Powder (100.0 GRAM),Sunfeast All Rounder Crunchy Potato Chatpata Masala Flavoured Crackers | Trans Fat-free,0.3150069396252602
Kab's Korean Jackpot Ramyun Soup Noodles Non Veg,Kurkure Masala Munch,0.3150019805902159
Dukes Nutri Choice Assorted Biscuits Wafers,Piknik Classic Tomato Chilli,0.31493491423869696
Balaji Tomato Wafers (135.0 GRAM),Max Protein Choco Chips Flavoured Biscuits | Maida-free,0.31492895698980294
Daily Good Sooji / Rava (1.0 KILOGRAM),Lay's India's Magic Masala Potato Chips,0.3148837075810524
Tang Mango Instant Drink Mix,Origami Luncheon Tissue Paper Napkins - 32 X 32 cm - 50 Serviettes,0.3148604944847728
Kotton Multipurpose Napkin | 100% Virgin Pulp-Paper | 25 cm X 25 cm | 100Pcs,Cheetos Cheese Puffs (28.0 GRAM),0.3148144495032786
BAY6 Dishwashbar,Origami Luncheon Tissue Paper Napkins - 32 X 32 cm - 50 Serviettes,0.31468461933075254
Britannia Good Day Pista and Badam Dry Fruit Biscuits | Trans Fat-free,Sunfeast All Rounder Crunchy Potato Chatpata Masala Flavoured Crackers | Trans Fat-free,0.31464920948616604
Lay's Classic Salted Potato Chips (67.0 GRAM),Lay's Spanish Tomato Tango Potato Chips,0.31454211654748293
Daily Good Almond / Badam | California,Cheetos Cheese Puffs (28.0 GRAM),0.31447870711134474
Britannia The Original Bourbon Chocolate Cream Biscuits | Trans Fat-free,Max Protein Choco Chips Flavoured Biscuits | Maida-free,0.31434735303067407
Nova Nova Waffle Chips- Classic Chocolate Drizzle,Sunfeast Dark Fantasy Bourbon Chocolate Cream Biscuits | Trans Fat-free,0.31434422110784416
Britannia Good Day Cashew Dry Fruit Biscuits| Trans Fat-free,Cheetos Cheese Puffs (28.0 GRAM),0.3142452194401717
Daily Good Unpolished Green Moong Chilka Dal -Split,Britannia 50-50 Maska Chaska Biscuits Butter Flavoured Crackers | Trans Fat-free,0.31417112299465244
Chheda's Mix Farsan (170.0 GRAM),Kurkure Masala Munch,0.31412335623346715
Everest Kasuri Methi,Scotch-Brite Scrub Sponge (Pack of 3),0.31407303012811383
Britannia Good Day Pista and Badam Dry Fruit Biscuits | Trans Fat-free,Rajdhani Roasted Chana (200.0 GRAM),0.31396240889911775
Bingo! Mad Angles Achaari Masti Crisps,Max Protein Choco Chips Flavoured Biscuits | Maida-free,0.31387345584056925
Dabur Real Litchi Fruit Juice,Haldiram's Moong Dal,0.3138076904543708
Cheetos Masala Balls (28.0 GRAM),Aashirvaad 100% Chana Dal Besan (500.0 GRAM),0.3136617024747284
Nestle Milkmaid Partly Skimmed Sweetened Condensed Milk,Max Protein Choco Chips Flavoured Biscuits | Maida-free,0.31365240375195785
Bingo! Mad Angles Very Peri Peri Crisps,Cheetos Masala Balls (28.0 GRAM),0.3136446075181176
Morelight Extra Power Detergent Powder,RiteBite Max Protein 10g Protein Bar Choco Almond,0.31356942616854516
Everest Tandoori Chicken Masala,Haldiram's Bhujia Sev (200.0 GRAM),0.31355052294110525
Bingo! Mad Angles Very Peri Peri Crisps,Origami Luncheon Tissue Paper Napkins - 32 X 32 cm - 50 Serviettes,0.3135469086687203
Parle Hide & Seek Milano Choco Filled Hazelnut Chocolate Centre Fills | Trans Fat-free,Sunfeast Dark Fantasy Bourbon Chocolate Cream Biscuits | Trans Fat-free,0.3133350903819764
Satyam Sabudana (500.0 GRAM),Chheda's Golden Plain Salted Chips (170.0 GRAM),0.31328705406930724
Morelight Extra Power Detergent Powder,Kurkure Solid Masti Masala Twisteez (61.0 GRAM),0.3132660994178236
"Eveready Ultima Alkaline AAA Battery, 400% Longer Lasting",YiPPee! Magic Masala Noodles with Added Veggies - The Better Noodles,0.31321306259861414
Sunfeast Yippee! Korean Noodles Fiery Hot,Kurkure Solid Masti Masala Twisteez (61.0 GRAM),0.31321119824372295
Om Shanthi Havan Samagri | Cycle,Kinder Joy - Single Pack - Assorted,0.3131089997459388
Cheetos Masala Balls (28.0 GRAM),Origami Luncheon Tissue Paper Napkins - 32 X 32 cm - 50 Serviettes,0.31307766654619007
Sunfeast Dark Fantasy Bourbon Chocolate Cream Biscuits | Trans Fat-free,Chheda's Yellow Banana Chips (170.0 GRAM),0.31293059535395346
Aashirvaad 100% Chana Dal Besan (500.0 GRAM),Kurkure Masala Munch,0.3128576656990915
Britannia Good Day Oats Cookies Fruits and Nuts Dry Fruit Biscuits | Trans Fat-free,Lay's American Cream & Onion Potato Chips,0.3125770923986512
Sunfeast Light Active Plain Marie Biscuits with Iron and 6 Vitamins | Trans Fat-free,Origami Luncheon Tissue Paper Napkins - 32 X 32 cm - 50 Serviettes,0.3125321937539348
Daily Good Sooji Rava Barik / Chiroti Sooji,Origami Luncheon Tissue Paper Napkins - 32 X 32 cm - 50 Serviettes,0.3125321937539348
Maggi Masala Noodles No Onion No Garlic,Kurkure Green Chutney Style (68.0 GRAM),0.31246466397798806
MAGGI 2-Minute Instant Noodles | Masala Noodles | Made With Quality Spices,Kurkure Green Chutney Style (68.0 GRAM),0.31245641604577445
Aashirvaad 100% Chana Dal Besan (500.0 GRAM),Cheetos Masala Balls (28.0 GRAM),0.3123815139643682
Sunfeast All Rounder Crunchy Potato Chatpata Masala Flavoured Crackers | Trans Fat-free,Haldiram's Moong Dal,0.31236928026311583
Dabur Real Litchi Fruit Juice,Origami Luncheon Tissue Paper Napkins - 32 X 32 cm - 50 Serviettes,0.3122598740962927
"Paper Boat Mango | Juicy Sips, Chewy Bites | Refreshing Summer Juice Drink",Max Protein Choco Chips Flavoured Biscuits | Maida-free,0.3122384459417239
Sunfeast Yippee! Korean Noodles Fiery Hot,Origami Luncheon Tissue Paper Napkins - 32 X 32 cm - 50 Serviettes,0.3121736824906667
Daily Good Unpolished Green Moong Chilka Dal -Split,Cheetos Masala Balls (28.0 GRAM),0.3121661926663016
Sunfeast Light Active Plain Marie Biscuits with Iron and 6 Vitamins | Trans Fat-free,Cheetos Cheese Puffs (28.0 GRAM),0.312138400453772
Hershey's Spread - Cocoa Jar,Om Shanthi Havan Samagri | Cycle,0.31212757830404897
Hershey's Spread - Cocoa Jar,Palekar Knot Premium Salty Khari | Preservative-free,0.3120459015327601
Dukes Nutri Choice Assorted Biscuits Wafers,Haldiram's Lite Chiwda (200.0 GRAM),0.3120330203537935
Bauli Moonfils Croissants Sweet Cheese Creme (45.0 GRAM),RiteBite Max Protein 10g Protein Bar Choco Almond,0.31163381242676397
Sunfeast Yippee! Korean Noodles Fiery Hot,Max Protein Choco Chips Flavoured Biscuits | Maida-free,0.31159471929642313
Chheda's Mix Farsan (170.0 GRAM),BAY6 Dishwashbar,0.3115235172821715
Kurkure Green Chutney Style (68.0 GRAM),Haldiram's Moong Dal,0.31146369671269203
Haldiram's Masala Tasty Nuts (200.0 GRAM),Chheda's Yellow Banana Chips (170.0 GRAM),0.3113783028676645
Sunfeast Dark Fantasy Chocolate Cream Biscuits | Made With Real Chocolate,Max Protein Choco Chips Flavoured Biscuits | Maida-free,0.31127126057324445
Daily Good Unpolished Green Moong Chilka Dal -Split,Sunfeast Dark Fantasy Bourbon Chocolate Cream Biscuits | Trans Fat-free,0.31125375825987384
Uncle Chips Plain Salted (80.0 GRAM),Kinder Joy - Single Pack - Assorted,0.3109962534588541
"Kotton Toilet Roll - 2 Ply -100% Virgin Pulp/Paper, Pack of 10 ,230 sheets (10.0 PIECE)",Bingo! Mad Angles Very Peri Peri Crisps,0.3109936575052854
"Paper Boat Mango | Juicy Sips, Chewy Bites | Refreshing Summer Juice Drink",Chheda's Yellow Banana Chips (170.0 GRAM),0.310800524115555
Tata Classic Grand Instant Coffee,Lal Besan Laddoo Classic (200.0 GRAM),0.3106060606060606
Max Protein Choco Chips Flavoured Biscuits | Maida-free,Kurkure Green Chutney Style (68.0 GRAM),0.31052363039640013
Balaji Tomato Wafers (135.0 GRAM),Balaji Cream & Onion Wafers (135.0 GRAM),0.3104818825042881
Sunfeast Dark Fantasy Bourbon Chocolate Cream Biscuits | Trans Fat-free,Aashirvaad 100% Chana Dal Besan (500.0 GRAM),0.31041849539901123
Britannia Good Day Oats Cookies Fruits and Nuts Dry Fruit Biscuits | Trans Fat-free,BAY6 Dishwashbar,0.31038824985978986
Dew Fresh Toilet Cleaner Liquid,Sunfeast Dark Fantasy Bourbon Chocolate Cream Biscuits | Trans Fat-free,0.3103790989632784
"Eveready Ultima Alkaline AAA Battery, 400% Longer Lasting",Sunfeast Dark Fantasy Bourbon Chocolate Cream Biscuits | Trans Fat-free,0.31029363039685587
Sunfeast Dark Fantasy Chocolate Cream Biscuits | Made With Real Chocolate,Britannia 50-50 Maska Chaska Biscuits Butter Flavoured Crackers | Trans Fat-free,0.3102567808450161
Garden Lemon Bhel Namkeen,Origami Luncheon Tissue Paper Napkins - 32 X 32 cm - 50 Serviettes,0.3102015204340368
Daily Good Sooji / Rava (1.0 KILOGRAM),Cheetos Masala Balls (28.0 GRAM),0.31008442383619916
Kurkure Green Chutney Style (68.0 GRAM),Britannia 50-50 Maska Chaska Biscuits Butter Flavoured Crackers | Trans Fat-free,0.3099784189497222
Godrej Expert Creme Hair Colour Natural Black (Pack of 4),Garden Lemon Bhel Namkeen,0.30983495670995675
"Kotton Toilet Roll - 2 Ply -100% Virgin Pulp/Paper, Pack of 10 ,230 sheets (10.0 PIECE)",Namaskaram Methi Khakhra,0.3094952393374201
Cornitos Nacho Chips - Sizzlin Jalapeno (55.0 GRAM),Sunfeast Dark Fantasy Bourbon Chocolate Cream Biscuits | Trans Fat-free,0.30946675593281614
Namaskaram Nachani (Ragi) Chips,Kurkure Solid Masti Masala Twisteez (61.0 GRAM),0.30939861670896157
Dukes Nutri Choice Assorted Biscuits Wafers,Parle Hide & Seek Milano Chocolate Flavoured Biscuits,0.30936468584117904
Kab's Korean Jackpot Ramyun Soup Noodles Non Veg,Ezee Medium Garbage Bags 19x 21 Inch (30.0 PIECE),0.3092691622103387
Stash-Pro Brown Ripper Tipper 32 Roach 32 Paper (1.0 PIECE),Haldiram's Moong Dal,0.3089473945638329
Stash-Pro Brown Ripper Tipper 32 Roach 32 Paper (1.0 PIECE),RiteBite Max Protein 10g Protein Bar Choco Almond,0.30876761515528034
Satyam Sabudana (500.0 GRAM),Kotton Multipurpose Napkin | 100% Virgin Pulp-Paper | 25 cm X 25 cm | 100Pcs,0.308710402203497
Daily Good Almond / Badam | California,Cheetos Masala Balls (28.0 GRAM),0.308674094437308
Hershey's Spread - Cocoa Jar,Everest Chhole Masala,0.3086704846673264
Hillers Thin Hakka Noodles,Haldiram's Mixture (400.0 GRAM),0.3079101031709227
Daily Good Lachkari Kolam Raw Rice,Ezee Small Garbage Bags 17 x 19 Inch (30.0 PIECE),0.307907027261866
"Kotton Toilet Roll - 2 Ply -100% Virgin Pulp/Paper, Pack of 10 ,230 sheets (10.0 PIECE)",Ezee Small Garbage Bags 17 x 19 Inch (30.0 PIECE),0.307907027261866
Satyam Sabudana (500.0 GRAM),Cheetos Cheese Puffs (28.0 GRAM),0.30784291787872003
Hillers Thin Hakka Noodles,Max Protein Choco Chips Flavoured Biscuits | Maida-free,0.30782256699521987
Origami Luncheon Tissue Paper Napkins - 32 X 32 cm - 50 Serviettes,Cheetos Masala Balls (28.0 GRAM),0.3077800759487903
Tata Classic Grand Instant Coffee,Kinder Joy - Single Pack - Assorted,0.30761585939951874
Britannia Good Day Pista and Badam Dry Fruit Biscuits | Trans Fat-free,Haldiram's Salted Peanut,0.3076143051935723
Lay's Potato Chips - Sizzling Hot Spicy Flavour,Doritos Nacho Cheese Flavoured Corn Chips (45.0 GRAM),0.3075568598679384
"Kotton Toilet Roll - 2 Ply -100% Virgin Pulp/Paper, Pack of 10 ,230 sheets (10.0 PIECE)",Britannia 50-50 Maska Chaska Biscuits Butter Flavoured Crackers | Trans Fat-free,0.3074866310160428
The Whole Truth 20g Protein Double Cocoa Protein Bar (67.0 GRAM),Haldiram's Masala Tasty Nuts (200.0 GRAM),0.30745290745290743
Satyam Sabudana (500.0 GRAM),Let's Try Namkeen Combo Pack Of 6 (Crunchy Party Mix Peanut Party Mix Aloo Bhujia),0.30727272727272725
Balaji Cream & Onion Wafers (135.0 GRAM),Max Protein Choco Chips Flavoured Biscuits | Maida-free,0.30724447473448663
Dabur Real Alphonso Mango Fruit Juice,Lay's India's Magic Masala Potato Chips,0.30724089914461905
Tata Classic Grand Instant Coffee,Unibic Fruit & Nut cookies,0.30701440635866867
MAGGI Pazzta Instant Pasta - Cheese Macaroni,RiteBite Max Protein 10g Protein Bar Choco Almond,0.3068071462112363
Satyam Sabudana (500.0 GRAM),Crax Crunchy Pipes Salted Puff Snacks,0.3064708767603819
Haldiram's Soan Papdi,RiteBite Max Protein 10g Protein Bar Choco Almond,0.30625546584654767
Britannia Good Day Cashew Dry Fruit Biscuits| Trans Fat-free,Origami Luncheon Tissue Paper Napkins - 32 X 32 cm - 50 Serviettes,0.30613784176192216
Bingo! Mad Angles Very Peri Peri Crisps,Haldiram's Moong Dal,0.3060500789076768
Lay's Potato Chips - Sizzling Hot Spicy Flavour,Lay's India's Magic Masala Potato Chips,0.30593349106315265
Daily Good Roasted Chana Dal / Phutana,Daily Good Sooji / Rava (1.0 KILOGRAM),0.30593225518598655
Bikano Classic Salted Peanuts (200.0 GRAM),Chheda's Yellow Banana Chips (170.0 GRAM),0.30586718246292716
Tang Mango Instant Drink Mix,Cheetos Cheese Puffs (28.0 GRAM),0.3057689167908738
Tang Mango Instant Drink Mix,Haldiram's Moong Dal,0.30576122070606826
Namaskaram Bombay Mix,Chheda's Salt & Pepper Banana Chips,0.3057398863897586
Kinder Joy - Single Pack - Assorted,Kurkure Solid Masti Masala Twisteez (61.0 GRAM),0.3056156934609377
Bikano Classic Salted Peanuts (200.0 GRAM),Cheetos Masala Balls (28.0 GRAM),0.30552435877978446
Namaskaram Nachani (Ragi) Chips,Cheetos Masala Balls (28.0 GRAM),0.30552435877978446
Tata Classic Grand Instant Coffee,Snackible Cheese Dosa Khakra | Millet Snack (100.0 GRAM),0.3054545454545454
Godrej Expert Creme Hair Colour Natural Black (Pack of 4),Origami Luncheon Tissue Paper Napkins - 32 X 32 cm - 50 Serviettes,0.3054291893504363
Dabur Real Alphonso Mango Fruit Juice,YiPPee! Magic Masala Noodles with Added Veggies - The Better Noodles,0.30526925303995367
"Eveready Ultima Alkaline AAA Battery, 400% Longer Lasting",BAY6 Dishwashbar,0.30493946810884354
Paper Boat Aam Panna Drink,Max Protein Choco Chips Flavoured Biscuits | Maida-free,0.30486273462026586
The Whole Truth 20g Protein Double Cocoa Protein Bar (67.0 GRAM),RiteBite Max Protein 10g Protein Bar Choco Almond,0.30485916433052995
Lay's Potato Chips - Sizzling Hot Spicy Flavour,BAY6 Dishwashbar,0.304774845341049
Daily Good Soya Chunks Medium,Sunfeast Dark Fantasy Bourbon Chocolate Cream Biscuits | Trans Fat-free,0.30463133787136587
The Whole Truth 20g Protein Double Cocoa Protein Bar (67.0 GRAM),Sunfeast Dark Fantasy Bourbon Chocolate Cream Biscuits | Trans Fat-free,0.30463133787136587
Dabur Real Alphonso Mango Fruit Juice,Sunfeast Dark Fantasy Bourbon Chocolate Cream Biscuits | Trans Fat-free,0.30463133787136587
Kinder Schoko-Bons Crispy (67.2 GRAM),Kurkure Solid Masti Masala Twisteez (61.0 GRAM),0.304564263322884
Tata Sampann 100% Pure Premium Cashews/Kaju Whole,Kurkure Solid Masti Masala Twisteez (61.0 GRAM),0.304564263322884
Daily Good Soya Chunks Medium,Kurkure Solid Masti Masala Twisteez (61.0 GRAM),0.304564263322884
Daily Good Almond / Badam | California,Kinder Joy - Single Pack - Assorted,0.30444456187993607
Balaji Tomato Wafers (135.0 GRAM),Haldiram's Soan Papdi,0.304253073730245
Kab's Korean Jackpot Ramyun Soup Noodles Non Veg,Korean Nongshim Shin Ramyun Noodle Soup Veg,0.3039738292011019
MAGGI 2-Minute Instant Noodles | Masala Noodles | Made With Quality Spices,YiPPee! Magic Masala Noodles with Added Veggies - The Better Noodles,0.30349649315005855
Nova Nova Waffle Chips- Classic Chocolate Drizzle,BAY6 Dishwashbar,0.30341576018902644
Bauli Moonfils Croissants Sweet Cheese Creme (45.0 GRAM),Cheetos Masala Balls (28.0 GRAM),0.3032612153814157
Origami 3 Ply Toilet Tissue Paper Roll - 160 Pulls Per Roll (1.0 PIECE),Cheetos Masala Balls (28.0 GRAM),0.30251920115244235
Parle Krackjack Sweet and Salty Plain Crackers | Trans Fat-free,Kurkure Green Chutney Style (68.0 GRAM),0.30250933271275904
Om Shanthi Havan Samagri | Cycle,Crax Crunchy Pipes Salted Puff Snacks,0.302482521768849
Daily Good Almond / Badam | California,Aashirvaad 100% Chana Dal Besan (500.0 GRAM),0.3023518990714404
Om Shanthi Havan Samagri | Cycle,Haldiram's Moong Dal,0.3023131263713456
Zep Aluminium Foil 9 Meter 1 pc,Aashirvaad 100% Chana Dal Besan (500.0 GRAM),0.302285593830416
Zep Aluminium Foil 9 Meter 1 pc,Origami Luncheon Tissue Paper Napkins - 32 X 32 cm - 50 Serviettes,0.3022141452520106
Daily Good Unpolished Green Moong Chilka Dal -Split,Chheda's Salt & Pepper Banana Chips,0.3021453402542978
Chheda's Mix Farsan (170.0 GRAM),YiPPee! Magic Masala Noodles with Added Veggies - The Better Noodles,0.3020101506943314
Hershey's Spread - Cocoa Jar,Lal Sweets Motichoor Laddu,0.30197885605855246
Garden Lemon Bhel Namkeen,Daily Good Sooji / Rava (1.0 KILOGRAM),0.30171443916779733
Kinder Joy - Single Pack - Assorted,Origami Luncheon Tissue Paper Napkins - 32 X 32 cm - 50 Serviettes,0.30156299708017753
Dabur Real Alphonso Mango Fruit Juice,Sunfeast Dark Fantasy Choco Centre Fills | Preservative-free,0.30145992585545095
"Eveready Ultima Alkaline AAA Battery, 400% Longer Lasting",RiteBite Max Protein 10g Protein Bar Choco Almond,0.3014592479997062
Haldiram's Soan Papdi,Cheetos Masala Balls (28.0 GRAM),0.30132631415532946
Stash-Pro Brown Ripper Tipper 32 Roach 32 Paper (1.0 PIECE),Cheetos Cheese Puffs (28.0 GRAM),0.3011335209505941
Dukes Nutri Choice Assorted Biscuits Wafers,Kinder Joy - Single Pack - Assorted,0.30097666818945723
Namaskaram Peanuts Salted,Sunfeast All Rounder Crunchy Potato Chatpata Masala Flavoured Crackers | Trans Fat-free,0.30079281183932344
Sunfeast Light Active Plain Marie Biscuits with Iron and 6 Vitamins | Trans Fat-free,Sunfeast All Rounder Crunchy Potato Chatpata Masala Flavoured Crackers | Trans Fat-free,0.30079281183932344
Maggi Masala-ae-Magic Sabzi Masala,BAY6 Dishwashbar,0.3007899781110866
Bikano Classic Salted Peanuts (200.0 GRAM),Charliee Rajgira Laddu,0.3007713011690033
Sunfeast Yippee! Korean Noodles Fiery Hot,Aashirvaad 100% Chana Dal Besan (500.0 GRAM),0.3006827639819293
Kinder Schoko-Bons Crispy (67.2 GRAM),Sunfeast Dark Fantasy Bourbon Chocolate Cream Biscuits | Trans Fat-free,0.3003407556478254
Namaskaram Nachani (Ragi) Chips,Haldiram's Moong Dal,0.30019481617655136
Kab's Korean Jackpot Ramyun Soup Noodles Non Veg,Modern Kitchens Butter Murukku,0.30013576626479854
Bingo! Mad Angles Achaari Masti Crisps,Origami Luncheon Tissue Paper Napkins - 32 X 32 cm - 50 Serviettes,0.29941088020067397
Unifit Rolled Oats | 100% Wholegrain | High Fiber and Protein | Healthy Breakfast Cereal,Aashirvaad 100% Chana Dal Besan (500.0 GRAM),0.2991367855613491
Dew Fresh Toilet Cleaner Liquid,RiteBite Max Protein 10g Protein Bar Choco Almond,0.2991071046261804
Daily Good Unpolished Green Moong Chilka Dal -Split,Aashirvaad 100% Chana Dal Besan (500.0 GRAM),0.2988600632805338
Paper Boat Aam Panna Drink,Garden Sabudana Chivda Namkeen,0.29872546808030676
Bikano Classic Salted Peanuts (200.0 GRAM),Chheda's Long Masala Banana Chips (170.0 GRAM),0.298429785812391
Maggi Masala Noodles No Onion No Garlic,Aashirvaad 100% Chana Dal Besan (500.0 GRAM),0.29839671434521514
Sunfeast Light Active Plain Marie Biscuits with Iron and 6 Vitamins | Trans Fat-free,YiPPee! Magic Masala Noodles with Added Veggies - The Better Noodles,0.2981699680855361
Tang Mango Instant Drink Mix,BAY6 Dishwashbar,0.2980800327731091
Farmley Black Pepper Roasted Makhana- Fit For Fasting,Daily Good Raw Peanut - Singdana,0.2980587651091249
Whiskas Adult Ocean Fish Flavour Dry Cat Food,Origami Luncheon Tissue Paper Napkins - 32 X 32 cm - 50 Serviettes,0.2979796969272549
Sunfeast Light Active Plain Marie Biscuits with Iron and 6 Vitamins | Trans Fat-free,Sunfeast Dark Fantasy Choco Centre Fills | Preservative-free,0.29795457788038754
Namaskaram Peanuts Salted,Cheetos Cheese Puffs (28.0 GRAM),0.29795029134223683
Parle Shakti Milk Glucose Biscuits | Cholesterol-free and Trans Fat-free,Rajdhani Roasted Chana (200.0 GRAM),0.297842089615789
Tata Classic Grand Instant Coffee,Haldiram Aloo Bhujia ,0.29783347493627865
Lal Besan Laddoo Classic (200.0 GRAM),Kinder Creamy Milky And Cocoa With Extruded Rice (19.0 GRAM),0.2977607188133504
Namaskaram Peanuts Salted,Sunfeast Dark Fantasy Bourbon Chocolate Cream Biscuits | Trans Fat-free,0.29754688815342706
Nova Nova Waffle Chips- Classic Chocolate Drizzle,Origami Luncheon Tissue Paper Napkins - 32 X 32 cm - 50 Serviettes,0.2974614713673814
Tata Classic Grand Instant Coffee,Chheda's Golden Plain Salted Chips (170.0 GRAM),0.29738750087479876
Morelight Extra Power Detergent Powder,BAY6 Dishwashbar,0.2973322361752114
Lal Besan Laddoo Classic (200.0 GRAM),Haldiram's Salted Peanut,0.2971726962993338
Uncle Chips Plain Salted (80.0 GRAM),Haldiram's Salted Peanut,0.2971726962993338
Whiskas Adult Ocean Fish Flavour Dry Cat Food,Kurkure Solid Masti Masala Twisteez (61.0 GRAM),0.2971358666564722
MAGGI 2-Minute Instant Noodles | Masala Noodles | Made With Quality Spices,Origami Luncheon Tissue Paper Napkins - 32 X 32 cm - 50 Serviettes,0.2969154837239433
Morelight Extra Power Detergent Powder,Origami Luncheon Tissue Paper Napkins - 32 X 32 cm - 50 Serviettes,0.2967026410832809
Morelight Extra Power Detergent Powder,Kurkure Green Chutney Style (68.0 GRAM),0.2966385316466354
Parle Krackjack Sweet and Salty Plain Crackers | Trans Fat-free,Haldiram's Moong Dal,0.2964842381050293
Bingo! Mad Angles Very Peri Peri Crisps,Aashirvaad 100% Chana Dal Besan (500.0 GRAM),0.29636680472381915
Morelight Extra Power Detergent Powder,Cheetos Cheese Puffs (28.0 GRAM),0.29632879315806143
Balaji Tomato Wafers (135.0 GRAM),Sunfeast Dark Fantasy Bourbon Chocolate Cream Biscuits | Trans Fat-free,0.296009696233497
Zep Aluminium Foil 9 Meter 1 pc,Kurkure Green Chutney Style (68.0 GRAM),0.2957201460997418
Parle Krack Jack Sweet and Salty Plain Crackers | Artificial Colour-free,Kurkure Masala Munch,0.29567117542204047
MAGGI 2-Minute Instant Noodles | Masala Noodles | Made With Quality Spices,Cheetos Masala Balls (28.0 GRAM),0.29558860727475084
Balaji Cream & Onion Wafers (135.0 GRAM),Haldiram's Soan Papdi,0.2955679649548924
Daily Good Almond / Badam | California,Max Protein Choco Chips Flavoured Biscuits | Maida-free,0.2954339902505669
Zep Aluminium Foil 9 Meter 1 pc,Haldiram's Moong Dal,0.29540393116456565
Namaskaram Bombay Mix,Sunfeast Dark Fantasy Bourbon Chocolate Cream Biscuits | Trans Fat-free,0.2954000852085972
Kinder Joy - Single Pack - Assorted,Kurkure Green Chutney Style (68.0 GRAM),0.295172707994689
Garden Lemon Bhel Namkeen,Sunfeast Dark Fantasy Bourbon Chocolate Cream Biscuits | Trans Fat-free,0.29511160856288565
Uncle Chips Plain Salted (80.0 GRAM),Cheetos Cheese Puffs (28.0 GRAM),0.2949879388903779
Uncle Chips Plain Salted (80.0 GRAM),Max Protein Choco Chips Flavoured Biscuits | Maida-free,0.2948123147976197
Stash-Pro Brown Ripper Tipper 32 Roach 32 Paper (1.0 PIECE),Kurkure Masala Munch,0.2947003976415741
Hershey's Spread - Cocoa Jar,Kinder Joy - Single Pack - Assorted,0.29469082329029533
Uncle Chips Plain Salted (80.0 GRAM),Sunfeast Dark Fantasy Bourbon Chocolate Cream Biscuits | Trans Fat-free,0.2945885465129692
Daily Good Soya Chunks Medium,Maggi Masala-ae-Magic Sabzi Masala,0.29430855922896115
Farmley Black Pepper Roasted Makhana- Fit For Fasting,Kurkure Green Chutney Style (68.0 GRAM),0.2940534464035275
Cornitos Nacho Chips - Sizzlin Jalapeno (55.0 GRAM),Parle Hide & Seek Milano Chocolate Flavoured Biscuits,0.2940286586798215
Sunfeast Dark Fantasy Chocolate Cream Biscuits | Made With Real Chocolate,Daily Good Raw Peanut - Singdana,0.29372111156283814
Sunfeast Dark Fantasy Chocolate Cream Biscuits | Made With Real Chocolate,Cheetos Masala Balls (28.0 GRAM),0.2935969814100031
Lay's Potato Chips - Sizzling Hot Spicy Flavour,YiPPee! Magic Masala Noodles with Added Veggies - The Better Noodles,0.29357809015757247
Farmley Black Pepper Roasted Makhana- Fit For Fasting,Max Protein Choco Chips Flavoured Biscuits | Maida-free,0.2935715222269227
Daadi'S Coconut Ghee Burfi (200.0 GRAM),Ezee Small Garbage Bags 17 x 19 Inch (30.0 PIECE),0.29324478786844377
Dabur Real Litchi Fruit Juice,Haldiram's Masala Tasty Nuts (200.0 GRAM),0.29271874255899816
Sunfeast All Rounder Crunchy Potato Chatpata Masala Flavoured Crackers | Trans Fat-free,Cheetos Cheese Puffs (28.0 GRAM),0.292578591378134
Kinder Schoko-Bons Crispy (67.2 GRAM),Kurkure Green Chutney Style (68.0 GRAM),0.2924605241586546
Uncle Chips Plain Salted (80.0 GRAM),Sunfeast All Rounder Crunchy Potato Chatpata Masala Flavoured Crackers | Trans Fat-free,0.291033966033966
Namaskaram Bombay Mix,Kurkure Masala Munch,0.2910092007418211
Daily Good Sooji / Rava (1.0 KILOGRAM),Sunfeast Dark Fantasy Bourbon Chocolate Cream Biscuits | Trans Fat-free,0.2909911287129465
Namaskaram Nachani (Ragi) Chips,Aashirvaad 100% Chana Dal Besan (500.0 GRAM),0.29095371240009643
Lal Besan Laddoo Classic (200.0 GRAM),Parle Hide & Seek Milano Chocolate Flavoured Biscuits,0.29079757451850474
Uncle Chips Plain Salted (80.0 GRAM),Mr Makhana Lime Chilli,0.29079491936634794
Dabur Real Litchi Fruit Juice,YiPPee! Magic Masala Noodles with Added Veggies - The Better Noodles,0.2906397361211061
Balaji Cream & Onion Wafers (135.0 GRAM),Sunfeast Dark Fantasy Bourbon Chocolate Cream Biscuits | Trans Fat-free,0.29035174390864554
Bauli Moonfils Croissants Sweet Cheese Creme (45.0 GRAM),BAY6 Dishwashbar,0.2902066270294002
Daadi'S Coconut Ghee Burfi (200.0 GRAM),Sunfeast Dark Fantasy Bourbon Chocolate Cream Biscuits | Trans Fat-free,0.2901250836870151
Dew Fresh Toilet Cleaner Liquid,Haldiram's Masala Tasty Nuts (200.0 GRAM),0.2900499126914221
Dabur Real Litchi Fruit Juice,Sunfeast Dark Fantasy Bourbon Chocolate Cream Biscuits | Trans Fat-free,0.2900323919669873
Origami 3 Ply Toilet Tissue Paper Roll - 160 Pulls Per Roll (1.0 PIECE),Max Protein Choco Chips Flavoured Biscuits | Maida-free,0.2898694853766462
Daily Good Soya Chunks Medium,Sunfeast All Rounder Crunchy Potato Chatpata Masala Flavoured Crackers | Trans Fat-free,0.2898395721925134
Parle Shakti Milk Glucose Biscuits | Cholesterol-free and Trans Fat-free,Cheetos Masala Balls (28.0 GRAM),0.2898372890135853
Lal Besan Laddoo Classic (200.0 GRAM),Rajdhani Roasted Chana (200.0 GRAM),0.2898114543684164
Daily Good Almond / Badam | California,Origami Luncheon Tissue Paper Napkins - 32 X 32 cm - 50 Serviettes,0.28968541670350656
Om Shanthi Havan Samagri | Cycle,Haldiram's Masala Tasty Nuts (200.0 GRAM),0.28960965835965835
Bauli Moonfils Croissants Sweet Cheese Creme (45.0 GRAM),Origami Luncheon Tissue Paper Napkins - 32 X 32 cm - 50 Serviettes,0.28959212027300624
Garden Lemon Bhel Namkeen,Chheda's Salt & Pepper Banana Chips,0.2895559510770354
Gebi Sparkle Plus Dolphin Dust Pan,Kurkure Masala Munch,0.2893250623885918
Daily Good Soya Chunks Medium,Lay's India's Magic Masala Potato Chips,0.2891679050772885
Daily Good Almond / Badam | California,Kurkure Solid Masti Masala Twisteez (61.0 GRAM),0.2888650744918075
The Whole Truth 20g Protein Double Cocoa Protein Bar (67.0 GRAM),BAY6 Dishwashbar,0.2880727547718311
Dew Fresh Toilet Cleaner Liquid,YiPPee! Magic Masala Noodles with Added Veggies - The Better Noodles,0.28798986135844684
Gebi Sparkle Plus Dolphin Dust Pan,Max Protein Choco Chips Flavoured Biscuits | Maida-free,0.28779042148153094
Dew Fresh Toilet Cleaner Liquid,Haldiram's Moong Dal,0.2877704415569497
Daily Good Soya Chunks Medium,Cheetos Masala Balls (28.0 GRAM),0.2875523376750913
The Whole Truth 20g Protein Double Cocoa Protein Bar (67.0 GRAM),Aashirvaad 100% Chana Dal Besan (500.0 GRAM),0.2875307275483306
Balaji Cream & Onion Wafers (135.0 GRAM),Chheda's Salt & Pepper Banana Chips,0.2871429848180601
Tata Sampann 100% Pure Premium Cashews/Kaju Whole,RiteBite Max Protein 10g Protein Bar Choco Almond,0.286926272311087
Origami 3 Ply Toilet Tissue Paper Roll - 160 Pulls Per Roll (1.0 PIECE),Aashirvaad 100% Chana Dal Besan (500.0 GRAM),0.2864701633893409
Garden Lemon Bhel Namkeen,Aashirvaad 100% Chana Dal Besan (500.0 GRAM),0.2864075606438449
Sunfeast All Rounder Crunchy Potato Chatpata Masala Flavoured Crackers | Trans Fat-free,Kurkure Green Chutney Style (68.0 GRAM),0.2862779946957418
Parle Krackjack Sweet and Salty Plain Crackers | Trans Fat-free,Aashirvaad 100% Chana Dal Besan (500.0 GRAM),0.28551532525243106
Sunfeast Light Active Plain Marie Biscuits with Iron and 6 Vitamins | Trans Fat-free,Kurkure Masala Munch,0.28510550097417403
Daily Good Sooji / Rava (1.0 KILOGRAM),Ezee Small Garbage Bags 17 x 19 Inch (30.0 PIECE),0.2849288908990401
Namaskaram Peanuts Salted,Origami Luncheon Tissue Paper Napkins - 32 X 32 cm - 50 Serviettes,0.2841201761399407
Om Shanthi Havan Samagri | Cycle,Chheda's Yellow Banana Chips (170.0 GRAM),0.28401952657271806
Kinder Schoko-Bons Crispy (67.2 GRAM),Cheetos Masala Balls (28.0 GRAM),0.28400855886571513
Kinder Schoko-Bons Crispy (67.2 GRAM),Origami Luncheon Tissue Paper Napkins - 32 X 32 cm - 50 Serviettes,0.2839200915088562
Balaji Tomato Wafers (135.0 GRAM),Cheetos Masala Balls (28.0 GRAM),0.283907069243479
Gebi Sparkle Plus Dolphin Dust Pan,Kurkure Green Chutney Style (68.0 GRAM),0.2833770443494917
Daily Good Sooji / Rava (1.0 KILOGRAM),Origami Luncheon Tissue Paper Napkins - 32 X 32 cm - 50 Serviettes,0.2826359662645828
Origami 3 Ply Toilet Tissue Paper Roll - 160 Pulls Per Roll (1.0 PIECE),RiteBite Max Protein 10g Protein Bar Choco Almond,0.28186978472527685
Om Shanthi Havan Samagri | Cycle,Let's Try Salted Peanuts,0.28099699502625036
Sunfeast All Rounder Crunchy Potato Chatpata Masala Flavoured Crackers | Trans Fat-free,Chheda's Yellow Banana Chips (170.0 GRAM),0.28086842235778403
Haldiram's Soan Papdi,BAY6 Dishwashbar,0.2803761544534997
Parle Shakti Milk Glucose Biscuits | Cholesterol-free and Trans Fat-free,Max Protein Choco Chips Flavoured Biscuits | Maida-free,0.28026500786606345
Parle Shakti Milk Glucose Biscuits | Cholesterol-free and Trans Fat-free,Kurkure Masala Munch,0.2802607986960065
Cornitos Nacho Chips - Sizzlin Jalapeno (55.0 GRAM),Om Shanthi Havan Samagri | Cycle,0.2797979797979798
Cornitos Nacho Chips - Sizzlin Jalapeno (55.0 GRAM),Kinder Creamy Milky And Cocoa With Extruded Rice (19.0 GRAM),0.2795642304414234
Unifit Rolled Oats | 100% Wholegrain | High Fiber and Protein | Healthy Breakfast Cereal,RiteBite Max Protein 10g Protein Bar Choco Almond,0.27945423396965247
Om Shanthi Havan Samagri | Cycle,Cheetos Cheese Puffs (28.0 GRAM),0.27917004870129875
Cornitos Nacho Chips - Sizzlin Jalapeno (55.0 GRAM),Rajdhani Roasted Chana (200.0 GRAM),0.2790776967992158
Gebi Sparkle Plus Dolphin Dust Pan,Cheetos Masala Balls (28.0 GRAM),0.2786382152071635
Dew Fresh Toilet Cleaner Liquid,Chheda's Golden Plain Salted Chips (170.0 GRAM),0.2786193892385883
Dew Fresh Toilet Cleaner Liquid,Let's Try Namkeen Combo Pack Of 6 (Crunchy Party Mix Peanut Party Mix Aloo Bhujia),0.27828473413379073
Kinder Schoko-Bons Crispy (67.2 GRAM),Sunfeast All Rounder Crunchy Potato Chatpata Masala Flavoured Crackers | Trans Fat-free,0.27759282970550575
"Eveready Ultima Alkaline AAA Battery, 400% Longer Lasting",Origami Luncheon Tissue Paper Napkins - 32 X 32 cm - 50 Serviettes,0.27704357695727305
Sunfeast Yippee! Korean Noodles Fiery Hot,Britannia 50-50 Maska Chaska Biscuits Butter Flavoured Crackers | Trans Fat-free,0.27547698173046103
Parle Krack Jack Sweet and Salty Plain Crackers | Artificial Colour-free,Origami Luncheon Tissue Paper Napkins - 32 X 32 cm - 50 Serviettes,0.27488627041539265
Sunfeast Yippee! Korean Noodles Fiery Hot,Malkist Double Chocolatey Crunchy Layered Crackers,0.27450636511331095
Parle Shakti Milk Glucose Biscuits | Cholesterol-free and Trans Fat-free,Cheetos Cheese Puffs (28.0 GRAM),0.27446532833854675
Gebi Sparkle Plus Dolphin Dust Pan,Aashirvaad 100% Chana Dal Besan (500.0 GRAM),0.2737292526260107
"Eveready Ultima Alkaline AAA Battery, 400% Longer Lasting",Chheda's Yellow Banana Chips (170.0 GRAM),0.2728926534985224
Gebi Sparkle Plus Dolphin Dust Pan,Balaji Tomato Wafers (135.0 GRAM),0.27268610634648366
Maggi Masala Noodles No Onion No Garlic,Kinder Joy - Single Pack - Assorted,0.27184657342283053
Parle Krackjack Sweet and Salty Plain Crackers | Trans Fat-free,Ezee Medium Garbage Bags 19x 21 Inch (30.0 PIECE),0.2716944041847835
Om Shanthi Havan Samagri | Cycle,Haldiram's Lite Chiwda (200.0 GRAM),0.27079806667414663
Parle Shakti Milk Glucose Biscuits | Cholesterol-free and Trans Fat-free,Let's Try Namkeen Combo Pack Of 6 (Crunchy Party Mix Peanut Party Mix Aloo Bhujia),0.2704601022449433
Sunfeast Light Active Plain Marie Biscuits with Iron and 6 Vitamins | Trans Fat-free,Kurkure Green Chutney Style (68.0 GRAM),0.26985584616280783
Tata Sampann 100% Pure Premium Cashews/Kaju Whole,Cheetos Masala Balls (28.0 GRAM),0.2695803165703981
Tata Sampann 100% Pure Premium Cashews/Kaju Whole,Kurkure Green Chutney Style (68.0 GRAM),0.2694381126548159
Maggi Masala Noodles No Onion No Garlic,Sunfeast Dark Fantasy Choco Centre Fills | Preservative-free,0.2681591200923488
Unifit Rolled Oats | 100% Wholegrain | High Fiber and Protein | Healthy Breakfast Cereal,Cheetos Masala Balls (28.0 GRAM),0.26733381393231137
Sunfeast Yippee! Korean Noodles Fiery Hot,Cheetos Masala Balls (28.0 GRAM),0.26600858997861354
"Eveready Ultima Alkaline AAA Battery, 400% Longer Lasting",Cheetos Masala Balls (28.0 GRAM),0.2657721187898497
Balaji Cream & Onion Wafers (135.0 GRAM),Cheetos Masala Balls (28.0 GRAM),0.26494690487934436
Maggi Masala Noodles No Onion No Garlic,Maggi Pazzta Instant Pasta - Masala Penne (69.0 GRAM),0.2645463737475871
Maggi Masala Noodles No Onion No Garlic,Cadbury Oreo Vanilla Flavour Creme Sandwich Biscuit Family Pack,0.2640483799596834
Parle Shakti Milk Glucose Biscuits | Cholesterol-free and Trans Fat-free,Sunfeast All Rounder Crunchy Potato Chatpata Masala Flavoured Crackers | Trans Fat-free,0.2635307846188042
Unifit Rolled Oats | 100% Wholegrain | High Fiber and Protein | Healthy Breakfast Cereal,Ezee Small Garbage Bags 17 x 19 Inch (30.0 PIECE),0.2630039191195105
Sunfeast Yippee! Korean Noodles Fiery Hot,Ezee Small Garbage Bags 17 x 19 Inch (30.0 PIECE),0.26225519672146314
Daadi'S Coconut Ghee Burfi (200.0 GRAM),Aashirvaad 100% Chana Dal Besan (500.0 GRAM),0.2618583411600868
Unifit Rolled Oats | 100% Wholegrain | High Fiber and Protein | Healthy Breakfast Cereal,BAY6 Dishwashbar,0.2614410287447477
Balaji Tomato Wafers (135.0 GRAM),Origami Luncheon Tissue Paper Napkins - 32 X 32 cm - 50 Serviettes,0.2607673739265517
Haldiram's Soan Papdi,Kinder Joy - Single Pack - Assorted,0.25830339338890895
Maggi Masala Noodles No Onion No Garlic,Chheda's Long Masala Banana Chips (170.0 GRAM),0.2581764658656034
MAGGI Spicy Cheesy Instant Noodles,Parle Marie Butter Marie Biscuits | Trans Fat-free,0.2574737473747375
Haldiram's Soan Papdi,Haldiram's Masala Tasty Nuts (200.0 GRAM),0.25628898850272896
Namaskaram Peanuts Salted,YiPPee! Magic Masala Noodles with Added Veggies - The Better Noodles,0.255574258359031
Origami 3 Ply Toilet Tissue Paper Roll - 160 Pulls Per Roll (1.0 PIECE),Britannia 50-50 Maska Chaska Biscuits Butter Flavoured Crackers | Trans Fat-free,0.250021916367143
Parle Krack Jack Sweet and Salty Plain Crackers | Artificial Colour-free,Sunfeast All Rounder Crunchy Potato Chatpata Masala Flavoured Crackers | Trans Fat-free,0.24817513368983954
Parle Krack Jack Sweet and Salty Plain Crackers | Artificial Colour-free,Daily Good Sooji / Rava (1.0 KILOGRAM),0.24675712347354134
Origami 3 Ply Toilet Tissue Paper Roll - 160 Pulls Per Roll (1.0 PIECE),Haldiram's Soan Papdi,0.24604980603178578
MAGGI Spicy Cheesy Instant Noodles,Lay's India's Magic Masala Potato Chips,0.24579271931569524
Origami 3 Ply Toilet Tissue Paper Roll - 160 Pulls Per Roll (1.0 PIECE),Daily Good Raw Peanut - Singdana,0.24355873870203387
Haldiram's Soan Papdi,Sunfeast All Rounder Crunchy Potato Chatpata Masala Flavoured Crackers | Trans Fat-free,0.24354267869535043
Daadi'S Coconut Ghee Burfi (200.0 GRAM),Bingo! Mad Angles Very Peri Peri Crisps,0.23694754857545558
Daadi'S Coconut Ghee Burfi (200.0 GRAM),RiteBite Max Protein 10g Protein Bar Choco Berry (50.0 GRAM),0.23640127987954077
Daadi'S Coconut Ghee Burfi (200.0 GRAM),Sunfeast Dark Fantasy Vanilla Cream Dark Crunchy Biscuits | Artificial Colour-free,0.23616544098471812
Daadi'S Coconut Ghee Burfi (200.0 GRAM),"Uncle Chipps Potato Chips, Plain Salted Flavour, Crispy Chips & Snacks (48.0 GRAM)",0.234978575003988
MAGGI Spicy Cheesy Instant Noodles,Sunfeast All Rounder Crunchy Potato Chatpata Masala Flavoured Crackers | Trans Fat-free,0.2258333333333333
Kinder Schoko-Bons Crispy (67.2 GRAM),Britannia 50-50 Maska Chaska Biscuits Butter Flavoured Crackers | Trans Fat-free,0.22520147623710177
Kinder Schoko-Bons Crispy (67.2 GRAM),Lay's India's Magic Masala Potato Chips,0.22502150359887593
Kinder Schoko-Bons Crispy (67.2 GRAM),Ezee Small Garbage Bags 17 x 19 Inch (30.0 PIECE),0.22117265338528397
Namaskaram Peanuts Salted,Lay's American Cream & Onion Potato Chips (48.0 GRAM),0.21791675870120855
Kinder Schoko-Bons Crispy (67.2 GRAM),Kurkure Masala Munch,0.21583691094875854
MAGGI Spicy Cheesy Instant Noodles,Garden Sabudana Chivda Namkeen,0.20711632453567938
MAGGI Spicy Cheesy Instant Noodles,Daily Good Cashew | W320 (100.0 GRAM),0.20636669727578819
Namaskaram Peanuts Salted,Kinder Joy - Single Pack - Assorted,0.20030800146945404
