sku1,sku2,association_composite_score
Daily Good Medium Poha | Avalakki | Indori Poha,Polka Pop Zero Sugar Blueberry Sparkling Water,0.969372599231754
Snackible Biscuit Sticks (with Chocolatey Dip) | Made with Jaggery (30.0 GRAM),Polka Pop Zero Sugar Blueberry Sparkling Water,0.947830985915493
Daily Good Medium Poha | Avalakki | Indori Poha,Heka Bites Roasted Makhana Himalayan Pink Salt,0.9313636363636363
Satyam Thin Poha Patla (500.0 GRAM),Polka Pop Zero Sugar Blueberry Sparkling Water,0.9292460646230323
Satyam Thin Poha Patla (500.0 GRAM),Heka Bites Roasted Makhana Himalayan Pink Salt,0.9157871972318339
Heka Bites Roasted Makhana Himalayan Pink Salt,Polka Pop Zero Sugar Blueberry Sparkling Water,0.9147265948632973
Snackible Biscuit Sticks (with Chocolatey Dip) | Made with Jaggery (30.0 GRAM),Daily Good Watermelon Seeds / Tarbuj Beej,0.9144615384615384
Polka Pop Zero Sugar Blueberry Sparkling Water,Daily Good Watermelon Seeds / Tarbuj Beej,0.9123149151318166
Heka Bites Roasted Makhana Himalayan Pink Salt,Daily Good Watermelon Seeds / Tarbuj Beej,0.9105392156862745
Daily Good Medium Poha | Avalakki | Indori Poha,Daily Good Watermelon Seeds / Tarbuj Beej,0.9006060606060606
Satyam Thin Poha Patla (500.0 GRAM),Daily Good Watermelon Seeds / Tarbuj Beej,0.8965309200603317
Polka Pop Zero Sugar Blueberry Sparkling Water,Heka Bites Roasted Makhana Himalayan Pink Salt,0.891238608119304
Sweet Karam Coffee Classic Tapioca Chips | No Palm Oil,Sweet Karam Coffee Indian Masala Tapioca Chips | No Palm Oil,0.8848765432098766
Snackible Biscuit Sticks (with Chocolatey Dip) | Made with Jaggery (30.0 GRAM),Heka Bites Roasted Makhana Himalayan Pink Salt,0.8838823529411763
Snackible Biscuit Sticks (with Chocolatey Dip) | Made with Jaggery (30.0 GRAM),Daily Good Medium Poha | Avalakki | Indori Poha,0.8799999999999999
Daily Good Watermelon Seeds / Tarbuj Beej,Polka Pop Zero Sugar Blueberry Sparkling Water,0.860743950884796
Daily Good Watermelon Seeds / Tarbuj Beej,Heka Bites Roasted Makhana Himalayan Pink Salt,0.8370098039215685
Polka Pop Zero Sugar Blueberry Sparkling Water,Daily Good Medium Poha | Avalakki | Indori Poha,0.8366197183098589
Daily Good Medium Poha | Avalakki | Indori Poha,Snackible Biscuit Sticks (with Chocolatey Dip) | Made with Jaggery (30.0 GRAM),0.8363636363636364
Heka Bites Roasted Makhana Himalayan Pink Salt,Daily Good Medium Poha | Avalakki | Indori Poha,0.825
Parle Melody Chocolaty (391.0 GRAM),Everest Kanda Lasoon Masala,0.820754716981132
TMI COLMAN Fresh Phool Makhana,Sweet Karam Coffee Classic Tapioca Chips | No Palm Oil,0.8198872785829309
Crax Mast Matar Green Peas Namkeen Snacks,Crax Aloo Bhujia Namkeen Snacks (160.0 GRAM),0.8189175323842504
Organic Tattva Brown Sugar Pouch,Mr Makhana Lime Chilli,0.8072278911564625
MOM Roasted Makhana Cheddar Cheese,Heka Bites Raw Premium Fox Nuts Makhana,0.7899312070043778
Dehaat Honest Farms Pesticide Free Poha | Thick,Balaji Rumbles Pudina Twist Wafers,0.7899306332512865
Sweet Karam Coffee Indian Masala Tapioca Chips | No Palm Oil,Sweet Karam Coffee Classic Tapioca Chips | No Palm Oil,0.7899270482603815
Polka Pop Zero Sugar Blueberry Sparkling Water,Snackible Biscuit Sticks (with Chocolatey Dip) | Made with Jaggery (30.0 GRAM),0.7774647887323943
Parle Melody Chocolaty (391.0 GRAM),Bhagirathi Rajgira Peeth | Amaranth Flour,0.7729559748427672
"Taali Roasted Bharuchi Peanuts | Salted | Protein Rich, No Palm Oil ,Restaurant-Style Crunch (150.0 GRAM)",Nutraj Cashew/Kaju,0.7667885638297872
Everest Kanda Lasoon Masala,Bhagirathi Rajgira Peeth | Amaranth Flour,0.762649895178197
Sweet Karam Coffee Classic Tapioca Chips | No Palm Oil,TMI COLMAN Fresh Phool Makhana,0.7541867954911434
Sweet Karam Coffee Classic Tapioca Chips | No Palm Oil,Sweet Karam Coffee Onion Kodubale / Ring Murukku | No Palm Oil and No Maida,0.7526155021000382
Daily Good Medium Poha | Avalakki | Indori Poha,Unibic Fruit & Nut cookies,0.7503725782414308
MOM Roasted Makhana Cheddar Cheese,Britannia Good Day Chunkies Chocochip Cookies,0.7494565217391305
Crax Mast Matar Green Peas Namkeen Snacks,Kurkure Schezwan Chutney (68.0 GRAM),0.746430159153552
Heka Bites Roasted Makhana Himalayan Pink Salt,Snackible Biscuit Sticks (with Chocolatey Dip) | Made with Jaggery (30.0 GRAM),0.7441176470588234
Polka Pop Zero Sugar Blueberry Sparkling Water,Unibic Fruit & Nut cookies,0.7440314015238975
Crax Mast Matar Green Peas Namkeen Snacks,Crax Fritts Cream and Onion Corn & Potato Stick Snacks,0.7336985050781696
Daily Good Watermelon Seeds / Tarbuj Beej,Daily Good Medium Poha | Avalakki | Indori Poha,0.7333333333333334
TMI COLMAN Fresh Phool Makhana,Sweet Karam Coffee Indian Masala Tapioca Chips | No Palm Oil,0.7293478260869566
Parle Melody Chocolaty (391.0 GRAM),Charliee Rajgira Laddu,0.7288575859395191
Parle Melody Chocolaty (391.0 GRAM),Everest Cumin Powder (50.0 GRAM),0.7271698113207548
Snackible Biscuit Sticks (with Chocolatey Dip) | Made with Jaggery (30.0 GRAM),Unibic Fruit & Nut cookies,0.7263606557377048
Daily Good Medium Poha | Avalakki | Indori Poha,Sweet Karam Coffee Madras Mixture,0.7252840909090909
Heka Bites Roasted Makhana Himalayan Pink Salt,Unibic Fruit & Nut cookies,0.7161644165863067
Everest Kanda Lasoon Masala,Charliee Rajgira Laddu,0.7147762557077626
Smith & Jones Pasta Masala (98.0 GRAM),Paper Boat Chikki Family Pack,0.7098739495798319
Daily Good Watermelon Seeds / Tarbuj Beej,Snackible Biscuit Sticks (with Chocolatey Dip) | Made with Jaggery (30.0 GRAM),0.7076923076923076
Sweet Karam Coffee Kerala Nendran Banana Chips (65.0 GRAM),Mr Makhana Lime Chilli,0.7044897959183674
Heka Bites Roasted Makhana Himalayan Pink Salt,Sweet Karam Coffee Madras Mixture,0.7039522058823527
Sweet Karam Coffee Classic Tapioca Chips | No Palm Oil,Parle Hide & Seek Milano Chocolate Flavoured Biscuits,0.7009474590869941
Dehaat Honest Farms Pesticide Free Poha | Thick,Crax Fritts Peri Peri Corn & Potato Stick Snacks,0.7005472170106316
Polka Pop Zero Sugar Blueberry Sparkling Water,Sweet Karam Coffee Madras Mixture,0.6991784037558685
Lay's Potato Chips Wafer style - Salt with Pepper Flavour (40.0 GRAM),Haldirams Namkeen - Khara Boondi,0.6964912280701754
Sweet Karam Coffee Indian Masala Tapioca Chips | No Palm Oil,Sweet Karam Coffee Onion Kodubale / Ring Murukku | No Palm Oil and No Maida,0.6960949703217745
Bingo! Cheese Nachos with Free Dip,Parle Hide & Seek Milano Chocolate Flavoured Biscuits,0.6940508382909681
Crax Double Mazza Roasted Chana Peanuts Namkeen Snacks (160.0 GRAM),Crax Mast Matar Green Peas Namkeen Snacks,0.6928719313812483
Organic Tattva Brown Sugar Pouch,Mr Makhana Super Snack - Pudina Party,0.6924397274633123
Snackible Biscuit Sticks (with Chocolatey Dip) | Made with Jaggery (30.0 GRAM),Sweet Karam Coffee Madras Mixture,0.6914374999999999
Stroom Cookie Crunch Delight 10G Protein Bars (45.0 GRAM),Paper Boat Chikki Family Pack,0.6900974025974025
Tata Sampann Unpolished Moong Dal,Maggi Pazzta Instant Pasta - Cheesy Tomato Twist (68.0 GRAM),0.6898255813953488
Charliee Rajgira Laddu,Bhagirathi Rajgira Peeth | Amaranth Flour,0.6882484707504091
"Wai Wai Ready to Eat Noodles, Chicken Masala Pack | 6 in 1",Bhagirathi Rajgira Peeth | Amaranth Flour,0.6870719776380154
Too Yumm! Aloo Bhujia | No Palm Oil | 35% Less Saturated Fat (200.0 GRAM),Bhagirathi Rajgira Peeth | Amaranth Flour,0.6870719776380154
Dehaat Honest Farms Pesticide Free Poha | Thick,Haldirams Namkeen - Khara Boondi,0.6795036371416345
Bingo! Cheese Nachos with Free Dip,Sweet Karam Coffee Onion Kodubale / Ring Murukku | No Palm Oil and No Maida,0.6780388396068089
Daily Good Watermelon Seeds / Tarbuj Beej,Unibic Fruit & Nut cookies,0.6772593526691887
Parle Melody Chocolaty (391.0 GRAM),Paper Boat Chikki Family Pack,0.6757412398921833
Sunfeast Farmlite Gold Oats and Chocolate Biscuits | Trans Fat-free,Bhagirathi Rajgira Peeth | Amaranth Flour,0.6742807440117757
Everest Kanda Lasoon Masala,Parle Melody Chocolaty (391.0 GRAM),0.671320754716981
Sunfeast Farmlite Gold Oats and Chocolate Biscuits | Trans Fat-free,Smoodh Toffee Caramel Milk,0.6705673758865247
Sunfeast Farmlite Gold Oats and Chocolate Biscuits | Trans Fat-free,Too Yumm! Sour Cream & Onion Veggie Stix | Munching Snack | On-the-Go Munchies,0.6705673758865247
Sweet Karam Coffee Classic Tapioca Chips | No Palm Oil,Sweet Karam Coffee Garlic Murukku Sticks (95.0 GRAM),0.6634806849860615
Mr Makhana Lime Chilli,Mr Makhana Super Snack - Pudina Party,0.662533692722372
Organic Tattva Brown Sugar Pouch,Haldiram's Mixture (400.0 GRAM),0.6609463276836157
Daily Good Watermelon Seeds / Tarbuj Beej,Sweet Karam Coffee Madras Mixture,0.6591613247863247
Crax Mast Matar Green Peas Namkeen Snacks,Lay's Potato Chips - Sizzling Hot Spicy Flavour,0.6546716003700277
Parle Hide & Seek Milano Mixed Berries Centre Fills| Preservative-free,Haldiram's Mixture (400.0 GRAM),0.6546516007532956
Bingo! Cheese Nachos with Free Dip,Haldiram's Mixture (400.0 GRAM),0.6499671528051505
TMI COLMAN Fresh Phool Makhana,Parle Hide & Seek Milano Chocolate Flavoured Biscuits,0.6487866531850355
Nutraj Cashew/Kaju,"Taali Roasted Bharuchi Peanuts | Salted | Protein Rich, No Palm Oil ,Restaurant-Style Crunch (150.0 GRAM)",0.6481050531914894
Organic Tattva Brown Sugar Pouch,Catch Chatpata Chat Masala Carton (100.0 GRAM),0.6477477477477477
Stroom Cookie Crunch Delight 10G Protein Bars (45.0 GRAM),Charliee Rajgira Laddu,0.6450186799501867
Bhagirathi Rajgira Peeth | Amaranth Flour,Charliee Rajgira Laddu,0.6445679331437925
Everest Kanda Lasoon Masala,Lal Sweets Motichoor Laddu,0.6445376344086022
Too Yumm! Sour Cream & Onion Veggie Stix | Munching Snack | On-the-Go Munchies,Bhagirathi Rajgira Peeth | Amaranth Flour,0.6441299790356394
Smoodh Toffee Caramel Milk,Bhagirathi Rajgira Peeth | Amaranth Flour,0.6441299790356394
"Wai Wai Ready to Eat Noodles, Chicken Masala Pack | 6 in 1",Paper Boat Chikki Family Pack,0.6440035273368607
Parle Melody Chocolaty (391.0 GRAM),Lal Sweets Motichoor Laddu,0.643822276323798
Crax Double Mazza Roasted Chana Peanuts Namkeen Snacks (160.0 GRAM),Kurkure Schezwan Chutney (68.0 GRAM),0.6432077125328659
Charliee Rajgira Laddu,Lal Sweets Motichoor Laddu,0.6427198409191339
"Wai Wai Ready to Eat Noodles, Chicken Masala Pack | 6 in 1",Charliee Rajgira Laddu,0.6423642820903095
Heka Bites Roasted Makhana Himalayan Pink Salt,Satyam Thin Poha Patla (500.0 GRAM),0.642257785467128
Sunfeast Farmlite Gold Oats and Chocolate Biscuits | Trans Fat-free,"Wai Wai Ready to Eat Noodles, Chicken Masala Pack | 6 in 1",0.6396637772524297
Heka Bites Roasted Chana Jor - Indian Herbs - Low Calorie & Healthy Snacks,Mr Makhana Super Snack - Pudina Party,0.6371664116947136
Polka Pop Zero Sugar Blueberry Sparkling Water,Satyam Thin Poha Patla (500.0 GRAM),0.6349627174813587
"MAGGI Coconut Milk Powder | Instant, Creamy & Tasty Dishes",Parle Hide & Seek Milano Chocolate Flavoured Biscuits,0.6345855694692905
TMI COLMAN Fresh Phool Makhana,Sweet Karam Coffee Onion Kodubale / Ring Murukku | No Palm Oil and No Maida,0.6338189152846258
Everest Kanda Lasoon Masala,Paper Boat Chikki Family Pack,0.6332380952380952
Paper Boat Chikki Family Pack,Bhagirathi Rajgira Peeth | Amaranth Flour,0.6324185248713551
Heka Bites Roasted Makhana Himalayan Pink Salt,Haldiram Aloo Bhujia ,0.6320849367784498
Bhagirathi Rajgira Peeth | Amaranth Flour,Lal Sweets Motichoor Laddu,0.6304093122337188
Tata Sampann Unpolished Moong Dal,Society Natural Tea (250.0 GRAM),0.6302631578947367
Crax Mast Matar Green Peas Namkeen Snacks,Lay's India's Magic Masala Potato Chips,0.6300875273522976
Nutraj Cashew/Kaju,Haldiram's Mini Bhakarwadi,0.6298139686684073
Smoodh Chocolate Milk Drink | Pet,Bhagirathi Rajgira Peeth | Amaranth Flour,0.6295208454905011
Stroom Choco Almond Bliss Protein Bars (45.0 GRAM),Paper Boat Chikki Family Pack,0.6294832826747719
Dehaat Honest Farms Pesticide Free Poha | Thick,Paper Boat Chikki Family Pack,0.6266550522648084
Too Yumm! Sour Cream & Onion Veggie Stix | Munching Snack | On-the-Go Munchies,"Wai Wai Ready to Eat Noodles, Chicken Masala Pack | 6 in 1",0.6263374485596707
Polka Pop Zero Sugar Blueberry Sparkling Water,Haldiram Aloo Bhujia ,0.6258983809398445
Smoodh Toffee Caramel Milk,Lal Sweets Motichoor Laddu,0.624718963831867
TMI COLMAN Fresh Phool Makhana,Haldiram's Mixture (400.0 GRAM),0.6239990174404323
MOM Roasted Makhana Cheddar Cheese,Britannia Marie Gold Biscuits Plain | Trans Fat-free,0.623470692368214
Everest Kanda Lasoon Masala,Everest Cumin Powder (50.0 GRAM),0.6232
Daily Good Medium Poha | Avalakki | Indori Poha,Haldiram Aloo Bhujia ,0.6225403568394222
Tata Tea Agni Tea,Farmley Cream And Onion Makhana Roasted In Olive Oil,0.6220850134408603
Too Yumm! Sour Cream & Onion Veggie Stix | Munching Snack | On-the-Go Munchies,Charliee Rajgira Laddu,0.621129099211291
Heka Bites Roasted Makhana Himalayan Pink Salt,Everest Chhole Masala,0.6210175681010658
Sunfeast Farmlite Gold Oats and Chocolate Biscuits | Trans Fat-free,Lal Sweets Motichoor Laddu,0.6201355525051475
Sunfeast Farmlite Gold Oats and Chocolate Biscuits | Trans Fat-free,Piknik Classic Tomato Chilli,0.6201355525051475
Too Yumm! Dahi Papdi Chaat Multigrain Healthy Chips High Protein Crunchy Crisps,Balaji Rumbles Pudina Twist Wafers,0.6198498748957464
Charliee Rajgira Laddu,Paper Boat Chikki Family Pack,0.6185909980430528
Sweet Karam Coffee Indian Masala Tapioca Chips | No Palm Oil,Parle Hide & Seek Milano Chocolate Flavoured Biscuits,0.6176180408738547
Crax Natkhat Classic Wheat Puff Snacks,Crax Fritts Cream and Onion Corn & Potato Stick Snacks,0.6171488738326314
Parle Melody Chocolaty (391.0 GRAM),"Paper Boat Mango | Juicy Sips, Chewy Bites | Refreshing Summer Juice Drink",0.6169963481436397
Bhagirathi Rajgira Peeth | Amaranth Flour,Paper Boat Chikki Family Pack,0.6169811320754717
Sunfeast Farmlite Gold Oats and Chocolate Biscuits | Trans Fat-free,Balaji Rumbles Pudina Twist Wafers,0.6165528010931096
Dehaat Honest Farms Pesticide Free Poha | Thick,Balaji Tomato Wafers (135.0 GRAM),0.6162103083294983
The Belgian Waffle Co Classic Chocolate Wafers | Preservative-free,The Belgian Crisps Double Choco Waffle Wafers | Artificial Colour-free,0.6156461906661348
"Wai Wai Ready to Eat Noodles, Chicken Masala Pack | 6 in 1",Lal Sweets Motichoor Laddu,0.6143468737554758
Smoodh Toffee Caramel Milk,Paper Boat Chikki Family Pack,0.6134199134199135
Ferrero Rocher Moments Pack,Kotton Multipurpose Napkin | 100% Virgin Pulp-Paper | 25 cm X 25 cm | 100Pcs,0.6121620777923455
MOM Roasted Makhana Cheddar Cheese,Britannia Treat Croissant - With Cocoa Creme Filling 100% VEG (45.0 GRAM),0.6094993581514763
Smoodh Chocolate Milk Drink | Pet,Lal Sweets Motichoor Laddu,0.6082848353841037
Winkies Swiss Roll - Cream & Real Strawberry Jam,Everest Shahi Biryani Masala (50.0 GRAM),0.6081967213114754
Maggi Pazzta Instant Pasta - Cheesy Tomato Twist (68.0 GRAM),Society Natural Tea (250.0 GRAM),0.6080058026202457
Tata Sampann Unpolished Moong Dal,Kurkure Solid Masti Masala Twisteez (61.0 GRAM),0.6079125615763546
Daily Good Watermelon Seeds / Tarbuj Beej,Haldiram Aloo Bhujia ,0.6070872274143302
Catch Chatpata Chat Masala Carton (100.0 GRAM),Mr Makhana Lime Chilli,0.6069084390512962
MOM Roasted Makhana Cheddar Cheese,YiPPee! Magic Masala Noodles with Added Veggies - The Better Noodles,0.6067267360571694
Tata Sampann Unpolished Toor Dal-Arhar Dal,Maggi Pazzta Instant Pasta - Cheesy Tomato Twist (68.0 GRAM),0.6066551212271153
"Beyond Snack Kerala Banana Chips - Sour Cream, Onion & Parsley (70.0 GRAM)",Balaji Rumbles Pudina Twist Wafers,0.6064396612561749
Dehaat Honest Farms Pesticide Free Poha | Thick,Balaji Simply Salted Chips (135.0 GRAM),0.6055902186928845
The Belgian Waffle Co Classic Chocolate Wafers | Preservative-free,Let's Try Butter Murukku (180.0 GRAM),0.6049182855380819
Polka Pop Zero Sugar Blueberry Sparkling Water,Everest Chhole Masala,0.6045278381699593
Daily Good Medium Poha | Avalakki | Indori Poha,Everest Chhole Masala,0.6041732763880414
Smith & Jones Pasta Masala (98.0 GRAM),YiPPee! Magic Masala Noodles with Added Veggies - The Better Noodles,0.6036038778568752
Too Yumm! Sour Cream & Onion Veggie Stix | Munching Snack | On-the-Go Munchies,Lal Sweets Motichoor Laddu,0.6031769305962854
Parle Melody Chocolaty (391.0 GRAM),"Wai Wai Ready to Eat Noodles, Chicken Masala Pack | 6 in 1",0.6027020731423248
Crax Double Mazza Roasted Chana Peanuts Namkeen Snacks (160.0 GRAM),Crax Aloo Bhujia Namkeen Snacks (160.0 GRAM),0.6024020227560051
MOM Roasted Makhana Cheddar Cheese,Sunfeast All Rounder Crunchy Potato Chatpata Masala Flavoured Crackers | Trans Fat-free,0.602172256097561
Sunfeast Farmlite Gold Oats and Chocolate Biscuits | Trans Fat-free,Smoodh Chocolate Milk Drink | Pet,0.6015354244351832
Everest Kanda Lasoon Masala,"Wai Wai Ready to Eat Noodles, Chicken Masala Pack | 6 in 1",0.601283950617284
TMI COLMAN Fresh Phool Makhana,Parle Melody Chocolaty Toffee (176.0 GRAM),0.6002659574468086
Sweet Karam Coffee Indian Masala Tapioca Chips | No Palm Oil,TMI COLMAN Fresh Phool Makhana,0.5989130434782608
Tata Sampann Unpolished Moong Dal,Cheetos Cheese Puffs (28.0 GRAM),0.5987832099303135
Too Yumm! Aloo Bhujia | No Palm Oil | 35% Less Saturated Fat (200.0 GRAM),Charliee Rajgira Laddu,0.5985667174023339
Tata Sampann Unpolished Toor Dal-Arhar Dal,Society Natural Tea (250.0 GRAM),0.597980175023848
Snackible Biscuit Sticks (with Chocolatey Dip) | Made with Jaggery (30.0 GRAM),Haldiram Aloo Bhujia ,0.5973738317757009
Fortune Soya Chunks (200.0 GRAM),Haldiram's Mixture (400.0 GRAM),0.5972671133885167
Sunfeast Farmlite Gold Oats and Chocolate Biscuits | Trans Fat-free,Paper Boat Chikki Family Pack,0.5963525835866261
Snackible Biscuit Sticks (with Chocolatey Dip) | Made with Jaggery (30.0 GRAM),Snackible Cheese Dosa Khakra | Millet Snack (100.0 GRAM),0.5956785714285713
Tata Sampann Unpolished Toor Dal-Arhar Dal,YiPPee! Magic Masala Noodles with Added Veggies - The Better Noodles,0.5954312915029136
MOM Roasted Makhana Cheddar Cheese,"Ching's Secret Veg Hakka Noodles, Cooks In 5-7 mins, Just Soak & Drain",0.5951478066017408
Namaskaram Plain Boondi,"Wai Wai Ready to Eat Noodles, Chicken Masala Pack | 6 in 1",0.5943814562862182
Sweet Karam Coffee Classic Tapioca Chips | No Palm Oil,Parle Melody Chocolaty Toffee (176.0 GRAM),0.5942572892040977
Paper Boat Chikki Family Pack,Charliee Rajgira Laddu,0.5938267212239815
Dabur Hommade Ginger Garlic Paste (200.0 GRAM),Fortune Suji,0.5935323383084576
Nissin Geki - Hot and Spicy Korean Veg Flavoured Ramen Cup Noodles,Nissin Cup Noodles Super Hot Chilli,0.5934560780834073
Maggi Pazzta Instant Pasta - Cheesy Tomato Twist (68.0 GRAM),YiPPee! Magic Masala Noodles with Added Veggies - The Better Noodles,0.5929695600651756
Crax Aloo Bhujia Namkeen Snacks (160.0 GRAM),Crax Mast Matar Green Peas Namkeen Snacks,0.592061049121457
Crax Double Mazza Roasted Chana Peanuts Namkeen Snacks (160.0 GRAM),Lay's India's Magic Masala Potato Chips,0.5915107399633814
Too Yumm! Aloo Bhujia | No Palm Oil | 35% Less Saturated Fat (200.0 GRAM),Paper Boat Chikki Family Pack,0.5911375661375662
Sunfeast Farmlite Gold Oats and Chocolate Biscuits | Trans Fat-free,Tata Sampann Chilli Powder with Natural Oils Lal Mirchi Powder,0.5894614361702128
Nutraj Cashew/Kaju,Everest Cumin Powder (50.0 GRAM),0.589375
Too Yumm! Sour Cream & Onion Veggie Stix | Munching Snack | On-the-Go Munchies,Smoodh Chocolate Milk Drink | Pet,0.5890034364261167
Tata Sampann Unpolished Moong Dal,YiPPee! Magic Masala Noodles with Added Veggies - The Better Noodles,0.5885791060054595
Namaskaram Plain Boondi,Paper Boat Chikki Family Pack,0.5879008746355685
Sweet Karam Coffee Classic Tapioca Chips | No Palm Oil,Haldiram's Mixture (400.0 GRAM),0.5875078468298808
MOM Roasted Makhana Cheddar Cheese,Haldirams Soya Sticks,0.5873439600537738
Paper Boat Chikki Family Pack,Lal Sweets Motichoor Laddu,0.586251047339757
Nutraj Cashew/Kaju,Rajdhani Roasted Chana (200.0 GRAM),0.5860462816455696
Daily Good Watermelon Seeds / Tarbuj Beej,Everest Chhole Masala,0.5857769747031492
Smith & Jones Pasta Masala (98.0 GRAM),Haldiram's Soan Papdi,0.585339021104625
Tata Sampann Unpolished Toor Dal-Arhar Dal,Let'S Try Roasted Chana (450.0 GRAM),0.584073659325619
Namaskaram Plain Boondi,Bhagirathi Rajgira Peeth | Amaranth Flour,0.5836606340649467
Nissin Geki - Hot and Spicy Korean Veg Flavoured Ramen Cup Noodles,Nissin Geki - Hot and Spicy Korean Kimchi Flavoured Ramen Instant Noodles,0.5836581709145428
Crax Mast Matar Green Peas Namkeen Snacks,Farmley Peri Peri Makhana Roasted In Olive Oil,0.5834742351046699
Daily Good Medium Poha | Avalakki | Indori Poha,Snackible Cheese Dosa Khakra | Millet Snack (100.0 GRAM),0.5831818181818181
MOM Roasted Makhana Cheddar Cheese,Kurkure Red Chilli Chataka Chips (68.0 GRAM),0.5831727813076449
Tata Sampann Unpolished Toor Dal-Arhar Dal,Bhagirathi Jowar Atta (500.0 GRAM),0.582794181502388
Britannia Milk Bikis Glucose Biscuits | Trans Fat-free,Malkist Cheese Crunchy Layered Crackers,0.582161733615222
Snackible Biscuit Sticks (with Chocolatey Dip) | Made with Jaggery (30.0 GRAM),Everest Chhole Masala,0.5815167785234898
Stroom Cookie Crunch Delight 10G Protein Bars (45.0 GRAM),Bhagirathi Rajgira Peeth | Amaranth Flour,0.5797169811320756
Tata Sampann 100% Pure California Almonds/Badam Giri Whole Premium Quality,Bhagirathi Rajgira Peeth | Amaranth Flour,0.5797169811320755
Parle Melody Chocolaty (391.0 GRAM),ACT II Ready to Eat Popcorn - Sour Cream & Cheese Popcorn (50.0 GRAM),0.5793413173652695
Too Yumm! Aloo Bhujia | No Palm Oil | 35% Less Saturated Fat (200.0 GRAM),Lal Sweets Motichoor Laddu,0.5792413381123059
Too Yumm! Sour Cream & Onion Veggie Stix | Munching Snack | On-the-Go Munchies,Paper Boat Chikki Family Pack,0.5780303030303029
Daily Good Watermelon Seeds / Tarbuj Beej,Satyam Thin Poha Patla (500.0 GRAM),0.5779788838612367
Smoodh Chocolate Milk Drink | Pet,Paper Boat Chikki Family Pack,0.5779086892488954
Smoodh Chocolate Milk Drink | Pet,Charliee Rajgira Laddu,0.5770442027962152
Heka Bites Raw Premium Fox Nuts Makhana,Britannia Good Day Chunkies Chocochip Cookies,0.576505016722408
Sweet Karam Coffee Madras Mixture,Polka Pop Zero Sugar Blueberry Sparkling Water,0.5759389671361501
Sweet Karam Coffee Madras Mixture,Daily Good Watermelon Seeds / Tarbuj Beej,0.5755074786324786
Veeba Chef'S Special Veg Mayonnaise Smart,Paper Boat Chikki Family Pack,0.574945054945055
Modern Kitchens Spicy Murukku (150.0 GRAM),Crax Crunchy Pipes Salted Puff Snacks,0.5740828988652714
Let's Try Purani Delhi Methi Mathri,YiPPee! Magic Masala Noodles with Added Veggies - The Better Noodles,0.573772084470731
Winkies Swiss Roll - Cream & Real Strawberry Jam,Everest Coriander Powder (100.0 GRAM),0.5737243130916648
"Wai Wai Ready to Eat Noodles, Chicken Masala Pack | 6 in 1",Everest Kanda Lasoon Masala,0.5728395061728395
Sweet Karam Coffee Indian Masala Tapioca Chips | No Palm Oil,Haldiram's Mixture (400.0 GRAM),0.5722479027563774
Crax Mast Matar Green Peas Namkeen Snacks,Crax Double Mazza Roasted Chana Peanuts Namkeen Snacks (160.0 GRAM),0.5721975746820468
"Vicks Vaporub - Relief for Cold, Cough, Congestion",Lal Sweets Motichoor Laddu,0.5721774193548387
Crax Mast Matar Green Peas Namkeen Snacks,Lay's Spanish Tomato Tango Potato Chips,0.5720642247369465
Unibic Wafer Belgium Chocolate Qubz Cubes Wafers | Maida-free,Lal Sweets Motichoor Laddu,0.5718004908835904
Farmley Peri Peri Makhana Roasted In Olive Oil,Crax Fritts Peri Peri Corn & Potato Stick Snacks,0.5714298433048434
Veeba Thousand Island Dressing,Mr Makhana Lime Chilli,0.5707671957671958
Tata Tea Agni Tea,Haldiram's Mini Bhakarwadi,0.5706701479547432
Sweet Karam Coffee Indian Masala Tapioca Chips | No Palm Oil,Sweet Karam Coffee Garlic Murukku Sticks (95.0 GRAM),0.5699902248289344
Tata Sampann Unpolished Toor Dal-Arhar Dal,Maggi Masala-ae-Magic Sabzi Masala,0.5694490954383958
Britannia Milk Bikis Glucose Biscuits | Trans Fat-free,Haldiram's Soan Papdi,0.569031922276197
Farmley Peri Peri Makhana Roasted In Olive Oil,Crax Mast Matar Green Peas Namkeen Snacks,0.5686191626409018
Nestle Nan Excellapro Stage 2 Follow-Up Formula 6+ Months,Parle Hide & Seek Milano Chocolate Flavoured Biscuits,0.5681225184344867
Superyou Cheese Protein Wafer Bar (40.0 GRAM),Britannia Good Day Chunkies Chocochip Cookies,0.5674456521739131
Snackible Biscuit Sticks (with Chocolatey Dip) | Made with Jaggery (30.0 GRAM),Nutrela 100% Vegetarian Soya Chunks,0.5673333333333334
Heka Bites Raw Premium Fox Nuts Makhana,YiPPee! Magic Masala Noodles with Added Veggies - The Better Noodles,0.5660838232892372
Farmley Peri Peri Makhana Roasted In Olive Oil,Kurkure Schezwan Chutney (68.0 GRAM),0.5658571915473757
Namaskaram Plain Boondi,Tata Sampann Chilli Powder with Natural Oils Lal Mirchi Powder,0.5654017857142858
Sweet Karam Coffee Madras Mixture,Heka Bites Roasted Makhana Himalayan Pink Salt,0.5649816176470587
Everest Kanda Lasoon Masala,ACT II Ready to Eat Popcorn - Sour Cream & Cheese Popcorn (50.0 GRAM),0.564063872255489
Brooke Bond Red Label Tea,Haldirams Namkeen - Khara Boondi,0.5638262322472849
Tata Sampann Unpolished Moong Dal,Korean Nongshim Shin Ramyun Noodle Soup Veg,0.5635204081632653
Smoodh Toffee Caramel Milk,Smoodh Chocolate Milk Drink | Pet,0.5622305529522023
Cavin's Chilled Latte Cold Coffee,Lal Sweets Motichoor Laddu,0.5620967741935484
Tata Tea Agni Tea,Haldirams Namkeen - Khara Boondi,0.5616864742501415
Mapro Rose Sharbat,Chheda's Golden Plain Salted Chips (170.0 GRAM),0.5615601744932
Smoodh Toffee Caramel Milk,Charliee Rajgira Laddu,0.5614051473640513
MOM Roasted Makhana Cheddar Cheese,Lay's India's Magic Masala Potato Chips (67.0 GRAM),0.561392645014533
Tata Sampann Unpolished Toor Dal-Arhar Dal,Kurkure Masala Munch,0.5602628285356696
Satyam Poha Jada,Chheda's Golden Plain Salted Chips (170.0 GRAM),0.5601128544558461
Too Yumm! Sour Cream & Onion Veggie Stix | Munching Snack | On-the-Go Munchies,Piknik Classic Tomato Chilli,0.5600928641251223
Crax Natkhat Classic Wheat Puff Snacks,Crax Fritts Peri Peri Corn & Potato Stick Snacks,0.5596451997614789
Too Yumm! Bhoot Karare Spicy Chilli Flavour Crisps | No Palm Oil Snacks,Bhagirathi Rajgira Peeth | Amaranth Flour,0.5593760344256868
Polka Pop Zero Sugar Blueberry Sparkling Water,Snackible Cheese Dosa Khakra | Millet Snack (100.0 GRAM),0.5593226022803488
Tata Sampann Unpolished Moong Dal,Let's Try Purani Delhi Methi Mathri,0.5591305272108844
Nescafe Cafe Style Iced Frappe Cold Coffee,YiPPee! Magic Masala Noodles with Added Veggies - The Better Noodles,0.5589182052729178
MOM Roasted Makhana Himalayan Salt N Pepper,RiteBite Max Protein 10g Protein Bar Choco Almond,0.5581718061674009
Parle Melody Chocolaty (391.0 GRAM),Haldiram's Soan Papdi,0.557194296413654
Everest Coriander Powder,Rajdhani Roasted Chana (200.0 GRAM),0.5567835118468029
Too Yumm! Aloo Bhujia | No Palm Oil | 35% Less Saturated Fat (200.0 GRAM),"Wai Wai Ready to Eat Noodles, Chicken Masala Pack | 6 in 1",0.5567443987197074
Smoodh Toffee Caramel Milk,Sunfeast Farmlite Gold Oats and Chocolate Biscuits | Trans Fat-free,0.5566408768536428
Too Yumm! Sour Cream & Onion Veggie Stix | Munching Snack | On-the-Go Munchies,Sunfeast Farmlite Gold Oats and Chocolate Biscuits | Trans Fat-free,0.5566408768536428
Satyam Chilli Bedgi,Chheda's Golden Plain Salted Chips (170.0 GRAM),0.5559445727482678
Tata Sampann Unpolished Toor Dal-Arhar Dal,Bingo! Mad Angles Masala Madness Crisps,0.5556047408253606
Bingo! Cheese Nachos with Free Dip,Parle Melody Chocolaty Toffee (176.0 GRAM),0.5553686293913904
Heka Bites Raw Premium Fox Nuts Makhana,Kurkure Red Chilli Chataka Chips (68.0 GRAM),0.5550851109674638
Too Yumm! Aloo Bhujia | No Palm Oil | 35% Less Saturated Fat (200.0 GRAM),Everest Kanda Lasoon Masala,0.5549382716049384
Tata Sampann Unpolished Toor Dal-Arhar Dal,Cheetos Cheese Puffs (28.0 GRAM),0.5549007524649715
Maggi Pazzta Instant Pasta - Cheesy Tomato Twist (68.0 GRAM),Balaji Simply Salted Chips (135.0 GRAM),0.5540141818400337
Tata Sampann 100% Pure California Almonds/Badam Giri Whole Premium Quality,Paper Boat Chikki Family Pack,0.5539835164835164
Sweet Karam Coffee Kerala Nendran Banana Chips (65.0 GRAM),Mr Makhana Super Snack - Pudina Party,0.5539517819706499
Heka Bites Raw Premium Fox Nuts Makhana,MOM Roasted Makhana Cheddar Cheese,0.5539086929330832
Cavin's Masala Buttermilk,Lal Sweets Motichoor Laddu,0.5529121863799283
"Wai Wai Ready to Eat Noodles, Chicken Masala Pack | 6 in 1",Piknik Classic Tomato Chilli,0.5529121863799283
Superyou Cheese Protein Wafer Bar (40.0 GRAM),Britannia Marie Gold Biscuits Plain | Trans Fat-free,0.5524452764976959
"Wai Wai Ready to Eat Noodles, Chicken Masala Pack | 6 in 1",Too Yumm! Sour Cream & Onion Veggie Stix | Munching Snack | On-the-Go Munchies,0.5522633744855967
Crax Corn Rings Masala Mania Puff Snacks,Chheda's Yellow Banana Chips (170.0 GRAM),0.5521722873546581
Everest Dry Ginger Powder (100.0 GRAM),Everest Shahi Biryani Masala (50.0 GRAM),0.5520833333333333
Too Yumm! Bhoot Karare Spicy Chilli Flavour Crisps | No Palm Oil Snacks,Lal Sweets Motichoor Laddu,0.5518728777589135
MOM Roasted Makhana Himalayan Salt N Pepper,YiPPee! Magic Masala Noodles with Added Veggies - The Better Noodles,0.5508212010919018
"MAGGI Coconut Milk Powder | Instant, Creamy & Tasty Dishes",Chheda's Golden Plain Salted Chips (170.0 GRAM),0.5507609403683307
Dabur Hommade Ginger Garlic Paste (200.0 GRAM),"Cheetos Masala Balls, Crispy Chips & Snacks (84.0 GRAM)",0.5505389718076286
Heka Bites Roasted Makhana Himalayan Pink Salt,Snackible Cheese Dosa Khakra | Millet Snack (100.0 GRAM),0.5503063725490195
MOM Roasted Makhana Himalayan Salt N Pepper,Haldiram's Moong Dal,0.5499652098282236
Stroom Cookie Crunch Delight 10G Protein Bars (45.0 GRAM),Lal Sweets Motichoor Laddu,0.5493218475073314
Dabur Hommade Ginger Garlic Paste (200.0 GRAM),Tata Sampann 100% Chana Dal Fine Besan,0.5487708516242318
Maggi Pazzta Instant Pasta - Cheesy Tomato Twist (68.0 GRAM),Cheetos Cheese Puffs (28.0 GRAM),0.5487556721497447
Let's Try Purani Delhi Methi Mathri,Society Natural Tea (250.0 GRAM),0.5485623781676413
Daily Good Watermelon Seeds / Tarbuj Beej,Snackible Cheese Dosa Khakra | Millet Snack (100.0 GRAM),0.5482905982905982
Brooke Bond Red Label Tea,YiPPee! Magic Masala Noodles with Added Veggies - The Better Noodles,0.547859796784956
MOM Roasted Makhana Himalayan Salt N Pepper,The Theatre Project Gourmet Popcorn - Cheddar Cheese (60.0 GRAM),0.5472989195678272
"Wai Wai Ready to Eat Noodles, Chicken Masala Pack | 6 in 1",Chheda's Yellow Banana Chips (170.0 GRAM),0.5472955520532352
Maggi Pazzta Instant Pasta - Cheesy Tomato Twist (68.0 GRAM),Let'S Try Roasted Chana (450.0 GRAM),0.5472052223582212
MOM Roasted Makhana Himalayan Salt N Pepper,Haldiram's Salted Peanut,0.5468933250155958
Everest Dry Ginger Powder (100.0 GRAM),Everest Coriander Powder (100.0 GRAM),0.546830985915493
Sweet Karam Coffee Madras Mixture,Haldiram Aloo Bhujia ,0.5463785046728972
Tata Sampann 100% Pure California Almonds/Badam Giri Whole Premium Quality,Charliee Rajgira Laddu,0.5457850368809272
Haldirams Soya Sticks,MAGGI 2-Minute Instant Noodles | Masala Noodles | Made With Quality Spices,0.5456425416335153
Dabur Hommade Ginger Garlic Paste (200.0 GRAM),Let's Try Namkeen Combo Pack Of 6 (Crunchy Party Mix Peanut Party Mix Aloo Bhujia),0.5455633918320485
Let's Try Lite Snacks Sticks | Vrat | Fasting Special,YiPPee! Magic Masala Noodles with Added Veggies - The Better Noodles,0.5455612338752328
MOM Roasted Makhana Himalayan Salt N Pepper,Lay's Spanish Tomato Tango Potato Chips,0.5454036203522505
"Beyond Snack Kerala Banana Chips - Sour Cream, Onion & Parsley (70.0 GRAM)",Haldiram's Lite Chiwda (200.0 GRAM),0.5452691476989533
Maggi Chicken Instant Noodles,Ferrero Rocher Moments Pack,0.5452404158544509
Sweet Karam Coffee Onion Kodubale / Ring Murukku | No Palm Oil and No Maida,Sweet Karam Coffee Indian Masala Tapioca Chips | No Palm Oil,0.5450171821305841
Lay's India's Magic Masala Potato Chips (67.0 GRAM),YiPPee! Magic Masala Noodles with Added Veggies - The Better Noodles,0.544560823075146
Nutraj Cashew/Kaju,Haldirams Namkeen - Khara Boondi,0.5441337719298246
Brooke Bond Red Label Tea,Haldiram's Mini Bhakarwadi,0.5438393634216089
Tata Sampann Unpolished Toor Dal-Arhar Dal,Cheetos Masala Balls (28.0 GRAM),0.5434287642524775
Tata Sampann Unpolished Moong Dal,Haldiram's Moong Dal,0.543312404870624
Dabur Hommade Ginger Garlic Paste (200.0 GRAM),Uncle Chipps - Spicy Treat,0.5432668120073788
Organic Tattva Brown Sugar Pouch,Coca-Cola Zero Sugar Soft Drink,0.5421188630490955
Let's Try Soya Sticks (160.0 GRAM),YiPPee! Magic Masala Noodles with Added Veggies - The Better Noodles,0.542079515651078
Tata Sampann Unpolished Moong Dal,Bhagirathi Jowar Atta (500.0 GRAM),0.5420098396501458
Superyou Cheese Protein Wafer Bar (40.0 GRAM),YiPPee! Magic Masala Noodles with Added Veggies - The Better Noodles,0.5419369881710645
Crax Double Mazza Roasted Chana Peanuts Namkeen Snacks (160.0 GRAM),Lay's Spanish Tomato Tango Potato Chips,0.541441850712888
"Taali Roasted Bharuchi Peanuts | Salted | Protein Rich, No Palm Oil ,Restaurant-Style Crunch (150.0 GRAM)",Everest Cumin Powder (50.0 GRAM),0.5408510638297872
Everest Kanda Lasoon Masala,"Paper Boat Mango | Juicy Sips, Chewy Bites | Refreshing Summer Juice Drink",0.540274193548387
Tata Sampann Unpolished Moong Dal,Let's Try Namkeen Combo Pack Of 6 (Crunchy Party Mix Peanut Party Mix Aloo Bhujia),0.540188383045526
Satyam Nighties Spices Jeera,Haldiram's Salted Peanut,0.540035728463676
MOM Roasted Makhana Himalayan Salt N Pepper,Heka Bites Roasted Jowar Puffs Majestic Masala - Low Calorie & Healthy Snacks,0.5398551678736011
Maggi Chicken Instant Noodles,The Healthy Binge Quinoa Baked Chips Smokey Bbq -High Protein And Fibre (40.0 GRAM),0.5397476105137397
Superyou Cheese Protein Wafer Bar (40.0 GRAM),Sunfeast Dark Fantasy Bourbon Chocolate Cream Biscuits | Trans Fat-free,0.53962711186644
Fortune Suji,MAGGI 2-Minute Instant Noodles | Masala Noodles | Made With Quality Spices,0.5394768205385135
Bhagirathi Jowar Atta (500.0 GRAM),YiPPee! Magic Masala Noodles with Added Veggies - The Better Noodles,0.539398641622254
Too Yumm! Sour Cream & Onion Veggie Stix | Munching Snack | On-the-Go Munchies,Chheda's Yellow Banana Chips (170.0 GRAM),0.5392367827208253
Dabur Hommade Ginger Garlic Paste (200.0 GRAM),Haldirams Soya Sticks,0.5391291573627923
Farmley Peri Peri Makhana Roasted In Olive Oil,Crax Aloo Bhujia Namkeen Snacks (160.0 GRAM),0.5388151425762046
Maggi Pazzta Instant Pasta - Cheesy Tomato Twist (68.0 GRAM),Korean Nongshim Shin Ramyun Noodle Soup Veg,0.5387043189368771
Crax Aloo Bhujia Namkeen Snacks (160.0 GRAM),Lay's Spanish Tomato Tango Potato Chips,0.538286458964723
Maggi Chicken Instant Noodles,Chheda's Golden Plain Salted Chips (170.0 GRAM),0.5381618338893166
Lay's Classic Salted Potato Chips,Haldiram's Moong Dal,0.5381380010147133
Garden Onion Pakoda Namkeen,Palekar Knot Premium Salty Khari | Preservative-free,0.5379042304051024
Bevzilla Assorted Instant Coffee Powder,Chheda's Golden Plain Salted Chips (170.0 GRAM),0.5376639968551914
Paper Boat Zero Sugar Green Apple Sparkling Water | Sugar Free Cold Drink,Haldiram's Salted Peanut,0.5375613379552513
Paper Boat Zero Sugar Green Apple Sparkling Water | Sugar Free Cold Drink,Peppy Cheese Balls (55.0 GRAM),0.5375395407536098
Dehaat Honest Farms Pesticide Free Poha | Thick,Lal Sweets Motichoor Laddu,0.5375
Nestle Nan Excellapro Stage 2 Follow-Up Formula 6+ Months,The Healthy Binge Quinoa Baked Chips Smokey Bbq -High Protein And Fibre (40.0 GRAM),0.5375
Britannia Nutrichoice High-Fibre Digestive Biscuits,YiPPee! Magic Masala Noodles with Added Veggies - The Better Noodles,0.5373390183260699
"Vicks Vaporub - Relief for Cold, Cough, Congestion",Bhagirathi Rajgira Peeth | Amaranth Flour,0.5372986654394846
Dabur Hommade Ginger Garlic Paste (200.0 GRAM),Britannia Good Day Chunkies Chocochip Cookies,0.536924075275795
Namaskaram Plain Boondi,Piknik Classic Tomato Chilli,0.536792297564187
Namaskaram Plain Boondi,Lal Sweets Motichoor Laddu,0.536792297564187
Balaji Rumbles Pudina Twist Wafers,Balaji Tomato Wafers (135.0 GRAM),0.5367664877964342
MOM Roasted Makhana Himalayan Salt N Pepper,Lay's Classic Salted Potato Chips,0.5366666666666666
Haldirams Kaju - Salted,Lal Sweets Motichoor Laddu,0.5363966275659824
Fortune Suji,Uncle Chipps - Spicy Treat,0.5363589630608798
Balaji Rumbles Pudina Twist Wafers,Too Yumm! Dahi Papdi Chaat Multigrain Healthy Chips High Protein Crunchy Crisps,0.5357798165137615
Orbit Sugar-Free Mixed Fruit Chewing Gum Pot (19800.0 MILLIGRAM),YiPPee! Magic Masala Noodles with Added Veggies - The Better Noodles,0.5356916503752286
Britannia Good Day Chunkies Chocochip Cookies,MAGGI 2-Minute Instant Noodles | Masala Noodles | Made With Quality Spices,0.5356259152653639
Let's Try Combo Pack | Aloo Bhujia | Navratan | Peanut Party | Crunchy Party,YiPPee! Magic Masala Noodles with Added Veggies - The Better Noodles,0.5355206121726823
Bingo! Cheese Nachos with Free Dip,YiPPee! Magic Masala Noodles with Added Veggies - The Better Noodles,0.5351188712783291
Too Yumm! Dahi Papdi Chaat Multigrain Healthy Chips High Protein Crunchy Crisps,Crax Crunchy Pipes Salted Puff Snacks,0.5348632203037238
Beyond Snack Kerala Banana Chips - Original Style (25.0 GRAM),Crax Crunchy Pipes Salted Puff Snacks,0.5346202111168524
Everest Turmeric Powder (200.0 GRAM),YiPPee! Magic Masala Noodles with Added Veggies - The Better Noodles,0.5343040728447115
"Disano Penne Pasta, 100% Durum Wheat, No Maida (800.0 GRAM)",YiPPee! Magic Masala Noodles with Added Veggies - The Better Noodles,0.5340979767703259
Lets Try Crunchy Party Mix (180.0 GRAM),YiPPee! Magic Masala Noodles with Added Veggies - The Better Noodles,0.5339501704947565
Maggi Pazzta Instant Pasta - Cheesy Tomato Twist (68.0 GRAM),RiteBite Max Protein 10g Protein Bar Choco Almond,0.5336526312194789
Paper Boat Zero Sugar Green Apple Sparkling Water | Sugar Free Cold Drink,Haldiram's Masala Tasty Nuts (200.0 GRAM),0.5333960248908702
Crax Double Mazza Roasted Chana Peanuts Namkeen Snacks (160.0 GRAM),Crax Fritts Cream and Onion Corn & Potato Stick Snacks,0.5332476297605657
Maggi Pazzta Instant Pasta - Cheesy Tomato Twist (68.0 GRAM),Bingo! Mad Angles Masala Madness Crisps,0.533229280474481
Dabur Hommade Ginger Garlic Paste (200.0 GRAM),MAGGI 2-Minute Instant Noodles | Masala Noodles | Made With Quality Spices,0.5332275902716382
Tata Sampann 100% Pure California Almonds/Badam Giri Whole Premium Quality,Lal Sweets Motichoor Laddu,0.5331653225806451
"Beyond Snack Kerala Banana Chips - Sour Cream, Onion & Parsley (70.0 GRAM)",Piknik Classic Tomato Chilli,0.5331653225806451
Dehaat Honest Farms Pesticide Free Poha | Thick,Chheda's Yellow Banana Chips (170.0 GRAM),0.5330068327279016
Maggi Pazzta Instant Pasta - Cheesy Tomato Twist (68.0 GRAM),Tata Sampann Unpolished Moong Dal,0.5328488372093023
"Wai Wai Ready to Eat Noodles, Chicken Masala Pack | 6 in 1",Crax Crunchy Pipes Salted Puff Snacks,0.5319801113088679
Dabur Hommade Ginger Garlic Paste (200.0 GRAM),Lay's India's Magic Masala Potato Chips (67.0 GRAM),0.531931018482716
Nutraj Cashew/Kaju,Parle Shakti Milk Glucose Biscuits | Cholesterol-free and Trans Fat-free,0.5317046149144253
Everest Coriander Powder (200.0 GRAM),Everest Turmeric Powder (200.0 GRAM),0.5316359696641386
Maggi Pazzta Instant Pasta - Cheesy Tomato Twist (68.0 GRAM),ACT II Ready to Eat Popcorn - Sour Cream & Cheese Popcorn (50.0 GRAM),0.5315868263473054
"Tetley Ginger, Mint, and Lemon Green Tea",Cornitos Nacho Chips - Peri Peri (55.0 GRAM),0.5315439356435644
Too Yumm! Dahi Papdi Chaat Multigrain Healthy Chips High Protein Crunchy Crisps,The Healthy Binge Ragi Baked Chips Chatpata Chaat- High Protein & Fibre (40.0 GRAM),0.5314970355731226
Whiskas Adult Ocean Fish Flavour Dry Cat Food,Parle Krack Jack Sweet and Salty Plain Crackers | Artificial Colour-free,0.5314203730272596
Fortune Suji,Britannia Marie Gold Biscuits Plain | Trans Fat-free,0.5312091503267974
Everest Dry Ginger Powder (100.0 GRAM),YiPPee! Magic Masala Noodles with Added Veggies - The Better Noodles,0.5312018975583863
"Wai Wai Ready to Eat Noodles, Chicken Masala Pack | 6 in 1",Haldiram's Soan Papdi,0.5310244086325511
Namaskaram Plain Boondi,Charliee Rajgira Laddu,0.5309337433603578
Britannia Treat Croissant - With Cocoa Creme Filling 100% VEG (45.0 GRAM),MAGGI 2-Minute Instant Noodles | Masala Noodles | Made With Quality Spices,0.530868711412678
Tata Tea Agni Tea,Rajdhani Roasted Chana (200.0 GRAM),0.5306587722880087
Haldiram's Mathri (200.0 GRAM),Crax Crunchy Pipes Salted Puff Snacks,0.5303432494279176
Kurkure Playz Puffcorn Yummy Cheese,YiPPee! Magic Masala Noodles with Added Veggies - The Better Noodles,0.5302677555258273
Garden Onion Pakoda Namkeen,YiPPee! Magic Masala Noodles with Added Veggies - The Better Noodles,0.5301399185548711
Fortune Soya Chunks (200.0 GRAM),Sunfeast All Rounder Crunchy Potato Chatpata Masala Flavoured Crackers | Trans Fat-free,0.529997763864043
Daily Good Medium Poha | Avalakki | Indori Poha,"Paper Boat Mango | Juicy Sips, Chewy Bites | Refreshing Summer Juice Drink",0.5299340175953079
Bingo! Original Style Potato Chips - Korean Style,MAGGI 2-Minute Instant Noodles | Masala Noodles | Made With Quality Spices,0.5299151977864316
Orbit Sugar Free Spearmint Chewing Gum Tube (19800.0 MILLIGRAM),YiPPee! Magic Masala Noodles with Added Veggies - The Better Noodles,0.5297623260202877
Nescafe Cafe Style Iced Frappe Cold Coffee,Society Natural Tea (250.0 GRAM),0.5295037875983912
Everest Coriander Powder (200.0 GRAM),Om Shanthi Havan Samagri | Cycle,0.5291071428571429
"Taali Roasted Bharuchi Peanuts | Salted | Protein Rich, No Palm Oil ,Restaurant-Style Crunch (150.0 GRAM)",Haldiram's Mini Bhakarwadi,0.5288650630520526
ZOFF Black Mustard Seeds Whole - Rai (200.0 GRAM),Crax Crunchy Pipes Salted Puff Snacks,0.5282715961098398
Dabur Hommade Ginger Garlic Paste (200.0 GRAM),Britannia Marie Gold Biscuits Plain | Trans Fat-free,0.5282679345209437
Too Yumm! Sour Cream & Onion Veggie Stix | Munching Snack | On-the-Go Munchies,Crax Curls Chatpata Masala Puff Snacks,0.5281614733911554
Daily Good Poha / Avalakki Thick,Haldiram Aloo Bhujia ,0.5279987996227385
MOM Roasted Makhana Himalayan Salt N Pepper,MAGGI 2-Minute Instant Noodles | Masala Noodles | Made With Quality Spices,0.5279741164758587
Too Yumm! Chili Chataka Veggie Stix | Munching Snack | On-the-Go Munchies (75.0 GRAM),Modern Kitchens Spicy Murukku (150.0 GRAM),0.5276489117983963
Crax Aloo Bhujia Namkeen Snacks (160.0 GRAM),Crax Fritts Cream and Onion Corn & Potato Stick Snacks,0.5274963417183471
Sunfeast Dark Fantasy Crunchy Choco Cookies with Vanilla Fills Centre Fills | Artificial Flavour-free,YiPPee! Magic Masala Noodles with Added Veggies - The Better Noodles,0.5273668789808916
Britannia Good Day Chunkies Chocochip Cookies,Britannia Marie Gold Biscuits Plain | Trans Fat-free,0.5272045932678822
Balaji Simply Salted Chips (135.0 GRAM),YiPPee! Magic Masala Noodles with Added Veggies - The Better Noodles,0.5270840533912671
Crax Natkhat Classic Wheat Puff Snacks,Crax Curls Chatpata Masala Puff Snacks,0.5269331908948969
Disano Rolled Oats 100% Whole Grain,YiPPee! Magic Masala Noodles with Added Veggies - The Better Noodles,0.5268831829440905
Mr Makhana Lime Chilli,Organic Tattva Brown Sugar Pouch,0.5266156462585034
Let's Try Pudina Rings (60.0 GRAM),Crax Crunchy Pipes Salted Puff Snacks,0.5264436667115358
Stroom Choco Almond Bliss Protein Bars (45.0 GRAM),Bhagirathi Rajgira Peeth | Amaranth Flour,0.5262678977652884
Sweet Karam Coffee Onion Kodubale / Ring Murukku | No Palm Oil and No Maida,Sweet Karam Coffee Classic Tapioca Chips | No Palm Oil,0.5260404734631539
Britannia Milk Bikis Glucose Biscuits | Trans Fat-free,Lay's American Cream & Onion Potato Chips (48.0 GRAM),0.525485498643148
Winkies Swiss Roll - Cream & Real Strawberry Jam,Top Ramen Noodles Curry Veg Pouch,0.5253966155473295
Satyam Poha Jada,Haldiram's Bhujia Sev (200.0 GRAM),0.5253829082441428
"Disano Penne Pasta, 100% Durum Wheat, No Maida (800.0 GRAM)",Bevzilla Assorted Instant Coffee Powder,0.5250312891113893
Everest Coriander Powder (200.0 GRAM),"Paper Boat Mango | Juicy Sips, Chewy Bites | Refreshing Summer Juice Drink",0.5249627791563276
Balaji Cream & Onion Wafers (135.0 GRAM),Balaji Tomato Wafers (135.0 GRAM),0.5246149027122641
Paper Boat Zero Sugar Green Apple Sparkling Water | Sugar Free Cold Drink,RiteBite Max Protein 10g Protein Bar Choco Almond,0.5242850871217282
"Beyond Snack Kerala Banana Chips - Sour Cream, Onion & Parsley (70.0 GRAM)",Balaji Tomato Wafers (135.0 GRAM),0.5242153483309143
Nissin Cup Noodles Super Hot Chilli,Nissin Geki - Hot and Spicy Korean Kimchi Flavoured Ramen Instant Noodles,0.5237508796622098
Mapro Rose Sharbat,RiteBite Max Protein 10g Protein Bar Choco Almond,0.523716756403981
Palekar Jeeo Butter | Toasted Buns With Jeera And Khari | Trans Fat-free,YiPPee! Magic Masala Noodles with Added Veggies - The Better Noodles,0.5235884934445245
Lay's India's Magic Masala Potato Chips (67.0 GRAM),MAGGI 2-Minute Instant Noodles | Masala Noodles | Made With Quality Spices,0.5234147545028374
"Beyond Snack Kerala Banana Chips - Sour Cream, Onion & Parsley (70.0 GRAM)",Kotton Multipurpose Napkin | 100% Virgin Pulp-Paper | 25 cm X 25 cm | 100Pcs,0.5233985765124555
Nescafe Cafe Style Iced Latte Cold Coffee (170.0 MILLILITRE),Cheetos Cheese Puffs (28.0 GRAM),0.5232812071800493
ACT II Ready to Eat Caramel Popcorn - Classic Caramel Bliss (35.0 GRAM),YiPPee! Magic Masala Noodles with Added Veggies - The Better Noodles,0.5229570787492762
Crax Double Mazza Roasted Chana Peanuts Namkeen Snacks (160.0 GRAM),Crax Fritts Peri Peri Corn & Potato Stick Snacks,0.5228021978021978
Bevzilla Assorted Instant Coffee Powder,YiPPee! Magic Masala Noodles with Added Veggies - The Better Noodles,0.5226563558747797
Unibic Wafer Belgium Chocolate Qubz Cubes Wafers | Maida-free,Haldiram Aloo Bhujia ,0.522622917513206
Cavin's Chilled Latte Cold Coffee,Haldiram's Soan Papdi,0.5225457127640689
Gits Gulab Jamun Instant Dessert Mix,YiPPee! Magic Masala Noodles with Added Veggies - The Better Noodles,0.5223917197452228
Catch Chatpata Chat Masala Carton (100.0 GRAM),Mr Makhana Super Snack - Pudina Party,0.5222675505694374
"Vicks Vaporub - Relief for Cold, Cough, Congestion",Paper Boat Chikki Family Pack,0.5222125435540069
Epigamia Turbo Cookies and Cream Protein Milkshake,Nissin Geki - Hot and Spicy Korean Kimchi Flavoured Ramen Instant Noodles,0.5221913236929923
Everest Kanda Lasoon Masala,Haldiram's Soan Papdi,0.522147582697201
TMI COLMAN Fresh Phool Makhana,Chheda's Golden Plain Salted Chips (170.0 GRAM),0.5218847273822673
Bevzilla Assorted Instant Coffee Powder,Haldiram's Moong Dal,0.5218441335535476
Colombian Brew Original Instant Coffee Sachets | 40 Sachets,YiPPee! Magic Masala Noodles with Added Veggies - The Better Noodles,0.5217953821656051
Beyond Snack Kerala Banana Chips - Desi Masala (70.0 GRAM),Crax Crunchy Pipes Salted Puff Snacks,0.5216490977979518
Let's Try Purani Delhi Methi Mathri,Cheetos Cheese Puffs (28.0 GRAM),0.5211631641986063
Heka Bites Roasted Quinoa Puffs Indian Chaat - Low Calorie & Healthy Snacks (40.0 GRAM),Heka Bites Roasted Jowar Puffs Majestic Masala - Low Calorie & Healthy Snacks,0.5211405529953916
Hershey's Milkshake Cashew Butterscotch Ice Cream Flavor,YiPPee! Magic Masala Noodles with Added Veggies - The Better Noodles,0.5210470821139611
Heka Bites Raw Premium Fox Nuts Makhana,Britannia Marie Gold Biscuits Plain | Trans Fat-free,0.5209935897435897
Unibic Wafer Belgium Chocolate Qubz Cubes Wafers | Maida-free,Bhagirathi Rajgira Peeth | Amaranth Flour,0.5209051134809953
Cavin's Chilled Latte Cold Coffee,YiPPee! Magic Masala Noodles with Added Veggies - The Better Noodles,0.5206561990816176
Smoodh Toffee Caramel Milk,Chheda's Yellow Banana Chips (170.0 GRAM),0.5203161938534279
Too Yumm! Aloo Bhujia | No Palm Oil | 35% Less Saturated Fat (200.0 GRAM),Chheda's Yellow Banana Chips (170.0 GRAM),0.5203161938534279
"Vicks Vaporub - Relief for Cold, Cough, Congestion",Piknik Classic Tomato Chilli,0.5201612903225806
Sweet Karam Coffee Indian Masala Tapioca Chips | No Palm Oil,Parle Melody Chocolaty Toffee (176.0 GRAM),0.5201321727917472
Lay's Classic Salted Potato Chips,YiPPee! Magic Masala Noodles with Added Veggies - The Better Noodles,0.5201302837290098
Stroom Choco Almond Bliss Protein Bars (45.0 GRAM),Charliee Rajgira Laddu,0.5199795977849023
Garden Onion Pakoda Namkeen,Coca-Cola Zero Sugar Soft Drink,0.5199008768585589
Paper Boat Zero Sugar Green Apple Sparkling Water | Sugar Free Cold Drink,YiPPee! Magic Masala Noodles with Added Veggies - The Better Noodles,0.519314301661304
Catch Turmeric Powder (200.0 GRAM),YiPPee! Magic Masala Noodles with Added Veggies - The Better Noodles,0.519314301661304
"Vicks Vaporub - Relief for Cold, Cough, Congestion",Charliee Rajgira Laddu,0.5191613765452723
Beyond Snack Kerala Banana Chips - Desi Masala (70.0 GRAM),Haldiram's Moong Dal,0.5191369114454675
Tata Tea Agni Tea,Kurkure Masala Munch,0.5190965633565254
Haldirams Soya Sticks,YiPPee! Magic Masala Noodles with Added Veggies - The Better Noodles,0.5190618887607201
Pintola High Protein Oats Dark Chocolate With Almonds Raisin Pumpkin And Chia Seeds,YiPPee! Magic Masala Noodles with Added Veggies - The Better Noodles,0.519007879823904
Crax Corn Rings Masala Mania Puff Snacks,YiPPee! Magic Masala Noodles with Added Veggies - The Better Noodles,0.5189508499790574
Haldirams Namkeen - Mini Samosa,YiPPee! Magic Masala Noodles with Added Veggies - The Better Noodles,0.5189321719323405
Lay's Classic Salted Potato Chips,MAGGI 2-Minute Instant Noodles | Masala Noodles | Made With Quality Spices,0.518907894273748
Heka Bites Raw Premium Fox Nuts Makhana,Daily Good Chilli With Stem / Guntur With Stem,0.5188501602564103
Heka Bites Raw Premium Fox Nuts Makhana,"Ching's Secret Veg Hakka Noodles, Cooks In 5-7 mins, Just Soak & Drain",0.5184108000362416
Mr Makhana Lime Chilli,Sweet Karam Coffee Kerala Nendran Banana Chips (65.0 GRAM),0.5183673469387755
"Taali Roasted Bharuchi Peanuts | Salted | Protein Rich, No Palm Oil ,Restaurant-Style Crunch (150.0 GRAM)",Daily Good Till - Sesame White (100.0 GRAM),0.5183042873944189
Satyam Nighties Spices Jeera,Crax Crunchy Pipes Salted Puff Snacks,0.5182899937591012
Parle Hide & Seek Milano Mixed Berries Centre Fills| Preservative-free,YiPPee! Magic Masala Noodles with Added Veggies - The Better Noodles,0.518245753715499
Smoodh Toffee Caramel Milk,YiPPee! Magic Masala Noodles with Added Veggies - The Better Noodles,0.5182457537154989
"Taali Roasted Protein Puffs | Smokey Bbq | Protein Rich,No Maida , No Palm Oil | Cheeseballs 2.0 (60.0 GRAM)",YiPPee! Magic Masala Noodles with Added Veggies - The Better Noodles,0.5182457537154989
Crax Corn Rings Masala Mania Puff Snacks,MAGGI 2-Minute Instant Noodles | Masala Noodles | Made With Quality Spices,0.5181968180226019
Paper Boat Zero Sugar Green Apple Sparkling Water | Sugar Free Cold Drink,Garden Sabudana Chivda Namkeen,0.5181410043232457
Too Yumm! Aloo Bhujia | No Palm Oil | 35% Less Saturated Fat (200.0 GRAM),ACT II Ready to Eat Popcorn - Sour Cream & Cheese Popcorn (50.0 GRAM),0.5180694167221114
Unibic Fruit & Nut cookies,Polka Pop Zero Sugar Blueberry Sparkling Water,0.517940429462018
Society Natural Tea (250.0 GRAM),YiPPee! Magic Masala Noodles with Added Veggies - The Better Noodles,0.5176396183310363
Malkist Cheese Crunchy Layered Crackers,Haldiram's Soan Papdi,0.5175690869282206
Beyond Snack Kerala Banana Chips - Desi Masala (70.0 GRAM),Too Yumm! Karare Munchy Masala | Spicy | No Palm Oil Crisps,0.517473531420765
Haldiram's All In One Mixture (400.0 GRAM),YiPPee! Magic Masala Noodles with Added Veggies - The Better Noodles,0.5174165605095542
Jatin Verna Plastic Cloth Hanging Clips Set of 12 pcs,YiPPee! Magic Masala Noodles with Added Veggies - The Better Noodles,0.5171191325117696
Britannia Good Day Chunkies Chocochip Cookies,YiPPee! Magic Masala Noodles with Added Veggies - The Better Noodles,0.5171191325117696
Superyou Cheese Protein Wafer Bar (40.0 GRAM),Heka Bites Raw Premium Fox Nuts Makhana,0.5171062271062271
Peppy Cheese Balls (55.0 GRAM),YiPPee! Magic Masala Noodles with Added Veggies - The Better Noodles,0.5170922655514263
Doritos Dinamita Fiery Lime And Chilli Rolled Tortilla Chips (56.0 GRAM),Aashirvaad 100% Chana Dal Besan (500.0 GRAM),0.5170909204974984
Stroom Cookie Crunch Delight 10G Protein Bars (45.0 GRAM),Piknik Classic Tomato Chilli,0.5170087976539589
Maggi Chicken Instant Noodles,Kotton Multipurpose Napkin | 100% Virgin Pulp-Paper | 25 cm X 25 cm | 100Pcs,0.5169368656913141
Nescafe Cafe Style Iced Latte Cold Coffee (170.0 MILLILITRE),MAGGI 2-Minute Instant Noodles | Masala Noodles | Made With Quality Spices,0.5167686733047105
"Vicks Vaporub - Relief for Cold, Cough, Congestion",Tata Sampann Chilli Powder with Natural Oils Lal Mirchi Powder,0.5167301829268293
Everest Coriander Powder (200.0 GRAM),YiPPee! Magic Masala Noodles with Added Veggies - The Better Noodles,0.5166511513963743
TMI COLMAN Fresh Phool Makhana,Haldiram's Salted Peanut,0.5165559141826466
Nutrela 100% Vegetarian Soya Chunks,Haldiram Aloo Bhujia ,0.5160241433021807
Haldiram's Mathri (200.0 GRAM),Chheda's Golden Plain Salted Chips (170.0 GRAM),0.5159334103156274
Yu 100% Whole Wheat Hakka Noodles,YiPPee! Magic Masala Noodles with Added Veggies - The Better Noodles,0.5159217817257433
Heka Bites Roasted Jowar Puffs Majestic Masala - Low Calorie & Healthy Snacks,YiPPee! Magic Masala Noodles with Added Veggies - The Better Noodles,0.515857524435704
"Yogabar Multigrain Energy Bars Chocolate Chunk with Nuts, Oats and Millets,Chia Seeds, Protein Bars",YiPPee! Magic Masala Noodles with Added Veggies - The Better Noodles,0.5158353083493803
Bhagirathi Rajgira Peeth | Amaranth Flour,Om Shanthi Havan Samagri | Cycle,0.5157962713387242
Let's Try Kerala Garlic Mix (180.0 GRAM),YiPPee! Magic Masala Noodles with Added Veggies - The Better Noodles,0.5157779167930442
Tulips Paper Stick Cotton Buds Jar (100.0 PIECE),YiPPee! Magic Masala Noodles with Added Veggies - The Better Noodles,0.5156706195355462
Sweet Karam Coffee Madras Mixture,Daily Good Medium Poha | Avalakki | Indori Poha,0.515625
Mapro Rose Sharbat,Crax Crunchy Pipes Salted Puff Snacks,0.5156114924993643
"Vicks Vaporub - Relief for Cold, Cough, Congestion","Wai Wai Ready to Eat Noodles, Chicken Masala Pack | 6 in 1",0.5155826558265582
Sweet Karam Coffee Kerala Nendran Banana Chips (65.0 GRAM),Korean Nongshim Kimchi Ramyun Noodle Soup Veg,0.5153780068728522
Balaji Rumbles Pudina Twist Wafers,Piknik Classic Tomato Chilli,0.5152300976620301
Nestle Nan Excellapro Stage 2 Follow-Up Formula 6+ Months,Haldiram's Salted Peanut,0.5151560336564064
Britannia Nutrichoice Oats Orange & Almond Biscuits | Maida-free and Trans Fat-free,Parle Hide & Seek Chocolate Chip Biscuits | Trans Fat-free,0.5149554772853893
Peppy Tomato Disc (55.0 GRAM),YiPPee! Magic Masala Noodles with Added Veggies - The Better Noodles,0.514839443597181
"Disano Penne Pasta, 100% Durum Wheat, No Maida (800.0 GRAM)",Crax Crunchy Pipes Salted Puff Snacks,0.5147449185623907
"Assorted Candy 20 Pcs, Tangy Imli, Kaccha & Real Aam, Chilli Guava No Refined Sugar (20.0 PIECE)",Uncle Chipps - Spicy Treat,0.5147315855181024
Crax Fritts Cream and Onion Corn & Potato Stick Snacks,Lay's Spanish Tomato Tango Potato Chips,0.5146141192967317
Open Secret Arabian Dates (Khajur) With Seed,YiPPee! Magic Masala Noodles with Added Veggies - The Better Noodles,0.5145173669981211
Britannia Nice Time Coconut Flavoured Biscuits | Artificial Flavour-free,Lay's American Cream & Onion Potato Chips (48.0 GRAM),0.5143836923337857
MOM Roasted Makhana Himalayan Salt N Pepper,Kinder Joy - Single Pack - Assorted,0.5143399638336348
Nutraj Cashew/Kaju,Haldiram's Panchratan Mixture,0.5139208225388601
Kellogg's Multigrain Chocos | More Chocolatey | No-Maida,YiPPee! Magic Masala Noodles with Added Veggies - The Better Noodles,0.5134248629832617
Mapro Rose Sharbat,Haldiram's Lite Chiwda (200.0 GRAM),0.512862970962323
"Disano Penne Pasta, 100% Durum Wheat, No Maida (800.0 GRAM)",Chheda's Golden Plain Salted Chips (170.0 GRAM),0.5128365711180546
Garden Onion Pakoda Namkeen,Lal Sweets Motichoor Laddu,0.5127710206240085
Beyond Snack Kerala Banana Chips - Peri Peri (70.0 GRAM),YiPPee! Magic Masala Noodles with Added Veggies - The Better Noodles,0.5127460028597426
Daily Good Coriander / Dhania Whole (200.0 GRAM),YiPPee! Magic Masala Noodles with Added Veggies - The Better Noodles,0.5126430969185746
Satyam Poha Jada,Britannia Nutrichoice High-Fibre Digestive Biscuits,0.5126017362995116
Winkies Fruit Cake Slice,YiPPee! Magic Masala Noodles with Added Veggies - The Better Noodles,0.512550745432911
Crax Corn Rings Masala Mania Puff Snacks,Cheetos Cheese Puffs (28.0 GRAM),0.5125387146728609
Lets Try Crunchy Party Mix (180.0 GRAM),The Whole Truth Double Cocoa Protein Bar,0.5124158249158249
Too Yumm! Bhoot Karare Spicy Chilli Flavour Crisps | No Palm Oil Snacks,Paper Boat Chikki Family Pack,0.512218045112782
Crax Double Mazza Roasted Chana Peanuts Namkeen Snacks (160.0 GRAM),Lay's Potato Chips - Sizzling Hot Spicy Flavour,0.5121580547112462
Paper Boat Zero Sugar Green Apple Sparkling Water | Sugar Free Cold Drink,Haldiram's Moong Dal,0.5121059486262141
Let's Try Potato Wafers | Vrat | Fasting Chips,YiPPee! Magic Masala Noodles with Added Veggies - The Better Noodles,0.5120785297749305
Maggi Chicken Instant Noodles,Modern Kitchens Butter Murukku,0.5116835921943449
Everest Powder - Tea Masala (100.0 GRAM),YiPPee! Magic Masala Noodles with Added Veggies - The Better Noodles,0.5116298504765776
Heka Bites Roasted Quinoa Puffs Indian Chaat - Low Calorie & Healthy Snacks (40.0 GRAM),YiPPee! Magic Masala Noodles with Added Veggies - The Better Noodles,0.5114267306402951
Crax Corn Rings Masala Mania Puff Snacks,Chheda's Golden Plain Salted Chips (170.0 GRAM),0.5114208731991641
Lay's Potato Chips - Chile Lemon Flavour,Lay's American Cream & Onion Potato Chips (48.0 GRAM),0.5113957987838584
Heka Bites Raw Premium Fox Nuts Makhana,Sunfeast All Rounder Crunchy Potato Chatpata Masala Flavoured Crackers | Trans Fat-free,0.5113119452662721
Lay's Classic Salted Potato Chips,RiteBite Max Protein 10g Protein Bar Choco Almond,0.5111876473991012
Beyond Snack Kerala Banana Chips - with Coconut Oil & Rock Salt,YiPPee! Magic Masala Noodles with Added Veggies - The Better Noodles,0.5111120064983625
"Taali Roasted Bharuchi Peanuts | Salted | Protein Rich, No Palm Oil ,Restaurant-Style Crunch (150.0 GRAM)",Parle Shakti Milk Glucose Biscuits | Cholesterol-free and Trans Fat-free,0.511075274410862
Namaskaram Plain Boondi,Haldiram's Soan Papdi,0.5109674404112791
Sunfeast Dark Fantasy Choco Rolls | Crunchy Wafer Rolls,YiPPee! Magic Masala Noodles with Added Veggies - The Better Noodles,0.5108422429481347
Heka Bites Raw Premium Fox Nuts Makhana,Britannia Treat Croissant - With Cocoa Creme Filling 100% VEG (45.0 GRAM),0.5106022267206478
Garden Onion Pakoda Namkeen,Paper Boat Chikki Family Pack,0.5105386416861828
Nescafe Cafe Style Iced Latte Cold Coffee (170.0 MILLILITRE),Kurkure Green Chutney Style (68.0 GRAM),0.5104137453790542
Too Yumm! Karare Chilli Achari Flavour | Tangy | No Palm Oil Crisps,YiPPee! Magic Masala Noodles with Added Veggies - The Better Noodles,0.509996859365702
Winkies Swiss Roll - Cream & Real Strawberry Jam,YiPPee! Magic Masala Noodles with Added Veggies - The Better Noodles,0.5097499216873761
Bingo! Original Style Potato Chips - Korean Style,Let's Try Namkeen Combo Pack Of 6 (Crunchy Party Mix Peanut Party Mix Aloo Bhujia),0.5097365869424693
Figaro Extra Virgin Olive Oil,YiPPee! Magic Masala Noodles with Added Veggies - The Better Noodles,0.5093615407946618
Bingo! Mad Angles Masala Madness Crisps,YiPPee! Magic Masala Noodles with Added Veggies - The Better Noodles,0.5092025392211345
Haldiram's Panchratan Mixture,YiPPee! Magic Masala Noodles with Added Veggies - The Better Noodles,0.5091160357743969
Modern Kitchens Boondi Masala,Haldiram's Mixture (400.0 GRAM),0.5090518300171948
Too Yumm! Dahi Papdi Chaat Multigrain Healthy Chips High Protein Crunchy Crisps,Piknik Classic Tomato Chilli,0.5089305351906159
Korean Nongshim Shin Ramyun Noodle Soup Veg,YiPPee! Magic Masala Noodles with Added Veggies - The Better Noodles,0.5088231036479444
Sweet Karam Coffee Garlic Murukku Sticks (95.0 GRAM),Parle Hide & Seek Milano Chocolate Flavoured Biscuits,0.5087521880470118
Let's Try Purani Delhi Methi Mathri,Sunfeast Dark Fantasy Bourbon Chocolate Cream Biscuits | Trans Fat-free,0.508664900529841
Too Yumm! Karare Munchy Masala | Spicy | No Palm Oil Crisps,YiPPee! Magic Masala Noodles with Added Veggies - The Better Noodles,0.5085286458333333
Britannia Good Day Oats Cookies Fruits and Nuts Dry Fruit Biscuits | Trans Fat-free,YiPPee! Magic Masala Noodles with Added Veggies - The Better Noodles,0.5080268233605454
Satyam Poha Jada,Kinder Joy - Single Pack - Assorted,0.5079211796946366
Moov Fast Pain Relief Spray (50.0 GRAM),YiPPee! Magic Masala Noodles with Added Veggies - The Better Noodles,0.5078808386411889
The Theatre Project Gourmet Popcorn - Piri Piri & Lime (60.0 GRAM),YiPPee! Magic Masala Noodles with Added Veggies - The Better Noodles,0.5077857476772045
Bevzilla Assorted Instant Coffee Powder,Crax Crunchy Pipes Salted Puff Snacks,0.5077754515799211
"Taali Roasted Protein Puffs | Smokey Bbq | Protein Rich,No Maida , No Palm Oil | Cheeseballs 2.0 (60.0 GRAM)",Haldiram Aloo Bhujia ,0.507745681110167
Winkies Swiss Roll - Cream & Real Strawberry Jam,Haldiram's Mixture (400.0 GRAM),0.507705844215986
Tata Tea Agni Tea,Candyman Choco Double Eclairs (75.0 PIECE),0.5076963534361851
Nissin Cup Noodles Super Hot Chilli,YiPPee! Magic Masala Noodles with Added Veggies - The Better Noodles,0.5076693097621214
Unibic Fruit & Nut cookies,Haldiram Aloo Bhujia ,0.5075647311168991
Sweet Karam Coffee Madras Mixture,Unibic Fruit & Nut cookies,0.5072831284153005
HELL Energy Drink Apple Flavoured Drink,YiPPee! Magic Masala Noodles with Added Veggies - The Better Noodles,0.5072192483172968
Haldiram's Mathri (200.0 GRAM),Kinder Creamy Milky And Cocoa With Extruded Rice (19.0 GRAM),0.5072124756335283
Catch Chatpata Chat Masala Carton (100.0 GRAM),Organic Tattva Brown Sugar Pouch,0.5072072072072072
Catch Masala Amchur Powder,YiPPee! Magic Masala Noodles with Added Veggies - The Better Noodles,0.5069795416782055
Candyman Choco Double Eclairs (75.0 PIECE),YiPPee! Magic Masala Noodles with Added Veggies - The Better Noodles,0.5069795416782055
"Britannia Jimjam Pops, Crunchy Cookie Vanilla Cream Biscuits",Britannia Marie Gold Biscuits Plain | Trans Fat-free,0.5068763440860214
Crax Fritts Cream and Onion Corn & Potato Stick Snacks,Kurkure Solid Masti Masala Twisteez (61.0 GRAM),0.5068693999456965
Let'S Try Roasted Chana (450.0 GRAM),YiPPee! Magic Masala Noodles with Added Veggies - The Better Noodles,0.5067291814107101
The Theatre Project TTP Kettle Cooked - Hot & Sweet Chilli (42.0 GRAM),Haldiram's Salted Peanut,0.5067001896696219
Haldiram's All In One Mixture,YiPPee! Magic Masala Noodles with Added Veggies - The Better Noodles,0.506473966511989
Superyou Cheese Protein Wafer Bar (40.0 GRAM),Sunfeast All Rounder Crunchy Potato Chatpata Masala Flavoured Crackers | Trans Fat-free,0.5064423076923077
MAGGI Pazzta Instant Pasta - Mushroom Penne (68.0 GRAM),YiPPee! Magic Masala Noodles with Added Veggies - The Better Noodles,0.5063215151344344
Lets Try Crunchy Party Mix (180.0 GRAM),Haldiram's Lite Chiwda (200.0 GRAM),0.5062024128978773
Smoodh Toffee Caramel Milk,Tata Sampann Chilli Powder with Natural Oils Lal Mirchi Powder,0.5061908143939394
"Tetley Ginger, Mint, and Lemon Green Tea",Daily Good Watermelon Seeds / Tarbuj Beej,0.5060496794871795
Satyam Poha Jada,Crax Crunchy Pipes Salted Puff Snacks,0.5057396966194059
Paper Boat Zero Sugar Green Apple Sparkling Water | Sugar Free Cold Drink,Crax Crunchy Pipes Salted Puff Snacks,0.5057396966194059
Satyam Poha Jada,Cheetos Cheese Puffs (28.0 GRAM),0.5057306072416393
Charliee Rajgira Laddu,Haldiram's Soan Papdi,0.5056729059918436
Top Ramen Noodles Curry Veg Pouch,Everest Coriander Powder (100.0 GRAM),0.5056716643949719
Mr Makhana Lime Chilli,Catch Chatpata Chat Masala Carton (100.0 GRAM),0.5056398234969663
Sugar Free D'Lite Choco Chip Biscuits | Trans Fat-free,Palekar Knot Premium Salty Khari | Preservative-free,0.5055692755825735
Mapro Rose Sharbat,The Healthy Binge Quinoa Baked Chips Smokey Bbq -High Protein And Fibre (40.0 GRAM),0.5055197132616488
Namaskaram Plain Boondi,Haldiram Aloo Bhujia ,0.5054930383368301
Heka Bites Raw Premium Fox Nuts Makhana,MAGGI 2-Minute Instant Noodles | Masala Noodles | Made With Quality Spices,0.5054111200452663
BORGES Durum Wheat Pasta Penne Rigate,YiPPee! Magic Masala Noodles with Added Veggies - The Better Noodles,0.5052896098726114
Sugar Free D'Lite Choco Chip Biscuits | Trans Fat-free,YiPPee! Magic Masala Noodles with Added Veggies - The Better Noodles,0.5052896098726114
Britannia Good Day Chunkies Chocochip Cookies,Lay's American Cream & Onion Potato Chips,0.5051771176164905
Rajdhani Roasted Chana (200.0 GRAM),YiPPee! Magic Masala Noodles with Added Veggies - The Better Noodles,0.5051256080518155
Let's Try Namkeen Combo Pack Of 6 (Crunchy Party Mix Peanut Party Mix Aloo Bhujia),YiPPee! Magic Masala Noodles with Added Veggies - The Better Noodles,0.505033334499895
Malkist Cheese Crunchy Layered Crackers,Lay's American Cream & Onion Potato Chips (48.0 GRAM),0.5048883489529098
Catch Peri Peri Sprinkler (90.0 GRAM),YiPPee! Magic Masala Noodles with Added Veggies - The Better Noodles,0.5048323342075683
"Disano Penne Pasta, 100% Durum Wheat, No Maida (800.0 GRAM)",Haldiram's Salted Peanut,0.5047392756229129
Charliee Rajgira Laddu,Chheda's Yellow Banana Chips (170.0 GRAM),0.5046354318468862
Everest Coriander Powder (200.0 GRAM),Haldiram Aloo Bhujia ,0.5043493889288282
Everest Turmeric Powder (200.0 GRAM),Everest Coriander Powder (200.0 GRAM),0.5043336944745395
Let's Try Purani Delhi Methi Mathri,Aashirvaad 100% Chana Dal Besan (500.0 GRAM),0.5042196097058941
Satyam Nighties Spices Jeera,The Whole Truth Double Cocoa Protein Bar,0.5042171717171717
"Britannia Jimjam Pops, Crunchy Cookie Vanilla Cream Biscuits",Let's Try Namkeen Combo Pack Of 6 (Crunchy Party Mix Peanut Party Mix Aloo Bhujia),0.5041758241758241
"Beyond Snack Kerala Banana Chips - Sour Cream, Onion & Parsley (70.0 GRAM)",Beyond Snack Kerala Banana Chips - Hot & Sweet Chilli (70.0 GRAM),0.5040693681318682
Fortune Suji,YiPPee! Magic Masala Noodles with Added Veggies - The Better Noodles,0.5040193996919362
Sunfeast Nice Biscuit Coconut Flavoured Biscuits | Trans Fat-free,MAGGI 2-Minute Instant Noodles | Masala Noodles | Made With Quality Spices,0.5039752929996832
"B Natural Orange Juice, 100% Pulp, No Concentrate",YiPPee! Magic Masala Noodles with Added Veggies - The Better Noodles,0.5039493191302439
Crax Corn Rings Masala Mania Puff Snacks,Kurkure Solid Masti Masala Twisteez (61.0 GRAM),0.5038744233325514
Everest Coriander Powder,Haldiram's Mini Bhakarwadi,0.5038511749347259
Crax Natkhat Classic Wheat Puff Snacks,Kurkure Solid Masti Masala Twisteez (61.0 GRAM),0.5038091419406575
Lay's India's Magic Masala Potato Chips (67.0 GRAM),Sunfeast Dark Fantasy Bourbon Chocolate Cream Biscuits | Trans Fat-free,0.5037375315902639
YiPPee! Suji Tricolor Creamy Corn Pasta,YiPPee! Magic Masala Noodles with Added Veggies - The Better Noodles,0.5035492323414773
Satyam Nighties Spices Tamarind,Crax Crunchy Pipes Salted Puff Snacks,0.5033350283922366
Modern Kitchens Butter Murukku,YiPPee! Magic Masala Noodles with Added Veggies - The Better Noodles,0.5031999092527909
Orbit Sugar Free Sweetmint Chewing Gum Tube (19800.0 MILLIGRAM),YiPPee! Magic Masala Noodles with Added Veggies - The Better Noodles,0.5031059901238102
Palekar Tea Time Ajwain Rusk | Trans Fat-free,YiPPee! Magic Masala Noodles with Added Veggies - The Better Noodles,0.5031059901238102
Everest Coriander Powder (200.0 GRAM),Lal Sweets Motichoor Laddu,0.5030893300248139
Veeba Chef'S Special Veg Mayonnaise Smart,Piknik Classic Tomato Chilli,0.5030893300248139
Everest Turmeric Powder (200.0 GRAM),Om Shanthi Havan Samagri | Cycle,0.5030243963782695
Pulse Guava 50 Candies,YiPPee! Magic Masala Noodles with Added Veggies - The Better Noodles,0.503003231547396
Sweet Karam Coffee Onion Kodubale / Ring Murukku | No Palm Oil and No Maida,Parle Hide & Seek Milano Chocolate Flavoured Biscuits,0.502781107648046
Daadi'S Besan Laddoo Pure Ghee,Crax Crunchy Pipes Salted Puff Snacks,0.5027212051868802
Daadi'S Besan Laddoo Pure Ghee,YiPPee! Magic Masala Noodles with Added Veggies - The Better Noodles,0.502698381104034
Bingo! Mad Angles Masala Madness Crisps,Cheetos Cheese Puffs (28.0 GRAM),0.5026028196104109
ACT II Ready to Eat Caramel Popcorn - Classic Caramel Bliss (35.0 GRAM),Society Natural Tea (250.0 GRAM),0.5025835843818299
Nissin Cup Noodles Italiano,Nissin Geki - Hot and Spicy Korean Kimchi Flavoured Ramen Instant Noodles,0.5025078369905955
Crax Fritts Cream and Onion Corn & Potato Stick Snacks,Lay's Potato Chips - Sizzling Hot Spicy Flavour,0.5024794772993803
Nescafe Cafe Style Iced Latte Cold Coffee (170.0 MILLILITRE),Haldiram's Moong Dal,0.502324149607511
The Theatre Project TTP Kettle Cooked - Hot & Sweet Chilli (42.0 GRAM),Crax Crunchy Pipes Salted Puff Snacks,0.5022189862006795
Lets Try Lite Mixture (180.0 GRAM),YiPPee! Magic Masala Noodles with Added Veggies - The Better Noodles,0.5022094700156231
Balaji Rumbles Pudina Twist Wafers,Haldiram's Lite Chiwda (200.0 GRAM),0.5021083083995482
Crax Cheese Balls Puff Snacks (65.0 GRAM),YiPPee! Magic Masala Noodles with Added Veggies - The Better Noodles,0.5020802898381348
Paper Boat Zero Sugar Green Apple Sparkling Water | Sugar Free Cold Drink,The Whole Truth Double Cocoa Protein Bar,0.502061855670103
Nutrela Soya Granules (200.0 GRAM),YiPPee! Magic Masala Noodles with Added Veggies - The Better Noodles,0.5018260862710475
Haldiram's Mini Bhakarwadi,YiPPee! Magic Masala Noodles with Added Veggies - The Better Noodles,0.5017376644326554
Britannia Milk Bikis Glucose Biscuits | Trans Fat-free,Doritos Nacho Chips - Sweet Chilli Flavour,0.5014554411106136
Brooke Bond Red Label Tea,Rajdhani Roasted Chana (200.0 GRAM),0.501346192485433
Too Yumm! Noodles Masala | Spicy No Palm Oil Crisps (67.0 GRAM),YiPPee! Magic Masala Noodles with Added Veggies - The Better Noodles,0.5012597724900411
Crax Corn Rings Masala Mania Puff Snacks,Haldiram's Moong Dal,0.5012483735249553
Kurkure Yummy PuffCorn Yummy Cheese Chips,Kurkure Green Chutney Style (68.0 GRAM),0.5010045990064942
Whiskas Adult Ocean Fish Flavour Dry Cat Food,Kurkure Green Chutney Style (68.0 GRAM),0.500863738783255
Haldiram's Mathri (200.0 GRAM),Modern Kitchens Spicy Murukku (150.0 GRAM),0.5006529209621994
Dehaat Honest Farms Pesticide Free Poha | Thick,YiPPee! Magic Masala Noodles with Added Veggies - The Better Noodles,0.5005495572471648
Nestle Nan Excellapro Stage 2 Follow-Up Formula 6+ Months,YiPPee! Magic Masala Noodles with Added Veggies - The Better Noodles,0.5005495572471648
Cavin's Masala Buttermilk,Charliee Rajgira Laddu,0.5005435964340075
Namaskaram Plain Boondi,"Ritebite Max Protein Peri Peri 10G Multigrain Protein Chips, Healthy Snacks & Munchies",0.5005420918367347
"Farmley Seed Mix Superfood Rich In Protein- Pumpkin, Watermelon, Sunflower, Flax, Chia Seeds",YiPPee! Magic Masala Noodles with Added Veggies - The Better Noodles,0.5004310559315286
Everest Coriander Powder (200.0 GRAM),Everest Sambhar Masala,0.5004174120453191
Too Yumm! Aloo Bhujia | No Palm Oil | 35% Less Saturated Fat (200.0 GRAM),"Paper Boat Mango | Juicy Sips, Chewy Bites | Refreshing Summer Juice Drink",0.5002538829151733
Crax Natkhat Classic Wheat Puff Snacks,Lay's Potato Chips - Sizzling Hot Spicy Flavour,0.500247402276101
Crax Double Mazza Roasted Chana Peanuts Namkeen Snacks (160.0 GRAM),Tata Sampann 100% Chana Dal Fine Besan,0.5002400960384153
Unibic Wafer Belgium Chocolate Qubz Cubes Wafers | Maida-free,YiPPee! Magic Masala Noodles with Added Veggies - The Better Noodles,0.5002198144558294
Haldiram's Mathri (200.0 GRAM),Kotton Multipurpose Napkin | 100% Virgin Pulp-Paper | 25 cm X 25 cm | 100Pcs,0.5001364175563464
Stroom Cookie Crunch Delight 10G Protein Bars (45.0 GRAM),Lay's Spanish Tomato Tango Potato Chips,0.5000233499377336
Sunfeast Nice Biscuit Coconut Flavoured Biscuits | Trans Fat-free,Cheetos Cheese Puffs (28.0 GRAM),0.4999940608172315
Heka Bites Roasted Jowar Puffs Cheesy Salsa - Low Calorie & Healthy Snacks (40.0 GRAM),Heka Bites Roasted Jowar Puffs Majestic Masala - Low Calorie & Healthy Snacks,0.4998881223195972
"Taali Roasted Bharuchi Peanuts | Salted | Protein Rich, No Palm Oil ,Restaurant-Style Crunch (150.0 GRAM)",Haldiram's Panchratan Mixture,0.49986219821408884
Unibic Fruit & Nut cookies,Daily Good Watermelon Seeds / Tarbuj Beej,0.49970575872215217
Everest Pav Bhaji Masala (100.0 GRAM),YiPPee! Magic Masala Noodles with Added Veggies - The Better Noodles,0.4996121985257282
Beyond Snack Kerala Banana Chips - Desi Masala (70.0 GRAM),YiPPee! Magic Masala Noodles with Added Veggies - The Better Noodles,0.4995549232536285
"Aashirvaad Chilli Powder, Red Hot Chilli Powder with No Added Flavours and Colours",YiPPee! Magic Masala Noodles with Added Veggies - The Better Noodles,0.4994004535803898
Chheda's Farali Potato Chivda (170.0 GRAM),Daily Good Raw Peanut - Singdana,0.49933076794378445
Britannia Treat Croissant - With Cocoa Creme Filling 100% VEG (45.0 GRAM),YiPPee! Magic Masala Noodles with Added Veggies - The Better Noodles,0.4991524891049279
Bevzilla Assorted Instant Coffee Powder,The Healthy Binge Quinoa Baked Chips Smokey Bbq -High Protein And Fibre (40.0 GRAM),0.4991334934797529
Everest Sabji Masala,YiPPee! Magic Masala Noodles with Added Veggies - The Better Noodles,0.4990514665408508
Let's Try Purani Delhi Methi Mathri,Let's Try Namkeen Combo Pack Of 6 (Crunchy Party Mix Peanut Party Mix Aloo Bhujia),0.4989239926739927
BORGES Durum Wheat Pasta Penne Rigate,Let's Try Namkeen Combo Pack Of 6 (Crunchy Party Mix Peanut Party Mix Aloo Bhujia),0.4989239926739927
Nissin Geki - Hot and Spicy Korean Chicken Flavoured Ramen Instant Noodles,YiPPee! Magic Masala Noodles with Added Veggies - The Better Noodles,0.4988827255547001
Let's Try Salted Peanuts,YiPPee! Magic Masala Noodles with Added Veggies - The Better Noodles,0.4988391042146632
Farmley Peri Peri Makhana Roasted In Olive Oil,Lay's India's Magic Masala Potato Chips,0.4988192924872356
The Theatre Project Gourmet Popcorn - Piri Piri & Lime (60.0 GRAM),Crax Crunchy Pipes Salted Puff Snacks,0.49871727583817943
Satyam Singdana,YiPPee! Magic Masala Noodles with Added Veggies - The Better Noodles,0.49868931017906504
Hindalco Fresh wrapp Aluminium Foil - 9 m,YiPPee! Magic Masala Noodles with Added Veggies - The Better Noodles,0.498689310179065
Nutrela 100% Vegetarian Soya Chunks,Unibic Fruit & Nut cookies,0.4986851092896175
The Healthy Binge Ragi Baked Chips Chatpata Chaat- High Protein & Fibre (40.0 GRAM),Crax Crunchy Pipes Salted Puff Snacks,0.49863794647298776
Bevzilla Assorted Instant Coffee Powder,Haldiram's Salted Peanut,0.49854362166682153
Haldiram's Ratlami Sev (200.0 GRAM),YiPPee! Magic Masala Noodles with Added Veggies - The Better Noodles,0.4985162907054182
Smoodh Toffee Caramel Milk,"Wai Wai Ready to Eat Noodles, Chicken Masala Pack | 6 in 1",0.49822297044519265
Fevikwik Instant Adhesive (3 gm),YiPPee! Magic Masala Noodles with Added Veggies - The Better Noodles,0.49819373817664303
Mapro Rose Sharbat,Maggi Special Masala Instant Noodles,0.4981171950048031
Britannia Good Day Chunkies Chocochip Cookies,Sunfeast Dark Fantasy Bourbon Chocolate Cream Biscuits | Trans Fat-free,0.49808774758876684
Satyam Nighties Spices Jeera,Satyam Poha Jada,0.4979756326148078
Too Yumm! Aloo Bhujia | No Palm Oil | 35% Less Saturated Fat (200.0 GRAM),Tata Sampann Chilli Powder with Natural Oils Lal Mirchi Powder,0.4979600694444445
Scotch-Brite Scrub Sponge (Pack of 3),YiPPee! Magic Masala Noodles with Added Veggies - The Better Noodles,0.4977479739043634
The Healthy Binge Ragi Baked Chips Chatpata Chaat- High Protein & Fibre (40.0 GRAM),YiPPee! Magic Masala Noodles with Added Veggies - The Better Noodles,0.49751592356687896
Everest Shahi Biryani Masala (50.0 GRAM),YiPPee! Magic Masala Noodles with Added Veggies - The Better Noodles,0.4975159235668789
"Cheetos Masala Balls, Crispy Chips & Snacks (84.0 GRAM)",YiPPee! Magic Masala Noodles with Added Veggies - The Better Noodles,0.4975159235668789
"Britannia Jimjam Pops, Crunchy Cookie Vanilla Cream Biscuits",YiPPee! Magic Masala Noodles with Added Veggies - The Better Noodles,0.4975159235668789
Brooke Bond Red Label Tea,Modern Kitchens Butter Murukku,0.497420634920635
Balaji Simply Salted Chips (135.0 GRAM),Cheetos Cheese Puffs (28.0 GRAM),0.49741011218251713
Crax Mast Matar Green Peas Namkeen Snacks,Fortune Suji,0.49722459031921945
Daily Good Till - Sesame White (100.0 GRAM),Let's Try Namkeen Combo Pack Of 6 (Crunchy Party Mix Peanut Party Mix Aloo Bhujia),0.4972085703241482
Stroom Cookie Crunch Delight 10G Protein Bars (45.0 GRAM),Crax Crunchy Pipes Salted Puff Snacks,0.49719679633867286
"Beyond Snack Kerala Banana Chips - Sour Cream, Onion & Parsley (70.0 GRAM)",Crax Crunchy Pipes Salted Puff Snacks,0.49719679633867275
Palekar Knot Premium Salty Khari | Preservative-free,YiPPee! Magic Masala Noodles with Added Veggies - The Better Noodles,0.4971378719532263
Daily Good Poha / Avalakki Thick,Cornitos Nacho Chips - Cheese And Herbs (55.0 GRAM),0.4970967367320869
Daily Good Till - Sesame White (100.0 GRAM),YiPPee! Magic Masala Noodles with Added Veggies - The Better Noodles,0.496890903562398
Farmley Cream And Onion Makhana Roasted In Olive Oil,Tata Tea Agni Tea,0.496832997311828
Britannia Treat Croissant - With Cocoa Creme Filling 100% VEG (45.0 GRAM),Kurkure Solid Masti Masala Twisteez (61.0 GRAM),0.49680127041742284
Catch Black Pepper Sprinkler (50.0 GRAM),YiPPee! Magic Masala Noodles with Added Veggies - The Better Noodles,0.4967336658254216
Charliee Rajgira Laddu,Piknik Classic Tomato Chilli,0.4966471498011489
Crax Aloo Bhujia Namkeen Snacks (160.0 GRAM),Kurkure Schezwan Chutney (68.0 GRAM),0.4966013355773929
Top Ramen Noodles Curry Veg Pouch,YiPPee! Magic Masala Noodles with Added Veggies - The Better Noodles,0.49651286726936505
The Healthy Binge Quinoa Baked Chips Smokey Bbq -High Protein And Fibre (40.0 GRAM),YiPPee! Magic Masala Noodles with Added Veggies - The Better Noodles,0.49651286726936505
Beyond Snack Kerala Banana Chips - Desi Masala (70.0 GRAM),Haldiram's Masala Tasty Nuts (200.0 GRAM),0.4964997784669916
The Theatre Project Gourmet Popcorn - Cheddar Cheese (60.0 GRAM),YiPPee! Magic Masala Noodles with Added Veggies - The Better Noodles,0.49647072204678044
Britannia Good Day Chunkies Chocochip Cookies,Lay's India's Magic Masala Potato Chips (67.0 GRAM),0.49633644965082224
Satyam Nighties Spices Jeera,RiteBite Max Protein 10g Protein Bar Choco Almond,0.49615271659324517
Mr Makhana Piri Piri,YiPPee! Magic Masala Noodles with Added Veggies - The Better Noodles,0.4961184069276461
Stroom Cookie Crunch Delight 10G Protein Bars (45.0 GRAM),Om Shanthi Havan Samagri | Cycle,0.4960379464285715
Britannia Good Day Chunkies Chocochip Cookies,Kurkure Playz Puffcorn Yummy Cheese,0.4960082458770615
Cornitos Nachos Peri Peri (150.0 GRAM),Haldiram's Mixture (400.0 GRAM),0.49570974576271176
The Belgian Waffle Co Classic Chocolate Wafers | Preservative-free,Scotch-Brite Scrub Sponge (Pack of 3),0.49555889033095385
Everest Tikhalal Powder Pouch (200.0 GRAM),YiPPee! Magic Masala Noodles with Added Veggies - The Better Noodles,0.4951007977243213
YiPPee! 100% Suji Masala Pasta Treat,YiPPee! Magic Masala Noodles with Added Veggies - The Better Noodles,0.49499897960279693
Britannia Milk Bikis Glucose Biscuits | Trans Fat-free,Britannia 50-50 Maska Chaska Biscuits Butter Flavoured Crackers | Trans Fat-free,0.4948465137803373
Tata Tea Agni Tea,YiPPee! Magic Masala Noodles with Added Veggies - The Better Noodles,0.4948411067735087
Haldiram's All In One Mixture (400.0 GRAM),The Healthy Binge Quinoa Baked Chips Smokey Bbq -High Protein And Fibre (40.0 GRAM),0.49477741935483865
Winkies Swiss Roll - Cream & Real Strawberry Jam,Everest Pav Bhaji Masala (100.0 GRAM),0.49475041444096524
Uncle Chipps - Spicy Treat,YiPPee! Magic Masala Noodles with Added Veggies - The Better Noodles,0.4947208902884134
Too Yumm! Dahi Papdi Chaat Multigrain Healthy Chips High Protein Crunchy Crisps,YiPPee! Magic Masala Noodles with Added Veggies - The Better Noodles,0.49468912854661257
Paper Boat Zero Sugar Green Apple Sparkling Water | Sugar Free Cold Drink,"Yogabar Multigrain Energy Bars Chocolate Chunk with Nuts, Oats and Millets,Chia Seeds, Protein Bars",0.4946136018540717
Garden Sabudana Chivda Namkeen,YiPPee! Magic Masala Noodles with Added Veggies - The Better Noodles,0.49450675467433736
"Tata Sampann Hing, Compounded Asafoetida | Bandhani Hing, Strong Flavour & Aroma (50.0 GRAM)",Paper Boat Chikki Family Pack,0.49433106575963726
Daily Good Mustard / Rai / Sarso Small (100.0 GRAM),YiPPee! Magic Masala Noodles with Added Veggies - The Better Noodles,0.4943267189286297
Garden Onion Pakoda Namkeen,Bhagirathi Rajgira Peeth | Amaranth Flour,0.494184967522425
Doublemint Lemonmint Flavour Chewymints Tube (27300.0 MILLIGRAM),YiPPee! Magic Masala Noodles with Added Veggies - The Better Noodles,0.4941843437215651
Lay's Classic Salted Potato Chips,Crax Crunchy Pipes Salted Puff Snacks,0.4941834824214687
The Whole Truth Double Cocoa Protein Bar,YiPPee! Magic Masala Noodles with Added Veggies - The Better Noodles,0.49406095187544236
Nescafe Cafe Style Iced Latte Cold Coffee (170.0 MILLILITRE),Britannia 50-50 Maska Chaska Biscuits Butter Flavoured Crackers | Trans Fat-free,0.4940138458149033
Let's Try Butter Murukku (180.0 GRAM),YiPPee! Magic Masala Noodles with Added Veggies - The Better Noodles,0.4939874418394542
Sunfeast Nice Biscuit Coconut Flavoured Biscuits | Trans Fat-free,Haldiram's Moong Dal,0.4939203680642037
Satyam Nighties Spices Jeera,Chheda's Golden Plain Salted Chips (170.0 GRAM),0.4939176989292462
Paper Boat Chikki Family Pack,Om Shanthi Havan Samagri | Cycle,0.4938905960111317
Bhagirathi Makai Atta (500.0 GRAM),YiPPee! Magic Masala Noodles with Added Veggies - The Better Noodles,0.49385771824653424
Nescafe Cafe Style Iced Latte Cold Coffee (170.0 MILLILITRE),Kurkure Solid Masti Masala Twisteez (61.0 GRAM),0.4937814800464935
Stroom Choco Almond Bliss Protein Bars (45.0 GRAM),Crax Crunchy Pipes Salted Puff Snacks,0.4936705779249233
Britannia Treat Rich Creme Strawberry Flavoured Wafers | Trans Fat-free,YiPPee! Magic Masala Noodles with Added Veggies - The Better Noodles,0.49346008723345336
ACT II Ready to Eat Popcorn - Sour Cream & Cheese Popcorn (50.0 GRAM),YiPPee! Magic Masala Noodles with Added Veggies - The Better Noodles,0.4934196098249361
Bhagirathi Makai Atta (500.0 GRAM),Society Natural Tea (250.0 GRAM),0.4934086305087337
Doritos Dinamita Fiery Lime And Chilli Rolled Tortilla Chips (56.0 GRAM),Let'S Try Roasted Chana (450.0 GRAM),0.49328772665416165
"Ritebite Max Protein Spanish Tomato 10G Multigrain Protein Chips, Healthy Snacks & Munchies",Crax Crunchy Pipes Salted Puff Snacks,0.4932192219679633
"Vicks Vaporub - Relief for Cold, Cough, Congestion",Crax Crunchy Pipes Salted Puff Snacks,0.4931545459619355
Daily Good Saunf / Fennel,YiPPee! Magic Masala Noodles with Added Veggies - The Better Noodles,0.4930624562203723
Crax Aloo Bhujia Namkeen Snacks (160.0 GRAM),Britannia Marie Gold Biscuits Plain | Trans Fat-free,0.49303275763631177
Balaji Rumbles Pudina Twist Wafers,Kotton Multipurpose Napkin | 100% Virgin Pulp-Paper | 25 cm X 25 cm | 100Pcs,0.4929870384276339
Maggi Special Masala Instant Noodles,YiPPee! Magic Masala Noodles with Added Veggies - The Better Noodles,0.49285619229427857
"Disano Penne Pasta, 100% Durum Wheat, No Maida (800.0 GRAM)",Garden Sabudana Chivda Namkeen,0.4927419354838709
Catch Red Chilli Powder (200.0 GRAM),YiPPee! Magic Masala Noodles with Added Veggies - The Better Noodles,0.49273211660950517
Tata Sampann Chilli Powder with Natural Oils Lal Mirchi Powder,Paper Boat Chikki Family Pack,0.49268973214285716
"Haldirams Namkeen - Tasty Nuts, (400.0 GRAM)",YiPPee! Magic Masala Noodles with Added Veggies - The Better Noodles,0.4926699892464223
Haldiram's Bhujia Sev (200.0 GRAM),YiPPee! Magic Masala Noodles with Added Veggies - The Better Noodles,0.49263573025511476
Balaji Rumbles Pudina Twist Wafers,Crax Crunchy Pipes Salted Puff Snacks,0.4926353578401528
Let's Try Pudina Rings (60.0 GRAM),Kotton Multipurpose Napkin | 100% Virgin Pulp-Paper | 25 cm X 25 cm | 100Pcs,0.49261042495289925
Bhagirathi Rajgira Peeth | Amaranth Flour,Haldiram's Soan Papdi,0.4925920591483028
Everest Turmeric Powder (200.0 GRAM),Haldiram Aloo Bhujia ,0.49251020139528756
Brooke Bond Red Label Tea,Parle Shakti Milk Glucose Biscuits | Cholesterol-free and Trans Fat-free,0.4924845732914193
Lijjat Moong Papad,Nissin Geki - Hot and Spicy Korean Kimchi Flavoured Ramen Instant Noodles,0.4924731182795699
Too Yumm! Chili Chataka Veggie Stix | Munching Snack | On-the-Go Munchies (75.0 GRAM),YiPPee! Magic Masala Noodles with Added Veggies - The Better Noodles,0.49233346602972405
Smoodh Chocolate Milk Drink | Pet,Crax Crunchy Pipes Salted Puff Snacks,0.4920710561702328
Satyam Nighties Spices Jeera,Haldiram's All In One Mixture (400.0 GRAM),0.492
Modern Kitchens Banana Chips Salted,Crax Crunchy Pipes Salted Puff Snacks,0.4919850898780997
Everest - Ginger Garlic Paste (200.0 GRAM),YiPPee! Magic Masala Noodles with Added Veggies - The Better Noodles,0.49186233352634623
"Vicks Vaporub - Relief for Cold, Cough, Congestion",Palekar Knot Premium Salty Khari | Preservative-free,0.4918489139298688
Bhagirathi Rajgira Peeth | Amaranth Flour,Piknik Classic Tomato Chilli,0.49180868330290123
Britannia Milk Bikis Glucose Biscuits | Trans Fat-free,Chheda's Mix Farsan (170.0 GRAM),0.4916774506632158
Everest Kasuri Methi,YiPPee! Magic Masala Noodles with Added Veggies - The Better Noodles,0.49133133335679346
Beyond Snack Kerala Banana Chips - Desi Masala (70.0 GRAM),Chheda's Yellow Banana Chips (170.0 GRAM),0.4913149633763516
Bingo! Mad Angles Masala Madness Crisps,Sunfeast Dark Fantasy Bourbon Chocolate Cream Biscuits | Trans Fat-free,0.4912393798638931
Bevzilla Assorted Instant Coffee Powder,"Disano Penne Pasta, 100% Durum Wheat, No Maida (800.0 GRAM)",0.4912390488110137
Modern Kitchens Hot Chips Salted (100.0 GRAM),Crax Crunchy Pipes Salted Puff Snacks,0.4912352040564344
Bingo! Cheese Nachos with Free Dip,Haldiram's Salted Peanut,0.4911952879049457
Beyond Snack Kerala Banana Chips - Desi Masala (70.0 GRAM),Scotch-Brite Scrub Sponge (Pack of 3),0.4911487643748471
Satyam Poha Jada,The Healthy Binge Quinoa Baked Chips Smokey Bbq -High Protein And Fibre (40.0 GRAM),0.4910251080811439
Farmley Cream And Onion Makhana Roasted In Olive Oil,MAGGI 2-Minute Instant Noodles | Masala Noodles | Made With Quality Spices,0.4908509364111498
Cavin's Masala Buttermilk,Bhagirathi Rajgira Peeth | Amaranth Flour,0.4907656983128682
The Theatre Project TTP Kettle Cooked - Hot & Sweet Chilli (42.0 GRAM),Haldiram's Masala Tasty Nuts (200.0 GRAM),0.49075325325325314
Haldiram's Mathri (200.0 GRAM),Ferrero Rocher Moments Pack,0.4907163742690057
Snapin Oregano Pizza Seasoning Sachet Pouch,YiPPee! Magic Masala Noodles with Added Veggies - The Better Noodles,0.4906508499462321
Crax Aloo Bhujia Namkeen Snacks (160.0 GRAM),MAGGI 2-Minute Instant Noodles | Masala Noodles | Made With Quality Spices,0.4905954179642934
Satyam Chilli Bedgi,Crax Crunchy Pipes Salted Puff Snacks,0.4905675057208238
Satyam Poha Jada,Peppy Tomato Disc (55.0 GRAM),0.49056354161624954
Nescafe Cafe Style Iced Latte Cold Coffee (170.0 MILLILITRE),Sunfeast Nice Biscuit Coconut Flavoured Biscuits | Trans Fat-free,0.49050294275013373
Doritos Dinamita Fiery Lime And Chilli Rolled Tortilla Chips (56.0 GRAM),Kurkure Solid Masti Masala Twisteez (61.0 GRAM),0.4905009759271307
Everest Dry Ginger Powder (100.0 GRAM),Everest Chhole Masala,0.4903663310961969
Catch Dhania Powder (200.0 GRAM),YiPPee! Magic Masala Noodles with Added Veggies - The Better Noodles,0.4903402131308182
Everest Coriander Powder,YiPPee! Magic Masala Noodles with Added Veggies - The Better Noodles,0.4903402131308182
Bhagirathi Jowar Atta (500.0 GRAM),Society Natural Tea (250.0 GRAM),0.4902046783625731
Nutraj Cashew/Kaju,Let'S Try Roasted Chana (450.0 GRAM),0.4902046783625731
Daily Good Saunf - Fennel,YiPPee! Magic Masala Noodles with Added Veggies - The Better Noodles,0.4900646482139188
Unibic Wafer Belgium Chocolate Qubz Cubes Wafers | Maida-free,Crax Crunchy Pipes Salted Puff Snacks,0.48999104566709784
Satyam Poha Jada,Haldiram's Salted Peanut,0.48992932066807715
Britannia Good Day Chunkies Chocochip Cookies,Let's Try Namkeen Combo Pack Of 6 (Crunchy Party Mix Peanut Party Mix Aloo Bhujia),0.48979037267080744
"Taali Roasted Bharuchi Peanuts | Salted | Protein Rich, No Palm Oil ,Restaurant-Style Crunch (150.0 GRAM)",YiPPee! Magic Masala Noodles with Added Veggies - The Better Noodles,0.48957683968017335
Lal Milk Cake Signature,YiPPee! Magic Masala Noodles with Added Veggies - The Better Noodles,0.48957683968017335
Bingo! Original Style Potato Chips - Korean Style,Haldirams Soya Sticks,0.4895379805465493
"Disano Penne Pasta, 100% Durum Wheat, No Maida (800.0 GRAM)",Haldiram's Moong Dal,0.4894377294296714
Paper Boat Chikki Family Pack,Piknik Classic Tomato Chilli,0.4893118977796397
Bingo! Original Style Potato Chips - Korean Style,YiPPee! Magic Masala Noodles with Added Veggies - The Better Noodles,0.4892849615961034
Pulse Kachcha Aam 50 Candies (190.0 GRAM),YiPPee! Magic Masala Noodles with Added Veggies - The Better Noodles,0.4892849615961034
Superyou Cheese Protein Wafer Bar (40.0 GRAM),Kurkure Red Chilli Chataka Chips (68.0 GRAM),0.4892797118847539
Modern Kitchens Spicy Murukku (150.0 GRAM),Kotton Multipurpose Napkin | 100% Virgin Pulp-Paper | 25 cm X 25 cm | 100Pcs,0.48922478629342914
"MR. MAKHANA Fox Nuts Black Salt - Delicious Teatime Snack, Popped Lotus Seeds, Roasted In Olive Oil",Lay's Spanish Tomato Tango Potato Chips,0.4890214890724668
Lay's Classic Salted Potato Chips,Heka Bites Roasted Jowar Puffs Majestic Masala - Low Calorie & Healthy Snacks,0.48888981985756186
Britannia Treat Croissant - With Cocoa Creme Filling 100% VEG (45.0 GRAM),Sunfeast Dark Fantasy Bourbon Chocolate Cream Biscuits | Trans Fat-free,0.488877021104195
Britannia Good Day Chunkies Chocochip Cookies,Haldirams Soya Sticks,0.4888586956521739
Lets Try Crunchy Party Mix (180.0 GRAM),Crax Crunchy Pipes Salted Puff Snacks,0.4888264799019948
Ferrero Rocher Moments Pack,Crax Crunchy Pipes Salted Puff Snacks,0.4884740455257136
Britannia Good Day Chunkies Chocochip Cookies,Tata Sampann 100% Chana Dal Fine Besan,0.4884590792838875
Britannia Treat Croissant - With Cocoa Creme Filling 100% VEG (45.0 GRAM),Britannia Nutrichoice High-Fibre Digestive Biscuits,0.4883108264081256
Superyou Cheese Protein Wafer Bar (40.0 GRAM),Palekar Knot Premium Salty Khari | Preservative-free,0.4882761615284413
Lay's Classic Salted Potato Chips,Haldiram's Salted Peanut,0.4880322879449517
Sweet Karam Coffee Classic Tapioca Chips | No Palm Oil,Haldirams Kaju - Salted,0.48796296296296304
Parle Melody Chocolaty Toffee (176.0 GRAM),Parle Hide & Seek Milano Chocolate Flavoured Biscuits,0.48785254824344376
Catch Sprinkler Chat Masala (100.0 GRAM),YiPPee! Magic Masala Noodles with Added Veggies - The Better Noodles,0.4878166452404605
"Ritebite Max Protein Spanish Tomato 10G Multigrain Protein Chips, Healthy Snacks & Munchies",YiPPee! Magic Masala Noodles with Added Veggies - The Better Noodles,0.4875656050955413
Everest Cumin Powder (50.0 GRAM),YiPPee! Magic Masala Noodles with Added Veggies - The Better Noodles,0.4875656050955413
Veeba Chef'S Special Veg Mayonnaise Smart,Bhagirathi Rajgira Peeth | Amaranth Flour,0.4875568456700533
Crax Fritts Cream and Onion Corn & Potato Stick Snacks,Crax Mast Matar Green Peas Namkeen Snacks,0.48748145612233257
Let's Try Purani Delhi Methi Mathri,RiteBite Max Protein 10g Protein Bar Choco Almond,0.4872928466540802
Satyam Poha Jada,YiPPee! Magic Masala Noodles with Added Veggies - The Better Noodles,0.4872578632871494
Doritos Nacho Cheese Flavoured Corn Chips,YiPPee! Magic Masala Noodles with Added Veggies - The Better Noodles,0.487151008492569
Haldiram's Mathri (200.0 GRAM),YiPPee! Magic Masala Noodles with Added Veggies - The Better Noodles,0.487151008492569
Crax Fritts Peri Peri Corn & Potato Stick Snacks,Crax Curls Chatpata Masala Puff Snacks,0.4871273896892271
"Taali Roasted Bharuchi Peanuts | Masala | Protein Rich, No Palm Oil ,Restaurant-Style Crunch",YiPPee! Magic Masala Noodles with Added Veggies - The Better Noodles,0.486986486031072
"Taali Roasted Bharuchi Peanuts | Salted | Protein Rich, No Palm Oil ,Restaurant-Style Crunch (150.0 GRAM)",Let'S Try Roasted Chana (450.0 GRAM),0.48672804943801584
Lay's Spanish Tomato Tango Potato Chips,YiPPee! Magic Masala Noodles with Added Veggies - The Better Noodles,0.486654060509554
Lay's West Indies Hot 'n' Sweet Chilli Potato Chips,Kurkure Solid Masti Masala Twisteez (61.0 GRAM),0.4866504247876062
Heka Bites Roasted Jowar Puffs Majestic Masala - Low Calorie & Healthy Snacks,Haldiram's Moong Dal,0.48644165281372526
Nissin Cup Noodles Super Hot Chilli,Top Ramen Noodles Curry Veg Pouch,0.4863561553653719
Everest Chicken Masala,YiPPee! Magic Masala Noodles with Added Veggies - The Better Noodles,0.48620874348581344
Let'S Try Special Makhana Mixture | Fasting Snacks (90.0 GRAM),YiPPee! Magic Masala Noodles with Added Veggies - The Better Noodles,0.48620874348581344
Satyam Nighties Spices Jeera,YiPPee! Magic Masala Noodles with Added Veggies - The Better Noodles,0.48620874348581344
"Yoga Bar  Rolled Oats 400g Pouch | Premium Golden Rolled Oats, Gluten Free Oats with High Fibre",Kinder Creamy Milky And Cocoa With Extruded Rice (19.0 GRAM),0.4860786224821313
Nescafe Cafe Style Iced Latte Cold Coffee (170.0 MILLILITRE),Kurkure Masala Munch,0.4860707204230006
Fortune Suji,Let's Try Namkeen Combo Pack Of 6 (Crunchy Party Mix Peanut Party Mix Aloo Bhujia),0.486051856640092
Sunfeast Dark Fantasy Choco Rolls | Crunchy Wafer Rolls,Kotton Multipurpose Napkin | 100% Virgin Pulp-Paper | 25 cm X 25 cm | 100Pcs,0.486012963904423
Britannia 50-50 Maska Chaska Biscuits Butter Flavoured Crackers | Trans Fat-free,Kurkure Solid Masti Masala Twisteez (61.0 GRAM),0.48592994226868463
Farmley Cream And Onion Makhana Roasted In Olive Oil,YiPPee! Magic Masala Noodles with Added Veggies - The Better Noodles,0.48585539410828027
"Ritebite Max Protein Peri Peri 10G Multigrain Protein Chips, Healthy Snacks & Munchies",YiPPee! Magic Masala Noodles with Added Veggies - The Better Noodles,0.48585539410828027
Everest Kashmiri Lal Chilli Powder,YiPPee! Magic Masala Noodles with Added Veggies - The Better Noodles,0.48585539410828027
ZOFF Black Mustard Seeds Whole - Rai (200.0 GRAM),YiPPee! Magic Masala Noodles with Added Veggies - The Better Noodles,0.48585539410828027
Let's Try Soya Sticks (160.0 GRAM),Society Natural Tea (250.0 GRAM),0.48583565270871776
Tata Sampann 100% Pure California Almonds/Badam Giri Whole Premium Quality,Tata Sampann Chilli Powder with Natural Oils Lal Mirchi Powder,0.48577223557692306
Unibic Fruit & Nut cookies,Heka Bites Roasted Makhana Himalayan Pink Salt,0.4857401157184186
Orbit Sugar-Free Mixed Fruit Chewing Gum Pot (19800.0 MILLIGRAM),Crax Crunchy Pipes Salted Puff Snacks,0.485710401703786
Let's Try Combo Pack | Aloo Bhujia | Navratan | Peanut Party | Crunchy Party,Society Natural Tea (250.0 GRAM),0.4856657461555123
Modern Kitchens Spicy Murukku (150.0 GRAM),Ferrero Rocher Moments Pack,0.48565744257551086
Haldiram's Mathri (200.0 GRAM),Society Natural Tea,0.4855555555555555
Korean Samyang Hot Chicken Ramen Non Veg,YiPPee! Magic Masala Noodles with Added Veggies - The Better Noodles,0.48538138884573556
Let's Try Potato Wafers | Vrat | Fasting Chips,Chheda's Yellow Banana Chips (170.0 GRAM),0.48536213092661407
Crax Corn Rings Masala Mania Puff Snacks,Bingo! Mad Angles Masala Madness Crisps,0.4852668584212207
"Disano Penne Pasta, 100% Durum Wheat, No Maida (800.0 GRAM)",The Healthy Binge Quinoa Baked Chips Smokey Bbq -High Protein And Fibre (40.0 GRAM),0.4850759013282733
Coca-Cola Zero Sugar Soft Drink,Lal Sweets Motichoor Laddu,0.4849462365591397
Let's Try Teekha Tadka Makhana Puffs (60.0 GRAM),Kurkure Solid Masti Masala Twisteez (61.0 GRAM),0.48485632183908045
Everest Coriander Powder,Let's Try Namkeen Combo Pack Of 6 (Crunchy Party Mix Peanut Party Mix Aloo Bhujia),0.4847844463229078
Crax Fritts Cream and Onion Corn & Potato Stick Snacks,Crax Aloo Bhujia Namkeen Snacks (160.0 GRAM),0.4847676120131001
Let's Try Pudina Rings (60.0 GRAM),YiPPee! Magic Masala Noodles with Added Veggies - The Better Noodles,0.4847122049456724
Everest Coriander Powder (100.0 GRAM),YiPPee! Magic Masala Noodles with Added Veggies - The Better Noodles,0.48466926826350887
Nissin Geki - Hot and Spicy Korean Kimchi Flavoured Ramen Instant Noodles,YiPPee! Magic Masala Noodles with Added Veggies - The Better Noodles,0.48464913244014934
Sweet Karam Coffee Garlic Murukku Sticks (95.0 GRAM),Sweet Karam Coffee Onion Kodubale / Ring Murukku | No Palm Oil and No Maida,0.48450282673761214
Crax Corn Rings Masala Mania Puff Snacks,Sunfeast Dark Fantasy Bourbon Chocolate Cream Biscuits | Trans Fat-free,0.4844427624093724
Lay's Classic Salted Potato Chips,Let's Try Salted Peanuts,0.48433591231463574
Satyam Chilli Bedgi,Haldiram's Moong Dal,0.4843242009132419
Farmley Cream And Onion Makhana Roasted In Olive Oil,Haldirams Namkeen - Khara Boondi,0.48427905701754387
Garden Onion Pakoda Namkeen,Haldiram's Soan Papdi,0.48411963458891255
Satyam Nighties Spices Jeera,The Healthy Binge Ragi Baked Chips Chatpata Chaat- High Protein & Fibre (40.0 GRAM),0.4840711462450593
Mapro Rose Sharbat,Haldiram's Salted Peanut,0.4840320232896652
Bevzilla Assorted Instant Coffee Powder,Haldiram's Lite Chiwda (200.0 GRAM),0.4840241716832866
Stroom Choco Almond Bliss Protein Bars (45.0 GRAM),Piknik Classic Tomato Chilli,0.48400823610157856
Superyou Cheese Protein Wafer Bar (40.0 GRAM),MAGGI 2-Minute Instant Noodles | Masala Noodles | Made With Quality Spices,0.4839762734362038
"Tetley Ginger, Mint, and Lemon Green Tea",Haldiram's Mixture (400.0 GRAM),0.48390713276836156
Satyam Chilli Bedgi,RiteBite Max Protein 10g Protein Bar Choco Almond,0.48374889867841403
Too Yumm! Dahi Papdi Chaat Multigrain Healthy Chips High Protein Crunchy Crisps,Kotton Multipurpose Napkin | 100% Virgin Pulp-Paper | 25 cm X 25 cm | 100Pcs,0.48374716920090577
Lay's Classic Salted Potato Chips,The Theatre Project Gourmet Popcorn - Cheddar Cheese (60.0 GRAM),0.483723792547322
"Assorted Candy 20 Pcs, Tangy Imli, Kaccha & Real Aam, Chilli Guava No Refined Sugar (20.0 PIECE)",YiPPee! Magic Masala Noodles with Added Veggies - The Better Noodles,0.4836960368011323
The Theatre Project TTP Kettle Cooked - Hot & Sweet Chilli (42.0 GRAM),YiPPee! Magic Masala Noodles with Added Veggies - The Better Noodles,0.4836960368011322
Bingo! Mad Angles Masala Madness Crisps,MAGGI 2-Minute Instant Noodles | Masala Noodles | Made With Quality Spices,0.4836809858990248
Kellogg's Multigrain Chocos | More Chocolatey | No-Maida,Let's Try Namkeen Combo Pack Of 6 (Crunchy Party Mix Peanut Party Mix Aloo Bhujia),0.48365704063378484
Paper Boat Chikki Family Pack,Haldiram's Soan Papdi,0.4835729156339843
Too Yumm! Dahi Papdi Chaat Multigrain Healthy Chips High Protein Crunchy Crisps,Balaji Tomato Wafers (135.0 GRAM),0.48353344768439105
Britannia Milk Bikis Glucose Biscuits | Trans Fat-free,Balaji Tomato Wafers (135.0 GRAM),0.48353344768439105
Tata Tea Agni Tea,MAGGI 2-Minute Instant Noodles | Masala Noodles | Made With Quality Spices,0.48350317834975587
Kurkure Red Chilli Chataka Chips (68.0 GRAM),MAGGI 2-Minute Instant Noodles | Masala Noodles | Made With Quality Spices,0.48345865175338426
Crax Double Mazza Roasted Chana Peanuts Namkeen Snacks (160.0 GRAM),Haldirams Namkeen - Khara Boondi,0.48327962764052995
Britannia Treat Croissant - With Cocoa Creme Filling 100% VEG (45.0 GRAM),Britannia Good Day Chunkies Chocochip Cookies,0.48320223112128147
Nescafe Cafe Style Iced Latte Cold Coffee (170.0 MILLILITRE),RiteBite Max Protein 10g Protein Bar Choco Almond,0.4831449674690777
Haldirams Kaju - Salted,Parle Hide & Seek Milano Chocolate Flavoured Biscuits,0.48306553911205075
Bhagirathi Rajgira Peeth | Amaranth Flour,Chheda's Yellow Banana Chips (170.0 GRAM),0.4830105044828047
Britannia Milk Bikis Glucose Biscuits | Trans Fat-free,MAGGI Pazzta Instant Pasta - Cheese Macaroni,0.48294728434504797
Sweet Karam Coffee Classic Tapioca Chips | No Palm Oil,Ferrero Rocher Moments Pack,0.4829272254710852
Lay's Wafer Chips Red Chilli (48.0 GRAM),YiPPee! Magic Masala Noodles with Added Veggies - The Better Noodles,0.4827868337244385
"Yoga Bar Muesli Dark Chocolate & Cranberry,Breakfast Cereals, Protein Granola, Gluten Free",Crax Crunchy Pipes Salted Puff Snacks,0.4827852949955228
Epigamia Turbo Cookies and Cream Protein Milkshake,Cavin's Strawberry Milkshake,0.4827694728560188
Smoodh Chocolate Milk Drink | Pet,Chheda's Yellow Banana Chips (170.0 GRAM),0.48276760254441753
Haldiram's All In One Mixture (400.0 GRAM),Crax Crunchy Pipes Salted Puff Snacks,0.482612356979405
Lay's India's Magic Masala Potato Chips (67.0 GRAM),Haldiram's Moong Dal,0.48258688811602435
Heka Bites Roasted Jowar Puffs Majestic Masala - Low Calorie & Healthy Snacks,MAGGI 2-Minute Instant Noodles | Masala Noodles | Made With Quality Spices,0.48255698817686
"Beyond Snack Kerala Banana Chips - Sour Cream, Onion & Parsley (70.0 GRAM)",Peppy Tomato Disc (55.0 GRAM),0.48227699530516427
Catch Turmeric Powder/Haldi (100.0 GRAM),YiPPee! Magic Masala Noodles with Added Veggies - The Better Noodles,0.48217402284014704
Fortune Suji,Lay's Spanish Tomato Tango Potato Chips,0.4821447757185066
Paper Boat Chikki Family Pack,Crax Crunchy Pipes Salted Puff Snacks,0.4821302267526524
Cadbury Oreo Chocolate Flavour Creme Sandwich Biscuit Family Pack,Daily Good Cashew | W320 (100.0 GRAM),0.48211367880485523
Coca-Cola Zero Sugar Soft Drink,YiPPee! Magic Masala Noodles with Added Veggies - The Better Noodles,0.48208907322371986
Haldiram's Salted Peanut,YiPPee! Magic Masala Noodles with Added Veggies - The Better Noodles,0.4820364434122326
Crax Aloo Bhujia Namkeen Snacks (160.0 GRAM),Kurkure Solid Masti Masala Twisteez (61.0 GRAM),0.48202624351541046
Heka Bites Roasted Quinoa Puffs Indian Chaat - Low Calorie & Healthy Snacks (40.0 GRAM),Haldiram's Salted Peanut,0.4820055734313951
Sunfeast Wowzers Cheese Flavoured Crackers | Artificial Flavour-free,YiPPee! Magic Masala Noodles with Added Veggies - The Better Noodles,0.4818655882228878
Lay's Classic Salted Potato Chips,Haldiram's Masala Tasty Nuts (200.0 GRAM),0.4818304668304668
Modern Kitchens Boondi Masala,Sunfeast All Rounder Crunchy Potato Chatpata Masala Flavoured Crackers | Trans Fat-free,0.481670673076923
"Taali Roasted Bharuchi Peanuts | Salted | Protein Rich, No Palm Oil ,Restaurant-Style Crunch (150.0 GRAM)",Daily Good Chilli With Stem / Guntur With Stem,0.4816156914893617
Bingo! Original Style Potato Chips - Korean Style,Haldirams Namkeen - Khara Boondi,0.4813983488132095
"MR. MAKHANA Fox Nuts Black Salt - Delicious Teatime Snack, Popped Lotus Seeds, Roasted In Olive Oil",Chheda's Yellow Banana Chips (170.0 GRAM),0.4813917762979806
Satyam Nighties Spices Jeera,Let's Try Namkeen Combo Pack Of 6 (Crunchy Party Mix Peanut Party Mix Aloo Bhujia),0.4812587412587412
Korean Nongshim Kimchi Ramyun Noodle Soup Veg,Mr Makhana Lime Chilli,0.4811592678308436
Tata Tea Agni Tea,Let's Try Namkeen Combo Pack Of 6 (Crunchy Party Mix Peanut Party Mix Aloo Bhujia),0.4811355311355312
Crax Cheese Balls Puff Snacks (65.0 GRAM),Tata Sampann 100% Chana Dal Fine Besan,0.4809902860226659
Heka Bites Roasted Jowar Puffs Cheesy Salsa - Low Calorie & Healthy Snacks (40.0 GRAM),Haldiram's Moong Dal,0.4809503699597927
Unibic Danish Coconut Cookies,YiPPee! Magic Masala Noodles with Added Veggies - The Better Noodles,0.4807926992453032
Tata Tea Agni Tea,Parle Shakti Milk Glucose Biscuits | Cholesterol-free and Trans Fat-free,0.48069774167258195
Heka Bites Roasted Jowar Puffs Cheesy Salsa - Low Calorie & Healthy Snacks (40.0 GRAM),MAGGI 2-Minute Instant Noodles | Masala Noodles | Made With Quality Spices,0.4806700771384262
Lay's American Cream & Onion Potato Chips,YiPPee! Magic Masala Noodles with Added Veggies - The Better Noodles,0.48066777476082934
Doritos Nacho Cheese Flavoured Corn Chips,Britannia Marie Gold Biscuits Plain | Trans Fat-free,0.4806586021505376
"Beyond Snack Kerala Banana Chips - Sour Cream, Onion & Parsley (70.0 GRAM)",Modern Kitchens Potato Chips Salted (70.0 GRAM),0.48064953718480685
Parle Hide & Seek Choco Roll Centre Fills | Trans Fat-free,YiPPee! Magic Masala Noodles with Added Veggies - The Better Noodles,0.4805551534452808
Superyou Cheese Protein Wafer Bar (40.0 GRAM),Kurkure Playz Puffcorn Yummy Cheese,0.4803448275862069
Charliee Rajgira Laddu,Om Shanthi Havan Samagri | Cycle,0.48018285225048923
Crax Fritts Cream and Onion Corn & Potato Stick Snacks,MAGGI 2-Minute Instant Noodles | Masala Noodles | Made With Quality Spices,0.4801654366374935
Sweet Karam Coffee Indian Masala Tapioca Chips | No Palm Oil,Haldiram's Salted Peanut,0.4800317586343787
Lay's India's Magic Masala Potato Chips (67.0 GRAM),Let's Try Namkeen Combo Pack Of 6 (Crunchy Party Mix Peanut Party Mix Aloo Bhujia),0.4800119569549621
Lay's West Indies Hot 'n' Sweet Chilli Potato Chips,MAGGI 2-Minute Instant Noodles | Masala Noodles | Made With Quality Spices,0.4798315490918884
Amul Taaza Homogenised Toned Milk (Tetra Pack),Daily Good Raw Peanut - Singdana,0.47967625899280564
Haldiram's Lite Chiwda (200.0 GRAM),YiPPee! Magic Masala Noodles with Added Veggies - The Better Noodles,0.4795172373471268
Bhagirathi Makai Atta (500.0 GRAM),Kurkure Masala Munch,0.4794405997693195
Nutrela 100% Vegetarian Soya Chunks,Daily Good Poha / Avalakki Thick,0.4794151376146788
Everest Coriander Powder (200.0 GRAM),Crax Crunchy Pipes Salted Puff Snacks,0.4793487062136948
Top Ramen Masala Instant Noodles,YiPPee! Magic Masala Noodles with Added Veggies - The Better Noodles,0.47925845848185583
Crax Aloo Bhujia Namkeen Snacks (160.0 GRAM),YiPPee! Magic Masala Noodles with Added Veggies - The Better Noodles,0.47880404148582373
Lay's India's Magic Masala Potato Chips (67.0 GRAM),Chheda's Yellow Banana Chips (170.0 GRAM),0.4787987358982839
Too Yumm! Chili Chataka Veggie Stix | Munching Snack | On-the-Go Munchies (75.0 GRAM),Crax Crunchy Pipes Salted Puff Snacks,0.4787821001779813
Farmley Cream And Onion Makhana Roasted In Olive Oil,Kurkure Solid Masti Masala Twisteez (61.0 GRAM),0.4787311422413793
Modern Kitchens Hot Chips Salted (100.0 GRAM),YiPPee! Magic Masala Noodles with Added Veggies - The Better Noodles,0.47872485451129543
Satyam Puffed Rice Kurmura A (200.0 GRAM),YiPPee! Magic Masala Noodles with Added Veggies - The Better Noodles,0.47867062343176997
Bingo! Mad Angles Masala Madness Crisps,Haldiram's Moong Dal,0.47840662764446895
Let's Try Lite Snacks Sticks | Vrat | Fasting Special,Sunfeast Dark Fantasy Bourbon Chocolate Cream Biscuits | Trans Fat-free,0.4784052870781365
"Disano Penne Pasta, 100% Durum Wheat, No Maida (800.0 GRAM)",MAGGI 2-Minute Instant Noodles | Masala Noodles | Made With Quality Spices,0.47828243492518957
Everest Chicken Masala,"Paper Boat Mango | Juicy Sips, Chewy Bites | Refreshing Summer Juice Drink",0.478233137829912
Nescafe Cafe Style Iced Latte Cold Coffee (170.0 MILLILITRE),Aashirvaad 100% Chana Dal Besan (500.0 GRAM),0.4782254725234355
Garden Onion Pakoda Namkeen,Crax Crunchy Pipes Salted Puff Snacks,0.47817833964812245
Crax Crunchy Pipes Salted Puff Snacks,YiPPee! Magic Masala Noodles with Added Veggies - The Better Noodles,0.47816175720386533
Satyam Puffed Rice Kurmura A (200.0 GRAM),Crax Crunchy Pipes Salted Puff Snacks,0.47811247486304687
Chheda's Golden Plain Salted Chips (170.0 GRAM),Chheda's Yellow Banana Chips (170.0 GRAM),0.4780179720898236
Lets Try Crunchy Party Mix (180.0 GRAM),Haldiram's Masala Tasty Nuts (200.0 GRAM),0.4780064155064155
BORGES Durum Wheat Pasta Penne Rigate,Britannia Marie Gold Biscuits Plain | Trans Fat-free,0.4779275873655913
Everest Chhole Masala,YiPPee! Magic Masala Noodles with Added Veggies - The Better Noodles,0.47789910443295
Yogabar Dark Chocolate Oatmeal 400g Breakfast Cereal Gluten Free Oats High in Protein & Gluten-Free,YiPPee! Magic Masala Noodles with Added Veggies - The Better Noodles,0.47787713711029167
Mr Makhana Lime Chilli,Korean Nongshim Kimchi Ramyun Noodle Soup Veg,0.47781401220281927
Garden Onion Pakoda Namkeen,Haldiram Aloo Bhujia ,0.47770798222766975
Nestle Nan Excellapro Stage 2 Follow-Up Formula 6+ Months,Chheda's Golden Plain Salted Chips (170.0 GRAM),0.4776685630597645
Lay's India's Magic Masala Potato Chips (67.0 GRAM),Britannia Good Day Chunkies Chocochip Cookies,0.4776329128182023
Let's Try Butter Murukku (180.0 GRAM),Society Natural Tea (250.0 GRAM),0.47745703897252983
Garden Onion Pakoda Namkeen,"Wai Wai Ready to Eat Noodles, Chicken Masala Pack | 6 in 1",0.47745395668892937
Nissin Cup Noodles Italiano,YiPPee! Magic Masala Noodles with Added Veggies - The Better Noodles,0.47741427008942927
Tata Sampann 100% Chana Dal Fine Besan,YiPPee! Magic Masala Noodles with Added Veggies - The Better Noodles,0.47739579430498313
Mapro Rose Sharbat,Mr Makhana Super Snack - Himalayan Salt And Pepper,0.47733483483483485
Smoodh Chocolate Milk Drink | Pet,Om Shanthi Havan Samagri | Cycle,0.47728737113402053
Crax Natkhat Classic Wheat Puff Snacks,YiPPee! Magic Masala Noodles with Added Veggies - The Better Noodles,0.47726818249148273
Sweet Karam Coffee Garlic Murukku Sticks (95.0 GRAM),Sweet Karam Coffee Classic Tapioca Chips | No Palm Oil,0.47710075667064916
Bhagirathi Jowar Atta (500.0 GRAM),Sunfeast Dark Fantasy Bourbon Chocolate Cream Biscuits | Trans Fat-free,0.4770708073292298
Tata Sampann Chilli Powder with Natural Oils Lal Mirchi Powder,Bhagirathi Rajgira Peeth | Amaranth Flour,0.47705876572327044
Too Yumm! Bhoot Karare Spicy Chilli Flavour Crisps | No Palm Oil Snacks,Piknik Classic Tomato Chilli,0.47704265704584037
Lay's Potato Chips - Chile Lemon Flavour,MAGGI Pazzta Instant Pasta - Cheese Macaroni,0.47698497219263997
Modern Kitchens Hot Chips Salted (100.0 GRAM),Kotton Multipurpose Napkin | 100% Virgin Pulp-Paper | 25 cm X 25 cm | 100Pcs,0.47695793543101456
Let'S Try Roasted Chana (450.0 GRAM),Cheetos Cheese Puffs (28.0 GRAM),0.4769169281605097
"Ching's Secret Veg Hakka Noodles, Cooks In 5-7 mins, Just Soak & Drain",YiPPee! Magic Masala Noodles with Added Veggies - The Better Noodles,0.47685934370146976
Everest Sambhar Masala,Om Shanthi Havan Samagri | Cycle,0.4768116694352159
Lay's Wafer Chips Red Chilli (48.0 GRAM),Let's Try Namkeen Combo Pack Of 6 (Crunchy Party Mix Peanut Party Mix Aloo Bhujia),0.4768110179294389
Surf Excel Easy Wash Detergent Powder,Chheda's Yellow Banana Chips (170.0 GRAM),0.4767988394584139
Bauli Moonfils Croissants Strawberry (Veg),YiPPee! Magic Masala Noodles with Added Veggies - The Better Noodles,0.47678609341825906
Sweet Karam Coffee Kerala Nendran Banana Chips (65.0 GRAM),YiPPee! Magic Masala Noodles with Added Veggies - The Better Noodles,0.47678609341825906
Crax Fritts Cream and Onion Corn & Potato Stick Snacks,Crax Fritts Peri Peri Corn & Potato Stick Snacks,0.47677165354330714
Nestle Milkmaid Partly Skimmed Sweetened Condensed Milk,MAGGI 2-Minute Instant Noodles | Masala Noodles | Made With Quality Spices,0.476698936727065
Sweet Karam Coffee Classic Tapioca Chips | No Palm Oil,Haldiram's Salted Peanut,0.4766982047549734
"Yogabar Multigrain Energy Bars Chocolate Chunk with Nuts, Oats and Millets,Chia Seeds, Protein Bars",Lay's Spanish Tomato Tango Potato Chips,0.4765384411171285
Lijjat Moong Papad,Om Shanthi Havan Samagri | Cycle,0.47648089477726574
Daily Good Poha / Avalakki Thick,Snackible Cheese Dosa Khakra | Millet Snack (100.0 GRAM),0.476430755788554
Kinder Creamy Milky And Cocoa With Extruded Rice (19.0 GRAM),YiPPee! Magic Masala Noodles with Added Veggies - The Better Noodles,0.47642241218758147
Smoodh Chocolate Milk Drink | Pet,Piknik Classic Tomato Chilli,0.476367642168274
"Britannia Jimjam Pops, Crunchy Cookie Vanilla Cream Biscuits",MAGGI 2-Minute Instant Noodles | Masala Noodles | Made With Quality Spices,0.4763499806426635
Farmley Peri Peri Makhana Roasted In Olive Oil,Crax Fritts Cream and Onion Corn & Potato Stick Snacks,0.47631233595800526
Fortune Suji,Tata Sampann 100% Chana Dal Fine Besan,0.47617262591311027
Daily Good Chilli With Stem / Guntur With Stem,YiPPee! Magic Masala Noodles with Added Veggies - The Better Noodles,0.47613828622611465
Nutraj Cashew/Kaju,YiPPee! Magic Masala Noodles with Added Veggies - The Better Noodles,0.4761382862261146
"Disano Penne Pasta, 100% Durum Wheat, No Maida (800.0 GRAM)",Daily Good Chilli With Stem / Guntur With Stem,0.47612132352941183
Haldiram's Bhujia Sev (200.0 GRAM),Cheetos Cheese Puffs (28.0 GRAM),0.47609156363965544
Maggi Chicken Instant Noodles,Modern Kitchens Potato Chips Salted (70.0 GRAM),0.4760719225449516
"Taali Roasted Bharuchi Peanuts | Salted | Protein Rich, No Palm Oil ,Restaurant-Style Crunch (150.0 GRAM)",Rajdhani Roasted Chana (200.0 GRAM),0.47601220935452015
Korean Kab's Jackpot Cheese and Butter Instant Noodles | Hot Chicken | Non Veg,YiPPee! Magic Masala Noodles with Added Veggies - The Better Noodles,0.47588479645527554
Kellogg's Multigrain Chocos | More Chocolatey | No-Maida,Haldiram's Salted Peanut,0.47584543515791616
Everest Coriander Powder (200.0 GRAM),Bhagirathi Rajgira Peeth | Amaranth Flour,0.4756652152878568
Britannia Nice Time Coconut Flavoured Biscuits | Artificial Flavour-free,MAGGI Pazzta Instant Pasta - Cheese Macaroni,0.4756299012489108
Daily Good Till - Sesame White (100.0 GRAM),Uncle Chipps - Spicy Treat,0.4755632093049518
"Maggi Nutri-licious Masala Veg Atta Noodles, Instant Noodles",YiPPee! Magic Masala Noodles with Added Veggies - The Better Noodles,0.4754977988892487
Beyond Snack Kerala Banana Chips - Desi Masala (70.0 GRAM),Garden Sabudana Chivda Namkeen,0.4753437334743522
Balaji Rumbles Pudina Twist Wafers,The Healthy Binge Ragi Baked Chips Chatpata Chaat- High Protein & Fibre (40.0 GRAM),0.4753091344236139
Yu 100% Whole Wheat Hakka Noodles,MAGGI 2-Minute Instant Noodles | Masala Noodles | Made With Quality Spices,0.4750977849304438
Unibic Wafer Belgium Chocolate Qubz Cubes Wafers | Maida-free,Chheda's Yellow Banana Chips (170.0 GRAM),0.4750713074313906
Sweet Karam Coffee Onion Kodubale / Ring Murukku | No Palm Oil and No Maida,Haldiram's Mixture (400.0 GRAM),0.47502475391694327
Unibic Danish Coconut Cookies,Kotton Multipurpose Napkin | 100% Virgin Pulp-Paper | 25 cm X 25 cm | 100Pcs,0.47501719549029575
Crax Fritts Cream and Onion Corn & Potato Stick Snacks,YiPPee! Magic Masala Noodles with Added Veggies - The Better Noodles,0.4749905963187723
Orion K Snack Rings 3x Spicy,Crax Crunchy Pipes Salted Puff Snacks,0.47493425321903077
Too Yumm! Dahi Papdi Chaat Multigrain Healthy Chips High Protein Crunchy Crisps,Modern Kitchens Butter Murukku,0.4748106060606061
"Tetley Ginger, Mint, and Lemon Green Tea",Sunfeast All Rounder Crunchy Potato Chatpata Masala Flavoured Crackers | Trans Fat-free,0.4747896634615384
Modern Kitchens Spicy Murukku (150.0 GRAM),The Healthy Binge Ragi Baked Chips Chatpata Chaat- High Protein & Fibre (40.0 GRAM),0.47476467951591217
Britannia Milk Bikis Glucose Biscuits | Trans Fat-free,Maggi Masala-ae-Magic Sabzi Masala,0.47475135229453846
Heka Bites Roasted Jowar Puffs Cheesy Salsa - Low Calorie & Healthy Snacks (40.0 GRAM),YiPPee! Magic Masala Noodles with Added Veggies - The Better Noodles,0.4745094068701447
Heka Bites Roasted Jowar Puffs Majestic Masala - Low Calorie & Healthy Snacks,Haldiram's Salted Peanut,0.47450143883444346
Unibic Wafer Belgium Chocolate Qubz Cubes Wafers | Maida-free,Om Shanthi Havan Samagri | Cycle,0.4744710791925466
Sweet Karam Coffee Onion Kodubale / Ring Murukku | No Palm Oil and No Maida,YiPPee! Magic Masala Noodles with Added Veggies - The Better Noodles,0.4744352879374876
Modern Kitchens Spicy Murukku (150.0 GRAM),YiPPee! Magic Masala Noodles with Added Veggies - The Better Noodles,0.4744352879374876
Heka Bites Roasted Jowar Puffs Majestic Masala - Low Calorie & Healthy Snacks,RiteBite Max Protein 10g Protein Bar Choco Almond,0.4744317451294856
Modern Kitchens Hot Chips Spicy,YiPPee! Magic Masala Noodles with Added Veggies - The Better Noodles,0.47439418993957205
"Taali Roasted Bharuchi Peanuts | Nimbu Pudina | Protein Rich , No Palm Oil ,Restaurant-Style Crunch",YiPPee! Magic Masala Noodles with Added Veggies - The Better Noodles,0.47439418993957205
Alpenliebe Juzt Jelly Strawberry Flavour Pouch,Crax Crunchy Pipes Salted Puff Snacks,0.47438960384607315
Heka Bites Roasted Quinoa Puffs Indian Chaat - Low Calorie & Healthy Snacks (40.0 GRAM),MAGGI 2-Minute Instant Noodles | Masala Noodles | Made With Quality Spices,0.4741346506510178
Maggi Special Masala Instant Noodles,MAGGI 2-Minute Instant Noodles | Masala Noodles | Made With Quality Spices,0.47395947343582123
Lets Try Crunchy Party Mix (180.0 GRAM),The Healthy Binge Quinoa Baked Chips Smokey Bbq -High Protein And Fibre (40.0 GRAM),0.47392473118279577
Lijjat Moong Papad,"Paper Boat Mango | Juicy Sips, Chewy Bites | Refreshing Summer Juice Drink",0.47392473118279577
Haldirams Soya Sticks,Let's Try Namkeen Combo Pack Of 6 (Crunchy Party Mix Peanut Party Mix Aloo Bhujia),0.47390542528337803
Bingo! Mad Angles Masala Madness Crisps,Kurkure Masala Munch,0.4737972101592314
Balaji Rumbles Pudina Twist Wafers,Balaji Cream & Onion Wafers (135.0 GRAM),0.47377795298165143
Bauli Moonfils Croissants Choco Cream (Egg) (50.0 GRAM),YiPPee! Magic Masala Noodles with Added Veggies - The Better Noodles,0.4735630809569895
Daily Good Poha / Avalakki Thick,YiPPee! Magic Masala Noodles with Added Veggies - The Better Noodles,0.47355300064278616
Alpenliebe Juzt Jelly Strawberry Flavour Pouch,YiPPee! Magic Masala Noodles with Added Veggies - The Better Noodles,0.47355300064278616
Bingo! Original Style Potato Chips - Korean Style,Sunfeast Dark Fantasy Bourbon Chocolate Cream Biscuits | Trans Fat-free,0.47353970279504387
Let's Try Soya Sticks (160.0 GRAM),Sunfeast Dark Fantasy Bourbon Chocolate Cream Biscuits | Trans Fat-free,0.47353970279504387
Cavin's Masala Buttermilk,Crax Crunchy Pipes Salted Puff Snacks,0.47352075841778357
Orion K Snack Rings 3x Spicy,YiPPee! Magic Masala Noodles with Added Veggies - The Better Noodles,0.4733826884684855
Alpenliebe Pop Assorted Flavours Lollipop (64.0 GRAM),YiPPee! Magic Masala Noodles with Added Veggies - The Better Noodles,0.4733826884684855
Beyond Snack Kerala Banana Chips - Desi Masala (70.0 GRAM),Beyond Snack Kerala Banana Chips - Peri Peri (70.0 GRAM),0.47326865172298427
Chheda's Golden Plain Salted Chips (170.0 GRAM),YiPPee! Magic Masala Noodles with Added Veggies - The Better Noodles,0.473243351083391
TMI COLMAN Fresh Phool Makhana,YiPPee! Magic Masala Noodles with Added Veggies - The Better Noodles,0.473180905566325
Nissin Geki - Hot and Spicy Korean Veg Flavoured Ramen Cup Noodles,YiPPee! Magic Masala Noodles with Added Veggies - The Better Noodles,0.473180905566325
Smoodh Chocolate Milk Drink | Pet,Haldiram Aloo Bhujia ,0.4731525195105501
Modern Kitchens Potato Chips Salted (70.0 GRAM),Crax Crunchy Pipes Salted Puff Snacks,0.4731277951327896
"Haldirams Namkeen - Tasty Nuts, (400.0 GRAM)",Haldiram Aloo Bhujia ,0.47305498240077687
Cornitos Jalapeno Nachos and Salsa Dip Tray (75.0 GRAM),Kotton Multipurpose Napkin | 100% Virgin Pulp-Paper | 25 cm X 25 cm | 100Pcs,0.47299723210755235
Maggi Chicken Instant Noodles,The Theatre Project Gourmet Popcorn - Cheddar Cheese (60.0 GRAM),0.47297437493515926
Nutraj Cashew/Kaju,Daily Good Till - Sesame White (100.0 GRAM),0.47290358040201
Too Yumm! Dahi Papdi Chaat Multigrain Healthy Chips High Protein Crunchy Crisps,Haldiram's Moong Dal,0.4727523522900235
Satyam Chilli Bedgi,YiPPee! Magic Masala Noodles with Added Veggies - The Better Noodles,0.47264012738853495
Daadi'S Besan Laddoo Pure Ghee,Haldiram's Lite Chiwda (200.0 GRAM),0.47256659467242623
Catch Chatpata Chat Masala Carton (100.0 GRAM),Coca-Cola Zero Sugar Soft Drink,0.47252252252252247
Bevzilla Assorted Instant Coffee Powder,Peppy Cheese Balls (55.0 GRAM),0.47251801238034025
Cornitos Nacho Crisps - Cheese And Herbs,Crax Crunchy Pipes Salted Puff Snacks,0.47251326744242655
Britannia 50-50 Maska Chaska Biscuits Butter Flavoured Crackers | Trans Fat-free,MAGGI 2-Minute Instant Noodles | Masala Noodles | Made With Quality Spices,0.4724293282040772
Everest Coriander Powder (200.0 GRAM),Kotton Multipurpose Napkin | 100% Virgin Pulp-Paper | 25 cm X 25 cm | 100Pcs,0.47240076649329316
Kurkure Solid Masti Masala Twisteez (61.0 GRAM),MAGGI 2-Minute Instant Noodles | Masala Noodles | Made With Quality Spices,0.4723851175457568
Veeba Thousand Island Dressing,Mr Makhana Super Snack - Pudina Party,0.4723619846261356
Sunfeast Nice Biscuit Coconut Flavoured Biscuits | Trans Fat-free,Kurkure Masala Munch,0.47225617519735164
Maggi Chicken Instant Noodles,YiPPee! Magic Masala Noodles with Added Veggies - The Better Noodles,0.4721794644963435
Daily Good Tamarind / Imli (200.0 GRAM),Kurkure Green Chutney Style (68.0 GRAM),0.47204346136253666
"Ritebite Max Protein Cheese & Jalapeno 10G Multigrain Protein Chips, Healthy Snacks & Munchies",Kurkure Green Chutney Style (68.0 GRAM),0.47202214593516173
Sunfeast Dark Fantasy Crunchy Choco Cookies with Vanilla Fills Centre Fills | Artificial Flavour-free,Crax Crunchy Pipes Salted Puff Snacks,0.4720054919908466
Let's Try Potato Wafers | Vrat | Fasting Chips,Cheetos Cheese Puffs (28.0 GRAM),0.47197755254903795
Heka Bites Roasted Quinoa Puffs Indian Chaat - Low Calorie & Healthy Snacks (40.0 GRAM),The Whole Truth Double Cocoa Protein Bar,0.4716922514619883
Let's Try Combo Pack | Aloo Bhujia | Navratan | Peanut Party | Crunchy Party,Aashirvaad 100% Chana Dal Besan (500.0 GRAM),0.4714700517225454
Maggi Chicken Instant Noodles,Haldiram's Moong Dal,0.4714456846496421
Beyond Snack Kerala Banana Chips - Original Style (25.0 GRAM),YiPPee! Magic Masala Noodles with Added Veggies - The Better Noodles,0.4714364598315184
Tata Sampann 100% Pure Premium Raisins/Kishmish Seedless,YiPPee! Magic Masala Noodles with Added Veggies - The Better Noodles,0.4713308749580959
Haldirams Namkeen - Khara Boondi,YiPPee! Magic Masala Noodles with Added Veggies - The Better Noodles,0.47133087495809584
Sunfeast Nice Biscuit Coconut Flavoured Biscuits | Trans Fat-free,Aashirvaad 100% Chana Dal Besan (500.0 GRAM),0.4711891807278341
Kurkure Yummy PuffCorn Yummy Cheese Chips,Kurkure Solid Masti Masala Twisteez (61.0 GRAM),0.47104568365469235
Ferrero Rocher Moments Pack,Chheda's Golden Plain Salted Chips (170.0 GRAM),0.4710455411044933
Let's Try Soya Sticks (160.0 GRAM),MAGGI 2-Minute Instant Noodles | Masala Noodles | Made With Quality Spices,0.4710357313657171
Too Yumm! Bhoot Karare Spicy Chilli Flavour Crisps | No Palm Oil Snacks,Crax Crunchy Pipes Salted Puff Snacks,0.47102854389979526
Sweet Karam Coffee Onion Kodubale / Ring Murukku | No Palm Oil and No Maida,Sweet Karam Coffee Garlic Murukku Sticks (95.0 GRAM),0.47093448619886924
Orbit Sugar-Free Mixed Fruit Chewing Gum Pot (19800.0 MILLIGRAM),Britannia Nutrichoice High-Fibre Digestive Biscuits,0.47089630015633155
Crax Fritts Cream and Onion Corn & Potato Stick Snacks,Crax Natkhat Classic Wheat Puff Snacks,0.4707471159128364
Kab's Korean Jackpot Ramyun Soup Noodles Non Veg,YiPPee! Magic Masala Noodles with Added Veggies - The Better Noodles,0.4707398929582448
Nestle Nan Excellapro Stage 2 Follow-Up Formula 6+ Months,Origami Luncheon Tissue Paper Napkins - 32 X 32 cm - 50 Serviettes,0.47071570059424955
Britannia Nutrichoice Oats Orange & Almond Biscuits | Maida-free and Trans Fat-free,Lay's American Cream & Onion Potato Chips (48.0 GRAM),0.4706517594509206
Bingo! Original Style Potato Chips - Korean Style,Tata Sampann 100% Chana Dal Fine Besan,0.4706098615916955
Sweet Karam Coffee Garlic Murukku Sticks (95.0 GRAM),Crax Crunchy Pipes Salted Puff Snacks,0.47046578578283016
Britannia Treat Rich Creme Choco Flavoured Wafers | Trans Fat-free,YiPPee! Magic Masala Noodles with Added Veggies - The Better Noodles,0.4703406840443184
Veeba Chef'S Special Veg Mayonnaise Smart,Lal Sweets Motichoor Laddu,0.47027915632754336
Britannia Treat Croissant - With Cocoa Creme Filling 100% VEG (45.0 GRAM),Britannia Marie Gold Biscuits Plain | Trans Fat-free,0.4700220182512733
Cornitos Jalapeno Nachos and Salsa Dip Tray (75.0 GRAM),YiPPee! Magic Masala Noodles with Added Veggies - The Better Noodles,0.46987615003538574
Cornitos Nacho Crisps - Cheese And Herbs,YiPPee! Magic Masala Noodles with Added Veggies - The Better Noodles,0.46972912996340965
Wok Tok by Veeba Instant Cup Noodles Masala (75500.0 MILLIGRAM),Om Shanthi Havan Samagri | Cycle,0.46967844202898545
"Britannia Jimjam Pops, Crunchy Cookie Vanilla Cream Biscuits",Britannia Good Day Chunkies Chocochip Cookies,0.469659420289855
Crax Fritts Cream and Onion Corn & Potato Stick Snacks,Britannia Marie Gold Biscuits Plain | Trans Fat-free,0.46964852679705366
Modern Kitchens Potato Chips Salted (70.0 GRAM),YiPPee! Magic Masala Noodles with Added Veggies - The Better Noodles,0.4696467743214315
Cavin's Masala Buttermilk,Paper Boat Chikki Family Pack,0.46961451247165537
Cornitos Nacho ChipsÂ  Tikka Masala (55.0 GRAM),Piknik Classic Tomato Chilli,0.4695767978691921
Balaji Rumbles Pudina Twist Wafers,The Healthy Binge Quinoa Baked Chips Smokey Bbq -High Protein And Fibre (40.0 GRAM),0.4695767978691921
Mr Makhana Cream And Onion,Haldiram's Masala Tasty Nuts (200.0 GRAM),0.4695579300230463
Korean Nongshim Kimchi Ramyun Noodle Soup Veg,Coca-Cola Zero Sugar Soft Drink,0.4694637576920002
Modern Kitchens Banana Chips Salted,YiPPee! Magic Masala Noodles with Added Veggies - The Better Noodles,0.4693546448744141
Nutrela 100% Vegetarian Soya Chunks,Snackible Cheese Dosa Khakra | Millet Snack (100.0 GRAM),0.4693514384920635
Fortune Suji,Kurkure Solid Masti Masala Twisteez (61.0 GRAM),0.46928104575163393
Mr Makhana Piri Piri,Crax Crunchy Pipes Salted Puff Snacks,0.46926439204998327
Haldirams Kaju - Salted,YiPPee! Magic Masala Noodles with Added Veggies - The Better Noodles,0.46924797336421536
Satyam Chilli Bedgi,Daily Good Saunf / Fennel,0.46923273657289
Parle Krack Jack Sweet and Salty Plain Crackers | Artificial Colour-free,MAGGI 2-Minute Instant Noodles | Masala Noodles | Made With Quality Spices,0.46922405547584883
Heka Bites Roasted Quinoa Puffs Indian Chaat - Low Calorie & Healthy Snacks (40.0 GRAM),RiteBite Max Protein 10g Protein Bar Choco Almond,0.46922337506762496
Kurkure Playz Puffcorn Yummy Cheese,MAGGI 2-Minute Instant Noodles | Masala Noodles | Made With Quality Spices,0.46921837624108437
Everest Turmeric Powder (200.0 GRAM),Everest Shahi Biryani Masala (50.0 GRAM),0.46921529175050297
Britannia Milk Bikis Glucose Biscuits | Trans Fat-free,Lay's West Indies Hot 'n' Sweet Chilli Potato Chips,0.4690752635046114
The Belgian Waffle Co Classic Chocolate Wafers | Preservative-free,Society Natural Tea (250.0 GRAM),0.4688914314772439
Stroom Choco Almond Bliss Protein Bars (45.0 GRAM),Lal Sweets Motichoor Laddu,0.46888297872340423
Catch Black Pepper Sprinkler (50.0 GRAM),MAGGI 2-Minute Instant Noodles | Masala Noodles | Made With Quality Spices,0.46875689376839863
Bevzilla Assorted Instant Coffee Powder,The Theatre Project Gourmet Popcorn - Cheddar Cheese (60.0 GRAM),0.4686974789915966
Balaji Rumbles Pudina Twist Wafers,The Theatre Project Gourmet Popcorn - Cheddar Cheese (60.0 GRAM),0.46863516048621284
Lets Try Lite Mixture (180.0 GRAM),Society Natural Tea (250.0 GRAM),0.4686233403214535
Crax Mast Matar Green Peas Namkeen Snacks,Doritos Nacho Cheese Flavoured Corn Chips (45.0 GRAM),0.46860944527736137
Mapro Rose Sharbat,Max Protein Choco Chips Flavoured Biscuits | Maida-free,0.46859988570495553
Let's Try Lite Snacks Sticks | Vrat | Fasting Special,Haldiram's Moong Dal,0.4684983707806516
Fortune Suji,Lay's American Cream & Onion Potato Chips,0.4684035101424367
Snackible Cheese Dosa Khakra | Millet Snack (100.0 GRAM),Haldiram Aloo Bhujia ,0.468324432576769
Stroom Cookie Crunch Delight 10G Protein Bars (45.0 GRAM),Chheda's Yellow Banana Chips (170.0 GRAM),0.4682845744680852
Cavin's Strawberry Milkshake,Lal Sweets Motichoor Laddu,0.4681451612903225
Lijjat Moong Papad,YiPPee! Magic Masala Noodles with Added Veggies - The Better Noodles,0.46809293883980546
Doritos Dinamita Fiery Lime And Chilli Rolled Tortilla Chips (56.0 GRAM),Maggi Masala-ae-Magic Sabzi Masala,0.4680331727809365
Korean Nongshim Kimchi Ramyun Noodle Soup Veg,YiPPee! Magic Masala Noodles with Added Veggies - The Better Noodles,0.4680240002626567
Satyam Nighties Spices Tamarind,Chheda's Golden Plain Salted Chips (170.0 GRAM),0.4679668120776666
Let'S Try Special Makhana Mixture | Fasting Snacks (90.0 GRAM),RiteBite Max Protein 10g Protein Bar Choco Almond,0.46796222133226534
Satyam Nighties Spices Tamarind,Kinder Joy - Single Pack - Assorted,0.4678856071261135
The Healthy Binge Quinoa Baked Chips Smokey Bbq -High Protein And Fibre (40.0 GRAM),Crax Crunchy Pipes Salted Puff Snacks,0.4677926847272459
Heka Bites Roasted Jowar Puffs Majestic Masala - Low Calorie & Healthy Snacks,The Whole Truth Double Cocoa Protein Bar,0.4675499231950845
Sugar Free D'Lite Choco Chip Biscuits | Trans Fat-free,Haldiram's Salted Peanut,0.4675309315866084
Peppy Tomato Disc (55.0 GRAM),Cheetos Cheese Puffs (28.0 GRAM),0.46742087007137684
Yogabar Dark Chocolate Oatmeal 400g Breakfast Cereal Gluten Free Oats High in Protein & Gluten-Free,Parle Hide & Seek Milano Chocolate Flavoured Biscuits,0.46739290085679314
Cornitos Nacho ChipsÂ  Tikka Masala (55.0 GRAM),Kotton Multipurpose Napkin | 100% Virgin Pulp-Paper | 25 cm X 25 cm | 100Pcs,0.46737732214567895
Society Natural Tea (250.0 GRAM),Cheetos Cheese Puffs (28.0 GRAM),0.4672333357105501
Sweet Karam Coffee Madras Mixture,Snackible Biscuit Sticks (with Chocolatey Dip) | Made with Jaggery (30.0 GRAM),0.4671875
Bingo! Original Style Potato Chips - Korean Style,Uncle Chipps - Spicy Treat,0.467151354923992
Too Yumm! Karare Chilli Achari Flavour | Tangy | No Palm Oil Crisps,Uncle Chipps - Spicy Treat,0.467151354923992
Farmley Cream And Onion Makhana Roasted In Olive Oil,Haldiram's Mini Bhakarwadi,0.4671120267624021
Let's Try Lite Snacks Sticks | Vrat | Fasting Special,MAGGI 2-Minute Instant Noodles | Masala Noodles | Made With Quality Spices,0.4669807167385753
Stroom Cookie Crunch Delight 10G Protein Bars (45.0 GRAM),Haldiram's Soan Papdi,0.4668979875086745
Doritos Nacho Cheese Flavoured Corn Chips (45.0 GRAM),Kurkure Solid Masti Masala Twisteez (61.0 GRAM),0.4668920927467301
Maggi Special Masala Instant Noodles,Let's Try Namkeen Combo Pack Of 6 (Crunchy Party Mix Peanut Party Mix Aloo Bhujia),0.4667622003356873
Beyond Snack Kerala Banana Chips - Desi Masala (70.0 GRAM),Lay's Spanish Tomato Tango Potato Chips,0.46675275095441277
Cavin's Masala Buttermilk,Palekar Knot Premium Salty Khari | Preservative-free,0.4665749987938438
The Theatre Project Gourmet Popcorn - Piri Piri & Lime (60.0 GRAM),RiteBite Max Protein 10g Protein Bar Choco Almond,0.4665656279890609
"Beyond Snack Kerala Banana Chips - Sour Cream, Onion & Parsley (70.0 GRAM)",Modern Kitchens Butter Murukku,0.4665632754342431
Crax Natkhat Classic Wheat Puff Snacks,Lay's Spanish Tomato Tango Potato Chips,0.46650605288308383
Maggi Chicken Instant Noodles,Crax Crunchy Pipes Salted Puff Snacks,0.4665056360708535
Rajam Banana Chips (150.0 GRAM),Daily Good Raw Peanut - Singdana,0.46643678687623147
Parle Hide & Seek Black Bourbon Chocolate Cream Biscuits | Trans Fat-free,YiPPee! Magic Masala Noodles with Added Veggies - The Better Noodles,0.46642117834394903
"Yoga Bar  Rolled Oats 400g Pouch | Premium Golden Rolled Oats, Gluten Free Oats with High Fibre",YiPPee! Magic Masala Noodles with Added Veggies - The Better Noodles,0.46642117834394903
"Yoga Bar Muesli Dark Chocolate & Cranberry,Breakfast Cereals, Protein Granola, Gluten Free",YiPPee! Magic Masala Noodles with Added Veggies - The Better Noodles,0.46642117834394903
Sunfeast Farmlite Gold and Almond Oats Biscuits | Trans Fat-free,YiPPee! Magic Masala Noodles with Added Veggies - The Better Noodles,0.46642117834394903
Let's Try Lite Snacks Sticks | Vrat | Fasting Special,Let's Try Namkeen Combo Pack Of 6 (Crunchy Party Mix Peanut Party Mix Aloo Bhujia),0.46640814059586627
Bingo! Original Style Potato Chips - Korean Style,Lay's Spanish Tomato Tango Potato Chips,0.4662847502014503
"Tata Sampann Hing, Compounded Asafoetida | Bandhani Hing, Strong Flavour & Aroma (50.0 GRAM)",Bhagirathi Rajgira Peeth | Amaranth Flour,0.4662274133972248
Lets Try Lite Mixture (180.0 GRAM),Let's Try Namkeen Combo Pack Of 6 (Crunchy Party Mix Peanut Party Mix Aloo Bhujia),0.4661248185776487
Korean Nongshim Kimchi Ramyun Noodle Soup Veg,Top Ramen Noodles Curry Veg Pouch,0.465954439640838
Let's Try Potato Wafers | Vrat | Fasting Chips,Let's Try Namkeen Combo Pack Of 6 (Crunchy Party Mix Peanut Party Mix Aloo Bhujia),0.4657094345194154
Sweet Karam Coffee Kerala Nendran Banana Chips (65.0 GRAM),Top Ramen Noodles Curry Veg Pouch,0.4656720430107527
Rang Munch Tangy Imli (110.0 GRAM),Om Shanthi Havan Samagri | Cycle,0.4656682762390671
Modern Kitchens Spicy Murukku (150.0 GRAM),Modern Kitchens Butter Murukku,0.4654944019510031
Let's Try Teekha Tadka Makhana Puffs (60.0 GRAM),Balaji Tomato Wafers (135.0 GRAM),0.4654009433962264
Mapro Rose Sharbat,MAGGI 2-Minute Instant Noodles | Masala Noodles | Made With Quality Spices,0.46539940637501614
Cadbury Oreo Chocolate Flavour Creme Sandwich Biscuit,Kurkure Green Chutney Style (68.0 GRAM),0.4653955374557042
Chheda's Golden Plain Salted Chips (170.0 GRAM),Cheetos Cheese Puffs (28.0 GRAM),0.4653617522390582
"Britannia Jimjam Pops, Crunchy Cookie Vanilla Cream Biscuits",Lay's India's Magic Masala Potato Chips (67.0 GRAM),0.4652918825561312
Top Ramen Curry Veg Instant Noodles,YiPPee! Magic Masala Noodles with Added Veggies - The Better Noodles,0.46526952111347003
Too Yumm! Chili Chataka Veggie Stix | Munching Snack | On-the-Go Munchies (75.0 GRAM),Kotton Multipurpose Napkin | 100% Virgin Pulp-Paper | 25 cm X 25 cm | 100Pcs,0.4652431791221827
Lijjat Moong Papad,Kotton Multipurpose Napkin | 100% Virgin Pulp-Paper | 25 cm X 25 cm | 100Pcs,0.4652431791221827
Everest Cumin Powder (100.0 GRAM),YiPPee! Magic Masala Noodles with Added Veggies - The Better Noodles,0.4652343560071959
Mr Makhana Super Snack - Pudina Party,Mr Makhana Lime Chilli,0.46522911051212934
Coca-Cola Zero Sugar Soft Drink,Nissin Geki - Hot and Spicy Korean Kimchi Flavoured Ramen Instant Noodles,0.4652232023523121
Britannia Treat Croissant - With Cocoa Creme Filling 100% VEG (45.0 GRAM),RiteBite Max Protein 10g Protein Bar Choco Almond,0.4651431718061674
Britannia Nice Time Coconut Flavoured Biscuits | Artificial Flavour-free,Daily Good Raw Peanut - Singdana,0.4651406147809025
Too Yumm! Chili Chataka Veggie Stix | Munching Snack | On-the-Go Munchies (75.0 GRAM),Chheda's Golden Plain Salted Chips (170.0 GRAM),0.4650420195021812
Modern Kitchens Banana Chips Salted,The Healthy Binge Quinoa Baked Chips Smokey Bbq -High Protein And Fibre (40.0 GRAM),0.464982755122743
Farmley Peri Peri Makhana Roasted In Olive Oil,Crax Curls Chatpata Masala Puff Snacks,0.46478209658421676
Balaji Simply Salted Chips (135.0 GRAM),Chheda's Yellow Banana Chips (170.0 GRAM),0.46465446148771233
Hillers Schezwan Hot Chutney,YiPPee! Magic Masala Noodles with Added Veggies - The Better Noodles,0.4646341240207921
Too Yumm! Dahi Papdi Chaat Multigrain Healthy Chips High Protein Crunchy Crisps,Haldiram's Lite Chiwda (200.0 GRAM),0.4645739249950913
Let's Try Combo Pack | Aloo Bhujia | Navratan | Peanut Party | Crunchy Party,Sunfeast Dark Fantasy Bourbon Chocolate Cream Biscuits | Trans Fat-free,0.46443317004898527
Sunfeast Dark Fantasy Crunchy Choco Cookies with Vanilla Fills Centre Fills | Artificial Flavour-free,Haldiram's Masala Tasty Nuts (200.0 GRAM),0.4643927927927928
Farmley Peri Peri Makhana Roasted In Olive Oil,Haldirams Namkeen - Khara Boondi,0.464327485380117
Mr Makhana Super Snack - Himalayan Salt And Pepper,YiPPee! Magic Masala Noodles with Added Veggies - The Better Noodles,0.4643201820451024
Surf Excel Easy Wash Detergent Powder,Aashirvaad 100% Chana Dal Besan (500.0 GRAM),0.4643134587772992
Daily Good Till - Sesame White (100.0 GRAM),MAGGI 2-Minute Instant Noodles | Masala Noodles | Made With Quality Spices,0.4642988461471119
Kurkure Playz Puffcorn Yummy Cheese,Let's Try Namkeen Combo Pack Of 6 (Crunchy Party Mix Peanut Party Mix Aloo Bhujia),0.46426849013055904
Sunfeast Nice Biscuit Coconut Flavoured Biscuits | Trans Fat-free,Kurkure Solid Masti Masala Twisteez (61.0 GRAM),0.46422413793103456
Haldirams Kaju - Salted,Crax Crunchy Pipes Salted Puff Snacks,0.4640503432494279
ZOFF Green Cardamom Whole - Elaichi,Cheetos Cheese Puffs (28.0 GRAM),0.4639628393925449
Cavin's Masala Buttermilk,YiPPee! Magic Masala Noodles with Added Veggies - The Better Noodles,0.4639533414214943
Haldiram's Mixture (400.0 GRAM),YiPPee! Magic Masala Noodles with Added Veggies - The Better Noodles,0.46378603044370076
Doritos Nacho Cheese Flavoured Corn Chips,Lay's Spanish Tomato Tango Potato Chips,0.4637471461187215
Doritos Dinamita Fiery Lime And Chilli Rolled Tortilla Chips (56.0 GRAM),Let's Try Namkeen Combo Pack Of 6 (Crunchy Party Mix Peanut Party Mix Aloo Bhujia),0.46374663072776284
Cornitos Nacho Chips - Peri Peri (55.0 GRAM),Haldiram's Mixture (400.0 GRAM),0.46369077585724683
Top Ramen Masala Instant Noodles,Nissin Geki - Hot and Spicy Korean Kimchi Flavoured Ramen Instant Noodles,0.4636507434356217
Bingo! Mad Angles Masala Madness Crisps,Kurkure Solid Masti Masala Twisteez (61.0 GRAM),0.46360101828280487
Daily Good Sooji Rava Barik / Chiroti Sooji,Cheetos Masala Balls (28.0 GRAM),0.4635943626975192
Nissin Cup Noodles Italiano,Haldiram Aloo Bhujia ,0.4635938827527612
Let's Try Potato Wafers | Vrat | Fasting Chips,MAGGI 2-Minute Instant Noodles | Masala Noodles | Made With Quality Spices,0.4634552065290326
ACT II Ready to Eat Caramel Popcorn - Classic Caramel Bliss (35.0 GRAM),Cheetos Cheese Puffs (28.0 GRAM),0.46336815179231333
Beyond Snack Kerala Banana Chips - Hot & Sweet Chilli (70.0 GRAM),Piknik Classic Tomato Chilli,0.46334605414746544
Smoodh Chocolate Milk Drink | Pet,Haldiram's Soan Papdi,0.4632879515227826
Rang Munch Tangy Imli (110.0 GRAM),YiPPee! Magic Masala Noodles with Added Veggies - The Better Noodles,0.46324824515793583
YiPPee! 100% Suji Cheese Pasta Treat,YiPPee! Magic Masala Noodles with Added Veggies - The Better Noodles,0.4632221304815077
Unibic Fruit & Nut cookies,Snackible Cheese Dosa Khakra | Millet Snack (100.0 GRAM),0.4632220921155347
Haldirams Soya Sticks,Sunfeast Dark Fantasy Bourbon Chocolate Cream Biscuits | Trans Fat-free,0.463214185350694
Haldiram's Mathri (200.0 GRAM),Kinder Joy - Single Pack - Assorted,0.46320675105485226
Nescafe Cafe Style Iced Frappe Cold Coffee,RiteBite Max Protein 10g Protein Bar Choco Almond,0.4631805423892638
Charliee Rajgira Laddu,Crax Crunchy Pipes Salted Puff Snacks,0.4631422212469828
Daily Good Till - Sesame White (100.0 GRAM),Kurkure Masala Munch,0.4631318356488324
Tropicana Delight Mixed Fruit Juice,YiPPee! Magic Masala Noodles with Added Veggies - The Better Noodles,0.4631132267244884
Orion K Snack Rings 3x Spicy,Sunfeast All Rounder Crunchy Potato Chatpata Masala Flavoured Crackers | Trans Fat-free,0.462978975315729
Sweet Karam Coffee Garlic Murukku Sticks (95.0 GRAM),Haldiram's Mixture (400.0 GRAM),0.46296701293967557
Rajam Garlic Mixture,YiPPee! Magic Masala Noodles with Added Veggies - The Better Noodles,0.4628876845686161
Kellogg's Multigrain Chocos | More Chocolatey | No-Maida,Chheda's Golden Plain Salted Chips (170.0 GRAM),0.46279741124657603
"Assorted Candy 20 Pcs, Tangy Imli, Kaccha & Real Aam, Chilli Guava No Refined Sugar (20.0 PIECE)",Haldiram's Mini Bhakarwadi,0.4627966347548593
Let's Try Lite Snacks Sticks | Vrat | Fasting Special,Palekar Jeeo Butter | Toasted Buns With Jeera And Khari | Trans Fat-free,0.46279644861281694
Modern Kitchens Spicy Murukku (150.0 GRAM),Kinder Creamy Milky And Cocoa With Extruded Rice (19.0 GRAM),0.4627660215831675
Kurkure Yummy PuffCorn Yummy Cheese Chips,Britannia 50-50 Maska Chaska Biscuits Butter Flavoured Crackers | Trans Fat-free,0.46271535206979447
Modern Kitchens Spicy Murukku (150.0 GRAM),Haldiram's Salted Peanut,0.46271102507540623
"B Natural Orange Juice, 100% Pulp, No Concentrate",Coca-Cola Zero Sugar Soft Drink,0.46267040898155576
Let's Try Soya Sticks (160.0 GRAM),Palekar Jeeo Butter | Toasted Buns With Jeera And Khari | Trans Fat-free,0.46265015221958816
"Tata Sampann Hing, Compounded Asafoetida | Bandhani Hing, Strong Flavour & Aroma (50.0 GRAM)",Lal Sweets Motichoor Laddu,0.46264080901177673
Modern Kitchens Banana Chips Salted,Modern Kitchens Potato Chips Salted (70.0 GRAM),0.46259818888801896
Mr Makhana Cream And Onion,Crax Crunchy Pipes Salted Puff Snacks,0.4625086477569048
Let's Try Lite Snacks Sticks | Vrat | Fasting Special,Society Natural Tea (250.0 GRAM),0.4624795040147501
Mr Makhana Lime Chilli,Haldiram's Mixture (400.0 GRAM),0.4624697336561744
Modern Kitchens Spicy Murukku (150.0 GRAM),Chheda's Golden Plain Salted Chips (170.0 GRAM),0.4624187519344777
Cornitos Nacho ChipsÂ  Tikka Masala (55.0 GRAM),Crax Crunchy Pipes Salted Puff Snacks,0.46222576785001995
Catch Chatpata Chat Masala Carton (100.0 GRAM),YiPPee! Magic Masala Noodles with Added Veggies - The Better Noodles,0.46221918574625587
Lay's India's Magic Masala Potato Chips (67.0 GRAM),Kurkure Playz Puffcorn Yummy Cheese,0.4622118992317312
"Assorted Candy 20 Pcs, Tangy Imli, Kaccha & Real Aam, Chilli Guava No Refined Sugar (20.0 PIECE)",Let's Try Namkeen Combo Pack Of 6 (Crunchy Party Mix Peanut Party Mix Aloo Bhujia),0.46216117216117214
Everest Turmeric Powder (200.0 GRAM),Everest Coriander Powder (100.0 GRAM),0.46211069232295177
Bauli Moonfils Croissants Strawberry (Veg),Lal Sweets Motichoor Laddu,0.4620766129032258
Haldiram's Mathri (200.0 GRAM),The Healthy Binge Quinoa Baked Chips Smokey Bbq -High Protein And Fibre (40.0 GRAM),0.4620766129032258
Haldiram Aloo Bhujia ,YiPPee! Magic Masala Noodles with Added Veggies - The Better Noodles,0.46206210191082797
Crax Corn Rings Masala Mania Puff Snacks,Kurkure Masala Munch,0.46204592948290424
Daily Good Lachkari Kolam Raw Rice,Parle Krack Jack Sweet and Salty Plain Crackers | Artificial Colour-free,0.46202731092436977
Peppy Cheese Balls (55.0 GRAM),Haldiram's Moong Dal,0.46199446827972207
Nongshim Korean Shin Ramyun Cup Noodle Soup Non Veg,YiPPee! Magic Masala Noodles with Added Veggies - The Better Noodles,0.46197907188353055
"Taali Roasted Bharuchi Peanuts | Nimbu Pudina | Protein Rich , No Palm Oil ,Restaurant-Style Crunch",MAGGI 2-Minute Instant Noodles | Masala Noodles | Made With Quality Spices,0.4619773519163763
Daily Good Chilli With Stem / Guntur With Stem,MAGGI 2-Minute Instant Noodles | Masala Noodles | Made With Quality Spices,0.4619773519163763
Daily Good Unpolished Green Moong Chilka Dal -Split,MAGGI 2-Minute Instant Noodles | Masala Noodles | Made With Quality Spices,0.4619773519163763
Winkies Swiss Roll - Cream & Real Strawberry Jam,Mr Makhana Lime Chilli,0.46196052191368353
Tata Sampann Chilli Powder with Natural Oils Lal Mirchi Powder,Charliee Rajgira Laddu,0.4619274400684931
Sunfeast Dark Fantasy Choco Rolls | Crunchy Wafer Rolls,Kinder Creamy Milky And Cocoa With Extruded Rice (19.0 GRAM),0.4619256474519633
Lay's India's Magic Masala Potato Chips (67.0 GRAM),Britannia Marie Gold Biscuits Plain | Trans Fat-free,0.46186695637639985
Beyond Snack Kerala Banana Chips - with Coconut Oil & Rock Salt,Let's Try Namkeen Combo Pack Of 6 (Crunchy Party Mix Peanut Party Mix Aloo Bhujia),0.46182097254971743
Fortune Suji,Maggi Special Masala Instant Noodles,0.4617129080258424
Chheda's Golden Plain Salted Chips (170.0 GRAM),MAGGI 2-Minute Instant Noodles | Masala Noodles | Made With Quality Spices,0.46162171115277634
Heka Bites Roasted Quinoa Puffs Indian Chaat - Low Calorie & Healthy Snacks (40.0 GRAM),Haldiram's Moong Dal,0.4616112913562445
Britannia Nutrichoice High-Fibre Digestive Biscuits,Let's Try Namkeen Combo Pack Of 6 (Crunchy Party Mix Peanut Party Mix Aloo Bhujia),0.46160834779255827
Too Yumm! Bhoot Karare Spicy Chilli Flavour Crisps | No Palm Oil Snacks,Om Shanthi Havan Samagri | Cycle,0.4612282659774436
Top Ramen Masala Instant Noodles,Haldiram Aloo Bhujia ,0.46116350853125265
Haldirams Soya Sticks,Lay's Spanish Tomato Tango Potato Chips,0.46111463164707156
Too Yumm! Bhoot Karare Spicy Chilli Flavour Crisps | No Palm Oil Snacks,Tata Sampann Chilli Powder with Natural Oils Lal Mirchi Powder,0.4610300164473684
Parle Hide & Seek Choco Roll Centre Fills | Trans Fat-free,Om Shanthi Havan Samagri | Cycle,0.46096455627705624
Palekar Jeeo Butter | Toasted Buns With Jeera And Khari | Trans Fat-free,Cheetos Cheese Puffs (28.0 GRAM),0.46091903444807636
Unibic Wafer Belgium Chocolate Qubz Cubes Wafers | Maida-free,Palekar Knot Premium Salty Khari | Preservative-free,0.4606779437029206
Catch Jeera Powder Pouch,YiPPee! Magic Masala Noodles with Added Veggies - The Better Noodles,0.46066289219155465
Sunfeast Nice Biscuit Coconut Flavoured Biscuits | Trans Fat-free,Kurkure Green Chutney Style (68.0 GRAM),0.46065271843229705
Everest Turmeric Powder (200.0 GRAM),"Paper Boat Mango | Juicy Sips, Chewy Bites | Refreshing Summer Juice Drink",0.4605747387551113
Haldirams Soya Sticks,Kurkure Solid Masti Masala Twisteez (61.0 GRAM),0.4605688297583491
Nissin Geki - Hot and Spicy Korean Chicken Flavoured Ramen Instant Noodles,Top Ramen Noodles Curry Veg Pouch,0.4605547678128322
Britannia Nutrichoice Oats Orange & Almond Biscuits | Maida-free and Trans Fat-free,Kurkure Yummy PuffCorn Yummy Cheese Chips,0.46030280962622994
Modern Kitchens Wheel Chips,YiPPee! Magic Masala Noodles with Added Veggies - The Better Noodles,0.46020222929936305
Too Yumm! Bhoot Karare Spicy Chilli Flavour Crisps | No Palm Oil Snacks,Haldiram Aloo Bhujia ,0.4601082144613871
Tata Sampann 100% Pure Premium Raisins/Kishmish Seedless,Chheda's Yellow Banana Chips (170.0 GRAM),0.4600690556177678
Too Yumm! Karare Chilli Achari Flavour | Tangy | No Palm Oil Crisps,Kurkure Masala Munch,0.45991586946197155
Let's Try Teekha Tadka Makhana Puffs (60.0 GRAM),Balaji Cream & Onion Wafers (135.0 GRAM),0.45982421875
"Yogabar Multigrain Energy Bars Chocolate Chunk with Nuts, Oats and Millets,Chia Seeds, Protein Bars",Chheda's Yellow Banana Chips (170.0 GRAM),0.45981431084721525
Parle Melody Chocolaty Toffee (176.0 GRAM),YiPPee! Magic Masala Noodles with Added Veggies - The Better Noodles,0.4598052751050278
Piknik Classic Tomato Chilli,Crax Crunchy Pipes Salted Puff Snacks,0.4597733815604931
"Vicks Vaporub - Relief for Cold, Cough, Congestion",Om Shanthi Havan Samagri | Cycle,0.4597424869337979
Too Yumm! Chili Chataka Veggie Stix | Munching Snack | On-the-Go Munchies (75.0 GRAM),The Healthy Binge Ragi Baked Chips Chatpata Chaat- High Protein & Fibre (40.0 GRAM),0.45972222222222225
Bingo! Original Style Potato Chips - Korean Style,Kurkure Solid Masti Masala Twisteez (61.0 GRAM),0.45967292089249484
Crax Natkhat Classic Wheat Puff Snacks,Doritos Nacho Cheese Flavoured Corn Chips (45.0 GRAM),0.4595278668805133
The Theatre Project TTP Kettle Cooked - Hot & Sweet Chilli (42.0 GRAM),Chheda's Golden Plain Salted Chips (170.0 GRAM),0.45945832458534536
Bhagirathi Jowar Atta (500.0 GRAM),Cheetos Cheese Puffs (28.0 GRAM),0.45938394412643113
Tata Sampann Turmeric Powder With Natural Oils,YiPPee! Magic Masala Noodles with Added Veggies - The Better Noodles,0.45935419079328316
Let'S Try Special Makhana Mixture | Fasting Snacks (90.0 GRAM),MAGGI 2-Minute Instant Noodles | Masala Noodles | Made With Quality Spices,0.4591774891774892
Sweet Karam Coffee Garlic Murukku Sticks (95.0 GRAM),Sweet Karam Coffee Indian Masala Tapioca Chips | No Palm Oil,0.45913978494623653
Sunfeast Farmlite Gold and Almond Oats Biscuits | Trans Fat-free,Kotton Multipurpose Napkin | 100% Virgin Pulp-Paper | 25 cm X 25 cm | 100Pcs,0.4591215583442593
Epigamia Turbo Cookies and Cream Protein Milkshake,Coca-Cola Zero Sugar Soft Drink,0.4590522630657664
Pintola High Protein Oats Dark Chocolate With Almonds Raisin Pumpkin And Chia Seeds,Society Natural Tea (250.0 GRAM),0.4589661449375071
Veeba Chef'S Special Veg Mayonnaise Smart,Crax Crunchy Pipes Salted Puff Snacks,0.4589508889280056
Tata Sampann 100% Pure California Almonds/Badam Giri Whole Premium Quality,Crax Crunchy Pipes Salted Puff Snacks,0.4589508889280055
Heka Bites Roasted Jowar Puffs Cheesy Salsa - Low Calorie & Healthy Snacks (40.0 GRAM),RiteBite Max Protein 10g Protein Bar Choco Almond,0.458869564479302
Beyond Snack Kerala Banana Chips - with Coconut Oil & Rock Salt,MAGGI 2-Minute Instant Noodles | Masala Noodles | Made With Quality Spices,0.45886009583057075
Everest Sabji Masala,Haldiram Aloo Bhujia ,0.45868812737971615
Epigamia Turbo Cookies and Cream Protein Milkshake,Lal Sweets Motichoor Laddu,0.45863683662851196
Bhagirathi Rajgira Peeth | Amaranth Flour,Crax Crunchy Pipes Salted Puff Snacks,0.4586301685304319
Mysore Sandal Soap,Cheetos Cheese Puffs (28.0 GRAM),0.4585753329421369
Everest Cumin Powder (50.0 GRAM),ACT II Ready to Eat Popcorn - Sour Cream & Cheese Popcorn (50.0 GRAM),0.4585293413173652
Britannia Treat Croissant - With Cocoa Creme Filling 100% VEG (45.0 GRAM),Kurkure Green Chutney Style (68.0 GRAM),0.4585259745798857
Lay's Potato Chips - Chile Lemon Flavour,Kurkure Solid Masti Masala Twisteez (61.0 GRAM),0.4584929757343551
Modern Kitchens Spicy Murukku (150.0 GRAM),Society Natural Tea,0.45841924398625417
Doritos Dinamita Fiery Lime And Chilli Rolled Tortilla Chips (56.0 GRAM),Cheetos Masala Balls (28.0 GRAM),0.45840079377578985
Daily Good Sooji Rava Barik / Chiroti Sooji,MAGGI 2-Minute Instant Noodles | Masala Noodles | Made With Quality Spices,0.45839613213407887
Farmley Peri Peri Makhana Roasted In Olive Oil,Lay's Spanish Tomato Tango Potato Chips,0.4583547374429224
Bingo! Original Style Chilli Sprinkled - Flat Cut Spicy Potato Chips Pack for Snacks,Britannia 50-50 Maska Chaska Biscuits Butter Flavoured Crackers | Trans Fat-free,0.45832248480330906
Crax Fritts Peri Peri Corn & Potato Stick Snacks,Tata Sampann 100% Chana Dal Fine Besan,0.45828619909502255
Everest Coriander Powder,Uncle Chipps - Spicy Treat,0.4581676750216075
Chheda's Mix Farsan (170.0 GRAM),MAGGI 2-Minute Instant Noodles | Masala Noodles | Made With Quality Spices,0.4581412410463707
Parle Marie Butter Marie Biscuits | Trans Fat-free,Daily Good Raw Peanut - Singdana,0.4580406961559465
Bhagirathi Makai Atta (500.0 GRAM),Aashirvaad 100% Chana Dal Besan (500.0 GRAM),0.45798493961175496
Everest Sambhar Masala,YiPPee! Magic Masala Noodles with Added Veggies - The Better Noodles,0.45798461956253383
Dukes Nibbles - Jeera Flavoured Crackers,Crax Crunchy Pipes Salted Puff Snacks,0.4578994550472999
Tata Sampann 100% Pure California Almonds/Badam Giri Whole Premium Quality,Om Shanthi Havan Samagri | Cycle,0.4578811813186812
Nissin Geki - Hot and Spicy Korean Chicken Flavoured Ramen Instant Noodles,Om Shanthi Havan Samagri | Cycle,0.4578811813186812
Too Yumm! Chili Chataka Veggie Stix | Munching Snack | On-the-Go Munchies (75.0 GRAM),Society Natural Tea,0.45787037037037037
Let'S Try Special Makhana Mixture | Fasting Snacks (90.0 GRAM),Let's Try Salted Peanuts,0.45764023210831717
Doritos Dinamita Fiery Lime And Chilli Rolled Tortilla Chips (56.0 GRAM),YiPPee! Magic Masala Noodles with Added Veggies - The Better Noodles,0.4576207787525538
Let's Try Butter Murukku (180.0 GRAM),Scotch-Brite Scrub Sponge (Pack of 3),0.4572999364877739
Britannia Nutrichoice High-Fibre Digestive Biscuits,Britannia Marie Gold Biscuits Plain | Trans Fat-free,0.4570856324278438
"Uncle Chipps Potato Chips, Plain Salted Flavour, Crispy Chips & Snacks (48.0 GRAM)",Kurkure Solid Masti Masala Twisteez (61.0 GRAM),0.45694913026333084
Too Yumm! Karare Chilli Achari Flavour | Tangy | No Palm Oil Crisps,Society Natural Tea (250.0 GRAM),0.45684588248784197
Too Yumm! Karare Munchy Masala | Spicy | No Palm Oil Crisps,Lay's Spanish Tomato Tango Potato Chips,0.4566696097317351
Everest Tandoori Chicken Masala,YiPPee! Magic Masala Noodles with Added Veggies - The Better Noodles,0.4564973234855671
Let's Try Teekha Tadka Makhana Puffs (60.0 GRAM),Modern Kitchens Spicy Murukku (150.0 GRAM),0.4564776632302405
Nutrela 100% Vegetarian Soya Chunks,Daily Good Watermelon Seeds / Tarbuj Beej,0.4564369658119658
Haldirams Kaju - Salted,"Ching's Secret Veg Hakka Noodles, Cooks In 5-7 mins, Just Soak & Drain",0.4563315130099582
Britannia Nutrichoice Oats Orange & Almond Biscuits | Maida-free and Trans Fat-free,Kurkure Solid Masti Masala Twisteez (61.0 GRAM),0.4563176440976592
Let'S Try Roasted Chana (450.0 GRAM),Haldiram's Moong Dal,0.45631584881364584
Coca-Cola Zero Sugar Soft Drink,Om Shanthi Havan Samagri | Cycle,0.45630364064230344
Beyond Snack Kerala Banana Chips - Hot & Sweet Chilli (70.0 GRAM),The Healthy Binge Ragi Baked Chips Chatpata Chaat- High Protein & Fibre (40.0 GRAM),0.4561529503105591
Too Yumm! Bhoot Karare Spicy Chilli Flavour Crisps | No Palm Oil Snacks,Haldiram's Soan Papdi,0.45614704700683006
Kurkure Red Chilli Chataka Chips (68.0 GRAM),Kurkure Green Chutney Style (68.0 GRAM),0.4559938983697206
Cavin's Masala Buttermilk,Chheda's Yellow Banana Chips (170.0 GRAM),0.45589609366205114
Satyam Chilli Bedgi,MAGGI 2-Minute Instant Noodles | Masala Noodles | Made With Quality Spices,0.4558176538908246
Let's Try Pudina Rings (60.0 GRAM),Haldiram's Lite Chiwda (200.0 GRAM),0.4557584804980307
Parle Hide & Seek Chocolate Chip Biscuits | Trans Fat-free,Kurkure Green Chutney Style (68.0 GRAM),0.4556448281862955
Bhagirathi Makai Atta (500.0 GRAM),Sunfeast Dark Fantasy Bourbon Chocolate Cream Biscuits | Trans Fat-free,0.45532663730292683
Candyman Choco Double Eclairs (75.0 PIECE),MAGGI 2-Minute Instant Noodles | Masala Noodles | Made With Quality Spices,0.45528202797555933
Heka Bites Roasted Jowar Puffs Majestic Masala - Low Calorie & Healthy Snacks,Crax Crunchy Pipes Salted Puff Snacks,0.45519092260806293
Let's Try Purani Delhi Methi Mathri,Let'S Try Roasted Chana (450.0 GRAM),0.4551900584795322
Let's Try Pudina Rings (60.0 GRAM),Kinder Joy - Single Pack - Assorted,0.45515636634400586
"Cheetos Masala Balls, Crispy Chips & Snacks (84.0 GRAM)",MAGGI 2-Minute Instant Noodles | Masala Noodles | Made With Quality Spices,0.45513324299909663
Society Natural Tea (250.0 GRAM),Sunfeast Dark Fantasy Bourbon Chocolate Cream Biscuits | Trans Fat-free,0.45507811594143593
Nescafe Cafe Style Iced Frappe Cold Coffee,Let'S Try Roasted Chana (450.0 GRAM),0.45504231746736745
Let's Try Purani Delhi Methi Mathri,Bingo! Mad Angles Masala Madness Crisps,0.4549376797698945
Let's Try Soya Sticks (160.0 GRAM),Haldiram's Moong Dal,0.4549048095784598
Kellogg's Multigrain Chocos | More Chocolatey | No-Maida,Crax Crunchy Pipes Salted Puff Snacks,0.4548001702942899
Kurkure Masala Munch,MAGGI 2-Minute Instant Noodles | Masala Noodles | Made With Quality Spices,0.45473064835690374
Sweet Karam Coffee Garlic Murukku Sticks (95.0 GRAM),YiPPee! Magic Masala Noodles with Added Veggies - The Better Noodles,0.454718854872954
Modern Kitchens Hot Chips Spicy,Crax Crunchy Pipes Salted Puff Snacks,0.4547013436601537
Let'S Try Roasted Chana (450.0 GRAM),Let's Try Namkeen Combo Pack Of 6 (Crunchy Party Mix Peanut Party Mix Aloo Bhujia),0.4545444808602704
Crax Fritts Peri Peri Corn & Potato Stick Snacks,YiPPee! Magic Masala Noodles with Added Veggies - The Better Noodles,0.4544616609505145
Let'S Try Special Makhana Mixture | Fasting Snacks (90.0 GRAM),Haldiram's Moong Dal,0.4544067386190674
Nescafe Cafe Style Iced Frappe Cold Coffee,Lets Try Lite Mixture (180.0 GRAM),0.45433484595175544
Sweet Karam Coffee Madras Mixture,Everest Chhole Masala,0.4543099832214764
Nutrela 100% Vegetarian Soya Chunks,Everest Chhole Masala,0.4543099832214764
Let's Try Namkeen Combo Pack Of 6 (Crunchy Party Mix Peanut Party Mix Aloo Bhujia),MAGGI 2-Minute Instant Noodles | Masala Noodles | Made With Quality Spices,0.45419311814782204
Bingo! Original Style Chilli Sprinkled - Flat Cut Spicy Potato Chips Pack for Snacks,Daily Good Raw Peanut - Singdana,0.45407868600711077
Charliee Rajgira Laddu,Haldiram Aloo Bhujia ,0.45406798105236207
Kurkure Schezwan Chutney (68.0 GRAM),YiPPee! Magic Masala Noodles with Added Veggies - The Better Noodles,0.4540214333164002
Godrej Expert Creme Hair Colour Natural Black (Pack of 4),Parle Krack Jack Sweet and Salty Plain Crackers | Artificial Colour-free,0.4539215686274509
Palekar Jeeo Butter | Toasted Buns With Jeera And Khari | Trans Fat-free,Haldiram's Moong Dal,0.45378277114378407
Catch Dhania Powder (200.0 GRAM),Britannia Marie Gold Biscuits Plain | Trans Fat-free,0.45376861042183614
Wok Tok by Veeba Instant Cup Noodles Masala (75500.0 MILLIGRAM),Parle Hide & Seek Milano Chocolate Flavoured Biscuits,0.45362318840579713
Britannia Treat Croissant - With Cocoa Creme Filling 100% VEG (45.0 GRAM),Haldiram's Moong Dal,0.4534411800048066
YiPPee! 100% Suji Masala Pasta Treat,Cheetos Cheese Puffs (28.0 GRAM),0.4534162536503105
Top Ramen Noodles Curry Veg Pouch,Om Shanthi Havan Samagri | Cycle,0.45336801555299533
Bingo! Original Style Chilli Sprinkled - Flat Cut Spicy Potato Chips Pack for Snacks,Kurkure Green Chutney Style (68.0 GRAM),0.4533586284957902
Orbit Sugar-Free Mixed Fruit Chewing Gum Pot (19800.0 MILLIGRAM),Heka Bites Roasted Jowar Puffs Majestic Masala - Low Calorie & Healthy Snacks,0.4533056531459598
Sweet Karam Coffee Kerala Nendran Banana Chips (65.0 GRAM),Haldiram's Mixture (400.0 GRAM),0.4532203389830508
Mr Makhana Cream And Onion,YiPPee! Magic Masala Noodles with Added Veggies - The Better Noodles,0.4531637288302967
Chheda's Golden Plain Salted Chips (170.0 GRAM),Haldiram's Moong Dal,0.45314871643448945
Peppy Cheese Balls (55.0 GRAM),Cheetos Cheese Puffs (28.0 GRAM),0.45313323994726434
Everest - Ginger Garlic Paste (200.0 GRAM),Everest Chhole Masala,0.4531299572910311
Heka Bites Roasted Jowar Puffs Majestic Masala - Low Calorie & Healthy Snacks,Let's Try Namkeen Combo Pack Of 6 (Crunchy Party Mix Peanut Party Mix Aloo Bhujia),0.4530612244897959
Bauli Moonfils Croissants Strawberry (Veg),Crax Crunchy Pipes Salted Puff Snacks,0.45300152555301293
Daily Good Chilli With Stem / Guntur With Stem,Let's Try Namkeen Combo Pack Of 6 (Crunchy Party Mix Peanut Party Mix Aloo Bhujia),0.45297046703296695
BORGES Durum Wheat Pasta Penne Rigate,Maggi Special Masala Instant Noodles,0.45283381364073005
Lay's American Cream & Onion Potato Chips (48.0 GRAM),Kurkure Green Chutney Style (68.0 GRAM),0.4527821790560972
Heka Bites Roasted Quinoa Puffs Indian Chaat - Low Calorie & Healthy Snacks (40.0 GRAM),Britannia Marie Gold Biscuits Plain | Trans Fat-free,0.4527735038200339
Everest Cumin Powder (50.0 GRAM),Rajdhani Roasted Chana (200.0 GRAM),0.45271561181434594
RiteBite Max Protein 10g Protein Bar Choco Almond,MAGGI 2-Minute Instant Noodles | Masala Noodles | Made With Quality Spices,0.45270614710552387
Haldiram's All In One Mixture (400.0 GRAM),Peppy Tomato Disc (55.0 GRAM),0.4526973395931142
Unibic Wafer Belgium Chocolate Qubz Cubes Wafers | Maida-free,Haldiram's Masala Tasty Nuts (200.0 GRAM),0.4526512925969448
Maggi Pazzta Instant Pasta - Masala Penne (69.0 GRAM),Daily Good Raw Peanut - Singdana,0.4526413651687346
Nutrela 100% Vegetarian Soya Chunks,Polka Pop Zero Sugar Blueberry Sparkling Water,0.4525234741784037
Lay's Potato Chips - Chile Lemon Flavour,Kurkure Yummy PuffCorn Yummy Cheese Chips,0.4523708859671736
Crax Curls Chatpata Masala Puff Snacks,Chheda's Yellow Banana Chips (170.0 GRAM),0.4522889882966194
Crax Aloo Bhujia Namkeen Snacks (160.0 GRAM),Lay's American Cream & Onion Potato Chips,0.4521101434968092
Cornitos Nacho ChipsÂ  Tikka Masala (55.0 GRAM),Modern Kitchens Potato Chips Salted (70.0 GRAM),0.4520499448018577
Tata Sampann Turmeric Powder With Natural Oils,Crax Crunchy Pipes Salted Puff Snacks,0.45199708758061163
Nutrela Mini Soya Chunks (200.0 GRAM),YiPPee! Magic Masala Noodles with Added Veggies - The Better Noodles,0.451910297239915
Lay's Potato Chips - Chile Lemon Flavour,Kurkure Green Chutney Style (68.0 GRAM),0.4517329971787022
Let's Try Teekha Tadka Makhana Puffs (60.0 GRAM),MAGGI 2-Minute Instant Noodles | Masala Noodles | Made With Quality Spices,0.4517111885404568
Let's Try Combo Pack | Aloo Bhujia | Navratan | Peanut Party | Crunchy Party,Palekar Jeeo Butter | Toasted Buns With Jeera And Khari | Trans Fat-free,0.45169832633320606
Cornitos Nacho ChipsÂ  Tikka Masala (55.0 GRAM),Palekar Knot Premium Salty Khari | Preservative-free,0.4515434594685034
"Tetley Ginger, Mint, and Lemon Green Tea",Unibic Fruit & Nut cookies,0.45139600409836067
Cavin's Masala Buttermilk,Piknik Classic Tomato Chilli,0.45135688684075786
"Taali Roasted Protein Puffs | Smokey Bbq | Protein Rich,No Maida , No Palm Oil | Cheeseballs 2.0 (60.0 GRAM)",Snackible Cheese Dosa Khakra | Millet Snack (100.0 GRAM),0.4512716450216451
Heka Bites Roasted Quinoa Puffs Indian Chaat - Low Calorie & Healthy Snacks (40.0 GRAM),Let's Try Salted Peanuts,0.45124230123180287
Rajam Garlic Mixture,Let's Try Namkeen Combo Pack Of 6 (Crunchy Party Mix Peanut Party Mix Aloo Bhujia),0.4511800699300699
"Ritebite Max Protein Cheese & Jalapeno 10G Multigrain Protein Chips, Healthy Snacks & Munchies",MAGGI 2-Minute Instant Noodles | Masala Noodles | Made With Quality Spices,0.45106450108370594
The Theatre Project TTP Kettle Cooked - Hot & Sweet Chilli (42.0 GRAM),RiteBite Max Protein 10g Protein Bar Choco Almond,0.45104792417567746
Korean Nongshim Kimchi Ramyun Noodle Soup Veg,Palekar Knot Premium Salty Khari | Preservative-free,0.45102622755616834
Surf Excel Easy Wash Detergent Powder,Maggi Masala-ae-Magic Sabzi Masala,0.45101378467981157
"MR. MAKHANA Fox Nuts Black Salt - Delicious Teatime Snack, Popped Lotus Seeds, Roasted In Olive Oil",YiPPee! Magic Masala Noodles with Added Veggies - The Better Noodles,0.45099248796615937
Palekar Jeeo Butter | Toasted Buns With Jeera And Khari | Trans Fat-free,MAGGI 2-Minute Instant Noodles | Masala Noodles | Made With Quality Spices,0.450864494653783
Balaji Simply Salted Chips (135.0 GRAM),Haldiram's Moong Dal,0.45085503364679325
Unibic Fruit & Nut cookies,Daily Good Medium Poha | Avalakki | Indori Poha,0.4508196721311476
Britannia Nice Time Coconut Flavoured Biscuits | Artificial Flavour-free,Lay's Potato Chips - Chile Lemon Flavour,0.4506207912457913
MasterChow Korean Instant Cup Noodles - Korean 2X Spicy Flavour Veg,Parle Hide & Seek Milano Chocolate Flavoured Biscuits,0.4506090808416391
Satyam Chilli Bedgi,Peppy Cheese Balls (55.0 GRAM),0.45060413354531
ZOFF Green Cardamom Whole - Elaichi,YiPPee! Magic Masala Noodles with Added Veggies - The Better Noodles,0.4505804590794376
Let's Try Butter Murukku (180.0 GRAM),Aashirvaad 100% Chana Dal Besan (500.0 GRAM),0.4505792256946287
Sunfeast Dark Fantasy Choco Rolls | Crunchy Wafer Rolls,Britannia Nutrichoice High-Fibre Digestive Biscuits,0.45038377192982454
Tropicana Delight Mixed Fruit Juice,Om Shanthi Havan Samagri | Cycle,0.4503039513677811
Charliee Rajgira Laddu,Everest Kanda Lasoon Masala,0.4502283105022831
Britannia Treat Rich Creme Choco Flavoured Wafers | Trans Fat-free,Om Shanthi Havan Samagri | Cycle,0.45018569927971186
Korean Samyang Hot Chicken Ramen Non Veg,Palekar Knot Premium Salty Khari | Preservative-free,0.45016680257987984
Snapin Oregano Pizza Seasoning Sachet Pouch,Let's Try Namkeen Combo Pack Of 6 (Crunchy Party Mix Peanut Party Mix Aloo Bhujia),0.45015698587127156
Britannia Treat Rich Creme Strawberry Flavoured Wafers | Trans Fat-free,Lay's Spanish Tomato Tango Potato Chips,0.4501488981536629
Satyam Chilli Bedgi,Peppy Tomato Disc (55.0 GRAM),0.45012519561815334
Cavin's Masala Buttermilk,Haldiram's Lite Chiwda (200.0 GRAM),0.45006342349754874
Heka Bites Roasted Jowar Puffs Majestic Masala - Low Calorie & Healthy Snacks,Britannia Marie Gold Biscuits Plain | Trans Fat-free,0.45005110004459636
Paper Boat Chikki Family Pack,Chheda's Yellow Banana Chips (170.0 GRAM),0.45003972091738054
ZOFF Green Cardamom Whole - Elaichi,Chheda's Yellow Banana Chips (170.0 GRAM),0.45002442124983266
Bhagirathi Rajgira Peeth | Amaranth Flour,Everest Kanda Lasoon Masala,0.449895178197065
Sunfeast Dark Fantasy Choco Rolls | Crunchy Wafer Rolls,Crax Crunchy Pipes Salted Puff Snacks,0.4498447204968944
Palekar Tea Time Ajwain Rusk | Trans Fat-free,Haldiram's Mixture (400.0 GRAM),0.44982543007681075
Bauli Moonfils Croissants Choco Cream (Egg) (50.0 GRAM),Cheetos Cheese Puffs (28.0 GRAM),0.44981227915194355
Haldirams Soya Sticks,Haldiram's Moong Dal,0.44980644542719833
Mr Makhana Super Snack - Pudina Party,YiPPee! Magic Masala Noodles with Added Veggies - The Better Noodles,0.44979820133798015
Cornitos Nacho Chips - Sizzlin Jalapeno (55.0 GRAM),Haldiram's Mixture (400.0 GRAM),0.44962335216572513
Wok Tok by Veeba Instant Cup Noodles Masala (75500.0 MILLIGRAM),Sunfeast All Rounder Crunchy Potato Chatpata Masala Flavoured Crackers | Trans Fat-free,0.4495592948717948
Chheda's Small Bhakarwadi,MAGGI 2-Minute Instant Noodles | Masala Noodles | Made With Quality Spices,0.4494914775402579
Britannia Little Hearts Classic Crunch Flavoured Biscuits | Cholesterol-free,Kurkure Solid Masti Masala Twisteez (61.0 GRAM),0.4494688474833488
Let's Try Purani Delhi Methi Mathri,Haldiram's Bhujia Sev (200.0 GRAM),0.4494016058173004
Cornitos Nacho Crisps - Cheese And Herbs,Haldiram's Salted Peanut,0.44939143361516304
Cornitos Jalapeno Nachos and Salsa Dip Tray (75.0 GRAM),Crax Crunchy Pipes Salted Puff Snacks,0.4493185863208746
Malkist Cheese Crunchy Layered Crackers,MAGGI Pazzta Instant Pasta - Cheese Macaroni,0.4492532877628352
Haldiram's All In One Mixture (400.0 GRAM),Haldiram's Masala Tasty Nuts (200.0 GRAM),0.44924954954954954
Beyond Snack Kerala Banana Chips - Original Style (25.0 GRAM),Modern Kitchens Potato Chips Salted (70.0 GRAM),0.4491968946593495
Too Yumm! Chili Chataka Veggie Stix | Munching Snack | On-the-Go Munchies (75.0 GRAM),Haldiram's Salted Peanut,0.4491963852498787
Farmley Peri Peri Makhana Roasted In Olive Oil,YiPPee! Magic Masala Noodles with Added Veggies - The Better Noodles,0.44914631988676584
Veeba Thousand Island Dressing,YiPPee! Magic Masala Noodles with Added Veggies - The Better Noodles,0.44914631988676584
Catch Chatpata Chat Masala Carton (100.0 GRAM),Haldiram's Mixture (400.0 GRAM),0.44913727286608646
Haldiram's All In One Mixture (400.0 GRAM),The Whole Truth Double Cocoa Protein Bar,0.44912222222222214
Let's Try Butter Murukku (180.0 GRAM),Kurkure Masala Munch,0.44909956890557634
Britannia Nice Time Coconut Flavoured Biscuits | Artificial Flavour-free,Kurkure Green Chutney Style (68.0 GRAM),0.44903538013850003
Winkies Swiss Roll - Cream & Real Strawberry Jam,Korean Nongshim Kimchi Ramyun Noodle Soup Veg,0.44899442284941693
Lay's India's Magic Masala Potato Chips (67.0 GRAM),Kurkure Solid Masti Masala Twisteez (61.0 GRAM),0.44899053064141503
HELL Energy Drink Apple Flavoured Drink,Haldiram's Lite Chiwda (200.0 GRAM),0.448949956343918
Parle Hide & Seek Milano Mixed Berries Centre Fills| Preservative-free,Parle Hide & Seek Milano Chocolate Flavoured Biscuits,0.4488759689922481
Piknik Classic Tomato Chilli,YiPPee! Magic Masala Noodles with Added Veggies - The Better Noodles,0.4488676931374563
Haldiram's All In One Mixture (400.0 GRAM),Haldiram's Salted Peanut,0.44882969432314407
Dukes Nibbles - Jeera Flavoured Crackers,YiPPee! Magic Masala Noodles with Added Veggies - The Better Noodles,0.4487901372381639
Lal Mysore Pak Premium,YiPPee! Magic Masala Noodles with Added Veggies - The Better Noodles,0.4487901372381639
ZOFF Green Cardamom Whole - Elaichi,Haldiram's Moong Dal,0.4487086815427472
Lijjat Moong Papad,Haldiram's Soan Papdi,0.4486990068127719
Bauli Moonfils Croissants Choco Cream (Egg) (50.0 GRAM),Haldiram's Moong Dal,0.44869212234646183
Nongshim Korean Shin Ramyun Cup Noodle Soup Non Veg,Kotton Multipurpose Napkin | 100% Virgin Pulp-Paper | 25 cm X 25 cm | 100Pcs,0.4486273512963905
Malkist Cheese Crunchy Layered Crackers,Kurkure Green Chutney Style (68.0 GRAM),0.44862425087633334
Unibic Fruit & Nut cookies,YiPPee! Magic Masala Noodles with Added Veggies - The Better Noodles,0.4485799310848909
Sunfeast Dark Fantasy Crunchy Choco Cookies with Vanilla Fills Centre Fills | Artificial Flavour-free,Palekar Knot Premium Salty Khari | Preservative-free,0.4484328267477204
Catch Dhania Powder (200.0 GRAM),Let's Try Namkeen Combo Pack Of 6 (Crunchy Party Mix Peanut Party Mix Aloo Bhujia),0.4484256128486897
Haldiram's Mixture (400.0 GRAM),Parle Hide & Seek Milano Chocolate Flavoured Biscuits,0.4482590986729733
Satyam Chilli Bedgi,Origami Luncheon Tissue Paper Napkins - 32 X 32 cm - 50 Serviettes,0.4482428219852338
The Theatre Project Gourmet Popcorn - Piri Piri & Lime (60.0 GRAM),Haldiram's Salted Peanut,0.44810304074356
Yogabar Dark Chocolate Oatmeal 400g Breakfast Cereal Gluten Free Oats High in Protein & Gluten-Free,Kotton Multipurpose Napkin | 100% Virgin Pulp-Paper | 25 cm X 25 cm | 100Pcs,0.448102640943997
Haldiram's Bhujia Sev (200.0 GRAM),MAGGI 2-Minute Instant Noodles | Masala Noodles | Made With Quality Spices,0.44809680228297516
Namaskaram Methi Khakhra,MAGGI 2-Minute Instant Noodles | Masala Noodles | Made With Quality Spices,0.4480583786161699
Lal Sweets Motichoor Laddu,Om Shanthi Havan Samagri | Cycle,0.44803427419354835
The Theatre Project TTP Kettle Cooked - Hot & Sweet Chilli (42.0 GRAM),Mr Makhana Super Snack - Himalayan Salt And Pepper,0.447938847938848
Let's Try Combo Pack | Aloo Bhujia | Navratan | Peanut Party | Crunchy Party,RiteBite Max Protein 10g Protein Bar Choco Almond,0.44791564692445757
Snackible Cheese Dosa Khakra | Millet Snack (100.0 GRAM),YiPPee! Magic Masala Noodles with Added Veggies - The Better Noodles,0.44791240142553845
Cornitos Nacho Chips - Cheese And Herbs (55.0 GRAM),Om Shanthi Havan Samagri | Cycle,0.44789924276672693
The Belgian Crisps Double Choco Waffle Wafers | Artificial Colour-free,YiPPee! Magic Masala Noodles with Added Veggies - The Better Noodles,0.4478784403669725
Let's Try Lite Snacks Sticks | Vrat | Fasting Special,RiteBite Max Protein 10g Protein Bar Choco Almond,0.4477912604632177
The Theatre Project TTP Kettle Cooked - Hot & Sweet Chilli (42.0 GRAM),Heka Bites Roasted Jowar Puffs Majestic Masala - Low Calorie & Healthy Snacks,0.44778196713680585
ZOFF Black Mustard Seeds Whole - Rai (200.0 GRAM),Scotch-Brite Scrub Sponge (Pack of 3),0.44777285447761195
Nissin Cup Noodles Italiano,Om Shanthi Havan Samagri | Cycle,0.4476032647907648
Palekar Jeeo Butter | Toasted Buns With Jeera And Khari | Trans Fat-free,Sunfeast Dark Fantasy Bourbon Chocolate Cream Biscuits | Trans Fat-free,0.44758660603422634
Nongshim Korean Shin Ramyun Cup Noodle Soup Non Veg,Haldiram Aloo Bhujia ,0.4475100133511349
Haldirams Kaju - Salted,Palekar Knot Premium Salty Khari | Preservative-free,0.4474385189278806
Too Yumm! Chili Chataka Veggie Stix | Munching Snack | On-the-Go Munchies (75.0 GRAM),Kinder Joy - Single Pack - Assorted,0.44741561181434597
Nestle EveryDay Dairy Whitener,YiPPee! Magic Masala Noodles with Added Veggies - The Better Noodles,0.44738357922786953
Modern Kitchens Hot Chips Salted (100.0 GRAM),Om Shanthi Havan Samagri | Cycle,0.447266829393628
Sweet Karam Coffee Kerala Nendran Banana Chips (65.0 GRAM),Coca-Cola Zero Sugar Soft Drink,0.44724806201550393
Let's Try Kerala Garlic Mix (180.0 GRAM),Sunfeast Dark Fantasy Bourbon Chocolate Cream Biscuits | Trans Fat-free,0.4472319415286526
Pintola High Protein Oats Dark Chocolate With Almonds Raisin Pumpkin And Chia Seeds,Let's Try Namkeen Combo Pack Of 6 (Crunchy Party Mix Peanut Party Mix Aloo Bhujia),0.4471780058177116
Top Ramen Noodles Curry Veg Pouch,Lal Sweets Motichoor Laddu,0.44717091571279916
Vim Lemon Dishwash Bar,Kurkure Solid Masti Masala Twisteez (61.0 GRAM),0.447161400288449
"Yogabar Multigrain Energy Bars Chocolate Chunk with Nuts, Oats and Millets,Chia Seeds, Protein Bars",Crax Crunchy Pipes Salted Puff Snacks,0.4470916928316747
Haldiram's All In One Mixture (400.0 GRAM),Haldiram's Moong Dal,0.4470684931506849
Sunfeast Dark Fantasy Crunchy Choco Cookies with Vanilla Fills Centre Fills | Artificial Flavour-free,Haldiram's Moong Dal,0.4470684931506849
Doritos Nacho Cheese Flavoured Corn Chips,Ezee Medium Garbage Bags 19x 21 Inch (30.0 PIECE),0.4469607843137255
Catch Turmeric Powder (200.0 GRAM),Lay's Spanish Tomato Tango Potato Chips,0.4469584098291201
Let's Try Potato Wafers | Vrat | Fasting Chips,Sunfeast Dark Fantasy Bourbon Chocolate Cream Biscuits | Trans Fat-free,0.446901783591602
Daily Good Poha / Avalakki Thick,Unibic Fruit & Nut cookies,0.44678147089787945
Colombian Brew Original Instant Coffee Sachets | 40 Sachets,Let's Try Namkeen Combo Pack Of 6 (Crunchy Party Mix Peanut Party Mix Aloo Bhujia),0.4467653921421044
Cadbury Oreo Chocolate Flavour Creme Sandwich Biscuit Family Pack,Daily Good Raw Peanut - Singdana,0.44675730004231906
TMI COLMAN Fresh Phool Makhana,Crax Crunchy Pipes Salted Puff Snacks,0.446756541637648
Nescafe Cafe Style Iced Frappe Cold Coffee,Let's Try Namkeen Combo Pack Of 6 (Crunchy Party Mix Peanut Party Mix Aloo Bhujia),0.44673807205452776
Kurkure Yummy PuffCorn Yummy Cheese Chips,Britannia Treat Jimjam Naughty Jam Cream Biscuits | Trans Fat-free,0.4467238838073611
Bingo! Mad Angles Masala Madness Crisps,Chheda's Yellow Banana Chips (170.0 GRAM),0.44670367461564087
HELL Energy Drink Apple Flavoured Drink,Crax Crunchy Pipes Salted Puff Snacks,0.4466543324082639
"Haldirams Namkeen - Tasty Nuts, (400.0 GRAM)",Om Shanthi Havan Samagri | Cycle,0.44664888682745835
Let'S Try Roasted Chana (450.0 GRAM),Sunfeast Dark Fantasy Bourbon Chocolate Cream Biscuits | Trans Fat-free,0.44662838965074614
Unibic Wafer Belgium Chocolate Qubz Cubes Wafers | Maida-free,Haldiram's Soan Papdi,0.44659807500829735
Let's Try Salted Peanuts,Cheetos Cheese Puffs (28.0 GRAM),0.44656298650752463
Top Ramen Noodles Curry Veg Pouch,Palekar Knot Premium Salty Khari | Preservative-free,0.4465364251397196
Yu 100% Whole Wheat Hakka Noodles,Let's Try Namkeen Combo Pack Of 6 (Crunchy Party Mix Peanut Party Mix Aloo Bhujia),0.4465234317252254
Everest Sambhar Masala,Everest Coriander Powder (100.0 GRAM),0.44650798849947226
Beyond Snack Kerala Banana Chips - Original Style (25.0 GRAM),Haldiram Aloo Bhujia ,0.44650286403376543
Cheetos Cheese Puffs (28.0 GRAM),MAGGI 2-Minute Instant Noodles | Masala Noodles | Made With Quality Spices,0.4464842090167417
Kurkure Playz Puffcorn Yummy Cheese,Sunfeast Dark Fantasy Bourbon Chocolate Cream Biscuits | Trans Fat-free,0.44647702867823036
Britannia Nutrichoice Oats Orange & Almond Biscuits | Maida-free and Trans Fat-free,Catch Jeera Whole (100.0 GRAM),0.4464084049816043
Parle Hide & Seek Milano Chocolate Flavoured Biscuits,Lal Sweets Motichoor Laddu,0.44637096774193546
Daily Good Chilli With Stem / Guntur With Stem,Haldiram's Moong Dal,0.4462923325722982
Pintola High Protein Oats Dark Chocolate With Almonds Raisin Pumpkin And Chia Seeds,Sunfeast Dark Fantasy Bourbon Chocolate Cream Biscuits | Trans Fat-free,0.4462201045568681
Britannia Good Day Pista and Badam Dry Fruit Biscuits | Trans Fat-free,YiPPee! Magic Masala Noodles with Added Veggies - The Better Noodles,0.44614199667682086
Modern Kitchens Boondi Masala,YiPPee! Magic Masala Noodles with Added Veggies - The Better Noodles,0.44614199667682086
Too Yumm! Bhoot Karare Spicy Chilli Flavour Crisps | No Palm Oil Snacks,Charliee Rajgira Laddu,0.4460436193222783
Lijjat Urad Papad,ZOFF Green Cardamom Whole - Elaichi,0.4460278053624628
Snapin Oregano Pizza Seasoning Sachet Pouch,MAGGI 2-Minute Instant Noodles | Masala Noodles | Made With Quality Spices,0.4459781362655928
Catch Turmeric Powder (200.0 GRAM),Britannia Marie Gold Biscuits Plain | Trans Fat-free,0.44597189890256067
Lay's Potato Chips - Chile Lemon Flavour,Catch Jeera Whole (100.0 GRAM),0.44594339622641516
Crax Aloo Bhujia Namkeen Snacks (160.0 GRAM),Tata Sampann 100% Chana Dal Fine Besan,0.44588755856324835
"Yoga Bar  Rolled Oats 400g Pouch | Premium Golden Rolled Oats, Gluten Free Oats with High Fibre",Kotton Multipurpose Napkin | 100% Virgin Pulp-Paper | 25 cm X 25 cm | 100Pcs,0.44585804665875844
Everest Shahi Biryani Masala (50.0 GRAM),Everest Coriander Powder (100.0 GRAM),0.4457974513749161
Top Ramen Noodles Curry Veg Pouch,Nissin Geki - Hot and Spicy Korean Kimchi Flavoured Ramen Instant Noodles,0.4457730812013348
Vim Lemon Dishwash Bar,Catch Jeera Whole (100.0 GRAM),0.4457011673311264
Malkist Cheese Crunchy Layered Crackers,Britannia Milk Bikis Glucose Biscuits | Trans Fat-free,0.4456395348837209
Heka Bites Roasted Chana Jor - Indian Herbs - Low Calorie & Healthy Snacks,Britannia Good Day Chunkies Chocochip Cookies,0.44562279670975324
Veeba Veg Mayonnaise Burger,YiPPee! Magic Masala Noodles with Added Veggies - The Better Noodles,0.44553664797033943
Sweet Karam Coffee Madras Mixture,Snackible Cheese Dosa Khakra | Millet Snack (100.0 GRAM),0.445486111111111
YiPPee! 100% Suji Masala Pasta Treat,Chheda's Yellow Banana Chips (170.0 GRAM),0.4453836424957841
Doritos Dinamita Fiery Lime And Chilli Rolled Tortilla Chips (56.0 GRAM),Cheetos Cheese Puffs (28.0 GRAM),0.44521686608375516
Catch Black Pepper Sprinkler (50.0 GRAM),Britannia Marie Gold Biscuits Plain | Trans Fat-free,0.4452069385270846
Orbit Sugar-Free Mixed Fruit Chewing Gum Pot (19800.0 MILLIGRAM),MAGGI 2-Minute Instant Noodles | Masala Noodles | Made With Quality Spices,0.4452058968963099
Cornitos Nacho ChipsÂ  Tikka Masala (55.0 GRAM),Modern Kitchens Butter Murukku,0.44516129032258067
HELL Energy Drink Apple Flavoured Drink,Lay's Spanish Tomato Tango Potato Chips,0.4451605460021374
Cornitos Nacho Chips - Peri Peri (55.0 GRAM),Sunfeast All Rounder Crunchy Potato Chatpata Masala Flavoured Crackers | Trans Fat-free,0.44501737433358723
Daily Good Till - Sesame White (100.0 GRAM),Sunfeast Dark Fantasy Bourbon Chocolate Cream Biscuits | Trans Fat-free,0.44498454483755384
Namaskaram Methi Khakhra,Kurkure Solid Masti Masala Twisteez (61.0 GRAM),0.44490921684064705
Heka Bites Roasted Jowar Puffs Majestic Masala - Low Calorie & Healthy Snacks,Haldiram's Masala Tasty Nuts (200.0 GRAM),0.4448763856021921
Satyam Nighties Spices Tamarind,MAGGI 2-Minute Instant Noodles | Masala Noodles | Made With Quality Spices,0.4448670796231773
Let's Try Soya Sticks (160.0 GRAM),Let's Try Namkeen Combo Pack Of 6 (Crunchy Party Mix Peanut Party Mix Aloo Bhujia),0.44486102133160954
Britannia Nutrichoice High-Fibre Digestive Biscuits,Crax Crunchy Pipes Salted Puff Snacks,0.4448602914609177
The Theatre Project TTP Kettle Cooked - Hot & Sweet Chilli (42.0 GRAM),Max Protein Choco Chips Flavoured Biscuits | Maida-free,0.44479400915844713
Malkist Cheese Crunchy Layered Crackers,Doritos Nacho Chips - Sweet Chilli Flavour,0.44470156948104017
Peppy Cheese Balls (55.0 GRAM),RiteBite Max Protein 10g Protein Bar Choco Almond,0.44468377421214944
Haldiram's All In One Mixture (400.0 GRAM),Kinder Joy - Single Pack - Assorted,0.44467848101265817
Open Secret Arabian Dates (Khajur) With Seed,Haldiram's Moong Dal,0.4444775686300274
Colombian Brew Original Instant Coffee Sachets | 40 Sachets,Britannia Marie Gold Biscuits Plain | Trans Fat-free,0.4444445978789217
Daadi'S Besan Laddoo Pure Ghee,Palekar Knot Premium Salty Khari | Preservative-free,0.44433130699088147
Sunfeast Nice Biscuit Coconut Flavoured Biscuits | Trans Fat-free,Sunfeast Dark Fantasy Bourbon Chocolate Cream Biscuits | Trans Fat-free,0.4443278380122327
Sweet Karam Coffee Madras Mixture,"Paper Boat Mango | Juicy Sips, Chewy Bites | Refreshing Summer Juice Drink",0.444304435483871
Let'S Try Roasted Chana (450.0 GRAM),MAGGI 2-Minute Instant Noodles | Masala Noodles | Made With Quality Spices,0.4442667191918369
"Cheetos Masala Balls, Crispy Chips & Snacks (84.0 GRAM)",Britannia Marie Gold Biscuits Plain | Trans Fat-free,0.44424507168458777
Palekar Makkhan Butter Rusk | Bromate-free and Trans Fat-free,YiPPee! Magic Masala Noodles with Added Veggies - The Better Noodles,0.4442106460418562
Lay's American Cream & Onion Potato Chips,MAGGI 2-Minute Instant Noodles | Masala Noodles | Made With Quality Spices,0.4441853954680697
Heka Bites Roasted Quinoa Puffs Indian Chaat - Low Calorie & Healthy Snacks (40.0 GRAM),Haldiram's Masala Tasty Nuts (200.0 GRAM),0.4441685929350403
Gits Gulab Jamun Instant Dessert Mix,Crax Crunchy Pipes Salted Puff Snacks,0.44416247139588094
Sunfeast Light Active Plain Marie Biscuits with Iron and 6 Vitamins | Trans Fat-free,MAGGI 2-Minute Instant Noodles | Masala Noodles | Made With Quality Spices,0.44407125300488887
Orbit Sugar-Free Mixed Fruit Chewing Gum Pot (19800.0 MILLIGRAM),Kinder Joy - Single Pack - Assorted,0.4440280736934453
Britannia Nutrichoice High-Fibre Digestive Biscuits,Cheetos Cheese Puffs (28.0 GRAM),0.44393219137783485
Beyond Snack Kerala Banana Chips - Hot & Sweet Chilli (70.0 GRAM),Crax Crunchy Pipes Salted Puff Snacks,0.4439257110166721
"Paper Boat Mango | Juicy Sips, Chewy Bites | Refreshing Summer Juice Drink",YiPPee! Magic Masala Noodles with Added Veggies - The Better Noodles,0.443852411649887
Too Yumm! Chili Chataka Veggie Stix | Munching Snack | On-the-Go Munchies (75.0 GRAM),Kinder Creamy Milky And Cocoa With Extruded Rice (19.0 GRAM),0.44381091617933727
Daily Good Tamarind / Imli (200.0 GRAM),Britannia 50-50 Maska Chaska Biscuits Butter Flavoured Crackers | Trans Fat-free,0.44373214588884874
Bhagirathi Jowar Atta (500.0 GRAM),Let's Try Namkeen Combo Pack Of 6 (Crunchy Party Mix Peanut Party Mix Aloo Bhujia),0.44372617178739626
Kurkure Yummy PuffCorn Yummy Cheese Chips,Daily Good Raw Peanut - Singdana,0.4436912650853794
Winkies Swiss Roll - Cream & Real Strawberry Jam,Mr Makhana Super Snack - Pudina Party,0.4434993298278173
Daily Good Poha / Avalakki Thick,"Paper Boat Mango | Juicy Sips, Chewy Bites | Refreshing Summer Juice Drink",0.4434891979875703
Parle Marie Butter Marie Biscuits | Trans Fat-free,Daily Good Cashew | W320 (100.0 GRAM),0.44334433443344334
Chheda's Golden Plain Salted Chips (170.0 GRAM),RiteBite Max Protein 10g Protein Bar Choco Almond,0.4433004208591495
Doritos Dinamita Fiery Lime And Chilli Rolled Tortilla Chips (56.0 GRAM),"Uncle Chipps Potato Chips, Plain Salted Flavour, Crispy Chips & Snacks (48.0 GRAM)",0.4432619692647023
Nutrela 100% Vegetarian Soya Chunks,Sweet Karam Coffee Madras Mixture,0.4432291666666667
Doritos Dinamita Fiery Lime And Chilli Rolled Tortilla Chips (56.0 GRAM),Balaji Simply Salted Chips (135.0 GRAM),0.4431524547803617
"MR. MAKHANA Fox Nuts Black Salt - Delicious Teatime Snack, Popped Lotus Seeds, Roasted In Olive Oil",Haldiram's Masala Tasty Nuts (200.0 GRAM),0.4431228938862526
Wok Tok by Veeba Instant Cup Noodles Masala (75500.0 MILLIGRAM),Lal Sweets Motichoor Laddu,0.44301659654043946
Haldiram's Moong Dal,MAGGI 2-Minute Instant Noodles | Masala Noodles | Made With Quality Spices,0.44299198128967593
Bingo! Mad Angles Masala Madness Crisps,RiteBite Max Protein 10g Protein Bar Choco Almond,0.442874572529541
"B Natural Orange Juice, 100% Pulp, No Concentrate",Haldiram's Mixture (400.0 GRAM),0.4428014806156244
Britannia Good Day Chunkies Coconut Flavoured Biscuits | Trans Fat-free,Mr Makhana Super Snack - Pudina Party,0.44276118947304144
Chheda's Mix Farsan (170.0 GRAM),Kurkure Solid Masti Masala Twisteez (61.0 GRAM),0.442747576389741
Garden Sabudana Chivda Namkeen,Haldiram's Moong Dal,0.44266190406049
Catch Chatpata Chat Masala Carton (100.0 GRAM),Parle Hide & Seek Milano Chocolate Flavoured Biscuits,0.4426461345065996
Lets Try Crunchy Party Mix (180.0 GRAM),Garden Sabudana Chivda Namkeen,0.4425871619420007
Nissin Geki - Hot and Spicy Korean Chicken Flavoured Ramen Instant Noodles,Nissin Geki - Hot and Spicy Korean Kimchi Flavoured Ramen Instant Noodles,0.4425539977264114
Top Ramen Curry Veg Instant Noodles,Haldiram Aloo Bhujia ,0.4424991346486673
Nissin Geki - Hot and Spicy Korean Kimchi Flavoured Ramen Instant Noodles,Om Shanthi Havan Samagri | Cycle,0.44244304187192124
Haldirams Namkeen - Mini Samosa,Let's Try Namkeen Combo Pack Of 6 (Crunchy Party Mix Peanut Party Mix Aloo Bhujia),0.4424059384324285
Maggi Masala-ae-Magic Sabzi Masala,Aashirvaad 100% Chana Dal Besan (500.0 GRAM),0.4423378533831767
Haldirams Soya Sticks,Tata Sampann 100% Chana Dal Fine Besan,0.4423054654932839
Yu 100% Whole Wheat Hakka Noodles,RiteBite Max Protein 10g Protein Bar Choco Almond,0.44219888978882277
Bhagirathi Makai Atta (500.0 GRAM),Let'S Try Roasted Chana (450.0 GRAM),0.44214539617016396
Doritos Nacho Chips - Sweet Chilli Flavour,Kurkure Solid Masti Masala Twisteez (61.0 GRAM),0.4421182266009852
Everest Coriander Powder,Haldiram's All In One Mixture,0.44211591732367356
Everest Coriander Powder,Haldirams Namkeen - Khara Boondi,0.4420040485829959
Mysore Sandal Soap,MAGGI 2-Minute Instant Noodles | Masala Noodles | Made With Quality Spices,0.44200343572473383
The Healthy Binge Ragi Baked Chips Chatpata Chaat- High Protein & Fibre (40.0 GRAM),The Healthy Binge Quinoa Baked Chips Smokey Bbq -High Protein And Fibre (40.0 GRAM),0.44198632538569427
Nutrela Mini Soya Chunks (200.0 GRAM),Crax Crunchy Pipes Salted Puff Snacks,0.441952707856598
Sweet Karam Coffee Indian Masala Tapioca Chips | No Palm Oil,Crax Crunchy Pipes Salted Puff Snacks,0.441952707856598
Orbit Sugar Free Spearmint Chewing Gum Tube (19800.0 MILLIGRAM),Crax Crunchy Pipes Salted Puff Snacks,0.441952707856598
Lay's West Indies Hot 'n' Sweet Chilli Potato Chips,Kurkure Green Chutney Style (68.0 GRAM),0.441912714631339
Sunfeast Dark Fantasy Bourbon Chocolate Cream Biscuits | Trans Fat-free,MAGGI 2-Minute Instant Noodles | Masala Noodles | Made With Quality Spices,0.441825785597654
Catch Turmeric Powder (200.0 GRAM),Let's Try Namkeen Combo Pack Of 6 (Crunchy Party Mix Peanut Party Mix Aloo Bhujia),0.4418035572674747
Bhagirathi Jowar Atta (500.0 GRAM),Aashirvaad 100% Chana Dal Besan (500.0 GRAM),0.4417218009398274
Daadi'S Besan Laddoo Pure Ghee,Haldiram's Masala Tasty Nuts (200.0 GRAM),0.4416779279279279
Bauli Moonfils Croissants Strawberry (Veg),Everest Shahi Biryani Masala (50.0 GRAM),0.4416666666666666
Parle Hide & Seek Choco Roll Centre Fills | Trans Fat-free,Max Protein Choco Chips Flavoured Biscuits | Maida-free,0.44166165698127485
Peppy Cheese Balls (55.0 GRAM),MAGGI 2-Minute Instant Noodles | Masala Noodles | Made With Quality Spices,0.4416572034219093
Sunfeast Dark Fantasy Vanilla Cream Dark Crunchy Biscuits | Artificial Colour-free,MAGGI 2-Minute Instant Noodles | Masala Noodles | Made With Quality Spices,0.4415687138799098
Nescafe Cafe Style Iced Frappe Cold Coffee,Aashirvaad 100% Chana Dal Besan (500.0 GRAM),0.44152067089659813
"Tetley Ginger, Mint, and Lemon Green Tea",Snackible Cheese Dosa Khakra | Millet Snack (100.0 GRAM),0.44150855654761906
Let's Try Cheese Balls (60.0 GRAM),MAGGI 2-Minute Instant Noodles | Masala Noodles | Made With Quality Spices,0.4414450251645374
Bhagirathi Jowar Atta (500.0 GRAM),Let's Try Kerala Garlic Mix (180.0 GRAM),0.4413953676708779
Lal Sweets Motichoor Laddu,YiPPee! Magic Masala Noodles with Added Veggies - The Better Noodles,0.44134477090610225
Kurkure Yummy PuffCorn Yummy Cheese Chips,Lay's American Cream & Onion Potato Chips (48.0 GRAM),0.4412560168992624
Daily Good Tamarind / Imli (200.0 GRAM),Kurkure Solid Masti Masala Twisteez (61.0 GRAM),0.44125274230747596
Bhagirathi Makai Atta (500.0 GRAM),Uncle Chipps - Spicy Treat,0.4411985018726592
Let'S Try Special Makhana Mixture | Fasting Snacks (90.0 GRAM),The Theatre Project Gourmet Popcorn - Cheddar Cheese (60.0 GRAM),0.44115609880315765
Everest - Ginger Garlic Paste (200.0 GRAM),Let's Try Namkeen Combo Pack Of 6 (Crunchy Party Mix Peanut Party Mix Aloo Bhujia),0.4411538461538461
Let's Try Soya Sticks (160.0 GRAM),RiteBite Max Protein 10g Protein Bar Choco Almond,0.4410983376129787
Heka Bites Roasted Chana Jor - Indian Herbs - Low Calorie & Healthy Snacks,Lay's American Cream & Onion Potato Chips,0.4410789275331108
Yu 100% Whole Wheat Hakka Noodles,Haldiram's Salted Peanut,0.441015724440441
Sunfeast Nice Biscuit Coconut Flavoured Biscuits | Trans Fat-free,RiteBite Max Protein 10g Protein Bar Choco Almond,0.44097989015389905
"Taali Roasted Protein Puffs | Smokey Bbq | Protein Rich,No Maida , No Palm Oil | Cheeseballs 2.0 (60.0 GRAM)",Om Shanthi Havan Samagri | Cycle,0.44092261904761904
Everest Sabji Masala,Om Shanthi Havan Samagri | Cycle,0.44092261904761904
Snackible Cheese Dosa Khakra | Millet Snack (100.0 GRAM),Om Shanthi Havan Samagri | Cycle,0.44092261904761904
Britannia Nutrichoice High-Fibre Digestive Biscuits,Maggi Special Masala Instant Noodles,0.440917134334395
The Healthy Binge Ragi Baked Chips Chatpata Chaat- High Protein & Fibre (40.0 GRAM),Modern Kitchens Potato Chips Salted (70.0 GRAM),0.44088399783510746
Cornitos Nacho Chips - Cheese And Herbs (55.0 GRAM),YiPPee! Magic Masala Noodles with Added Veggies - The Better Noodles,0.4408368942997662
Everest Cumin Powder (50.0 GRAM),Everest Kanda Lasoon Masala,0.4408
Britannia Treat Rich Creme Choco Flavoured Wafers | Trans Fat-free,Haldiram Aloo Bhujia ,0.4407759365428414
Hillers Thin Hakka Noodles,YiPPee! Magic Masala Noodles with Added Veggies - The Better Noodles,0.44076046626677384
Britannia Treat Jimjam Naughty Jam Cream Biscuits | Trans Fat-free,Kurkure Green Chutney Style (68.0 GRAM),0.4407065760888307
Let's Try Salted Peanuts,Haldiram's Moong Dal,0.44059498364584343
Tropicana Delight Mixed Fruit Juice,Lay's Spanish Tomato Tango Potato Chips,0.4405712620227339
Too Yumm! Karare Chilli Achari Flavour | Tangy | No Palm Oil Crisps,Let's Try Namkeen Combo Pack Of 6 (Crunchy Party Mix Peanut Party Mix Aloo Bhujia),0.4404996387695349
The Theatre Project Gourmet Popcorn - Piri Piri & Lime (60.0 GRAM),Chheda's Golden Plain Salted Chips (170.0 GRAM),0.4404898616437486
Sunfeast Farmlite Gold and Almond Oats Biscuits | Trans Fat-free,Kinder Joy - Single Pack - Assorted,0.440489673550966
Sweet Karam Coffee Indian Masala Tapioca Chips | No Palm Oil,Chheda's Golden Plain Salted Chips (170.0 GRAM),0.44031422772762263
Nissin Geki - Hot and Spicy Korean Chicken Flavoured Ramen Instant Noodles,Top Ramen Masala Instant Noodles,0.44019558423228144
Paper Boat Chikki Family Pack,YiPPee! Magic Masala Noodles with Added Veggies - The Better Noodles,0.44017236744147575
Sweet Karam Coffee Kerala Nendran Banana Chips (65.0 GRAM),Everest Pav Bhaji Masala (100.0 GRAM),0.44012172284644185
Sunfeast Wowzers Cheese Flavoured Crackers | Artificial Flavour-free,Kurkure Masala Munch,0.4401181664718868
Everest Coriander Powder,Daily Good Till - Sesame White (100.0 GRAM),0.4400753768844221
Haldirams Soya Sticks,Palekar Jeeo Butter | Toasted Buns With Jeera And Khari | Trans Fat-free,0.4400614227345293
Satyam Nighties Spices Tamarind,Haldiram's Salted Peanut,0.44002911208151385
"Yogabar Multigrain Energy Bars Chocolate Chunk with Nuts, Oats and Millets,Chia Seeds, Protein Bars",Haldiram's Salted Peanut,0.4400291120815138
Lets Try Crunchy Party Mix (180.0 GRAM),Modern Kitchens Potato Chips Salted (70.0 GRAM),0.4400058678066977
Rajam Garlic Mixture,Uncle Chipps - Spicy Treat,0.43994509703779366
Nissin Cup Noodles Italiano,Top Ramen Noodles Curry Veg Pouch,0.4399397197784295
Everest Coriander Powder,Society Natural Tea (250.0 GRAM),0.43992727545359117
Bhagirathi Rajgira Peeth | Amaranth Flour,Haldiram Aloo Bhujia ,0.4398518779756656
Let's Try Combo Pack | Aloo Bhujia | Navratan | Peanut Party | Crunchy Party,Haldiram's Moong Dal,0.4398243277524099
Parle Hide & Seek Milano Choco Filled Hazelnut Chocolate Centre Fills | Trans Fat-free,YiPPee! Magic Masala Noodles with Added Veggies - The Better Noodles,0.4397685395814377
Kurkure Green Chutney Style (68.0 GRAM),MAGGI 2-Minute Instant Noodles | Masala Noodles | Made With Quality Spices,0.43976450247253107
Let's Try Butter Murukku (180.0 GRAM),Modern Kitchens Butter Murukku,0.4397239380767178
Bauli Moonfils Croissants Choco Cream (Egg) (50.0 GRAM),MAGGI 2-Minute Instant Noodles | Masala Noodles | Made With Quality Spices,0.43966749157648055
Let's Try Lite Snacks Sticks | Vrat | Fasting Special,Uncle Chipps - Spicy Treat,0.43960572749766763
Korean Nongshim Kimchi Ramyun Noodle Soup Veg,Nissin Geki - Hot and Spicy Korean Kimchi Flavoured Ramen Instant Noodles,0.43960184856025586
The Theatre Project TTP Kettle Cooked - Hot & Sweet Chilli (42.0 GRAM),Haldiram's Lite Chiwda (200.0 GRAM),0.4395968322534197
Crax Curls Chatpata Masala Puff Snacks,YiPPee! Magic Masala Noodles with Added Veggies - The Better Noodles,0.43950169926402743
Orbit Sugar Free Sweetmint Chewing Gum Tube (19800.0 MILLIGRAM),Crax Crunchy Pipes Salted Puff Snacks,0.4394698274753812
Lal Sweets Motichoor Laddu,Bhagirathi Rajgira Peeth | Amaranth Flour,0.43946287279367
Bingo! Original Style Chilli Sprinkled - Flat Cut Spicy Potato Chips Pack for Snacks,Kurkure Solid Masti Masala Twisteez (61.0 GRAM),0.4394511560924874
Aashirvaad Jeera (100.0 GRAM),MAGGI 2-Minute Instant Noodles | Masala Noodles | Made With Quality Spices,0.4392962932951588
ACT II Ready to Eat Caramel Popcorn - Classic Caramel Bliss (35.0 GRAM),Let's Try Namkeen Combo Pack Of 6 (Crunchy Party Mix Peanut Party Mix Aloo Bhujia),0.4392440892440892
Surf Excel Easy Wash Detergent Powder,Balaji Simply Salted Chips (135.0 GRAM),0.4392389006342494
Peppy Tomato Disc (55.0 GRAM),Haldiram's Moong Dal,0.4392170033561763
Daily Good Poha / Avalakki Thick,Nutrela 100% Vegetarian Soya Chunks,0.4391628440366972
Sunfeast Nice Biscuit Coconut Flavoured Biscuits | Trans Fat-free,"Uncle Chipps Potato Chips, Plain Salted Flavour, Crispy Chips & Snacks (48.0 GRAM)",0.4391000676578821
Cadbury Oreo Vanilla Flavour Creme Sandwich Biscuit Mega Family Pack,Daily Good Raw Peanut - Singdana,0.4390818951056771
Everest Cumin Powder (50.0 GRAM),Bhagirathi Rajgira Peeth | Amaranth Flour,0.43903899371069177
Peppy Tomato Disc (55.0 GRAM),Sunfeast Dark Fantasy Bourbon Chocolate Cream Biscuits | Trans Fat-free,0.43899473350483115
Modern Kitchens Banana Chips Salted,The Healthy Binge Ragi Baked Chips Chatpata Chaat- High Protein & Fibre (40.0 GRAM),0.43898003828274546
Nescafe Cafe Style Iced Frappe Cold Coffee,Sunfeast Dark Fantasy Bourbon Chocolate Cream Biscuits | Trans Fat-free,0.43895793287330254
Nissin Cup Noodles Super Hot Chilli,Everest Coriander Powder (100.0 GRAM),0.4389527642042733
Balaji Simply Salted Chips (135.0 GRAM),Palekar Jeeo Butter | Toasted Buns With Jeera And Khari | Trans Fat-free,0.4389500105075906
Tata Sampann 100% Chana Dal Fine Besan,Chheda's Yellow Banana Chips (170.0 GRAM),0.43890201293283276
Britannia Nutrichoice Oats Orange & Almond Biscuits | Maida-free and Trans Fat-free,Daily Good Raw Peanut - Singdana,0.43882791576957414
Colombian Brew Original Instant Coffee Sachets | 40 Sachets,MAGGI 2-Minute Instant Noodles | Masala Noodles | Made With Quality Spices,0.4387730100392981
Veeba Chef'S Special Veg Mayonnaise Smart,Tata Sampann Chilli Powder with Natural Oils Lal Mirchi Powder,0.4387620192307692
Tata Sampann Chilli Powder with Natural Oils Lal Mirchi Powder,Lal Sweets Motichoor Laddu,0.43875063004032255
Disano Rolled Oats 100% Whole Grain,Rajdhani Roasted Chana (200.0 GRAM),0.4386779184247539
Lijjat Moong Papad,Haldiram Aloo Bhujia ,0.4386694804542257
Beyond Snack Kerala Banana Chips - Hot & Sweet Chilli (70.0 GRAM),YiPPee! Magic Masala Noodles with Added Veggies - The Better Noodles,0.438658012966333
"Ritebite Max Protein Cheese & Jalapeno 10G Multigrain Protein Chips, Healthy Snacks & Munchies",Kurkure Solid Masti Masala Twisteez (61.0 GRAM),0.4386369807222373
Parle Melody Chocolaty Toffee (176.0 GRAM),Lal Sweets Motichoor Laddu,0.4386324639670556
Daily Good Coriander / Dhania Whole (200.0 GRAM),Let's Try Namkeen Combo Pack Of 6 (Crunchy Party Mix Peanut Party Mix Aloo Bhujia),0.4385989010989011
Let's Try Potato Wafers | Vrat | Fasting Chips,Haldiram's Moong Dal,0.43858286809408203
Daily Good Till - Sesame White (100.0 GRAM),Scotch-Brite Scrub Sponge (Pack of 3),0.4385678391959799
Sweet Karam Coffee Onion Kodubale / Ring Murukku | No Palm Oil and No Maida,Parle Melody Chocolaty Toffee (176.0 GRAM),0.4385336696644001
"Uncle Chipps Potato Chips, Plain Salted Flavour, Crispy Chips & Snacks (48.0 GRAM)",Aashirvaad 100% Chana Dal Besan (500.0 GRAM),0.438455111691335
Farmley Cream And Onion Makhana Roasted In Olive Oil,Haldiram's Salted Peanut,0.4383102483624454
Cadbury Oreo Chocolate Flavour Creme Sandwich Biscuit Family Pack,Haldiram's Moong Dal,0.43830244426537734
Kotton Multipurpose Napkin | 100% Virgin Pulp-Paper | 25 cm X 25 cm | 100Pcs,YiPPee! Magic Masala Noodles with Added Veggies - The Better Noodles,0.43820352698506243
Satyam Nighties Spices Tamarind,Origami Luncheon Tissue Paper Napkins - 32 X 32 cm - 50 Serviettes,0.4380974083189013
Nescafe Cafe Style Iced Frappe Cold Coffee,Let's Try Salted Peanuts,0.43808914624293027
Cornitos Nacho Chips - Cheese And Herbs (55.0 GRAM),Haldiram Aloo Bhujia ,0.4380249615521117
Superyou Chocolate Protein Wafer Bar,Crax Crunchy Pipes Salted Puff Snacks,0.4380067015364498
Beyond Snack Kerala Banana Chips - Hot & Sweet Chilli (70.0 GRAM),The Healthy Binge Quinoa Baked Chips Smokey Bbq -High Protein And Fibre (40.0 GRAM),0.43795722926267283
Fortune Besan (500.0 GRAM),Kurkure Solid Masti Masala Twisteez (61.0 GRAM),0.43788517975055025
Britannia 50-50 Maska Chaska Biscuits Butter Flavoured Crackers | Trans Fat-free,Kurkure Green Chutney Style (68.0 GRAM),0.43785229214488436
Bhagirathi Makai Atta (500.0 GRAM),RiteBite Max Protein 10g Protein Bar Choco Almond,0.4377818087587458
Vim Lemon Dishwash Bar,Daily Good Raw Peanut - Singdana,0.4377273846322182
Britannia Nutrichoice High-Fibre Digestive Biscuits,Kinder Joy - Single Pack - Assorted,0.437719298245614
Let's Try Pudina Rings (60.0 GRAM),Om Shanthi Havan Samagri | Cycle,0.43768054096638653
ZOFF Green Cardamom Whole - Elaichi,RiteBite Max Protein 10g Protein Bar Choco Almond,0.437644141523287
Satyam Nighties Spices Tamarind,YiPPee! Magic Masala Noodles with Added Veggies - The Better Noodles,0.43762974758197687
Lay's Classic Salted Potato Chips (50.0 GRAM),Kurkure Solid Masti Masala Twisteez (61.0 GRAM),0.43761256314517905
Crax Fritts Peri Peri Corn & Potato Stick Snacks,Haldirams Namkeen - Khara Boondi,0.43753936122357173
Veeba Chef'S Special Veg Mayonnaise Smart,Om Shanthi Havan Samagri | Cycle,0.43753090659340654
Haldiram's All In One Mixture (400.0 GRAM),The Healthy Binge Ragi Baked Chips Chatpata Chaat- High Protein & Fibre (40.0 GRAM),0.437495652173913
Bauli Moonfils Croissants Strawberry (Veg),Everest Coriander Powder (100.0 GRAM),0.43746478873239436
Amul Taaza Homogenised Toned Milk (Tetra Pack),Kurkure Green Chutney Style (68.0 GRAM),0.43742992658976076
Parle Hide & Seek Milano Chocolate Flavoured Biscuits,Parle Melody Chocolaty Toffee (176.0 GRAM),0.43735279564571994
Surf Excel Easy Wash Detergent Powder,Ezee Small Garbage Bags 17 x 19 Inch (30.0 PIECE),0.4372455740197676
Tata Sampann 100% Pure Premium Raisins/Kishmish Seedless,Tata Sampann 100% Chana Dal Fine Besan,0.43719814241486066
Cadbury Oreo Chocolate Flavour Creme Sandwich Biscuit,MAGGI 2-Minute Instant Noodles | Masala Noodles | Made With Quality Spices,0.4371819573219945
Orbit Sugar-Free Mixed Fruit Chewing Gum Pot (19800.0 MILLIGRAM),Maggi Special Masala Instant Noodles,0.4371415527719919
Britannia Nutrichoice Oats Orange & Almond Biscuits | Maida-free and Trans Fat-free,Vim Lemon Dishwash Bar,0.43713746496072825
Britannia Nutrichoice Oats Orange & Almond Biscuits | Maida-free and Trans Fat-free,MAGGI Pazzta Instant Pasta - Cheese Macaroni,0.4371201697721601
Bauli Moonfils Croissants Strawberry (Veg),Haldiram Aloo Bhujia ,0.4371028037383177
Daadi'S Besan Laddoo Pure Ghee,Chheda's Yellow Banana Chips (170.0 GRAM),0.4370656028368794
Uncle Chipps - Spicy Treat,Sunfeast Dark Fantasy Bourbon Chocolate Cream Biscuits | Trans Fat-free,0.436949858862566
Beyond Snack Kerala Banana Chips - with Coconut Oil & Rock Salt,RiteBite Max Protein 10g Protein Bar Choco Almond,0.43689561076530703
Everest Coriander Powder,Haldiram's Masala Tasty Nuts (200.0 GRAM),0.4368243243243242
Orbit Sugar-Free Mixed Fruit Chewing Gum Pot (19800.0 MILLIGRAM),Let's Try Namkeen Combo Pack Of 6 (Crunchy Party Mix Peanut Party Mix Aloo Bhujia),0.43678598629093685
Let's Try Namkeen Combo Pack Of 6 (Crunchy Party Mix Peanut Party Mix Aloo Bhujia),Cheetos Cheese Puffs (28.0 GRAM),0.43671937818279283
Veeba Chef'S Special Veg Mayonnaise Smart,Charliee Rajgira Laddu,0.43662802950474183
Too Yumm! Karare Chilli Achari Flavour | Tangy | No Palm Oil Crisps,Lay's Spanish Tomato Tango Potato Chips,0.4366171730577807
"MR. MAKHANA Fox Nuts Black Salt - Delicious Teatime Snack, Popped Lotus Seeds, Roasted In Olive Oil",Tata Sampann 100% Chana Dal Fine Besan,0.4365963179164795
Haldiram's Bhujia Sev (200.0 GRAM),Haldiram's Moong Dal,0.43655945999602935
Mysore Sandal Soap,Aashirvaad 100% Chana Dal Besan (500.0 GRAM),0.4365228838642584
Nutrela Mini Soya Chunks (200.0 GRAM),Om Shanthi Havan Samagri | Cycle,0.4365133928571428
Ferrero Rocher Moments Pack,Piknik Classic Tomato Chilli,0.4365096208262591
Surf Excel Easy Wash Detergent Powder,Chheda's Golden Plain Salted Chips (170.0 GRAM),0.43648540835607813
Pintola High Protein Oats Dark Chocolate With Almonds Raisin Pumpkin And Chia Seeds,Palekar Jeeo Butter | Toasted Buns With Jeera And Khari | Trans Fat-free,0.436478337039283
Britannia Treat Jimjam Naughty Jam Cream Biscuits | Trans Fat-free,Kurkure Solid Masti Masala Twisteez (61.0 GRAM),0.4364741641337386
Everest Black Pepper Powder,YiPPee! Magic Masala Noodles with Added Veggies - The Better Noodles,0.4364174768130517
Let'S Try Special Makhana Mixture | Fasting Snacks (90.0 GRAM),Palekar Jeeo Butter | Toasted Buns With Jeera And Khari | Trans Fat-free,0.43630948661876495
Open Secret Arabian Dates (Khajur) With Seed,Palekar Jeeo Butter | Toasted Buns With Jeera And Khari | Trans Fat-free,0.4361442804519271
"Taali Roasted Protein Puffs| Cheese & Herbs| Protein Rich, No Maida,No palm oil| Cheeseballs 2.0",YiPPee! Magic Masala Noodles with Added Veggies - The Better Noodles,0.43613408884109517
Kellogg's Multigrain Chocos | More Chocolatey | No-Maida,Rajdhani Roasted Chana (200.0 GRAM),0.4361274654106565
Britannia Treat Rich Creme Choco Flavoured Wafers | Trans Fat-free,Lal Sweets Motichoor Laddu,0.4360904039034969
Britannia Good Day Cashew Dry Fruit Biscuits| Trans Fat-free,Kurkure Green Chutney Style (68.0 GRAM),0.4360328210373523
Catch Turmeric Powder/Haldi (100.0 GRAM),Britannia Marie Gold Biscuits Plain | Trans Fat-free,0.4359998934204917
Farmley Cream And Onion Makhana Roasted In Olive Oil,Kurkure Masala Munch,0.43593367034313724
Catch Turmeric Powder/Haldi (100.0 GRAM),Let's Try Namkeen Combo Pack Of 6 (Crunchy Party Mix Peanut Party Mix Aloo Bhujia),0.4358788788304207
Catch Black Pepper Sprinkler (50.0 GRAM),Haldiram's Salted Peanut,0.4358778940430089
Aashirvaad Jeera (100.0 GRAM),Haldiram's Moong Dal,0.4356126036836454
The Theatre Project Gourmet Popcorn - Piri Piri & Lime (60.0 GRAM),Haldiram's Lite Chiwda (200.0 GRAM),0.4355638337923792
Haldirams Namkeen - Mini Samosa,The Theatre Project Gourmet Popcorn - Cheddar Cheese (60.0 GRAM),0.43554362142207875
Let's Try Combo Pack | Aloo Bhujia | Navratan | Peanut Party | Crunchy Party,Cheetos Cheese Puffs (28.0 GRAM),0.4355347010501355
"Ritebite Max Protein Spanish Tomato 10G Multigrain Protein Chips, Healthy Snacks & Munchies",Kotton Multipurpose Napkin | 100% Virgin Pulp-Paper | 25 cm X 25 cm | 100Pcs,0.435467615658363
Nissin Geki - Hot and Spicy Korean Chicken Flavoured Ramen Instant Noodles,Nissin Cup Noodles Super Hot Chilli,0.43546759363085885
Crax Natkhat Classic Wheat Puff Snacks,Tata Sampann 100% Chana Dal Fine Besan,0.4354480164158687
Malkist Cheese Crunchy Layered Crackers,Britannia 50-50 Maska Chaska Biscuits Butter Flavoured Crackers | Trans Fat-free,0.43541600897962046
Farmley Cream And Onion Makhana Roasted In Olive Oil,Sunfeast Dark Fantasy Bourbon Chocolate Cream Biscuits | Trans Fat-free,0.43540609692092375
Nutrela 100% Vegetarian Soya Chunks,Cornitos Nacho Chips - Cheese And Herbs (55.0 GRAM),0.43540348101265813
Top Ramen Masala Instant Noodles,Kotton Multipurpose Napkin | 100% Virgin Pulp-Paper | 25 cm X 25 cm | 100Pcs,0.43536517679323516
Tata Classic Grand Instant Coffee,YiPPee! Magic Masala Noodles with Added Veggies - The Better Noodles,0.4353264331210191
"Taali Roasted Bharuchi Peanuts | Nimbu Pudina | Protein Rich , No Palm Oil ,Restaurant-Style Crunch",Daily Good Chilli With Stem / Guntur With Stem,0.4353064903846154
Britannia Treat Jimjam Naughty Jam Cream Biscuits | Trans Fat-free,MAGGI 2-Minute Instant Noodles | Masala Noodles | Made With Quality Spices,0.4352978087965856
Balaji Simply Salted Chips (135.0 GRAM),Sunfeast Dark Fantasy Bourbon Chocolate Cream Biscuits | Trans Fat-free,0.43523108442144365
"Uncle Chipps Potato Chips, Plain Salted Flavour, Crispy Chips & Snacks (48.0 GRAM)",MAGGI 2-Minute Instant Noodles | Masala Noodles | Made With Quality Spices,0.4351705339525714
Mysore Sandal Soap,Haldiram's Moong Dal,0.4351695293046241
Let's Try Kerala Garlic Mix (180.0 GRAM),Let's Try Namkeen Combo Pack Of 6 (Crunchy Party Mix Peanut Party Mix Aloo Bhujia),0.4351517530088959
Maggi Masala-ae-Magic Sabzi Masala,MAGGI 2-Minute Instant Noodles | Masala Noodles | Made With Quality Spices,0.43508039796603065
"Farmley Seed Mix Superfood Rich In Protein- Pumpkin, Watermelon, Sunflower, Flax, Chia Seeds",Crax Crunchy Pipes Salted Puff Snacks,0.43504719679633863
Let's Try Soya Sticks (160.0 GRAM),Cheetos Cheese Puffs (28.0 GRAM),0.4350043204643277
Britannia Nutrichoice High-Fibre Digestive Biscuits,MAGGI 2-Minute Instant Noodles | Masala Noodles | Made With Quality Spices,0.4349611325060619
Crax Cheese Balls Puff Snacks (65.0 GRAM),Crax Curls Chatpata Masala Puff Snacks,0.4349337050604597
Beyond Snack Kerala Banana Chips - with Coconut Oil & Rock Salt,Haldiram's Moong Dal,0.4349013119380819
Let's Try Lite Snacks Sticks | Vrat | Fasting Special,Cheetos Cheese Puffs (28.0 GRAM),0.4348964295148367
"Yogabar Multigrain Energy Bars Chocolate Chunk with Nuts, Oats and Millets,Chia Seeds, Protein Bars",Let's Try Namkeen Combo Pack Of 6 (Crunchy Party Mix Peanut Party Mix Aloo Bhujia),0.4348027941051197
Uncle Chipps - Spicy Treat,Lay's Spanish Tomato Tango Potato Chips,0.43478567030937354
"Britannia Jimjam Pops, Crunchy Cookie Vanilla Cream Biscuits",Maggi Special Masala Instant Noodles,0.4347204610951009
"B Natural Orange Juice, 100% Pulp, No Concentrate",Let's Try Namkeen Combo Pack Of 6 (Crunchy Party Mix Peanut Party Mix Aloo Bhujia),0.4346343311860553
Coca-Cola Zero Sugar Soft Drink,Palekar Knot Premium Salty Khari | Preservative-free,0.4345279328950779
Sunfeast Dark Fantasy Crunchy Choco Cookies with Vanilla Fills Centre Fills | Artificial Flavour-free,Palekar Jeeo Butter | Toasted Buns With Jeera And Khari | Trans Fat-free,0.434472394043528
Cornitos Jalapeno Nachos and Salsa Dip Tray (75.0 GRAM),The Healthy Binge Quinoa Baked Chips Smokey Bbq -High Protein And Fibre (40.0 GRAM),0.4344310035842294
Crax Natkhat Classic Wheat Puff Snacks,Britannia Marie Gold Biscuits Plain | Trans Fat-free,0.4344218867216805
Vim Lemon Dishwash Bar,Britannia Treat Jimjam Naughty Jam Cream Biscuits | Trans Fat-free,0.43436961873172536
Cornitos Nacho Chips - Sizzlin Jalapeno (55.0 GRAM),YiPPee! Magic Masala Noodles with Added Veggies - The Better Noodles,0.4343392983520372
Nutrela 100% Vegetarian Soya Chunks,YiPPee! Magic Masala Noodles with Added Veggies - The Better Noodles,0.43403081873673033
Heka Bites Roasted Chana Jor - Indian Herbs - Low Calorie & Healthy Snacks,Britannia Marie Gold Biscuits Plain | Trans Fat-free,0.43400991717523973
Ferrero Rocher Moments Pack,Modern Kitchens Spicy Murukku (150.0 GRAM),0.43400253210345446
Namaskaram Mini Bhakarwadi,MAGGI 2-Minute Instant Noodles | Masala Noodles | Made With Quality Spices,0.43392204714412674
Britannia Vita Butter Marie Gold Biscuits | Trans Fat-free,Kurkure Solid Masti Masala Twisteez (61.0 GRAM),0.4339139708496267
Ferrero Rocher Moments Pack,Haldiram's Lite Chiwda (200.0 GRAM),0.43381266340797997
Kurkure Red Chilli Chataka Chips (68.0 GRAM),Kurkure Solid Masti Masala Twisteez (61.0 GRAM),0.4337960011590843
Haldirams Namkeen - Mini Samosa,Haldiram's Mini Bhakarwadi,0.43377915722857197
Beyond Snack Kerala Banana Chips - Hot & Sweet Chilli (70.0 GRAM),Balaji Rumbles Pudina Twist Wafers,0.43375655307994765
Let's Try Butter Murukku (180.0 GRAM),Let's Try Namkeen Combo Pack Of 6 (Crunchy Party Mix Peanut Party Mix Aloo Bhujia),0.4335554516405581
Parle Hide & Seek Choco Roll Centre Fills | Trans Fat-free,Kotton Multipurpose Napkin | 100% Virgin Pulp-Paper | 25 cm X 25 cm | 100Pcs,0.43352205327294296
Bhagirathi Jowar Atta (500.0 GRAM),RiteBite Max Protein 10g Protein Bar Choco Almond,0.4335007791662921
Doritos Nacho Cheese Flavoured Corn Chips,Sunfeast Dark Fantasy Bourbon Chocolate Cream Biscuits | Trans Fat-free,0.4334709587123863
The Healthy Binge Quinoa Baked Chips Smokey Bbq -High Protein And Fibre (40.0 GRAM),Haldiram's Lite Chiwda (200.0 GRAM),0.4333928447014561
Daadi'S Besan Laddoo Pure Ghee,Haldiram's Soan Papdi,0.4333396946564886
Let's Try Combo Pack | Aloo Bhujia | Navratan | Peanut Party | Crunchy Party,Pintola High Protein Oats Dark Chocolate With Almonds Raisin Pumpkin And Chia Seeds,0.4333205678104575
Figaro Extra Virgin Olive Oil,Haldiram's Lite Chiwda (200.0 GRAM),0.4333168775069423
Daadi'S Besan Laddoo Pure Ghee,Rajdhani Roasted Chana (200.0 GRAM),0.43319444444444444
Superyou Chocolate Protein Wafer Bar,YiPPee! Magic Masala Noodles with Added Veggies - The Better Noodles,0.4331053798908098
Daily Good Tamarind / Imli (200.0 GRAM),MAGGI 2-Minute Instant Noodles | Masala Noodles | Made With Quality Spices,0.4330880667231282
Let's Try Salted Peanuts,Chheda's Yellow Banana Chips (170.0 GRAM),0.4330802022031085
Hillers Schezwan Hot Chutney,Piknik Classic Tomato Chilli,0.4330691509084168
Cornitos Nacho Crisps - Cheese And Herbs,Modern Kitchens Potato Chips Salted (70.0 GRAM),0.43302286571907833
Haldirams Kaju - Salted,Piknik Classic Tomato Chilli,0.4329948680351906
ACT II Ready to Eat Caramel Popcorn - Classic Caramel Bliss (35.0 GRAM),Palekar Jeeo Butter | Toasted Buns With Jeera And Khari | Trans Fat-free,0.432960619945156
Everest Chicken Masala,Om Shanthi Havan Samagri | Cycle,0.4329058441558441
Let's Try Potato Wafers | Vrat | Fasting Chips,Chheda's Golden Plain Salted Chips (170.0 GRAM),0.4328917563931505
Too Yumm! Karare Chilli Achari Flavour | Tangy | No Palm Oil Crisps,Sunfeast Dark Fantasy Bourbon Chocolate Cream Biscuits | Trans Fat-free,0.43282814463619385
Let'S Try Roasted Chana (450.0 GRAM),RiteBite Max Protein 10g Protein Bar Choco Almond,0.43280378299313305
Chheda's Small Bhakarwadi,Haldiram's Moong Dal,0.43279508780590253
Malkist Cheese Crunchy Layered Crackers,Chheda's Mix Farsan (170.0 GRAM),0.4327843526717978
Lay's Classic Salted Potato Chips (67.0 GRAM),YiPPee! Magic Masala Noodles with Added Veggies - The Better Noodles,0.4327619180510867
Parle Hide & Seek Chocolate Chip Biscuits | Trans Fat-free,MAGGI 2-Minute Instant Noodles | Masala Noodles | Made With Quality Spices,0.4326928884701894
Doritos Nacho Chips - Sweet Chilli Flavour,Cheetos Masala Balls (28.0 GRAM),0.43269282959283534
"Britannia Jimjam Pops, Crunchy Cookie Vanilla Cream Biscuits",Catch Turmeric Powder/Haldi (100.0 GRAM),0.4326872246696035
Haldiram Aloo Bhujia ,Om Shanthi Havan Samagri | Cycle,0.43268107476635514
Tata Sampann 100% Pure Premium Raisins/Kishmish Seedless,Crax Crunchy Pipes Salted Puff Snacks,0.43264844032277494
Godrej Expert Creme Hair Colour Natural Black (Pack of 4),MAGGI 2-Minute Instant Noodles | Masala Noodles | Made With Quality Spices,0.4326454565566064
Mr Makhana Super Snack - Himalayan Salt And Pepper,Haldiram's Salted Peanut,0.4325961878909478
Uncle Chipps - Spicy Treat,Cheetos Cheese Puffs (28.0 GRAM),0.4325791312688408
Let'S Try Special Makhana Mixture | Fasting Snacks (90.0 GRAM),Let's Try Namkeen Combo Pack Of 6 (Crunchy Party Mix Peanut Party Mix Aloo Bhujia),0.43255994005994
Mysore Sandal Soap,Kurkure Solid Masti Masala Twisteez (61.0 GRAM),0.4324989179050642
Lay's Classic Salted Potato Chips (50.0 GRAM),Maggi Masala-ae-Magic Sabzi Masala,0.4324168368033058
Korean Nongshim Kimchi Ramyun Noodle Soup Veg,Lal Sweets Motichoor Laddu,0.4323952444296641
Nissin Geki - Hot and Spicy Korean Chicken Flavoured Ramen Instant Noodles,Haldiram Aloo Bhujia ,0.43229947622470977
Catch Chatpata Chat Masala Carton (100.0 GRAM),Lal Sweets Motichoor Laddu,0.4322962074978204
The Theatre Project Gourmet Popcorn - Cheddar Cheese (60.0 GRAM),Cheetos Cheese Puffs (28.0 GRAM),0.4322371174079388
Britannia Marie Gold Biscuits Plain | Trans Fat-free,MAGGI 2-Minute Instant Noodles | Masala Noodles | Made With Quality Spices,0.4321723614701585
Open Secret Arabian Dates (Khajur) With Seed,Sunfeast Dark Fantasy Bourbon Chocolate Cream Biscuits | Trans Fat-free,0.43213446038131004
Tata Sampann 100% Pure California Almonds/Badam Giri Whole Premium Quality,Haldiram's Soan Papdi,0.43210510863182616
Maggi Pazzta Instant Pasta - Masala Penne (69.0 GRAM),Kurkure Solid Masti Masala Twisteez (61.0 GRAM),0.43207979343661507
Nissin Geki - Hot and Spicy Korean Kimchi Flavoured Ramen Instant Noodles,Haldiram Aloo Bhujia ,0.432078633580406
Open Secret Arabian Dates (Khajur) With Seed,MAGGI 2-Minute Instant Noodles | Masala Noodles | Made With Quality Spices,0.4320651492743088
"Assorted Candy 20 Pcs, Tangy Imli, Kaccha & Real Aam, Chilli Guava No Refined Sugar (20.0 PIECE)",Kurkure Masala Munch,0.4319063180827887
Cadbury Oreo Chocolate Flavour Creme Sandwich Biscuit,Britannia 50-50 Maska Chaska Biscuits Butter Flavoured Crackers | Trans Fat-free,0.43188151890482396
Cheetos Cheese Puffs (28.0 GRAM),Sunfeast Dark Fantasy Bourbon Chocolate Cream Biscuits | Trans Fat-free,0.4318662099540869
Chheda's Long Masala Banana Chips (170.0 GRAM),Kurkure Solid Masti Masala Twisteez (61.0 GRAM),0.43170886075949366
Namaskaram Bombay Mix,Daily Good Sooji / Rava (1.0 KILOGRAM),0.4316699331624705
Candyman Choco Double Eclairs (75.0 PIECE),Let's Try Namkeen Combo Pack Of 6 (Crunchy Party Mix Peanut Party Mix Aloo Bhujia),0.43156354515050166
Beyond Snack Kerala Banana Chips - Original Style (25.0 GRAM),"Ritebite Max Protein Peri Peri 10G Multigrain Protein Chips, Healthy Snacks & Munchies",0.4315524193548386
Nissin Cup Noodles Super Hot Chilli,Coca-Cola Zero Sugar Soft Drink,0.43148236038601484
Veeba Thousand Island Dressing,Parle Hide & Seek Milano Chocolate Flavoured Biscuits,0.43135228251507324
MasterChow Korean Instant Cup Noodles - Korean 2X Spicy Flavour Veg,Palekar Knot Premium Salty Khari | Preservative-free,0.4313106093501231
Modern Kitchens Banana Chips Salted,Haldiram's Lite Chiwda (200.0 GRAM),0.43130255239958165
Orbit Sugar-Free Mixed Fruit Chewing Gum Pot (19800.0 MILLIGRAM),Kurkure Green Chutney Style (68.0 GRAM),0.43128680777315986
Chheda's Salt & Pepper Banana Chips,MAGGI 2-Minute Instant Noodles | Masala Noodles | Made With Quality Spices,0.43126132093219954
Let's Try Potato Wafers | Vrat | Fasting Chips,Kurkure Solid Masti Masala Twisteez (61.0 GRAM),0.4312562049109802
Korean Nongshim Kimchi Ramyun Noodle Soup Veg,"Ching's Secret Veg Hakka Noodles, Cooks In 5-7 mins, Just Soak & Drain",0.4312411205420567
Let's Try Combo Pack | Aloo Bhujia | Navratan | Peanut Party | Crunchy Party,Let'S Try Roasted Chana (450.0 GRAM),0.43119855967078186
Unibic Fruit & Nut cookies,"Paper Boat Mango | Juicy Sips, Chewy Bites | Refreshing Summer Juice Drink",0.4311938127974616
Daily Good Coriander / Dhania Whole (200.0 GRAM),Chheda's Golden Plain Salted Chips (170.0 GRAM),0.43113023531614747
"B Natural Orange Juice, 100% Pulp, No Concentrate",Rajdhani Roasted Chana (200.0 GRAM),0.4311145060381201
Sunfeast Dark Fantasy Vanilla Cream Dark Crunchy Biscuits | Artificial Colour-free,Haldiram's Moong Dal,0.4310964176340063
Modern Kitchens Wheel Chips,Crax Crunchy Pipes Salted Puff Snacks,0.43090389016018305
Lay's American Cream & Onion Potato Chips,Britannia Marie Gold Biscuits Plain | Trans Fat-free,0.43086926487597993
Nescafe Cafe Style Iced Frappe Cold Coffee,Let's Try Kerala Garlic Mix (180.0 GRAM),0.43086196503918023
"Taali Roasted Protein Puffs | Smokey Bbq | Protein Rich,No Maida , No Palm Oil | Cheeseballs 2.0 (60.0 GRAM)","Paper Boat Mango | Juicy Sips, Chewy Bites | Refreshing Summer Juice Drink",0.43084066471163246
Let's Try Salted Peanuts,Sunfeast Dark Fantasy Bourbon Chocolate Cream Biscuits | Trans Fat-free,0.43083587689650554
Alpenliebe Juzt Jelly Strawberry Flavour Pouch,Om Shanthi Havan Samagri | Cycle,0.4308097149410223
Haldiram's Bhujia Sev (200.0 GRAM),Sunfeast Dark Fantasy Bourbon Chocolate Cream Biscuits | Trans Fat-free,0.4307785925092038
Heka Bites Roasted Jowar Puffs Cheesy Salsa - Low Calorie & Healthy Snacks (40.0 GRAM),Palekar Jeeo Butter | Toasted Buns With Jeera And Khari | Trans Fat-free,0.4307344946996935
Open Secret Arabian Dates (Khajur) With Seed,Let's Try Namkeen Combo Pack Of 6 (Crunchy Party Mix Peanut Party Mix Aloo Bhujia),0.43072574907107275
"Cheetos Masala Balls, Crispy Chips & Snacks (84.0 GRAM)",Let's Try Namkeen Combo Pack Of 6 (Crunchy Party Mix Peanut Party Mix Aloo Bhujia),0.4306501831501831
Too Yumm! Noodles Masala | Spicy No Palm Oil Crisps (67.0 GRAM),Society Natural Tea (250.0 GRAM),0.43063688578562725
Let's Try Kerala Garlic Mix (180.0 GRAM),Society Natural Tea (250.0 GRAM),0.4305501407840589
Society Natural Tea (250.0 GRAM),Haldiram's Bhujia Sev (200.0 GRAM),0.4304794329407825
Nissin Cup Noodles Italiano,Top Ramen Masala Instant Noodles,0.43045130201093507
Crax Cheese Balls Puff Snacks (65.0 GRAM),Lal Sweets Motichoor Laddu,0.4304453980467594
"Yogabar Multigrain Energy Bars Chocolate Chunk with Nuts, Oats and Millets,Chia Seeds, Protein Bars",Haldiram's Masala Tasty Nuts (200.0 GRAM),0.43042810252112573
Yu 100% Whole Wheat Hakka Noodles,Sunfeast Dark Fantasy Bourbon Chocolate Cream Biscuits | Trans Fat-free,0.4304163907778339
Uncle Chipps - Spicy Treat,Society Natural Tea (250.0 GRAM),0.43035197231530764
Chheda's Golden Plain Salted Chips (170.0 GRAM),Kurkure Solid Masti Masala Twisteez (61.0 GRAM),0.4302739507844231
Daily Good Till - Sesame White (100.0 GRAM),Society Natural Tea (250.0 GRAM),0.4302634027839001
Let'S Try Special Makhana Mixture | Fasting Snacks (90.0 GRAM),Haldiram's Masala Tasty Nuts (200.0 GRAM),0.430205773955774
Kurkure Yummy PuffCorn Yummy Cheese Chips,MAGGI 2-Minute Instant Noodles | Masala Noodles | Made With Quality Spices,0.43017844679606887
"Yoga Bar  Rolled Oats 400g Pouch | Premium Golden Rolled Oats, Gluten Free Oats with High Fibre",Haldiram's Mixture (400.0 GRAM),0.43013967357187705
Cornitos Nacho Crisps - Cheese And Herbs,Kinder Joy - Single Pack - Assorted,0.4300565580393213
Nissin Cup Noodles Italiano,Kotton Multipurpose Napkin | 100% Virgin Pulp-Paper | 25 cm X 25 cm | 100Pcs,0.42999748373413854
Haldiram's Mini Bhakarwadi,Haldiram's Masala Tasty Nuts (200.0 GRAM),0.42998112342107125
Daily Good Till - Sesame White (100.0 GRAM),Haldiram's Bhujia Sev (200.0 GRAM),0.42998022988750756
Britannia Nice Time Coconut Flavoured Biscuits | Artificial Flavour-free,Kurkure Yummy PuffCorn Yummy Cheese Chips,0.42996466990086485
Beyond Snack Kerala Banana Chips - Hot & Sweet Chilli (70.0 GRAM),Kotton Multipurpose Napkin | 100% Virgin Pulp-Paper | 25 cm X 25 cm | 100Pcs,0.4299345449923742
Chheda's Yellow Banana Chips (170.0 GRAM),Haldiram's Moong Dal,0.4299158948368362
Heka Bites Roasted Jowar Puffs Cheesy Salsa - Low Calorie & Healthy Snacks (40.0 GRAM),Let's Try Namkeen Combo Pack Of 6 (Crunchy Party Mix Peanut Party Mix Aloo Bhujia),0.42986089055453225
Everest Sambhar Masala,Lal Sweets Motichoor Laddu,0.42983870967741933
Gits Gulab Jamun Instant Dessert Mix,Haldiram Aloo Bhujia ,0.42981775700934577
Catch Chatpata Chat Masala Carton (100.0 GRAM),Korean Nongshim Kimchi Ramyun Noodle Soup Veg,0.4298133184731122
Mr Makhana Cream And Onion,Haldiram's Salted Peanut,0.4297958769168274
Malkist Cheese Crunchy Layered Crackers,MAGGI 2-Minute Instant Noodles | Masala Noodles | Made With Quality Spices,0.4297463738756988
Too Yumm! Karare Chilli Achari Flavour | Tangy | No Palm Oil Crisps,Haldiram's Moong Dal,0.4297082786915465
Sunfeast Dark Fantasy Vanilla Cream Dark Crunchy Biscuits | Artificial Colour-free,Aashirvaad 100% Chana Dal Besan (500.0 GRAM),0.4296229807008583
The Theatre Project Gourmet Popcorn - Cheddar Cheese (60.0 GRAM),Haldiram's Moong Dal,0.4296059671966199
Lal Mysore Pak Premium,Om Shanthi Havan Samagri | Cycle,0.4295586340206185
Haldiram's Mini Bhakarwadi,MAGGI 2-Minute Instant Noodles | Masala Noodles | Made With Quality Spices,0.4294097579170495
MAGGI Pazzta Instant Pasta - Mushroom Penne (68.0 GRAM),Modern Kitchens Butter Murukku,0.4294033685412504
"Tetley Ginger, Mint, and Lemon Green Tea",Sweet Karam Coffee Madras Mixture,0.4293782552083333
Piknik Classic Tomato Chilli,Om Shanthi Havan Samagri | Cycle,0.42936617943548383
Figaro Extra Virgin Olive Oil,Crax Crunchy Pipes Salted Puff Snacks,0.42932548763212386
Unibic Fruit & Nut cookies,Crax Crunchy Pipes Salted Puff Snacks,0.4292737367295645
Everest Sambhar Masala,Palekar Knot Premium Salty Khari | Preservative-free,0.429228811762211
Cornitos Nacho Chips - Peri Peri (55.0 GRAM),Cornitos Nacho Chips - Cheese And Herbs (55.0 GRAM),0.42917658854493046
Britannia Little Hearts Classic Crunch Flavoured Biscuits | Cholesterol-free,Kurkure Green Chutney Style (68.0 GRAM),0.429057312574053
Too Yumm! Noodles Masala | Spicy No Palm Oil Crisps (67.0 GRAM),ACT II Ready to Eat Popcorn - Sour Cream & Cheese Popcorn (50.0 GRAM),0.42902689604069455
Lets Try Lite Mixture (180.0 GRAM),Haldiram's Moong Dal,0.4287921082105626
Bingo! Original Style Chilli Sprinkled - Flat Cut Spicy Potato Chips Pack for Snacks,MAGGI 2-Minute Instant Noodles | Masala Noodles | Made With Quality Spices,0.42874928252099886
Lay's Wafer Chips Red Chilli (48.0 GRAM),Haldiram's Mini Bhakarwadi,0.428715473409372
Unibic Fruit & Nut cookies,Sweet Karam Coffee Madras Mixture,0.42869706284153014
Sunfeast Dark Fantasy Choco Rolls | Crunchy Wafer Rolls,Chheda's Golden Plain Salted Chips (170.0 GRAM),0.4286910260640053
Veeba Thousand Island Dressing,Om Shanthi Havan Samagri | Cycle,0.42867476851851855
Palekar Makkhan Butter Rusk | Bromate-free and Trans Fat-free,Crax Crunchy Pipes Salted Puff Snacks,0.4286608970939935
Let's Try Pudina Rings (60.0 GRAM),Piknik Classic Tomato Chilli,0.42862310246679314
Heka Bites Roasted Chana Jor - Indian Herbs - Low Calorie & Healthy Snacks,YiPPee! Magic Masala Noodles with Added Veggies - The Better Noodles,0.42860324496470986
Paper Boat Chikki Family Pack,Tata Sampann Chilli Powder with Natural Oils Lal Mirchi Powder,0.42858664772727273
Catch Jeera Whole (100.0 GRAM),Kurkure Green Chutney Style (68.0 GRAM),0.42855493715788506
Bhagirathi Jowar Atta (500.0 GRAM),Palekar Jeeo Butter | Toasted Buns With Jeera And Khari | Trans Fat-free,0.428518245786287
Britannia Nutrichoice High-Fibre Digestive Biscuits,Kurkure Green Chutney Style (68.0 GRAM),0.4285034405300122
Korean Nongshim Kimchi Ramyun Noodle Soup Veg,Everest Coriander Powder (100.0 GRAM),0.428444896181211
Britannia Nutrichoice Oats Orange & Almond Biscuits | Maida-free and Trans Fat-free,Britannia 50-50 Maska Chaska Biscuits Butter Flavoured Crackers | Trans Fat-free,0.4284167850183307
Cadbury Oreo Vanilla Flavour Creme Sandwich Biscuit Family Pack,Daily Good Raw Peanut - Singdana,0.42836205454241255
"Ritebite Max Protein Cheese & Jalapeno 10G Multigrain Protein Chips, Healthy Snacks & Munchies",Aashirvaad 100% Chana Dal Besan (500.0 GRAM),0.428318093654752
Korean Nongshim Kimchi Ramyun Noodle Soup Veg,Haldiram's Mixture (400.0 GRAM),0.4283010076300308
Cheetos Masala Balls (28.0 GRAM),MAGGI 2-Minute Instant Noodles | Masala Noodles | Made With Quality Spices,0.4282995371689944
Tata Sampann 100% Chana Dal Fine Besan,Lay's Spanish Tomato Tango Potato Chips,0.4282206889605157
The Theatre Project Gourmet Popcorn - Piri Piri & Lime (60.0 GRAM),The Whole Truth Double Cocoa Protein Bar,0.4281727828746177
Kurkure Red Chilli Chataka Chips (68.0 GRAM),Chheda's Yellow Banana Chips (170.0 GRAM),0.42814589665653496
Heka Bites Roasted Jowar Puffs Cheesy Salsa - Low Calorie & Healthy Snacks (40.0 GRAM),Britannia Marie Gold Biscuits Plain | Trans Fat-free,0.42812208651873945
Balaji Simply Salted Chips (135.0 GRAM),Bingo! Mad Angles Masala Madness Crisps,0.4279000398869292
"Yogabar Multigrain Energy Bars Chocolate Chunk with Nuts, Oats and Millets,Chia Seeds, Protein Bars",RiteBite Max Protein 10g Protein Bar Choco Almond,0.4278836412480506
Haldiram's Mini Bhakarwadi,Let's Try Namkeen Combo Pack Of 6 (Crunchy Party Mix Peanut Party Mix Aloo Bhujia),0.42782543826930247
Cadbury Oreo Chocolate Flavour Creme Sandwich Biscuit Family Pack,Kurkure Green Chutney Style (68.0 GRAM),0.42782111021069685
Open Secret Arabian Dates (Khajur) With Seed,Let's Try Salted Peanuts,0.4278030766875861
Yu 100% Whole Wheat Hakka Noodles,Haldiram's Mini Bhakarwadi,0.42778395719420675
Bauli Moonfils Croissants Choco Cream (Egg) (50.0 GRAM),Sunfeast Dark Fantasy Bourbon Chocolate Cream Biscuits | Trans Fat-free,0.4277817891381703
Lal Mysore Pak Premium,Parle Hide & Seek Milano Chocolate Flavoured Biscuits,0.42773915128266604
Kurkure Playz Puffcorn Yummy Cheese,RiteBite Max Protein 10g Protein Bar Choco Almond,0.42771785913210797
Kurkure Playz Puffcorn Yummy Cheese,Palekar Jeeo Butter | Toasted Buns With Jeera And Khari | Trans Fat-free,0.4275991338913486
Organic Tattva Brown Sugar Pouch,YiPPee! Magic Masala Noodles with Added Veggies - The Better Noodles,0.4275527468152866
"Tetley Ginger, Mint, and Lemon Green Tea",YiPPee! Magic Masala Noodles with Added Veggies - The Better Noodles,0.4275527468152866
Cadbury Oreo Chocolate Flavour Creme Sandwich Biscuit,Kurkure Solid Masti Masala Twisteez (61.0 GRAM),0.4275058445353594
The Whole Truth Double Cocoa Protein Bar,The Theatre Project Gourmet Popcorn - Cheddar Cheese (60.0 GRAM),0.4274505913476501
Crax Cheese Balls Puff Snacks (65.0 GRAM),Lay's Spanish Tomato Tango Potato Chips,0.4274349629257258
Snapin Oregano Pizza Seasoning Sachet Pouch,Haldiram's Moong Dal,0.42739231848820886
Let's Try Potato Wafers | Vrat | Fasting Chips,RiteBite Max Protein 10g Protein Bar Choco Almond,0.4273484291194219
Let's Try Namkeen Combo Pack Of 6 (Crunchy Party Mix Peanut Party Mix Aloo Bhujia),Sunfeast Dark Fantasy Bourbon Chocolate Cream Biscuits | Trans Fat-free,0.4273465652611909
Lay's American Cream & Onion Potato Chips (48.0 GRAM),Kurkure Solid Masti Masala Twisteez (61.0 GRAM),0.42727097272259396
Crax Fritts Peri Peri Corn & Potato Stick Snacks,Lay's Spanish Tomato Tango Potato Chips,0.4272446873902353
Bhagirathi Makai Atta (500.0 GRAM),Palekar Jeeo Butter | Toasted Buns With Jeera And Khari | Trans Fat-free,0.42719156391078766
Modern Kitchens Hot Chips Salted (100.0 GRAM),Kinder Joy - Single Pack - Assorted,0.4271559967216101
Let's Try Butter Murukku (180.0 GRAM),Uncle Chipps - Spicy Treat,0.4271176986214041
Beyond Snack Kerala Banana Chips - Peri Peri (70.0 GRAM),Haldiram's Moong Dal,0.42704671823067125
Fevikwik Instant Adhesive (3 gm),Let's Try Salted Peanuts,0.4269334454171256
Kurkure Red Chilli Chataka Chips (68.0 GRAM),Cheetos Cheese Puffs (28.0 GRAM),0.42684502459520396
Daily Good Sooji / Rava (1.0 KILOGRAM),Parle Krack Jack Sweet and Salty Plain Crackers | Artificial Colour-free,0.42682177348551353
Stroom Choco Almond Bliss Protein Bars (45.0 GRAM),Lay's Spanish Tomato Tango Potato Chips,0.42680341008452344
Kurkure Masala Munch,Cheetos Cheese Puffs (28.0 GRAM),0.42675805535628886
ZOFF Green Cardamom Whole - Elaichi,Chheda's Golden Plain Salted Chips (170.0 GRAM),0.4267327552398797
Hillers Schezwan Hot Chutney,Crax Crunchy Pipes Salted Puff Snacks,0.4267129593098188
Ezee Small Garbage Bags 17 x 19 Inch (30.0 PIECE),Kurkure Solid Masti Masala Twisteez (61.0 GRAM),0.4266942693527788
Tulips Paper Stick Cotton Buds Jar (100.0 PIECE),Let's Try Namkeen Combo Pack Of 6 (Crunchy Party Mix Peanut Party Mix Aloo Bhujia),0.42667053443450964
YiPPee! Magic Masala Noodles with Added Veggies - The Better Noodles,Cheetos Cheese Puffs (28.0 GRAM),0.4266630539265185
Garden Sabudana Chivda Namkeen,Cheetos Cheese Puffs (28.0 GRAM),0.42665986428009434
"MR. MAKHANA Fox Nuts Black Salt - Delicious Teatime Snack, Popped Lotus Seeds, Roasted In Olive Oil",Haldiram's Moong Dal,0.4265920736170658
Lay's West Indies Hot 'n' Sweet Chilli Potato Chips,Cheetos Masala Balls (28.0 GRAM),0.42658869855556364
Everest Sambhar Masala,Crax Crunchy Pipes Salted Puff Snacks,0.4265357529313678
Catch Jeera Powder Pouch,Kotton Multipurpose Napkin | 100% Virgin Pulp-Paper | 25 cm X 25 cm | 100Pcs,0.4264729141953342
Veeba Thousand Island Dressing,Kotton Multipurpose Napkin | 100% Virgin Pulp-Paper | 25 cm X 25 cm | 100Pcs,0.4264729141953342
"B Natural Orange Juice, 100% Pulp, No Concentrate",Mr Makhana Super Snack - Pudina Party,0.42645846887876815
MasterChow Korean Instant Cup Noodles - Korean 2X Spicy Flavour Veg,Parle Melody Chocolaty Toffee (176.0 GRAM),0.42644376899696057
Catch Dhania Powder (200.0 GRAM),MAGGI 2-Minute Instant Noodles | Masala Noodles | Made With Quality Spices,0.4264406325381934
Cavin's Strawberry Milkshake,Coca-Cola Zero Sugar Soft Drink,0.4264227642276422
Sunfeast Farmlite Gold and Almond Oats Biscuits | Trans Fat-free,Om Shanthi Havan Samagri | Cycle,0.4264185855263158
Lay's Potato Chips - Chile Lemon Flavour,Daily Good Raw Peanut - Singdana,0.426378896882494
Peppy Cheese Balls (55.0 GRAM),Sunfeast Dark Fantasy Bourbon Chocolate Cream Biscuits | Trans Fat-free,0.4262841815181996
Nissin Geki - Hot and Spicy Korean Kimchi Flavoured Ramen Instant Noodles,Coca-Cola Zero Sugar Soft Drink,0.4262175888799787
Mysore Sandal Soap,Sunfeast Dark Fantasy Bourbon Chocolate Cream Biscuits | Trans Fat-free,0.4262162146335179
"Taali Roasted Protein Puffs | Smokey Bbq | Protein Rich,No Maida , No Palm Oil | Cheeseballs 2.0 (60.0 GRAM)",Top Ramen Curry Veg Instant Noodles,0.42620650953984285
Nongshim Korean Shin Ramyun Cup Noodle Soup Non Veg,Crax Crunchy Pipes Salted Puff Snacks,0.42616868257600526
MasterChow Korean Instant Cup Noodles - Korean 2X Spicy Flavour Veg,Crax Crunchy Pipes Salted Puff Snacks,0.42616868257600515
Beyond Snack Kerala Banana Chips - Original Style (25.0 GRAM),Balaji Rumbles Pudina Twist Wafers,0.4261467889908257
Ezee Small Garbage Bags 17 x 19 Inch (30.0 PIECE),MAGGI 2-Minute Instant Noodles | Masala Noodles | Made With Quality Spices,0.4261009745274104
Too Yumm! Karare Chilli Achari Flavour | Tangy | No Palm Oil Crisps,Palekar Jeeo Butter | Toasted Buns With Jeera And Khari | Trans Fat-free,0.4260990023662588
YiPPee! 100% Suji Cheese Pasta Treat,Lay's Spanish Tomato Tango Potato Chips,0.4260668583347426
Kurkure Masala Munch,Kurkure Solid Masti Masala Twisteez (61.0 GRAM),0.4259939148073023
Let'S Try Roasted Chana (450.0 GRAM),Palekar Jeeo Butter | Toasted Buns With Jeera And Khari | Trans Fat-free,0.4259243628991022
Everest Cumin Powder (50.0 GRAM),Modern Kitchens Butter Murukku,0.4259204301075268
"Taali Roasted Bharuchi Peanuts | Nimbu Pudina | Protein Rich , No Palm Oil ,Restaurant-Style Crunch",Scotch-Brite Scrub Sponge (Pack of 3),0.42585390355912744
Haldirams Soya Sticks,Britannia Marie Gold Biscuits Plain | Trans Fat-free,0.4257802578105156
Let's Try Kerala Garlic Mix (180.0 GRAM),RiteBite Max Protein 10g Protein Bar Choco Almond,0.42576597207654476
Daily Good Poha / Avalakki Thick,Crax Crunchy Pipes Salted Puff Snacks,0.42573425986186053
Lets Try Crunchy Party Mix (180.0 GRAM),The Theatre Project Gourmet Popcorn - Cheddar Cheese (60.0 GRAM),0.42567693744164337
Yogabar Dark Chocolate Oatmeal 400g Breakfast Cereal Gluten Free Oats High in Protein & Gluten-Free,Crax Crunchy Pipes Salted Puff Snacks,0.4256702396724075
Balaji Masala Masti Chips (135.0 GRAM),Kurkure Green Chutney Style (68.0 GRAM),0.42566039753286516
Unibic Choco Chip Flavoured Biscuits | Trans Fat-free,Kurkure Green Chutney Style (68.0 GRAM),0.4256262553460822
"Taali Roasted Protein Puffs| Cheese & Herbs| Protein Rich, No Maida,No palm oil| Cheeseballs 2.0","Ching's Secret Veg Hakka Noodles, Cooks In 5-7 mins, Just Soak & Drain",0.42554724427515955
Sunfeast Dark Fantasy Choco Centre Fills | Preservative-free,Lay's American Cream & Onion Potato Chips (48.0 GRAM),0.4255465387785
Britannia Nice Time Coconut Flavoured Biscuits | Artificial Flavour-free,Kurkure Solid Masti Masala Twisteez (61.0 GRAM),0.4255387931034483
Daily Good Coriander / Dhania Whole (200.0 GRAM),Crax Crunchy Pipes Salted Puff Snacks,0.42552878965922447
Ferrero Rocher Moments Pack,YiPPee! Magic Masala Noodles with Added Veggies - The Better Noodles,0.4255070398927254
Sunfeast Dark Fantasy Crunchy Choco Cookies with Vanilla Fills Centre Fills | Artificial Flavour-free,Sunfeast All Rounder Crunchy Potato Chatpata Masala Flavoured Crackers | Trans Fat-free,0.4254115384615384
Maggi Pazzta Instant Pasta - Masala Penne (69.0 GRAM),Kurkure Green Chutney Style (68.0 GRAM),0.4253785654444523
Orbit Sugar-Free Mixed Fruit Chewing Gum Pot (19800.0 MILLIGRAM),Chheda's Golden Plain Salted Chips (170.0 GRAM),0.4253401321656416
The Theatre Project Gourmet Popcorn - Cheddar Cheese (60.0 GRAM),MAGGI 2-Minute Instant Noodles | Masala Noodles | Made With Quality Spices,0.4253124827166639
Kurkure Red Chilli Chataka Chips (68.0 GRAM),RiteBite Max Protein 10g Protein Bar Choco Almond,0.4252737570799245
Parle Hide & Seek Milano Chocolate Flavoured Biscuits,YiPPee! Magic Masala Noodles with Added Veggies - The Better Noodles,0.42520256258332095
Nongshim Korean Shin Ramyun Cup Noodle Soup Non Veg,Om Shanthi Havan Samagri | Cycle,0.42517538265306126
Mr Makhana Lime Chilli,YiPPee! Magic Masala Noodles with Added Veggies - The Better Noodles,0.4251730469257767
Daily Good Coriander / Dhania Whole (200.0 GRAM),Britannia Marie Gold Biscuits Plain | Trans Fat-free,0.4251525719267655
HELL Energy Drink Apple Flavoured Drink,Chheda's Yellow Banana Chips (170.0 GRAM),0.4251094009355666
Parle Hide & Seek Black Bourbon Chocolate Cream Biscuits | Trans Fat-free,Let's Try Namkeen Combo Pack Of 6 (Crunchy Party Mix Peanut Party Mix Aloo Bhujia),0.42510107816711595
Let's Try Namkeen Combo Pack Of 6 (Crunchy Party Mix Peanut Party Mix Aloo Bhujia),Haldiram's Moong Dal,0.4250971783163564
Haldirams Namkeen - Mini Samosa,Let's Try Salted Peanuts,0.4250598844582218
Snapin Oregano Pizza Seasoning Sachet Pouch,Scotch-Brite Scrub Sponge (Pack of 3),0.4250405844155844
Aashirvaad 100% Chana Dal Besan (500.0 GRAM),MAGGI 2-Minute Instant Noodles | Masala Noodles | Made With Quality Spices,0.42498332179616766
"Yogabar Multigrain Energy Bars Chocolate Chunk with Nuts, Oats and Millets,Chia Seeds, Protein Bars",MAGGI 2-Minute Instant Noodles | Masala Noodles | Made With Quality Spices,0.4249714141659689
Sugar Free D'Lite Choco Chip Biscuits | Trans Fat-free,Rajdhani Roasted Chana (200.0 GRAM),0.4249692334739803
Catch Chatpata Chat Masala Carton (100.0 GRAM),Palekar Knot Premium Salty Khari | Preservative-free,0.4249322270598866
Cadbury Oreo Chocolate Flavour Creme Sandwich Biscuit,Aashirvaad 100% Chana Dal Besan (500.0 GRAM),0.4249168744804655
Cornitos Nacho Chips - Peri Peri (55.0 GRAM),YiPPee! Magic Masala Noodles with Added Veggies - The Better Noodles,0.4248588951251813
Surf Excel Easy Wash Detergent Powder,Palekar Jeeo Butter | Toasted Buns With Jeera And Khari | Trans Fat-free,0.4248276580235343
Maggi Pazzta Instant Pasta - Masala Penne (69.0 GRAM),Britannia Treat Jimjam Naughty Jam Cream Biscuits | Trans Fat-free,0.4247617579254952
Cornitos Nacho ChipsÂ  Tikka Masala (55.0 GRAM),Om Shanthi Havan Samagri | Cycle,0.42474197247706424
"Ritebite Max Protein Peri Peri 10G Multigrain Protein Chips, Healthy Snacks & Munchies",Crax Crunchy Pipes Salted Puff Snacks,0.4246889302059496
Let's Try Soya Sticks (160.0 GRAM),Uncle Chipps - Spicy Treat,0.4246830499309019
Farmley Cream And Onion Makhana Roasted In Olive Oil,Lay's Spanish Tomato Tango Potato Chips,0.424652183219178
Too Yumm! Karare Chilli Achari Flavour | Tangy | No Palm Oil Crisps,Cheetos Masala Balls (28.0 GRAM),0.4246440145340273
Sweet Karam Coffee Kerala Nendran Banana Chips (65.0 GRAM),Parle Hide & Seek Milano Chocolate Flavoured Biscuits,0.4246124031007751
Cadbury Oreo Chocolate Flavour Creme Sandwich Biscuit Family Pack,Britannia 50-50 Maska Chaska Biscuits Butter Flavoured Crackers | Trans Fat-free,0.42460615184988015
Bauli Moonfils Croissants Strawberry (Veg),Top Ramen Noodles Curry Veg Pouch,0.42458333333333337
YiPPee! Magic Masala Noodles with Added Veggies - The Better Noodles,Sunfeast Dark Fantasy Bourbon Chocolate Cream Biscuits | Trans Fat-free,0.4244978337708878
ZOFF Black Mustard Seeds Whole - Rai (200.0 GRAM),Kinder Joy - Single Pack - Assorted,0.4243868670886076
Kurkure Playz Puffcorn Yummy Cheese,Haldiram's Moong Dal,0.42433355758816316
Sunfeast Dark Fantasy Choco Rolls | Crunchy Wafer Rolls,Haldiram's Salted Peanut,0.4243137866500312
Mr Makhana Cream And Onion,Haldiram's Lite Chiwda (200.0 GRAM),0.42426205903527714
ZOFF Green Cardamom Whole - Elaichi,MAGGI 2-Minute Instant Noodles | Masala Noodles | Made With Quality Spices,0.4242056187408235
"Taali Roasted Bharuchi Peanuts | Nimbu Pudina | Protein Rich , No Palm Oil ,Restaurant-Style Crunch",Let's Try Namkeen Combo Pack Of 6 (Crunchy Party Mix Peanut Party Mix Aloo Bhujia),0.4241863905325443
Lets Try Lite Mixture (180.0 GRAM),Palekar Jeeo Butter | Toasted Buns With Jeera And Khari | Trans Fat-free,0.4241777431973892
Tata Sampann 100% Pure Premium Raisins/Kishmish Seedless,Too Yumm! Karare Munchy Masala | Spicy | No Palm Oil Crisps,0.42417763157894733
Epigamia Turbo Cookies and Cream Protein Milkshake,Top Ramen Noodles Curry Veg Pouch,0.4241415192507804
"Ritebite Max Protein Cheese & Jalapeno 10G Multigrain Protein Chips, Healthy Snacks & Munchies",Britannia 50-50 Maska Chaska Biscuits Butter Flavoured Crackers | Trans Fat-free,0.4240519708792057
Britannia Treat Rich Creme Strawberry Flavoured Wafers | Trans Fat-free,Sunfeast Dark Fantasy Bourbon Chocolate Cream Biscuits | Trans Fat-free,0.4240476770012474
Modern Kitchens Potato Chips Salted (70.0 GRAM),The Healthy Binge Ragi Baked Chips Chatpata Chaat- High Protein & Fibre (40.0 GRAM),0.4239761861807686
Everest Cumin Powder (50.0 GRAM),The Theatre Project Gourmet Popcorn - Cheddar Cheese (60.0 GRAM),0.42397422969187665
Chheda's Yellow Banana Chips (170.0 GRAM),Cheetos Cheese Puffs (28.0 GRAM),0.42388251924407544
Lijjat Moong Papad,Bhagirathi Rajgira Peeth | Amaranth Flour,0.4238790829782917
Let's Try Teekha Tadka Makhana Puffs (60.0 GRAM),RiteBite Max Protein 10g Protein Bar Choco Almond,0.4237971120900636
Kurkure Masala Munch,Sunfeast Dark Fantasy Bourbon Chocolate Cream Biscuits | Trans Fat-free,0.4237573237832572
Lal Mysore Pak Premium,Crax Crunchy Pipes Salted Puff Snacks,0.4237278539243671
Nissin Cup Noodles Super Hot Chilli,Korean Nongshim Kimchi Ramyun Noodle Soup Veg,0.42372185987797184
Uncle Chips Plain Salted (80.0 GRAM),YiPPee! Magic Masala Noodles with Added Veggies - The Better Noodles,0.42370861622453976
"Tetley Ginger, Mint, and Lemon Green Tea",Om Shanthi Havan Samagri | Cycle,0.4236990792410714
Wok Tok by Veeba Instant Cup Noodles Masala (75500.0 MILLIGRAM),YiPPee! Magic Masala Noodles with Added Veggies - The Better Noodles,0.4236095726022339
Mr Makhana Cream And Onion,Haldiram's Moong Dal,0.4235791063443181
Tata Sampann 100% Pure California Almonds/Badam Giri Whole Premium Quality,Let's Try Salted Peanuts,0.42353723404255317
Britannia Nice Time Coconut Flavoured Biscuits | Artificial Flavour-free,Catch Jeera Whole (100.0 GRAM),0.4235014395981377
"Tetley Ginger, Mint, and Lemon Green Tea",Let's Try Namkeen Combo Pack Of 6 (Crunchy Party Mix Peanut Party Mix Aloo Bhujia),0.42342891483516487
Stroom Choco Almond Bliss Protein Bars (45.0 GRAM),YiPPee! Magic Masala Noodles with Added Veggies - The Better Noodles,0.4234178072909608
Unibic Danish Coconut Cookies,Crax Crunchy Pipes Salted Puff Snacks,0.42338326635001833
Let'S Try Special Makhana Mixture | Fasting Snacks (90.0 GRAM),Cheetos Cheese Puffs (28.0 GRAM),0.4233820676274945
Nutrela Soya Granules (200.0 GRAM),Crax Crunchy Pipes Salted Puff Snacks,0.4233556879715432
Bingo! Mad Angles Achaari Masti Crisps,MAGGI 2-Minute Instant Noodles | Masala Noodles | Made With Quality Spices,0.42328959338150735
"Yoga Bar Muesli Dark Chocolate & Cranberry,Breakfast Cereals, Protein Granola, Gluten Free",Haldiram's Salted Peanut,0.4232888741218911
Modern Kitchens Wheel Chips,Om Shanthi Havan Samagri | Cycle,0.42328571428571427
"Ritebite Max Protein Cheese & Jalapeno 10G Multigrain Protein Chips, Healthy Snacks & Munchies",Max Protein Choco Chips Flavoured Biscuits | Maida-free,0.4232375067738134
Lay's India's Magic Masala Potato Chips,MAGGI 2-Minute Instant Noodles | Masala Noodles | Made With Quality Spices,0.4232265164164615
Let'S Try Roasted Chana (450.0 GRAM),Let's Try Salted Peanuts,0.4231834017668285
Bingo! Mad Angles Masala Madness Crisps,Let's Try Salted Peanuts,0.42316364415250607
Palekar Knot Premium Salty Khari | Preservative-free,Crax Crunchy Pipes Salted Puff Snacks,0.4231462096499342
Britannia Nice Time Coconut Flavoured Biscuits | Artificial Flavour-free,Britannia 50-50 Maska Chaska Biscuits Butter Flavoured Crackers | Trans Fat-free,0.42312962772521595
ZOFF Green Cardamom Whole - Elaichi,Bingo! Mad Angles Masala Madness Crisps,0.42300620488793206
Let's Try Cheese Balls (60.0 GRAM),Kurkure Solid Masti Masala Twisteez (61.0 GRAM),0.4229597701149425
ZOFF Green Cardamom Whole - Elaichi,Sunfeast Dark Fantasy Bourbon Chocolate Cream Biscuits | Trans Fat-free,0.4229554907112772
"Taali Roasted Protein Puffs | Smokey Bbq | Protein Rich,No Maida , No Palm Oil | Cheeseballs 2.0 (60.0 GRAM)",Kotton Multipurpose Napkin | 100% Virgin Pulp-Paper | 25 cm X 25 cm | 100Pcs,0.42294834465652975
Origami Luncheon Tissue Paper Napkins - 32 X 32 cm - 50 Serviettes,MAGGI 2-Minute Instant Noodles | Masala Noodles | Made With Quality Spices,0.42294235007274483
Daily Good Sooji / Rava (1.0 KILOGRAM),MAGGI 2-Minute Instant Noodles | Masala Noodles | Made With Quality Spices,0.42290464056026483
Parle Hide & Seek Chocolate Chip Biscuits | Trans Fat-free,Kurkure Solid Masti Masala Twisteez (61.0 GRAM),0.42278627827095505
Wok Tok by Veeba Instant Cup Noodles Masala (75500.0 MILLIGRAM),Crax Crunchy Pipes Salted Puff Snacks,0.4227373727323981
Chheda's Yellow Banana Chips (170.0 GRAM),MAGGI 2-Minute Instant Noodles | Masala Noodles | Made With Quality Spices,0.4226601304766847
RiteBite Max Protein 10g Protein Bar Choco Almond,Kurkure Solid Masti Masala Twisteez (61.0 GRAM),0.42264165274191096
The Whole Truth Double Cocoa Protein Bar,Haldiram's Moong Dal,0.42257631489937425
The Theatre Project Gourmet Popcorn - Piri Piri & Lime (60.0 GRAM),Haldiram's Masala Tasty Nuts (200.0 GRAM),0.42257521282750643
Nutrela Mini Soya Chunks (200.0 GRAM),Haldiram Aloo Bhujia ,0.4225327102803738
Fevikwik Instant Adhesive (3 gm),RiteBite Max Protein 10g Protein Bar Choco Almond,0.42247336222176873
Amul Taaza Homogenised Toned Milk (Tetra Pack),Parle Hide & Seek Chocolate Chip Biscuits | Trans Fat-free,0.4224708926261319
Haldirams Namkeen - Mini Samosa,Sunfeast Dark Fantasy Bourbon Chocolate Cream Biscuits | Trans Fat-free,0.4223983798238012
The Whole Truth Double Cocoa Protein Bar,Haldiram's Masala Tasty Nuts (200.0 GRAM),0.4223983358358358
Let's Try Pudina Rings (60.0 GRAM),Modern Kitchens Hot Chips Salted (100.0 GRAM),0.4223867964451967
Namaskaram Mini Bhakarwadi,Aashirvaad 100% Chana Dal Besan (500.0 GRAM),0.42238449086460633
Beyond Snack Kerala Banana Chips - with Coconut Oil & Rock Salt,Cheetos Cheese Puffs (28.0 GRAM),0.4223536091636219
Lal Sweets Motichoor Laddu,Crax Crunchy Pipes Salted Puff Snacks,0.4223499667823134
Palekar Jeeo Butter | Toasted Buns With Jeera And Khari | Trans Fat-free,Let's Try Namkeen Combo Pack Of 6 (Crunchy Party Mix Peanut Party Mix Aloo Bhujia),0.42231222385861555
Haldirams Namkeen - Mini Samosa,Haldiram's Panchratan Mixture,0.4223055279140788
Snapin Oregano Pizza Seasoning Sachet Pouch,Sunfeast Dark Fantasy Bourbon Chocolate Cream Biscuits | Trans Fat-free,0.4222119727718048
Britannia Nutrichoice High-Fibre Digestive Biscuits,Haldiram's Bhujia Sev (200.0 GRAM),0.4222009823073059
Lets Try Crunchy Party Mix (180.0 GRAM),Peppy Tomato Disc (55.0 GRAM),0.4221953494253964
Britannia Good Day Chunkies Coconut Flavoured Biscuits | Trans Fat-free,Let's Try Namkeen Combo Pack Of 6 (Crunchy Party Mix Peanut Party Mix Aloo Bhujia),0.4221860663608236
Parle Melody Chocolaty Toffee (176.0 GRAM),Om Shanthi Havan Samagri | Cycle,0.4221599544072948
Heka Bites Roasted Chana Jor - Indian Herbs - Low Calorie & Healthy Snacks,Colombian Brew Original Instant Coffee Sachets | 40 Sachets,0.4221353202517586
Lets Try Lite Mixture (180.0 GRAM),Uncle Chipps - Spicy Treat,0.4220521517913928
Sunfeast Dark Fantasy Crunchy Choco Cookies with Vanilla Fills Centre Fills | Artificial Flavour-free,Haldiram's Lite Chiwda (200.0 GRAM),0.42201295896328295
Everest Cumin Powder (100.0 GRAM),Rajdhani Roasted Chana (200.0 GRAM),0.421934486423809
"Taali Roasted Protein Puffs| Cheese & Herbs| Protein Rich, No Maida,No palm oil| Cheeseballs 2.0",Crax Crunchy Pipes Salted Puff Snacks,0.4218639484085708
"Taali Roasted Protein Puffs | Smokey Bbq | Protein Rich,No Maida , No Palm Oil | Cheeseballs 2.0 (60.0 GRAM)",Crax Crunchy Pipes Salted Puff Snacks,0.4218639484085707
Parle Hide & Seek Choco Roll Centre Fills | Trans Fat-free,Crax Crunchy Pipes Salted Puff Snacks,0.4218639484085707
Let's Try Butter Murukku (180.0 GRAM),Let'S Try Roasted Chana (450.0 GRAM),0.42183097617961374
Balaji Simply Salted Chips (135.0 GRAM),MAGGI 2-Minute Instant Noodles | Masala Noodles | Made With Quality Spices,0.42178810769281555
HELL Energy Drink Apple Flavoured Drink,Palekar Knot Premium Salty Khari | Preservative-free,0.4217874927245683
Doritos Nacho Chips - Sweet Chilli Flavour,MAGGI 2-Minute Instant Noodles | Masala Noodles | Made With Quality Spices,0.42177242638013995
Malkist Cheese Crunchy Layered Crackers,Malkist Double Chocolatey Crunchy Layered Crackers,0.4217662960774836
Sweet Karam Coffee Onion Kodubale / Ring Murukku | No Palm Oil and No Maida,Bingo! Cheese Nachos with Free Dip,0.42169743466794535
Everest Cumin Powder (50.0 GRAM),Parle Shakti Milk Glucose Biscuits | Cholesterol-free and Trans Fat-free,0.42169388753056225
Cornitos Nachos Peri Peri (150.0 GRAM),Polka Pop Zero Sugar Blueberry Sparkling Water,0.4216696009389671
"Aashirvaad Chilli Powder, Red Hot Chilli Powder with No Added Flavours and Colours",Lay's Spanish Tomato Tango Potato Chips,0.4215883146533831
Sweet Karam Coffee Kerala Nendran Banana Chips (65.0 GRAM),Palekar Knot Premium Salty Khari | Preservative-free,0.4215450861195542
Let's Try Kerala Garlic Mix (180.0 GRAM),Cheetos Cheese Puffs (28.0 GRAM),0.421365962543554
Cadbury Oreo Chocolate Flavour Creme Sandwich Biscuit Family Pack,Aashirvaad 100% Chana Dal Besan (500.0 GRAM),0.4213461444428145
Top Ramen Curry Veg Instant Noodles,Om Shanthi Havan Samagri | Cycle,0.4213260582010582
Cornitos Nachos Peri Peri (150.0 GRAM),Unibic Fruit & Nut cookies,0.42130293715846995
"Yoga Bar  Rolled Oats 400g Pouch | Premium Golden Rolled Oats, Gluten Free Oats with High Fibre",Modern Kitchens Butter Murukku,0.4212029569892473
"Yoga Bar  Rolled Oats 400g Pouch | Premium Golden Rolled Oats, Gluten Free Oats with High Fibre",Chheda's Golden Plain Salted Chips (170.0 GRAM),0.42117013086989996
Britannia Good Day Pista and Badam Dry Fruit Biscuits | Trans Fat-free,Mr Makhana Lime Chilli,0.4211623779946761
Sunfeast Dark Fantasy Crunchy Choco Cookies with Vanilla Fills Centre Fills | Artificial Flavour-free,Rajdhani Roasted Chana (200.0 GRAM),0.42113080168776373
Sweet Karam Coffee Garlic Murukku Sticks (95.0 GRAM),Kinder Joy - Single Pack - Assorted,0.42109704641350215
Sunfeast Dark Fantasy Crunchy Choco Cookies with Vanilla Fills Centre Fills | Artificial Flavour-free,Sunfeast Dark Fantasy Bourbon Chocolate Cream Biscuits | Trans Fat-free,0.4210860741777466
Daily Good Lachkari Kolam Raw Rice,Daily Good Sooji / Rava (1.0 KILOGRAM),0.4210376687988629
Beyond Snack Kerala Banana Chips - Original Style (70.0 GRAM),Cheetos Cheese Puffs (28.0 GRAM),0.42100562470728103
"Taali Roasted Bharuchi Peanuts | Nimbu Pudina | Protein Rich , No Palm Oil ,Restaurant-Style Crunch",Palekar Jeeo Butter | Toasted Buns With Jeera And Khari | Trans Fat-free,0.4210003818251241
Cadbury Oreo Chocolate Flavour Creme Sandwich Biscuit,Haldiram's Moong Dal,0.4209684492944302
Haldirams Namkeen - Mini Samosa,Haldiram's All In One Mixture,0.4209315550989709
Doritos Nacho Cheese Flavoured Corn Chips,MAGGI 2-Minute Instant Noodles | Masala Noodles | Made With Quality Spices,0.4209126984126984
Bhagirathi Makai Atta (500.0 GRAM),Let's Try Butter Murukku (180.0 GRAM),0.42090112640801003
Too Yumm! Karare Munchy Masala | Spicy | No Palm Oil Crisps,Sunfeast Dark Fantasy Bourbon Chocolate Cream Biscuits | Trans Fat-free,0.4208925603568929
Peppy Cheese Balls (55.0 GRAM),Chheda's Golden Plain Salted Chips (170.0 GRAM),0.42083533744313534
Lay's Potato Chips - Chile Lemon Flavour,Sunfeast Dark Fantasy Choco Centre Fills | Preservative-free,0.4207521017950466
"Yogabar Multigrain Energy Bars Chocolate Chunk with Nuts, Oats and Millets,Chia Seeds, Protein Bars",The Theatre Project Gourmet Popcorn - Cheddar Cheese (60.0 GRAM),0.4207272056109265
Tata Sampann 100% Chana Dal Fine Besan,Sunfeast Dark Fantasy Bourbon Chocolate Cream Biscuits | Trans Fat-free,0.42072181286790433
Fevikwik Instant Adhesive (3 gm),Let's Try Namkeen Combo Pack Of 6 (Crunchy Party Mix Peanut Party Mix Aloo Bhujia),0.420718926849717
Everest Cumin Powder (50.0 GRAM),Parle Melody Chocolaty (391.0 GRAM),0.4206943396226415
Modern Kitchens Hot Chips Spicy,Palekar Knot Premium Salty Khari | Preservative-free,0.4206686930091186
"Britannia Jimjam Pops, Crunchy Cookie Vanilla Cream Biscuits",Haldiram's Masala Tasty Nuts (200.0 GRAM),0.4206456456456456
Moov Fast Pain Relief Spray (50.0 GRAM),Scotch-Brite Scrub Sponge (Pack of 3),0.42063510572139307
Moov Fast Pain Relief Spray (50.0 GRAM),Lay's Spanish Tomato Tango Potato Chips,0.4206078767123288
Lets Try Lite Mixture (180.0 GRAM),Bingo! Mad Angles Masala Madness Crisps,0.420602760541978
Palekar Jeeo Butter | Toasted Buns With Jeera And Khari | Trans Fat-free,RiteBite Max Protein 10g Protein Bar Choco Almond,0.4205647311328768
Haldiram Aloo Bhujia ,Everest Chhole Masala,0.42054506680047665
Everest Turmeric Powder (200.0 GRAM),Lal Sweets Motichoor Laddu,0.42052476147205814
Daily Good Till - Sesame White (100.0 GRAM),Daily Good Chilli With Stem / Guntur With Stem,0.4205244974874372
Catch Jeera Whole (100.0 GRAM),Kurkure Solid Masti Masala Twisteez (61.0 GRAM),0.42042940793754063
Too Yumm! Noodles Masala | Spicy No Palm Oil Crisps (67.0 GRAM),Sunfeast Dark Fantasy Bourbon Chocolate Cream Biscuits | Trans Fat-free,0.4204233378815787
Mysore Sandal Soap,RiteBite Max Protein 10g Protein Bar Choco Almond,0.4203804397913479
Everest Black Pepper Powder,Mr Makhana Super Snack - Pudina Party,0.4203795652653647
"Ritebite Max Protein Peri Peri 10G Multigrain Protein Chips, Healthy Snacks & Munchies",Om Shanthi Havan Samagri | Cycle,0.4202543712797619
Lay's American Cream & Onion Potato Chips,Lay's Spanish Tomato Tango Potato Chips,0.42022117011406424
Everest Dry Ginger Powder (100.0 GRAM),Let's Try Namkeen Combo Pack Of 6 (Crunchy Party Mix Peanut Party Mix Aloo Bhujia),0.4201465201465201
Nissin Cup Noodles Super Hot Chilli,Kotton Multipurpose Napkin | 100% Virgin Pulp-Paper | 25 cm X 25 cm | 100Pcs,0.4201430750236038
YiPPee! Suji Tricolor Creamy Corn Pasta,Lay's Spanish Tomato Tango Potato Chips,0.4201249744428542
Bhagirathi Jowar Atta (500.0 GRAM),Lets Try Lite Mixture (180.0 GRAM),0.4201097420100116
Let'S Try Roasted Chana (450.0 GRAM),Aashirvaad 100% Chana Dal Besan (500.0 GRAM),0.4200962830091763
Haldirams Kaju - Salted,Chheda's Yellow Banana Chips (170.0 GRAM),0.42003707285622177
Lay's Wafer Chips Red Chilli (48.0 GRAM),Rajdhani Roasted Chana (200.0 GRAM),0.4199186653342217
ACT II Ready to Eat Caramel Popcorn - Classic Caramel Bliss (35.0 GRAM),Sunfeast Dark Fantasy Bourbon Chocolate Cream Biscuits | Trans Fat-free,0.4198663507008503
YiPPee! Magic Masala Noodles with Added Veggies - The Better Noodles,MAGGI 2-Minute Instant Noodles | Masala Noodles | Made With Quality Spices,0.41980107562677077
Haldiram's Bhujia Sev (200.0 GRAM),Chheda's Yellow Banana Chips (170.0 GRAM),0.4197842632912916
Let's Try Butter Murukku (180.0 GRAM),Cheetos Masala Balls (28.0 GRAM),0.41972140328443386
Heka Bites Roasted Jowar Puffs Cheesy Salsa - Low Calorie & Healthy Snacks (40.0 GRAM),Haldiram's Salted Peanut,0.4196809450488427
Haldirams Kaju - Salted,Haldiram's Lite Chiwda (200.0 GRAM),0.4196151580600824
Lal Sweets Motichoor Laddu,Charliee Rajgira Laddu,0.41960892620415374
Aashirvaad Jeera (100.0 GRAM),Cheetos Cheese Puffs (28.0 GRAM),0.4195894978571878
Kellogg's Multigrain Chocos | More Chocolatey | No-Maida,Sunfeast All Rounder Crunchy Potato Chatpata Masala Flavoured Crackers | Trans Fat-free,0.41958156305903405
The Theatre Project Gourmet Popcorn - Piri Piri & Lime (60.0 GRAM),Mr Makhana Super Snack - Himalayan Salt And Pepper,0.4195574014381354
Tata Sampann Turmeric Powder With Natural Oils,Palekar Knot Premium Salty Khari | Preservative-free,0.4194736114948881
YiPPee! Suji Tricolor Creamy Corn Pasta,Haldiram's Moong Dal,0.41935840205365865
Cheetos Cheese Puffs (28.0 GRAM),Haldiram's Moong Dal,0.4193160197869102
The Theatre Project Gourmet Popcorn - Piri Piri & Lime (60.0 GRAM),Peppy Cheese Balls (55.0 GRAM),0.41930397747990844
"Uncle Chipps Potato Chips, Plain Salted Flavour, Crispy Chips & Snacks (48.0 GRAM)",RiteBite Max Protein 10g Protein Bar Choco Almond,0.41923958898920977
Haldiram's Mini Bhakarwadi,Rajdhani Roasted Chana (200.0 GRAM),0.41920657478710155
Bauli Moonfils Croissants Choco Cream (Egg) (50.0 GRAM),Chheda's Yellow Banana Chips (170.0 GRAM),0.4191946720797935
Everest Sabji Masala,Everest Pav Bhaji Masala (100.0 GRAM),0.4191635455680399
Britannia Treat Jimjam Naughty Jam Cream Biscuits | Trans Fat-free,Britannia 50-50 Maska Chaska Biscuits Butter Flavoured Crackers | Trans Fat-free,0.41914051217868487
Doritos Nacho Cheese Flavoured Corn Chips,Uncle Chipps - Spicy Treat,0.41913857677902616
Figaro Extra Virgin Olive Oil,Lay's Spanish Tomato Tango Potato Chips,0.41906718851924335
Mr Makhana Cream And Onion,Scotch-Brite Scrub Sponge (Pack of 3),0.41905732963091513
Daily Good Chilli With Stem / Guntur With Stem,The Theatre Project Gourmet Popcorn - Cheddar Cheese (60.0 GRAM),0.4190257352941176
Chheda's Yellow Banana Chips (170.0 GRAM),YiPPee! Magic Masala Noodles with Added Veggies - The Better Noodles,0.41900720513167994
Vim Lemon Dishwash Bar,Kurkure Yummy PuffCorn Yummy Cheese Chips,0.41897964764937856
Let's Try Salted Peanuts,RiteBite Max Protein 10g Protein Bar Choco Almond,0.4189587433998812
Lets Try Lite Mixture (180.0 GRAM),RiteBite Max Protein 10g Protein Bar Choco Almond,0.4189213975009004
Superyou Chocolate Protein Wafer Bar,Lal Sweets Motichoor Laddu,0.41891561059907834
Orion K Snack Rings 3x Spicy,The Healthy Binge Ragi Baked Chips Chatpata Chaat- High Protein & Fibre (40.0 GRAM),0.41885139519792347
Everest Sambhar Masala,Piknik Classic Tomato Chilli,0.4188172043010752
Britannia Pure Magic Choco Stars Chocolate Cream Biscuits | Trans Fat-free,Kurkure Solid Masti Masala Twisteez (61.0 GRAM),0.418802539028993
Lay's Potato Chips - Sizzling Hot Spicy Flavour,Kurkure Solid Masti Masala Twisteez (61.0 GRAM),0.4187894350696991
Haldiram's Mini Bhakarwadi,Sunfeast Dark Fantasy Bourbon Chocolate Cream Biscuits | Trans Fat-free,0.418757845231287
Britannia Good Day Cashew Dry Fruit Biscuits| Trans Fat-free,MAGGI 2-Minute Instant Noodles | Masala Noodles | Made With Quality Spices,0.41874513259550894
"Aashirvaad Chilli Powder, Red Hot Chilli Powder with No Added Flavours and Colours",Rajdhani Roasted Chana (200.0 GRAM),0.4187380130418104
Let's Try Salted Peanuts,MAGGI 2-Minute Instant Noodles | Masala Noodles | Made With Quality Spices,0.4187284083327156
Maggi Special Masala Instant Noodles,Haldiram's Moong Dal,0.4187240930085666
Society Natural Tea,Kotton Multipurpose Napkin | 100% Virgin Pulp-Paper | 25 cm X 25 cm | 100Pcs,0.4187188612099644
Gits Gulab Jamun Instant Dessert Mix,Kotton Multipurpose Napkin | 100% Virgin Pulp-Paper | 25 cm X 25 cm | 100Pcs,0.4187188612099644
Modern Kitchens Wheel Chips,Kotton Multipurpose Napkin | 100% Virgin Pulp-Paper | 25 cm X 25 cm | 100Pcs,0.4187188612099644
Haldiram's Moong Dal,Cheetos Cheese Puffs (28.0 GRAM),0.41869930300330405
Daily Good Poha / Avalakki Thick,Om Shanthi Havan Samagri | Cycle,0.4186742300131061
Lal Sweets Motichoor Laddu,Piknik Classic Tomato Chilli,0.4185061134235172
Piknik Classic Tomato Chilli,Lal Sweets Motichoor Laddu,0.4185061134235172
Namaskaram Mini Bhakarwadi,Kurkure Solid Masti Masala Twisteez (61.0 GRAM),0.41849085578668155
Tata Sampann 100% Pure California Almonds/Badam Giri Whole Premium Quality,Haldiram's Lite Chiwda (200.0 GRAM),0.418462369164313
Balaji Simply Salted Chips (135.0 GRAM),Aashirvaad 100% Chana Dal Besan (500.0 GRAM),0.418458590818389
Catch Masala Amchur Powder,Haldiram's Masala Tasty Nuts (200.0 GRAM),0.41835952800626713
Mr Makhana Piri Piri,Haldiram's Masala Tasty Nuts (200.0 GRAM),0.4182824678611196
Everest Kashmiri Lal Chilli Powder,Everest Chhole Masala,0.41825363534675614
Haldiram Aloo Bhujia ,Crax Crunchy Pipes Salted Puff Snacks,0.4182029128082294
Crax Cheese Balls Puff Snacks (65.0 GRAM),Chheda's Yellow Banana Chips (170.0 GRAM),0.41816237230789255
Garden Sabudana Chivda Namkeen,Let's Try Salted Peanuts,0.4181503088538092
Maggi Pazzta Instant Pasta - Masala Penne (69.0 GRAM),MAGGI 2-Minute Instant Noodles | Masala Noodles | Made With Quality Spices,0.418085783859909
Britannia Treat Rich Creme Choco Flavoured Wafers | Trans Fat-free,Nissin Geki - Hot and Spicy Korean Kimchi Flavoured Ramen Instant Noodles,0.41805273833671397
Coca-Cola Zero Sugar Soft Drink,Haldiram's Soan Papdi,0.41803657021125507
YiPPee! 100% Suji Cheese Pasta Treat,Kurkure Masala Munch,0.4179738562091503
Cornitos Nachos Peri Peri (150.0 GRAM),Cornitos Nacho Chips - Peri Peri (55.0 GRAM),0.4179661716171617
Haldirams Namkeen - Mini Samosa,Haldiram's Masala Tasty Nuts (200.0 GRAM),0.4178599128930255
Lay's India's Magic Masala Potato Chips,Kurkure Solid Masti Masala Twisteez (61.0 GRAM),0.41783558439598584
Cadbury Oreo Vanilla Flavour Creme Sandwich Biscuit Mega Family Pack,Max Protein Choco Chips Flavoured Biscuits | Maida-free,0.41775515564980026
Veeba Thousand Island Dressing,Palekar Knot Premium Salty Khari | Preservative-free,0.4177473826409997
Yu 100% Whole Wheat Hakka Noodles,Haldiram's Moong Dal,0.4176648852304605
Society Natural Tea (250.0 GRAM),Haldiram's Moong Dal,0.4175834690734956
Bauli Moonfils Croissants Choco Cream (Egg) (50.0 GRAM),RiteBite Max Protein 10g Protein Bar Choco Almond,0.4174783238118959
Britannia Nutrichoice Oats Orange & Almond Biscuits | Maida-free and Trans Fat-free,Amul Taaza Homogenised Toned Milk (Tetra Pack),0.41747531129240023
Daily Good Saunf / Fennel,Let's Try Namkeen Combo Pack Of 6 (Crunchy Party Mix Peanut Party Mix Aloo Bhujia),0.4174601613220539
Daily Good Coriander / Dhania Whole (200.0 GRAM),Colombian Brew Original Instant Coffee Sachets | 40 Sachets,0.4174449278045169
Cadbury Oreo Chocolate Flavour Creme Sandwich Biscuit,Daily Good Cashew | W320 (100.0 GRAM),0.4174199623352165
Haldiram's All In One Mixture,Rajdhani Roasted Chana (200.0 GRAM),0.4174123683626121
Haldirams Namkeen - Mini Samosa,Haldiram's Moong Dal,0.41737906599332714
Peppy Tomato Disc (55.0 GRAM),RiteBite Max Protein 10g Protein Bar Choco Almond,0.4173428562893103
Palekar Jeeo Butter | Toasted Buns With Jeera And Khari | Trans Fat-free,Let's Try Salted Peanuts,0.41734115668640775
Let's Try Cheese Balls (60.0 GRAM),RiteBite Max Protein 10g Protein Bar Choco Almond,0.41733679025942244
YiPPee! Suji Tricolor Creamy Corn Pasta,Uncle Chipps - Spicy Treat,0.4173276874056683
Everest Turmeric Powder ,YiPPee! Magic Masala Noodles with Added Veggies - The Better Noodles,0.41732421220248067
Cornitos Nacho ChipsÂ  Tikka Masala (55.0 GRAM),Kinder Joy - Single Pack - Assorted,0.4172337707583324
"Yoga Bar  Rolled Oats 400g Pouch | Premium Golden Rolled Oats, Gluten Free Oats with High Fibre",Modern Kitchens Spicy Murukku (150.0 GRAM),0.4172107674684994
Mr Makhana Piri Piri,Scotch-Brite Scrub Sponge (Pack of 3),0.4171285426798591
Top Ramen Noodles Curry Veg Pouch,Haldiram Aloo Bhujia ,0.4171276756104914
Cavin's Strawberry Milkshake,YiPPee! Magic Masala Noodles with Added Veggies - The Better Noodles,0.417124631039304
The Healthy Binge Quinoa Baked Chips Smokey Bbq -High Protein And Fibre (40.0 GRAM),The Theatre Project Gourmet Popcorn - Cheddar Cheese (60.0 GRAM),0.4170947411222553
Gits Gulab Jamun Instant Dessert Mix,Palekar Knot Premium Salty Khari | Preservative-free,0.4169878419452887
Palekar Makkhan Butter Rusk | Bromate-free and Trans Fat-free,Piknik Classic Tomato Chilli,0.4169112296871211
Kellogg's Multigrain Chocos | More Chocolatey | No-Maida,The Whole Truth Double Cocoa Protein Bar,0.41684431524547805
"Taali Roasted Bharuchi Peanuts | Nimbu Pudina | Protein Rich , No Palm Oil ,Restaurant-Style Crunch",Sunfeast Dark Fantasy Bourbon Chocolate Cream Biscuits | Trans Fat-free,0.41679899876190984
Britannia Pure Magic Choco Stars Chocolate Cream Biscuits | Trans Fat-free,MAGGI 2-Minute Instant Noodles | Masala Noodles | Made With Quality Spices,0.4167755877985219
Everest Turmeric Powder (200.0 GRAM),Top Ramen Noodles Curry Veg Pouch,0.41667423898228073
Modern Kitchens Banana Chips Salted,Peppy Tomato Disc (55.0 GRAM),0.4165579078946073
"Britannia Jimjam Pops, Crunchy Cookie Vanilla Cream Biscuits",Colombian Brew Original Instant Coffee Sachets | 40 Sachets,0.4165068493150685
Heka Bites Roasted Chana Jor - Indian Herbs - Low Calorie & Healthy Snacks,Mr Makhana Lime Chilli,0.4165057915057915
Cornitos Nacho ChipsÂ  Tikka Masala (55.0 GRAM),YiPPee! Magic Masala Noodles with Added Veggies - The Better Noodles,0.4164984222520891
Top Ramen Noodles Curry Veg Pouch,Kotton Multipurpose Napkin | 100% Virgin Pulp-Paper | 25 cm X 25 cm | 100Pcs,0.4164676845367926
Epigamia Turbo Cookies and Cream Protein Milkshake,Kotton Multipurpose Napkin | 100% Virgin Pulp-Paper | 25 cm X 25 cm | 100Pcs,0.4164676845367926
Let's Try Pudina Rings (60.0 GRAM),Let's Try Salted Peanuts,0.41641896120150185
Korean Samyang Hot Chicken Ramen Non Veg,Crax Crunchy Pipes Salted Puff Snacks,0.4163517888039292
Kurkure Red Chilli Chataka Chips (68.0 GRAM),Sunfeast Dark Fantasy Bourbon Chocolate Cream Biscuits | Trans Fat-free,0.4162986398198188
Chheda's Golden Plain Salted Chips (170.0 GRAM),Haldiram's Bhujia Sev (200.0 GRAM),0.41629326580443227
Crax Fritts Peri Peri Corn & Potato Stick Snacks,Chheda's Yellow Banana Chips (170.0 GRAM),0.41625295508274235
Chheda's Salt & Pepper Banana Chips,Chheda's Yellow Banana Chips (170.0 GRAM),0.4162529550827423
Everest Cumin Powder (50.0 GRAM),Charliee Rajgira Laddu,0.41625205479452054
Palekar Tea Time Ajwain Rusk | Trans Fat-free,Om Shanthi Havan Samagri | Cycle,0.4161516853932584
Beyond Snack Kerala Banana Chips - Peri Peri (70.0 GRAM),Let's Try Salted Peanuts,0.416079027355623
Lay's Potato Chips - Chile Lemon Flavour,Britannia 50-50 Maska Chaska Biscuits Butter Flavoured Crackers | Trans Fat-free,0.41606418635830406
ZOFF Green Cardamom Whole - Elaichi,Aashirvaad 100% Chana Dal Besan (500.0 GRAM),0.41602314967298726
"MR. MAKHANA Fox Nuts Black Salt - Delicious Teatime Snack, Popped Lotus Seeds, Roasted In Olive Oil",Sunfeast Dark Fantasy Bourbon Chocolate Cream Biscuits | Trans Fat-free,0.41598085459858225
Lay's Potato Chips - Chile Lemon Flavour,Britannia Treat Jimjam Naughty Jam Cream Biscuits | Trans Fat-free,0.4159771473601261
Cadbury Oreo Vanilla Flavour Creme Sandwich Biscuit Mega Family Pack,Kurkure Green Chutney Style (68.0 GRAM),0.41593159278138414
YiPPee! Suji Tricolor Creamy Corn Pasta,Sunfeast Dark Fantasy Bourbon Chocolate Cream Biscuits | Trans Fat-free,0.41591030153640474
Doritos Nacho Cheese Flavoured Corn Chips,Fortune Suji,0.41586056644880176
Ezee Biodegradable Medium Garbage Bags 19 x 21 Inch (30.0 PIECE),Max Protein Choco Chips Flavoured Biscuits | Maida-free,0.4158197515196046
Haldirams Namkeen - Khara Boondi,Kurkure Masala Munch,0.4157739938080496
Let's Try Pudina Rings (60.0 GRAM),Modern Kitchens Spicy Murukku (150.0 GRAM),0.41576713159490597
YiPPee! 100% Suji Masala Pasta Treat,Haldiram's Moong Dal,0.41569746997569307
Chheda's Golden Plain Salted Chips (170.0 GRAM),Let's Try Salted Peanuts,0.415628224657265
Daily Good Pistachios California Salted,Kurkure Green Chutney Style (68.0 GRAM),0.4156222526568864
Too Yumm! Karare Munchy Masala | Spicy | No Palm Oil Crisps,Haldiram's Moong Dal,0.41556930967782846
Chheda's Farali Potato Chivda (170.0 GRAM),Kurkure Green Chutney Style (68.0 GRAM),0.41554596509743313
MAGGI Pazzta Instant Pasta - Cheese Macaroni,Kurkure Green Chutney Style (68.0 GRAM),0.41551954474137975
Surf Excel Easy Wash Detergent Powder,Chheda's Long Masala Banana Chips (170.0 GRAM),0.415512082853855
Parle Hide & Seek Black Bourbon Chocolate Cream Biscuits | Trans Fat-free,MAGGI 2-Minute Instant Noodles | Masala Noodles | Made With Quality Spices,0.4154890649310806
Satyam Singdana,Haldiram's Bhujia Sev (200.0 GRAM),0.4154845034914664
ZOFF Black Mustard Seeds Whole - Rai (200.0 GRAM),Sunfeast All Rounder Crunchy Potato Chatpata Masala Flavoured Crackers | Trans Fat-free,0.4154409555288461
Lijjat Moong Papad,Top Ramen Noodles Curry Veg Pouch,0.4153052375997225
ACT II Ready to Eat Popcorn - Sour Cream & Cheese Popcorn (50.0 GRAM),Sunfeast Dark Fantasy Bourbon Chocolate Cream Biscuits | Trans Fat-free,0.4153015173292323
Satyam Singdana,Chheda's Yellow Banana Chips (170.0 GRAM),0.41527122641509434
Top Ramen Noodles Curry Veg Pouch,Everest Shahi Biryani Masala (50.0 GRAM),0.4152073732718894
Catch Turmeric Powder/Haldi (100.0 GRAM),MAGGI 2-Minute Instant Noodles | Masala Noodles | Made With Quality Spices,0.4151690739689021
Catch Black Pepper Sprinkler (50.0 GRAM),Lay's Spanish Tomato Tango Potato Chips,0.4151137244766089
Let's Try Teekha Tadka Makhana Puffs (60.0 GRAM),Origami Luncheon Tissue Paper Napkins - 32 X 32 cm - 50 Serviettes,0.4150396499863276
Balaji Simply Salted Chips (135.0 GRAM),Chheda's Long Masala Banana Chips (170.0 GRAM),0.41500506983285906
Pintola High Protein Oats Dark Chocolate With Almonds Raisin Pumpkin And Chia Seeds,RiteBite Max Protein 10g Protein Bar Choco Almond,0.4149806728858944
The Healthy Binge Quinoa Baked Chips Smokey Bbq -High Protein And Fibre (40.0 GRAM),The Healthy Binge Ragi Baked Chips Chatpata Chaat- High Protein & Fibre (40.0 GRAM),0.41491058906030864
Mr Makhana Piri Piri,Haldiram's Lite Chiwda (200.0 GRAM),0.41490038100322757
The Healthy Binge Quinoa Baked Chips Smokey Bbq -High Protein And Fibre (40.0 GRAM),Peppy Tomato Disc (55.0 GRAM),0.41486193144530265
ACT II Ready to Eat Popcorn - Sour Cream & Cheese Popcorn (50.0 GRAM),The Theatre Project Gourmet Popcorn - Cheddar Cheese (60.0 GRAM),0.41484384172830807
Surf Excel Easy Wash Detergent Powder,"Maggi Nutri-licious Masala Veg Atta Noodles, Instant Noodles",0.41477486731724017
Parle G Original Milk Glucose Biscuits,Daily Good Raw Peanut - Singdana,0.41476957048222807
Lets Try Lite Mixture (180.0 GRAM),Cheetos Cheese Puffs (28.0 GRAM),0.4147546594569719
"Yoga Bar  Rolled Oats 400g Pouch | Premium Golden Rolled Oats, Gluten Free Oats with High Fibre",The Healthy Binge Quinoa Baked Chips Smokey Bbq -High Protein And Fibre (40.0 GRAM),0.4146841397849463
Top Ramen Masala Instant Noodles,Top Ramen Noodles Curry Veg Pouch,0.4146567031666173
Winkies Swiss Roll - Cream & Real Strawberry Jam,Palekar Knot Premium Salty Khari | Preservative-free,0.4146345109372664
Alpenliebe Pop Assorted Flavours Lollipop (64.0 GRAM),Om Shanthi Havan Samagri | Cycle,0.4145988805970149
Haldirams Kaju - Salted,Bhagirathi Rajgira Peeth | Amaranth Flour,0.4145854774156661
BORGES Durum Wheat Pasta Penne Rigate,Kurkure Playz Puffcorn Yummy Cheese,0.4145833333333333
"Yoga Bar  Rolled Oats 400g Pouch | Premium Golden Rolled Oats, Gluten Free Oats with High Fibre",Parle Hide & Seek Milano Chocolate Flavoured Biscuits,0.41450258397932827
Daily Good Chilli With Stem / Guntur With Stem,Palekar Jeeo Butter | Toasted Buns With Jeera And Khari | Trans Fat-free,0.41442225085910644
Pintola High Protein Oats Dark Chocolate With Almonds Raisin Pumpkin And Chia Seeds,MAGGI 2-Minute Instant Noodles | Masala Noodles | Made With Quality Spices,0.4144208598073375
Disano Rolled Oats 100% Whole Grain,Crax Crunchy Pipes Salted Puff Snacks,0.41433066361556065
"Yoga Bar  Rolled Oats 400g Pouch | Premium Golden Rolled Oats, Gluten Free Oats with High Fibre",Crax Crunchy Pipes Salted Puff Snacks,0.41433066361556065
"Paper Boat Mango | Juicy Sips, Chewy Bites | Refreshing Summer Juice Drink",Crax Crunchy Pipes Salted Puff Snacks,0.41433066361556065
Nissin Cup Noodles Super Hot Chilli,Nissin Geki - Hot and Spicy Korean Chicken Flavoured Ramen Instant Noodles,0.41427450100919483
Modern Kitchens Hot Chips Salted (100.0 GRAM),The Healthy Binge Quinoa Baked Chips Smokey Bbq -High Protein And Fibre (40.0 GRAM),0.4142579484799257
"Uncle Chipps Potato Chips, Plain Salted Flavour, Crispy Chips & Snacks (48.0 GRAM)",Haldiram's Moong Dal,0.4142153023155965
YiPPee! 100% Suji Masala Pasta Treat,Max Protein Choco Chips Flavoured Biscuits | Maida-free,0.4141677394733809
Snapin Oregano Pizza Seasoning Sachet Pouch,Palekar Jeeo Butter | Toasted Buns With Jeera And Khari | Trans Fat-free,0.41416596004224865
Cadbury Oreo Chocolate Flavour Creme Sandwich Biscuit Family Pack,Kurkure Solid Masti Masala Twisteez (61.0 GRAM),0.41416075050709933
Britannia Little Hearts Classic Crunch Flavoured Biscuits | Cholesterol-free,MAGGI 2-Minute Instant Noodles | Masala Noodles | Made With Quality Spices,0.41416062518990543
Palekar Jeeo Butter | Toasted Buns With Jeera And Khari | Trans Fat-free,Chheda's Yellow Banana Chips (170.0 GRAM),0.4141073212936559
Peppy Tomato Disc (55.0 GRAM),Palekar Jeeo Butter | Toasted Buns With Jeera And Khari | Trans Fat-free,0.4140825351754155
Cornitos Jalapeno Nachos and Salsa Dip Tray (75.0 GRAM),Kinder Joy - Single Pack - Assorted,0.4140787623066104
ZOFF Black Mustard Seeds Whole - Rai (200.0 GRAM),Haldiram's Masala Tasty Nuts (200.0 GRAM),0.4140730574324324
Haldiram's Panchratan Mixture,Let's Try Salted Peanuts,0.414069562341528
Lets Try Lite Mixture (180.0 GRAM),Kurkure Masala Munch,0.4140307066222716
Chheda's Golden Plain Salted Chips (170.0 GRAM),Sunfeast Dark Fantasy Bourbon Chocolate Cream Biscuits | Trans Fat-free,0.4140212555171093
Doritos Nacho Cheese Flavoured Corn Chips,Lay's American Cream & Onion Potato Chips,0.41391102257636114
Kurkure Yummy PuffCorn Yummy Cheese Chips,Catch Jeera Whole (100.0 GRAM),0.41386858118460795
Veeba Veg Mayonnaise Burger,Lal Sweets Motichoor Laddu,0.41379995185363505
Open Secret Arabian Dates (Khajur) With Seed,Society Natural Tea (250.0 GRAM),0.41379387717895855
Satyam Nighties Spices Tamarind,Britannia Nutrichoice High-Fibre Digestive Biscuits,0.41368583495776484
Piknik Classic Tomato Chilli,Kotton Multipurpose Napkin | 100% Virgin Pulp-Paper | 25 cm X 25 cm | 100Pcs,0.41365371369532766
Britannia Treat Rich Creme Choco Flavoured Wafers | Trans Fat-free,Palekar Knot Premium Salty Khari | Preservative-free,0.4135986309417384
Cadbury Oreo Chocolate Flavour Creme Sandwich Biscuit Family Pack,Parle Hide & Seek Chocolate Chip Biscuits | Trans Fat-free,0.4135915265200517
Daily Good Chilli With Stem / Guntur With Stem,Haldiram's Mini Bhakarwadi,0.4135778394255874
Bauli Moonfils Croissants Choco Cream,MAGGI 2-Minute Instant Noodles | Masala Noodles | Made With Quality Spices,0.41351818912794525
Maggi Masala-ae-Magic Sabzi Masala,Kurkure Solid Masti Masala Twisteez (61.0 GRAM),0.41343570057581575
Lijjat Urad Papad,Bingo! Mad Angles Masala Madness Crisps,0.4134345931943953
Haldiram's Mini Bhakarwadi,Haldiram's Moong Dal,0.4134119007594454
Kurkure Masala Munch,YiPPee! Magic Masala Noodles with Added Veggies - The Better Noodles,0.41337720119895094
Heka Bites Roasted Jowar Puffs Cheesy Salsa - Low Calorie & Healthy Snacks (40.0 GRAM),The Theatre Project Gourmet Popcorn - Cheddar Cheese (60.0 GRAM),0.4133741357814802
Superyou Chocolate Protein Wafer Bar,Om Shanthi Havan Samagri | Cycle,0.41336495535714285
Kellogg's Multigrain Chocos | More Chocolatey | No-Maida,The Healthy Binge Quinoa Baked Chips Smokey Bbq -High Protein And Fibre (40.0 GRAM),0.41330645161290325
Open Secret Arabian Dates (Khajur) With Seed,Cheetos Cheese Puffs (28.0 GRAM),0.4132290204421828
Pintola High Protein Oats Dark Chocolate With Almonds Raisin Pumpkin And Chia Seeds,Cheetos Cheese Puffs (28.0 GRAM),0.4132125963952654
Peppy Cheese Balls (55.0 GRAM),Let's Try Salted Peanuts,0.4131676419849136
Modern Kitchens Potato Chips Salted (70.0 GRAM),Haldiram's Lite Chiwda (200.0 GRAM),0.41314806018837996
Top Ramen Noodles Curry Veg Pouch,Coca-Cola Zero Sugar Soft Drink,0.41314703675918973
Maggi Pazzta Instant Pasta - Masala Penne (69.0 GRAM),Britannia 50-50 Maska Chaska Biscuits Butter Flavoured Crackers | Trans Fat-free,0.41311698034843813
The Theatre Project Gourmet Popcorn - Cheddar Cheese (60.0 GRAM),Let's Try Namkeen Combo Pack Of 6 (Crunchy Party Mix Peanut Party Mix Aloo Bhujia),0.41308523409363745
Catch Peri Peri Sprinkler (90.0 GRAM),MAGGI 2-Minute Instant Noodles | Masala Noodles | Made With Quality Spices,0.4130621028899365
Let's Try Kerala Garlic Mix (180.0 GRAM),Kurkure Masala Munch,0.4129979769685652
Modern Kitchens Potato Chips Salted (70.0 GRAM),The Healthy Binge Quinoa Baked Chips Smokey Bbq -High Protein And Fibre (40.0 GRAM),0.41296345870700046
"Tata Sampann Hing, Compounded Asafoetida | Bandhani Hing, Strong Flavour & Aroma (50.0 GRAM)",Charliee Rajgira Laddu,0.4129484670580561
Pulse Guava 50 Candies,Haldiram's Masala Tasty Nuts (200.0 GRAM),0.41291318892421836
Kurkure Schezwan Chutney (68.0 GRAM),Lay's Spanish Tomato Tango Potato Chips,0.41286662744768476
Veeba Veg Mayonnaise Burger,Parle Hide & Seek Milano Chocolate Flavoured Biscuits,0.4128427629295383
The Healthy Binge Ragi Baked Chips Chatpata Chaat- High Protein & Fibre (40.0 GRAM),Haldiram's Lite Chiwda (200.0 GRAM),0.4128387642032116
Fortune Besan (500.0 GRAM),MAGGI 2-Minute Instant Noodles | Masala Noodles | Made With Quality Spices,0.4128308251167617
Daily Good Poha / Avalakki Thick,Everest Chhole Masala,0.41282864355643123
Fevikwik Instant Adhesive (3 gm),Haldiram's Moong Dal,0.41282437302742625
Daily Good Tamarind / Imli (200.0 GRAM),Max Protein Choco Chips Flavoured Biscuits | Maida-free,0.412795984144659
Lijjat Moong Papad,Lal Sweets Motichoor Laddu,0.4127731529656607
Cadbury Oreo Chocolate Flavour Creme Sandwich Biscuit Family Pack,Max Protein Choco Chips Flavoured Biscuits | Maida-free,0.4127104313437351
"Ritebite Max Protein Spanish Tomato 10G Multigrain Protein Chips, Healthy Snacks & Munchies",Om Shanthi Havan Samagri | Cycle,0.41270357142857145
Chheda's Long Masala Banana Chips (170.0 GRAM),Haldiram's Moong Dal,0.4126423328131323
Nestle EveryDay Dairy Whitener,Crax Crunchy Pipes Salted Puff Snacks,0.4126395180497828
Lay's Wafer Chips Red Chilli (48.0 GRAM),Parle Shakti Milk Glucose Biscuits | Cholesterol-free and Trans Fat-free,0.41263350920087505
"MR. MAKHANA Fox Nuts Black Salt - Delicious Teatime Snack, Popped Lotus Seeds, Roasted In Olive Oil",Mr Makhana Super Snack - Himalayan Salt And Pepper,0.41256963069940167
Chheda's Farali Potato Chivda (170.0 GRAM),Cadbury Oreo Vanilla Flavour Creme Sandwich Biscuit Mega Family Pack,0.4125583116726628
Sunfeast Dark Fantasy Bourbon Chocolate Cream Biscuits | Trans Fat-free,Kurkure Solid Masti Masala Twisteez (61.0 GRAM),0.41235491421539056
Tulips Paper Stick Cotton Buds Jar (100.0 PIECE),Let's Try Salted Peanuts,0.41233811285846445
Lay's American Cream & Onion Potato Chips,Tata Sampann 100% Chana Dal Fine Besan,0.41232716194047336
Sweet Karam Coffee Garlic Murukku Sticks (95.0 GRAM),"Ching's Secret Veg Hakka Noodles, Cooks In 5-7 mins, Just Soak & Drain",0.4123066985827729
"Taali Roasted Protein Puffs| Cheese & Herbs| Protein Rich, No Maida,No palm oil| Cheeseballs 2.0",Om Shanthi Havan Samagri | Cycle,0.4122912801484231
Godrej Expert Creme Hair Colour Natural Black (Pack of 4),Daily Good Sooji / Rava (1.0 KILOGRAM),0.4122660506988865
Doritos Nacho Cheese Flavoured Corn Chips,Mr Makhana Super Snack - Pudina Party,0.41224318658280923
Mr Makhana Super Snack - Pudina Party,Britannia Marie Gold Biscuits Plain | Trans Fat-free,0.4122286467843376
Hindalco Fresh wrapp Aluminium Foil - 9 m,Let's Try Namkeen Combo Pack Of 6 (Crunchy Party Mix Peanut Party Mix Aloo Bhujia),0.41221922731356697
Parle Hide & Seek Milano Chocolate Flavoured Biscuits,Om Shanthi Havan Samagri | Cycle,0.41221137873754155
Britannia Vita Butter Marie Gold Biscuits | Trans Fat-free,Britannia Marie Gold Biscuits Plain | Trans Fat-free,0.41218614898569994
Cornitos Nacho Chips - Peri Peri (55.0 GRAM),"Ritebite Max Protein Peri Peri 10G Multigrain Protein Chips, Healthy Snacks & Munchies",0.4120874587458746
Sunfeast Dark Fantasy Vanilla Cream Dark Crunchy Biscuits | Artificial Colour-free,Kurkure Solid Masti Masala Twisteez (61.0 GRAM),0.41202222683838796
Lay's American Cream & Onion Potato Chips,Sunfeast Dark Fantasy Bourbon Chocolate Cream Biscuits | Trans Fat-free,0.41200711499697507
Sunfeast Dark Fantasy Choco Centre Fills | Preservative-free,MAGGI 2-Minute Instant Noodles | Masala Noodles | Made With Quality Spices,0.41190618698474446
Disano Rolled Oats 100% Whole Grain,Haldiram's Masala Tasty Nuts (200.0 GRAM),0.41188219469469467
Rajam Garlic Mixture,Lay's Spanish Tomato Tango Potato Chips,0.4117839352428393
Everest Black Pepper Powder,Everest Shahi Biryani Masala (50.0 GRAM),0.4117794486215539
The Healthy Binge Ragi Baked Chips Chatpata Chaat- High Protein & Fibre (40.0 GRAM),The Whole Truth Double Cocoa Protein Bar,0.4117149758454106
Haldiram's Bhujia Sev (200.0 GRAM),RiteBite Max Protein 10g Protein Bar Choco Almond,0.4117067876290714
Rajam Garlic Mixture,Sunfeast Dark Fantasy Bourbon Chocolate Cream Biscuits | Trans Fat-free,0.4116566734525097
Let's Try Namkeen Combo Pack Of 6 (Crunchy Party Mix Peanut Party Mix Aloo Bhujia),RiteBite Max Protein 10g Protein Bar Choco Almond,0.4116431879427474
MAGGI Pazzta Instant Pasta - Mushroom Penne (68.0 GRAM),Max Protein Choco Chips Flavoured Biscuits | Maida-free,0.41164097195581073
Lal Sweets Motichoor Laddu,Haldiram's Soan Papdi,0.41159505048017725
Society Natural Tea (250.0 GRAM),Let's Try Namkeen Combo Pack Of 6 (Crunchy Party Mix Peanut Party Mix Aloo Bhujia),0.41154702996808257
Rang Munch Tangy Imli (110.0 GRAM),Kinder Creamy Milky And Cocoa With Extruded Rice (19.0 GRAM),0.41146318176393365
Uncle Chipps - Spicy Treat,Kurkure Masala Munch,0.41139898656091656
Colombian Brew Original Instant Coffee Sachets | 40 Sachets,Haldiram's Salted Peanut,0.4113970808159359
Sunfeast Wowzers Cheese Flavoured Crackers | Artificial Flavour-free,Lay's Spanish Tomato Tango Potato Chips,0.41139435725301643
Kellogg's Multigrain Chocos | More Chocolatey | No-Maida,Kinder Joy - Single Pack - Assorted,0.4113040918457462
Tata Sampann Turmeric Powder With Natural Oils,Rajdhani Roasted Chana (200.0 GRAM),0.41126054852320676
Epigamia Turbo Cookies and Cream Protein Milkshake,YiPPee! Magic Masala Noodles with Added Veggies - The Better Noodles,0.4112530819806863
Jatin Verna Plastic Cloth Hanging Clips Set of 12 pcs,Max Protein Choco Chips Flavoured Biscuits | Maida-free,0.4112233651726671
Palekar Makkhan Butter Rusk | Bromate-free and Trans Fat-free,Palekar Knot Premium Salty Khari | Preservative-free,0.4111799254976347
Haldiram's Masala Tasty Nuts (200.0 GRAM),Haldiram's Moong Dal,0.41115533341560734
ACT II Ready to Eat Popcorn - Sour Cream & Cheese Popcorn (50.0 GRAM),Kurkure Masala Munch,0.4110910531877422
ACT II Ready to Eat Popcorn - Sour Cream & Cheese Popcorn (50.0 GRAM),Society Natural Tea (250.0 GRAM),0.4109500297650313
Lay's American Cream & Onion Potato Chips (48.0 GRAM),Britannia 50-50 Maska Chaska Biscuits Butter Flavoured Crackers | Trans Fat-free,0.4109270530830013
Tata Sampann 100% Chana Dal Fine Besan,Haldiram's Moong Dal,0.4109085414987913
Alpenliebe Juzt Jelly Strawberry Flavour Pouch,Lal Sweets Motichoor Laddu,0.41087969813554304
Namaskaram Methi Khakhra,Origami Luncheon Tissue Paper Napkins - 32 X 32 cm - 50 Serviettes,0.41087138951300717
Cornitos Nacho Chips - Cheese And Herbs (55.0 GRAM),Snackible Cheese Dosa Khakra | Millet Snack (100.0 GRAM),0.4108461422543701
Catch Dhania Powder (200.0 GRAM),Sunfeast Dark Fantasy Bourbon Chocolate Cream Biscuits | Trans Fat-free,0.41084472735102545
Mr Makhana Cream And Onion,The Theatre Project Gourmet Popcorn - Cheddar Cheese (60.0 GRAM),0.4108277419494929
Kurkure Green Chutney Style (68.0 GRAM),Kurkure Solid Masti Masala Twisteez (61.0 GRAM),0.41080450455485384
Satyam Sabudana (500.0 GRAM),YiPPee! Magic Masala Noodles with Added Veggies - The Better Noodles,0.4107929644130194
Yogabar Dark Chocolate Oatmeal 400g Breakfast Cereal Gluten Free Oats High in Protein & Gluten-Free,Om Shanthi Havan Samagri | Cycle,0.4107542293233083
Cornitos Jalapeno Nachos and Salsa Dip Tray (75.0 GRAM),Piknik Classic Tomato Chilli,0.4107347670250896
Uncle Chipps - Spicy Treat,Let's Try Namkeen Combo Pack Of 6 (Crunchy Party Mix Peanut Party Mix Aloo Bhujia),0.41070502531176695
Piknik Classic Tomato Chilli,Palekar Knot Premium Salty Khari | Preservative-free,0.41070325522110007
Nissin Cup Noodles Italiano,Coca-Cola Zero Sugar Soft Drink,0.410696108370527
Tata Sampann 100% Pure Premium Raisins/Kishmish Seedless,Let's Try Salted Peanuts,0.4106718924972005
"Taali Roasted Bharuchi Peanuts | Nimbu Pudina | Protein Rich , No Palm Oil ,Restaurant-Style Crunch",Lay's Spanish Tomato Tango Potato Chips,0.4106526606954689
Balaji Masala Masti Chips (135.0 GRAM),MAGGI 2-Minute Instant Noodles | Masala Noodles | Made With Quality Spices,0.41064653503677895
The Whole Truth Double Cocoa Protein Bar,MAGGI 2-Minute Instant Noodles | Masala Noodles | Made With Quality Spices,0.4106465350367789
Fevikwik Instant Adhesive (3 gm),The Theatre Project Gourmet Popcorn - Cheddar Cheese (60.0 GRAM),0.41059846281836987
Modern Kitchens Hot Chips Spicy,The Healthy Binge Ragi Baked Chips Chatpata Chaat- High Protein & Fibre (40.0 GRAM),0.4105211817168338
Daily Good Chilli With Stem / Guntur With Stem,Lay's Spanish Tomato Tango Potato Chips,0.4104971104452055
Catch Turmeric Powder/Haldi (100.0 GRAM),Lay's Spanish Tomato Tango Potato Chips,0.4104882022810935
Beyond Snack Kerala Banana Chips - Hot & Sweet Chilli (70.0 GRAM),The Theatre Project Gourmet Popcorn - Cheddar Cheese (60.0 GRAM),0.41047418967587035
Beyond Snack Kerala Banana Chips - Peri Peri (70.0 GRAM),The Theatre Project Gourmet Popcorn - Cheddar Cheese (60.0 GRAM),0.4104741896758703
Lay's American Cream & Onion Potato Chips (48.0 GRAM),Daily Good Raw Peanut - Singdana,0.41046923655105766
Too Yumm! Karare Munchy Masala | Spicy | No Palm Oil Crisps,Scotch-Brite Scrub Sponge (Pack of 3),0.41045844993781094
Kurkure Schezwan Chutney (68.0 GRAM),Crax Mast Matar Green Peas Namkeen Snacks,0.4104472303725438
Modern Kitchens Hot Chips Spicy,Modern Kitchens Butter Murukku,0.4104028811690102
YiPPee! 100% Suji Masala Pasta Treat,Sunfeast Dark Fantasy Bourbon Chocolate Cream Biscuits | Trans Fat-free,0.4103928855070292
Haldiram's All In One Mixture,Let's Try Namkeen Combo Pack Of 6 (Crunchy Party Mix Peanut Party Mix Aloo Bhujia),0.41025387355027243
"Ritebite Max Protein Peri Peri 10G Multigrain Protein Chips, Healthy Snacks & Munchies",Max Protein Choco Chips Flavoured Biscuits | Maida-free,0.4102402492040166
Satyam Singdana,Let's Try Namkeen Combo Pack Of 6 (Crunchy Party Mix Peanut Party Mix Aloo Bhujia),0.4102374041053286
The Theatre Project Gourmet Popcorn - Cheddar Cheese (60.0 GRAM),Sunfeast Dark Fantasy Bourbon Chocolate Cream Biscuits | Trans Fat-free,0.41022761798911306
Wok Tok by Veeba Instant Cup Noodles Masala (75500.0 MILLIGRAM),Modern Kitchens Butter Murukku,0.4102150537634408
"Ritebite Max Protein Cheese & Jalapeno 10G Multigrain Protein Chips, Healthy Snacks & Munchies",RiteBite Max Protein 10g Protein Bar Choco Almond,0.4102050019078011
Bauli Moonfils Croissants Strawberry (Veg),Palekar Knot Premium Salty Khari | Preservative-free,0.41015197568389056
Britannia Treat Rich Creme Choco Flavoured Wafers | Trans Fat-free,"Ching's Secret Veg Hakka Noodles, Cooks In 5-7 mins, Just Soak & Drain",0.4101018499272501
Sweet Karam Coffee Onion Kodubale / Ring Murukku | No Palm Oil and No Maida,Kotton Multipurpose Napkin | 100% Virgin Pulp-Paper | 25 cm X 25 cm | 100Pcs,0.4100854826283157
Beyond Snack Kerala Banana Chips - Original Style (70.0 GRAM),Haldiram's Moong Dal,0.40997787715073886
Society Natural Tea (250.0 GRAM),Palekar Jeeo Butter | Toasted Buns With Jeera And Khari | Trans Fat-free,0.40992142440867346
Everest Shahi Biryani Masala (50.0 GRAM),Rajdhani Roasted Chana (200.0 GRAM),0.40985051235684145
Haldiram's Moong Dal,Kurkure Solid Masti Masala Twisteez (61.0 GRAM),0.40981735159817345
YiPPee! 100% Suji Cheese Pasta Treat,Let's Try Namkeen Combo Pack Of 6 (Crunchy Party Mix Peanut Party Mix Aloo Bhujia),0.4097725319947542
Sunfeast Wowzers Cheese Flavoured Crackers | Artificial Flavour-free,Scotch-Brite Scrub Sponge (Pack of 3),0.4097620341998616
Haldiram's Mini Bhakarwadi,RiteBite Max Protein 10g Protein Bar Choco Almond,0.4096822366125687
The Healthy Binge Quinoa Baked Chips Smokey Bbq -High Protein And Fibre (40.0 GRAM),Haldiram's Masala Tasty Nuts (200.0 GRAM),0.409620658965417
Amul Taaza Homogenised Toned Milk (Tetra Pack),Kurkure Solid Masti Masala Twisteez (61.0 GRAM),0.4096095334685598
Lijjat Urad Papad,Origami Luncheon Tissue Paper Napkins - 32 X 32 cm - 50 Serviettes,0.4095786019601917
HELL Energy Drink Apple Flavoured Drink,Haldiram's Moong Dal,0.4095485605103792
Bingo! Original Style Chilli Sprinkled - Flat Cut Spicy Potato Chips Pack for Snacks,Britannia Treat Jimjam Naughty Jam Cream Biscuits | Trans Fat-free,0.40949689349008095
"Taali Roasted Bharuchi Peanuts | Nimbu Pudina | Protein Rich , No Palm Oil ,Restaurant-Style Crunch",RiteBite Max Protein 10g Protein Bar Choco Almond,0.4094850144960277
MasterChow Korean Instant Cup Noodles - Korean 2X Spicy Flavour Veg,Om Shanthi Havan Samagri | Cycle,0.4094281462585035
Britannia The Original Bourbon Chocolate Cream Biscuits | Trans Fat-free,Daily Good Cashew | W320 (100.0 GRAM),0.4093968253968253
Chheda's Long Masala Banana Chips (170.0 GRAM),MAGGI 2-Minute Instant Noodles | Masala Noodles | Made With Quality Spices,0.4093470206853968
YiPPee! Magic Masala Noodles with Added Veggies - The Better Noodles,Haldiram's Moong Dal,0.40933819038478314
Cornitos Nacho ChipsÂ  Tikka Masala (55.0 GRAM),The Healthy Binge Ragi Baked Chips Chatpata Chaat- High Protein & Fibre (40.0 GRAM),0.40929397686477864
Namaskaram Methi Khakhra,Aashirvaad 100% Chana Dal Besan (500.0 GRAM),0.40928215091157805
YiPPee! 100% Suji Masala Pasta Treat,MAGGI 2-Minute Instant Noodles | Masala Noodles | Made With Quality Spices,0.4092615551546987
Nissin Geki - Hot and Spicy Korean Chicken Flavoured Ramen Instant Noodles,Haldiram's Soan Papdi,0.40917708245952517
The Theatre Project Gourmet Popcorn - Cheddar Cheese (60.0 GRAM),RiteBite Max Protein 10g Protein Bar Choco Almond,0.40911752366144694
Kurkure Red Chilli Chataka Chips (68.0 GRAM),Haldiram's Moong Dal,0.4090822813143522
Cheetos Cheese Puffs (28.0 GRAM),YiPPee! Magic Masala Noodles with Added Veggies - The Better Noodles,0.40906654157604466
Ezee Biodegradable Medium Garbage Bags 19 x 21 Inch (30.0 PIECE),MAGGI 2-Minute Instant Noodles | Masala Noodles | Made With Quality Spices,0.4089799500731557
Mr Makhana Cream And Onion,The Whole Truth Double Cocoa Protein Bar,0.40897932816537463
Beyond Snack Kerala Banana Chips - Hot & Sweet Chilli (70.0 GRAM),Palekar Knot Premium Salty Khari | Preservative-free,0.4089312852800695
Crax Fritts Peri Peri Corn & Potato Stick Snacks,Palekar Jeeo Butter | Toasted Buns With Jeera And Khari | Trans Fat-free,0.408856140041707
Cornitos Nachos Peri Peri (150.0 GRAM),Sunfeast All Rounder Crunchy Potato Chatpata Masala Flavoured Crackers | Trans Fat-free,0.4088466546474359
Everest Turmeric Powder (200.0 GRAM),Snackible Cheese Dosa Khakra | Millet Snack (100.0 GRAM),0.40873574782025485
Bingo! Original Style Chilli Sprinkled - Flat Cut Spicy Potato Chips Pack for Snacks,Max Protein Choco Chips Flavoured Biscuits | Maida-free,0.4086738460017286
Cornitos Nacho Crisps - Cheese And Herbs,Modern Kitchens Butter Murukku,0.40865648592999315
Figaro Extra Virgin Olive Oil,Haldiram's Masala Tasty Nuts (200.0 GRAM),0.4086271986271987
Cornitos Nacho Chips - Peri Peri (55.0 GRAM),Unibic Fruit & Nut cookies,0.4086187307255316
Tulips Paper Stick Cotton Buds Jar (100.0 PIECE),Scotch-Brite Scrub Sponge (Pack of 3),0.4085832483545007
Haldiram's Mini Bhakarwadi,Haldiram's Salted Peanut,0.40843433249341554
RiteBite Max Protein 10g Protein Bar Choco Berry (50.0 GRAM),MAGGI 2-Minute Instant Noodles | Masala Noodles | Made With Quality Spices,0.40841476038984
Britannia Nice Time Coconut Flavoured Biscuits | Artificial Flavour-free,Britannia Treat Jimjam Naughty Jam Cream Biscuits | Trans Fat-free,0.40841392649903285
Parle Hide & Seek Choco Roll Centre Fills | Trans Fat-free,Haldiram Aloo Bhujia ,0.4084041348060039
Snapin Oregano Pizza Seasoning Sachet Pouch,The Theatre Project Gourmet Popcorn - Cheddar Cheese (60.0 GRAM),0.4084010877078105
Britannia Good Day Chunkies Coconut Flavoured Biscuits | Trans Fat-free,Lay's Spanish Tomato Tango Potato Chips,0.4083571618566298
Cornitos Nacho Crisps - Cheese And Herbs,Kotton Multipurpose Napkin | 100% Virgin Pulp-Paper | 25 cm X 25 cm | 100Pcs,0.40832513061255393
Balaji Masala Masti Chips (135.0 GRAM),Parle Hide & Seek Chocolate Chip Biscuits | Trans Fat-free,0.4082690994681616
Crax Fritts Peri Peri Corn & Potato Stick Snacks,Crax Fritts Cream and Onion Corn & Potato Stick Snacks,0.4082677165354331
Society Natural Tea (250.0 GRAM),MAGGI 2-Minute Instant Noodles | Masala Noodles | Made With Quality Spices,0.4082450933114177
Mr Makhana Cream And Onion,Mr Makhana Super Snack - Himalayan Salt And Pepper,0.4082233396186884
Sunfeast Dark Fantasy Choco Centre Fills | Preservative-free,Kurkure Solid Masti Masala Twisteez (61.0 GRAM),0.40821345462238207
Haldiram's Panchratan Mixture,Let's Try Namkeen Combo Pack Of 6 (Crunchy Party Mix Peanut Party Mix Aloo Bhujia),0.4081734327848318
"MR. MAKHANA Fox Nuts Black Salt - Delicious Teatime Snack, Popped Lotus Seeds, Roasted In Olive Oil",Haldiram's Salted Peanut,0.4081186039534651
Kinder Creamy Milky And Cocoa With Extruded Rice (19.0 GRAM),Kotton Multipurpose Napkin | 100% Virgin Pulp-Paper | 25 cm X 25 cm | 100Pcs,0.40810805186156374
Daadi'S Besan Laddoo Pure Ghee,Garden Sabudana Chivda Namkeen,0.4080913978494623
The Theatre Project Gourmet Popcorn - Cheddar Cheese (60.0 GRAM),Let's Try Salted Peanuts,0.408046516478932
Sunfeast Farmlite Gold and Almond Oats Biscuits | Trans Fat-free,Max Protein Choco Chips Flavoured Biscuits | Maida-free,0.4080300862369001
Snapin Oregano Pizza Seasoning Sachet Pouch,Haldiram's Mini Bhakarwadi,0.4078795225662067
Dukes Nibbles - Jeera Flavoured Crackers,Haldiram's Lite Chiwda (200.0 GRAM),0.4078733495134822
Daily Good Coriander / Dhania Whole (200.0 GRAM),MAGGI 2-Minute Instant Noodles | Masala Noodles | Made With Quality Spices,0.4078718962865304
Britannia Good Day Cashew Dry Fruit Biscuits| Trans Fat-free,Kurkure Solid Masti Masala Twisteez (61.0 GRAM),0.40785662853028243
Bauli Moonfils Croissants Strawberry (Veg),Om Shanthi Havan Samagri | Cycle,0.4078534226190476
"Taali Roasted Protein Puffs| Cheese & Herbs| Protein Rich, No Maida,No palm oil| Cheeseballs 2.0",Kotton Multipurpose Napkin | 100% Virgin Pulp-Paper | 25 cm X 25 cm | 100Pcs,0.4078430466330823
Bingo! Mad Angles Achaari Masti Crisps,Kurkure Solid Masti Masala Twisteez (61.0 GRAM),0.40781595039918456
Yu 100% Whole Wheat Hakka Noodles,Palekar Jeeo Butter | Toasted Buns With Jeera And Khari | Trans Fat-free,0.40778512320281074
Cornitos Jalapeno Nachos and Salsa Dip Tray (75.0 GRAM),The Healthy Binge Ragi Baked Chips Chatpata Chaat- High Protein & Fibre (40.0 GRAM),0.4077536231884058
Everest Black Pepper Powder,Palekar Knot Premium Salty Khari | Preservative-free,0.40775342611848764
MAGGI Pazzta Instant Pasta - Mushroom Penne (68.0 GRAM),Origami Luncheon Tissue Paper Napkins - 32 X 32 cm - 50 Serviettes,0.40769381547329525
Candyman Choco Double Eclairs (75.0 PIECE),Rajdhani Roasted Chana (200.0 GRAM),0.40768436984039624
The Whole Truth 20g Protein Double Cocoa Protein Bar (67.0 GRAM),MAGGI 2-Minute Instant Noodles | Masala Noodles | Made With Quality Spices,0.40762707522033204
Mr Makhana Super Snack - Himalayan Salt And Pepper,Crax Crunchy Pipes Salted Puff Snacks,0.4076117879893624
Hindalco Fresh wrapp Aluminium Foil - 9 m,Scotch-Brite Scrub Sponge (Pack of 3),0.40757826433868394
Sweet Karam Coffee Onion Kodubale / Ring Murukku | No Palm Oil and No Maida,TMI COLMAN Fresh Phool Makhana,0.40750784401613627
Cavin's Strawberry Milkshake,Piknik Classic Tomato Chilli,0.4074596774193548
Namaskaram Methi Khakhra,Britannia 50-50 Maska Chaska Biscuits Butter Flavoured Crackers | Trans Fat-free,0.4074589222070023
Coca-Cola Zero Sugar Soft Drink,Bhagirathi Rajgira Peeth | Amaranth Flour,0.40744966115742776
"Ritebite Max Protein Cheese & Jalapeno 10G Multigrain Protein Chips, Healthy Snacks & Munchies",Haldiram's Moong Dal,0.4074333744811579
Veeba Thousand Island Dressing,Lay's Spanish Tomato Tango Potato Chips,0.4074264332825977
Sugar Free D'Lite Choco Chip Biscuits | Trans Fat-free,Crax Crunchy Pipes Salted Puff Snacks,0.4074251525553013
Haldiram's Panchratan Mixture,Rajdhani Roasted Chana (200.0 GRAM),0.4074249579152183
YiPPee! 100% Suji Cheese Pasta Treat,Scotch-Brite Scrub Sponge (Pack of 3),0.4074012652785456
Nissin Cup Noodles Italiano,Palekar Knot Premium Salty Khari | Preservative-free,0.4073900095176691
Kurkure Red Chilli Chataka Chips (68.0 GRAM),Cheetos Masala Balls (28.0 GRAM),0.4072764130694014
HELL Energy Drink Apple Flavoured Drink,Haldiram's Salted Peanut,0.4072609867137415
Cavin's Strawberry Milkshake,Epigamia Turbo Cookies and Cream Protein Milkshake,0.4072383949645948
Sunfeast Dark Fantasy Vanilla Cream Dark Crunchy Biscuits | Artificial Colour-free,RiteBite Max Protein 10g Protein Bar Choco Almond,0.40723378093873286
HELL Energy Drink Apple Flavoured Drink,Haldiram's Masala Tasty Nuts (200.0 GRAM),0.40722078461440164
Jatin Verna Plastic Cloth Hanging Clips Set of 12 pcs,Sunfeast Dark Fantasy Bourbon Chocolate Cream Biscuits | Trans Fat-free,0.4072203882313567
Britannia Treat Rich Creme Strawberry Flavoured Wafers | Trans Fat-free,Chheda's Yellow Banana Chips (170.0 GRAM),0.4072039777983349
MasterChow Korean Instant Cup Noodles - Korean 2X Spicy Flavour Veg,YiPPee! Magic Masala Noodles with Added Veggies - The Better Noodles,0.40719309220503486
Palekar Jeeo Butter | Toasted Buns With Jeera And Khari | Trans Fat-free,Haldiram's Bhujia Sev (200.0 GRAM),0.4071897711357212
Crax Cheese Balls Puff Snacks (65.0 GRAM),Paper Boat Chikki Family Pack,0.4071428571428572
Satyam Singdana,Cheetos Cheese Puffs (28.0 GRAM),0.4071391078002761
Unibic Choco Chip Flavoured Biscuits | Trans Fat-free,Daily Good Raw Peanut - Singdana,0.4071292852850902
Britannia Treat Rich Creme Strawberry Flavoured Wafers | Trans Fat-free,Scotch-Brite Scrub Sponge (Pack of 3),0.4070662313432835
Society Natural Tea,YiPPee! Magic Masala Noodles with Added Veggies - The Better Noodles,0.4070584829183555
Everest Kashmiri Lal Chilli Powder,Max Protein Choco Chips Flavoured Biscuits | Maida-free,0.4070100110213078
ZOFF Black Mustard Seeds Whole - Rai (200.0 GRAM),Max Protein Choco Chips Flavoured Biscuits | Maida-free,0.4070100110213078
Everest - Ginger Garlic Paste (200.0 GRAM),Daily Good Watermelon Seeds / Tarbuj Beej,0.407004662004662
Daily Good Chilli With Stem / Guntur With Stem,RiteBite Max Protein 10g Protein Bar Choco Almond,0.4070002753303964
Peppy Cheese Balls (55.0 GRAM),Chheda's Yellow Banana Chips (170.0 GRAM),0.40698818342748255
Cornitos Nacho Chips - Cheese And Herbs (55.0 GRAM),Crax Crunchy Pipes Salted Puff Snacks,0.4069880948932596
Aashirvaad 100% Chana Dal Besan (500.0 GRAM),Kurkure Solid Masti Masala Twisteez (61.0 GRAM),0.40698397683951043
Lijjat Urad Papad,Kurkure Masala Munch,0.4069745442036463
Cadbury Oreo Vanilla Flavour Creme Sandwich Biscuit Mega Family Pack,MAGGI 2-Minute Instant Noodles | Masala Noodles | Made With Quality Spices,0.40692305609214496
Nissin Geki - Hot and Spicy Korean Kimchi Flavoured Ramen Instant Noodles,Lal Sweets Motichoor Laddu,0.40692157953281427
Epigamia Turbo Cookies and Cream Protein Milkshake,Charliee Rajgira Laddu,0.40689350419796727
Maggi Special Masala Instant Noodles,Sunfeast Dark Fantasy Bourbon Chocolate Cream Biscuits | Trans Fat-free,0.4068809328383042
The Theatre Project Gourmet Popcorn - Cheddar Cheese (60.0 GRAM),Palekar Jeeo Butter | Toasted Buns With Jeera And Khari | Trans Fat-free,0.40684910848646444
Too Yumm! Noodles Masala | Spicy No Palm Oil Crisps (67.0 GRAM),Kurkure Masala Munch,0.4067906092202768
Everest Chicken Masala,Rajdhani Roasted Chana (200.0 GRAM),0.4067740698120445
Satyam Singdana,MAGGI 2-Minute Instant Noodles | Masala Noodles | Made With Quality Spices,0.4067725111213376
Snapin Oregano Pizza Seasoning Sachet Pouch,RiteBite Max Protein 10g Protein Bar Choco Almond,0.40674857447985197
Haldiram's Moong Dal,Sunfeast Dark Fantasy Bourbon Chocolate Cream Biscuits | Trans Fat-free,0.40670301953553967
MasterChow Korean Instant Cup Noodles - Korean 2X Spicy Flavour Veg,"Ching's Secret Veg Hakka Noodles, Cooks In 5-7 mins, Just Soak & Drain",0.4066843345111897
Fevikwik Instant Adhesive (3 gm),Sunfeast Dark Fantasy Bourbon Chocolate Cream Biscuits | Trans Fat-free,0.4066426666005647
Everest Pav Bhaji Masala (100.0 GRAM),Rajdhani Roasted Chana (200.0 GRAM),0.40663964348362014
Bauli Moonfils Croissants Strawberry (Veg),Haldiram's Soan Papdi,0.406590330788804
Kurkure Solid Masti Masala Twisteez (61.0 GRAM),Sunfeast Dark Fantasy Bourbon Chocolate Cream Biscuits | Trans Fat-free,0.4065658647233416
The Healthy Binge Ragi Baked Chips Chatpata Chaat- High Protein & Fibre (40.0 GRAM),Kinder Joy - Single Pack - Assorted,0.4064501926252064
Nissin Geki - Hot and Spicy Korean Chicken Flavoured Ramen Instant Noodles,Kotton Multipurpose Napkin | 100% Virgin Pulp-Paper | 25 cm X 25 cm | 100Pcs,0.40644871143091776
Daily Good Tamarind / Imli (200.0 GRAM),Aashirvaad 100% Chana Dal Besan (500.0 GRAM),0.40643361688221
Max Protein Choco Chips Flavoured Biscuits | Maida-free,MAGGI 2-Minute Instant Noodles | Masala Noodles | Made With Quality Spices,0.4064223972773999
Catch Turmeric Powder (200.0 GRAM),MAGGI 2-Minute Instant Noodles | Masala Noodles | Made With Quality Spices,0.40641306560341006
BORGES Durum Wheat Pasta Penne Rigate,Sunfeast Dark Fantasy Bourbon Chocolate Cream Biscuits | Trans Fat-free,0.40637902379286206
Daily Good Coriander / Dhania Whole (200.0 GRAM),Sunfeast All Rounder Crunchy Potato Chatpata Masala Flavoured Crackers | Trans Fat-free,0.4063515137733888
Peppy Tomato Disc (55.0 GRAM),Let's Try Namkeen Combo Pack Of 6 (Crunchy Party Mix Peanut Party Mix Aloo Bhujia),0.40633888802902884
Yu 100% Whole Wheat Hakka Noodles,Haldiram's Bhujia Sev (200.0 GRAM),0.4062751736895415
Fortune Besan (500.0 GRAM),Haldiram's Moong Dal,0.4062457495385213
Origami Luncheon Tissue Paper Napkins - 32 X 32 cm - 50 Serviettes,Kurkure Solid Masti Masala Twisteez (61.0 GRAM),0.4062119883454499
Malkist Double Chocolatey Crunchy Layered Crackers,Daily Good Raw Peanut - Singdana,0.4061923671224683
Maggi Special Masala Instant Noodles,Haldiram's Bhujia Sev (200.0 GRAM),0.4061450823755199
Beyond Snack Kerala Banana Chips - with Coconut Oil & Rock Salt,Sunfeast Dark Fantasy Bourbon Chocolate Cream Biscuits | Trans Fat-free,0.4061439867634851
Ferrero Rocher Moments Pack,Om Shanthi Havan Samagri | Cycle,0.40611293859649117
Catch Masala Amchur Powder,Britannia Marie Gold Biscuits Plain | Trans Fat-free,0.4060900245441795
The Healthy Binge Ragi Baked Chips Chatpata Chaat- High Protein & Fibre (40.0 GRAM),Haldiram's Masala Tasty Nuts (200.0 GRAM),0.40601449275362317
Let's Try Namkeen Combo Pack Of 6 (Crunchy Party Mix Peanut Party Mix Aloo Bhujia),Palekar Jeeo Butter | Toasted Buns With Jeera And Khari | Trans Fat-free,0.4059646539027982
Lay's West Indies Hot 'n' Sweet Chilli Potato Chips,Lay's American Cream & Onion Potato Chips (48.0 GRAM),0.405886329223448
"Ching's Secret Veg Hakka Noodles, Cooks In 5-7 mins, Just Soak & Drain",Palekar Knot Premium Salty Khari | Preservative-free,0.4058040748815878
Tulips Paper Stick Cotton Buds Jar (100.0 PIECE),Sunfeast Dark Fantasy Bourbon Chocolate Cream Biscuits | Trans Fat-free,0.4057780491939375
Parle Hide & Seek Milano Mixed Berries Centre Fills| Preservative-free,Kinder Creamy Milky And Cocoa With Extruded Rice (19.0 GRAM),0.4057699805068226
Aashirvaad Jeera (100.0 GRAM),YiPPee! Magic Masala Noodles with Added Veggies - The Better Noodles,0.40575830329663093
Peppy Tomato Disc (55.0 GRAM),Let's Try Salted Peanuts,0.4057170445842906
Lay's American Cream & Onion Potato Chips,Haldiram's Moong Dal,0.4057062465510864
Beyond Snack Kerala Banana Chips - Peri Peri (70.0 GRAM),Sunfeast Dark Fantasy Bourbon Chocolate Cream Biscuits | Trans Fat-free,0.4056681566958484
Britannia Treat Rich Creme Choco Flavoured Wafers | Trans Fat-free,Paper Boat Chikki Family Pack,0.4056422569027611
Cheetos Masala Balls (28.0 GRAM),Kurkure Solid Masti Masala Twisteez (61.0 GRAM),0.40558258016233956
BAY6 Dishwashbar,MAGGI 2-Minute Instant Noodles | Masala Noodles | Made With Quality Spices,0.4055558755115296
Beyond Snack Kerala Banana Chips - Peri Peri (70.0 GRAM),Cheetos Cheese Puffs (28.0 GRAM),0.4055251368840219
The Whole Truth Double Cocoa Protein Bar,Let's Try Salted Peanuts,0.4055200945626477
Everest Pav Bhaji Masala (100.0 GRAM),Everest Coriander Powder (100.0 GRAM),0.405515113150815
Haldiram's All In One Mixture,Haldiram's Masala Tasty Nuts (200.0 GRAM),0.4054977415088218
Doritos Nacho Cheese Flavoured Corn Chips (45.0 GRAM),Cheetos Masala Balls (28.0 GRAM),0.405457731276265
Bauli Moonfils Croissants Choco Cream (Egg) (50.0 GRAM),Max Protein Choco Chips Flavoured Biscuits | Maida-free,0.4054348418721425
Tata Sampann Chilli Powder with Natural Oils Lal Mirchi Powder,Piknik Classic Tomato Chilli,0.40542779737903223
Let's Try Kerala Garlic Mix (180.0 GRAM),Aashirvaad 100% Chana Dal Besan (500.0 GRAM),0.40535301956748343
Candyman Choco Double Eclairs (75.0 PIECE),Haldiram's Salted Peanut,0.405352904879438
Garden Sabudana Chivda Namkeen,MAGGI 2-Minute Instant Noodles | Masala Noodles | Made With Quality Spices,0.40534787006856243
Ferrero Rocher Moments Pack,The Healthy Binge Quinoa Baked Chips Smokey Bbq -High Protein And Fibre (40.0 GRAM),0.4053303621958121
Crax Cheese Balls Puff Snacks (65.0 GRAM),Haldiram's Lite Chiwda (200.0 GRAM),0.405316345334575
"Ritebite Max Protein Cheese & Jalapeno 10G Multigrain Protein Chips, Healthy Snacks & Munchies",Origami Luncheon Tissue Paper Napkins - 32 X 32 cm - 50 Serviettes,0.4052355637661781
Beyond Snack Kerala Banana Chips - Original Style (25.0 GRAM),Kotton Multipurpose Napkin | 100% Virgin Pulp-Paper | 25 cm X 25 cm | 100Pcs,0.40521180117093325
The Whole Truth Double Cocoa Protein Bar,Haldiram's Salted Peanut,0.4051934740417273
Open Secret Arabian Dates (Khajur) With Seed,Haldiram's Bhujia Sev (200.0 GRAM),0.4051080662511348
Daily Good Chilli With Stem / Guntur With Stem,Rajdhani Roasted Chana (200.0 GRAM),0.4050916402953586
Wok Tok by Veeba Instant Cup Noodles Masala (75500.0 MILLIGRAM),Haldiram's Mixture (400.0 GRAM),0.4050519937771227
Jatin Verna Plastic Cloth Hanging Clips Set of 12 pcs,Cheetos Cheese Puffs (28.0 GRAM),0.4049741516436904
Too Yumm! Noodles Masala | Spicy No Palm Oil Crisps (67.0 GRAM),Cheetos Cheese Puffs (28.0 GRAM),0.4049741516436904
The Healthy Binge Quinoa Baked Chips Smokey Bbq -High Protein And Fibre (40.0 GRAM),Kinder Joy - Single Pack - Assorted,0.4049663127807268
BORGES Durum Wheat Pasta Penne Rigate,Colombian Brew Original Instant Coffee Sachets | 40 Sachets,0.40493721461187204
Veeba Veg Mayonnaise Burger,Dukes Nutri Choice Assorted Biscuits Wafers,0.40487490604531295
Satyam Puffed Rice Kurmura A (200.0 GRAM),Om Shanthi Havan Samagri | Cycle,0.404847132034632
Haldiram's Salted Peanut,MAGGI 2-Minute Instant Noodles | Masala Noodles | Made With Quality Spices,0.4048185820286151
Beyond Snack Kerala Banana Chips - Original Style (25.0 GRAM),"Ching's Secret Veg Hakka Noodles, Cooks In 5-7 mins, Just Soak & Drain",0.4048102131539952
Doritos Nacho Chips - Sweet Chilli Flavour,Haldiram's Soan Papdi,0.40479825517993456
"Uncle Chipps Potato Chips, Plain Salted Flavour, Crispy Chips & Snacks (48.0 GRAM)",Cheetos Cheese Puffs (28.0 GRAM),0.4047683198004153
"B Natural Orange Juice, 100% Pulp, No Concentrate",Everest Shahi Biryani Masala (50.0 GRAM),0.4046798029556651
"Yoga Bar Muesli Dark Chocolate & Cranberry,Breakfast Cereals, Protein Granola, Gluten Free",Haldiram's Masala Tasty Nuts (200.0 GRAM),0.40464282216999614
Figaro Extra Virgin Olive Oil,Peppy Cheese Balls (55.0 GRAM),0.4046241199182376
ACT II Ready to Eat Popcorn - Sour Cream & Cheese Popcorn (50.0 GRAM),Palekar Jeeo Butter | Toasted Buns With Jeera And Khari | Trans Fat-free,0.404614139418757
Pulse Guava 50 Candies,Crax Crunchy Pipes Salted Puff Snacks,0.40458170682460626
Parle Marie Butter Marie Biscuits | Trans Fat-free,Britannia Treat Jimjam Naughty Jam Cream Biscuits | Trans Fat-free,0.4045627815061141
"MR. MAKHANA Fox Nuts Black Salt - Delicious Teatime Snack, Popped Lotus Seeds, Roasted In Olive Oil",The Theatre Project Gourmet Popcorn - Cheddar Cheese (60.0 GRAM),0.40455556268308845
Sweet Karam Coffee Garlic Murukku Sticks (95.0 GRAM),Haldiram's Salted Peanut,0.4045428933652627
Everest Sabji Masala,"Ching's Secret Veg Hakka Noodles, Cooks In 5-7 mins, Just Soak & Drain",0.40453256554552197
Cadbury Oreo Vanilla Flavour Creme Sandwich Biscuit Family Pack,Kurkure Solid Masti Masala Twisteez (61.0 GRAM),0.40448676824378504
Mr Makhana Super Snack - Himalayan Salt And Pepper,Lay's Spanish Tomato Tango Potato Chips,0.4044306506849315
Pulse Guava 50 Candies,Lay's Spanish Tomato Tango Potato Chips,0.4044306506849315
Namaskaram Bombay Mix,MAGGI 2-Minute Instant Noodles | Masala Noodles | Made With Quality Spices,0.404424617839252
Cadbury Oreo Chocolate Flavour Creme Sandwich Biscuit,Daily Good Tamarind / Imli (200.0 GRAM),0.4044045676998369
Gits Gulab Jamun Instant Dessert Mix,"Ching's Secret Veg Hakka Noodles, Cooks In 5-7 mins, Just Soak & Drain",0.40436042402826855
Maggi Special Masala Instant Noodles,Britannia Marie Gold Biscuits Plain | Trans Fat-free,0.40422166961048617
Haldiram's Ratlami Sev (200.0 GRAM),Lay's Spanish Tomato Tango Potato Chips,0.4042137977891219
Daily Good Tamarind / Imli (200.0 GRAM),Origami Luncheon Tissue Paper Napkins - 32 X 32 cm - 50 Serviettes,0.404206641177549
Parle Krack Jack Sweet and Salty Plain Crackers | Artificial Colour-free,Kurkure Solid Masti Masala Twisteez (61.0 GRAM),0.40414807302231237
Modern Kitchens Banana Chips Salted,The Whole Truth Double Cocoa Protein Bar,0.4041317260656883
Haldiram's Mini Bhakarwadi,Haldiram's Bhujia Sev (200.0 GRAM),0.4041094335338858
Surf Excel Easy Wash Detergent Powder,Let'S Try Roasted Chana (450.0 GRAM),0.4040474924685451
Modern Kitchens Hot Chips Salted (100.0 GRAM),Piknik Classic Tomato Chilli,0.40402935715943367
Everest Black Pepper Powder,Kotton Multipurpose Napkin | 100% Virgin Pulp-Paper | 25 cm X 25 cm | 100Pcs,0.4040269713429481
Sunfeast Dark Fantasy Vanilla Cream Dark Crunchy Biscuits | Artificial Colour-free,Cheetos Cheese Puffs (28.0 GRAM),0.40399831031442845
Tata Sampann Chilli Powder with Natural Oils Lal Mirchi Powder,Crax Crunchy Pipes Salted Puff Snacks,0.4039723970251716
Orion K Snack Rings 3x Spicy,Haldiram's Salted Peanut,0.40390731929870294
Wok Tok by Veeba Instant Cup Noodles Masala (75500.0 MILLIGRAM),Cornitos Nacho Chips - Cheese And Herbs (55.0 GRAM),0.403852504127683
Haldiram's All In One Mixture,Haldiram's Mini Bhakarwadi,0.403825318414905
Daadi'S Besan Laddoo Pure Ghee,Let's Try Salted Peanuts,0.40377216312056735
Cornitos Nacho Chips - Peri Peri (55.0 GRAM),Sweet Karam Coffee Madras Mixture,0.4037334983498351
Cornitos Nacho Chips - Peri Peri (55.0 GRAM),Cornitos Nachos Peri Peri (150.0 GRAM),0.4037334983498351
Everest Black Pepper Powder,"Ching's Secret Veg Hakka Noodles, Cooks In 5-7 mins, Just Soak & Drain",0.40362655755997773
Mr Makhana Lime Chilli,Britannia Good Day Pista and Badam Dry Fruit Biscuits | Trans Fat-free,0.40359361135758653
Vim Lemon Dishwash Bar,Parle Hide & Seek Chocolate Chip Biscuits | Trans Fat-free,0.40357847308643924
Cadbury Oreo Chocolate Flavour Creme Sandwich Biscuit,Catch Jeera Whole (100.0 GRAM),0.4035625770935173
Nongshim Korean Shin Ramyun Cup Noodle Soup Non Veg,Haldiram's Soan Papdi,0.4035332606324972
Ferrero Rocher Moments Pack,Society Natural Tea,0.40350877192982454
Jatin Verna Plastic Cloth Hanging Clips Set of 12 pcs,Haldiram's Bhujia Sev (200.0 GRAM),0.4034844852229241
Catch Peri Peri Sprinkler (90.0 GRAM),Lay's Spanish Tomato Tango Potato Chips,0.4034790491539081
Tata Sampann 100% Chana Dal Fine Besan,Let's Try Salted Peanuts,0.4034637046307884
"Aashirvaad Chilli Powder, Red Hot Chilli Powder with No Added Flavours and Colours",Sunfeast Dark Fantasy Bourbon Chocolate Cream Biscuits | Trans Fat-free,0.403446996204169
Gits Gulab Jamun Instant Dessert Mix,Om Shanthi Havan Samagri | Cycle,0.4034441964285714
Haldiram's Ratlami Sev (200.0 GRAM),Sunfeast Dark Fantasy Bourbon Chocolate Cream Biscuits | Trans Fat-free,0.40342184208008375
Cadbury Oreo Chocolate Flavour Creme Sandwich Biscuit,Max Protein Choco Chips Flavoured Biscuits | Maida-free,0.4033965242406505
Peppy Tomato Disc (55.0 GRAM),Chheda's Golden Plain Salted Chips (170.0 GRAM),0.4033742098472281
Lay's American Cream & Onion Potato Chips (48.0 GRAM),MAGGI 2-Minute Instant Noodles | Masala Noodles | Made With Quality Spices,0.4033682848822091
Mysore Sandal Soap,YiPPee! Magic Masala Noodles with Added Veggies - The Better Noodles,0.40332096314260585
Cavin's Strawberry Milkshake,Om Shanthi Havan Samagri | Cycle,0.4032828832752613
Mr Makhana Super Snack - Himalayan Salt And Pepper,Haldiram's Lite Chiwda (200.0 GRAM),0.4032112836378495
Lal Besan Laddoo Classic (200.0 GRAM),YiPPee! Magic Masala Noodles with Added Veggies - The Better Noodles,0.40320658640722334
Modern Kitchens Potato Chips Salted (70.0 GRAM),Haldiram's Masala Tasty Nuts (200.0 GRAM),0.40319146947777657
Orion K Snack Rings 3x Spicy,The Healthy Binge Quinoa Baked Chips Smokey Bbq -High Protein And Fibre (40.0 GRAM),0.4031896966779008
Orbit Sugar Free Spearmint Chewing Gum Tube (19800.0 MILLIGRAM),Scotch-Brite Scrub Sponge (Pack of 3),0.4031894100923952
Kinder Creamy Milky And Cocoa With Extruded Rice (19.0 GRAM),Crax Crunchy Pipes Salted Puff Snacks,0.4031849264656684
Gits Gulab Jamun Instant Dessert Mix,Max Protein Choco Chips Flavoured Biscuits | Maida-free,0.40313372520205726
The Healthy Binge Quinoa Baked Chips Smokey Bbq -High Protein And Fibre (40.0 GRAM),Modern Kitchens Potato Chips Salted (70.0 GRAM),0.4031254182840316
Korean Samyang Hot Chicken Ramen Non Veg,The Healthy Binge Quinoa Baked Chips Smokey Bbq -High Protein And Fibre (40.0 GRAM),0.40312499999999996
Garden Sabudana Chivda Namkeen,RiteBite Max Protein 10g Protein Bar Choco Almond,0.40312408223201174
Parle Hide & Seek Black Bourbon Chocolate Cream Biscuits | Trans Fat-free,Sunfeast Dark Fantasy Bourbon Chocolate Cream Biscuits | Trans Fat-free,0.4030929400425155
"Farmley Seed Mix Superfood Rich In Protein- Pumpkin, Watermelon, Sunflower, Flax, Chia Seeds",Om Shanthi Havan Samagri | Cycle,0.4030308314732143
The Whole Truth Double Cocoa Protein Bar,Haldiram's Lite Chiwda (200.0 GRAM),0.4029637628989681
Peppy Tomato Disc (55.0 GRAM),MAGGI 2-Minute Instant Noodles | Masala Noodles | Made With Quality Spices,0.4029348630173089
Nissin Geki - Hot and Spicy Korean Kimchi Flavoured Ramen Instant Noodles,Haldiram's Soan Papdi,0.4029007633587786
Lal Mysore Pak Premium,Kotton Multipurpose Napkin | 100% Virgin Pulp-Paper | 25 cm X 25 cm | 100Pcs,0.40289100047694165
Parle Hide & Seek Milano Mixed Berries Centre Fills| Preservative-free,Lal Sweets Motichoor Laddu,0.4028360215053764
Cadbury Oreo Chocolate Flavour Creme Sandwich Biscuit Family Pack,Origami Luncheon Tissue Paper Napkins - 32 X 32 cm - 50 Serviettes,0.4028326014573179
Sunfeast Dark Fantasy Choco Rolls | Crunchy Wafer Rolls,Palekar Knot Premium Salty Khari | Preservative-free,0.402827833260964
Palekar Makkhan Butter Rusk | Bromate-free and Trans Fat-free,Om Shanthi Havan Samagri | Cycle,0.40279773093447907
Veeba Veg Mayonnaise Burger,Rajdhani Roasted Chana (200.0 GRAM),0.4026670445242143
Top Ramen Masala Instant Noodles,Nissin Cup Noodles Italiano,0.4026503567787972
YiPPee! 100% Suji Cheese Pasta Treat,Sunfeast Dark Fantasy Bourbon Chocolate Cream Biscuits | Trans Fat-free,0.4026361638833453
Modern Kitchens Hot Chips Spicy,Kotton Multipurpose Napkin | 100% Virgin Pulp-Paper | 25 cm X 25 cm | 100Pcs,0.4026142896249657
Satyam Nighties Spices Tamarind,Maggi Special Masala Instant Noodles,0.40251894545842676
Kurkure Masala Munch,RiteBite Max Protein 10g Protein Bar Choco Almond,0.402516051942069
Everest Tandoori Chicken Masala,Rajdhani Roasted Chana (200.0 GRAM),0.40251032408654275
Fortune Besan (500.0 GRAM),RiteBite Max Protein 10g Protein Bar Choco Almond,0.4024643046833504
The Healthy Binge Quinoa Baked Chips Smokey Bbq -High Protein And Fibre (40.0 GRAM),Palekar Knot Premium Salty Khari | Preservative-free,0.40243406216295713
Cheetos Cheese Puffs (28.0 GRAM),Kurkure Solid Masti Masala Twisteez (61.0 GRAM),0.402421940706476
Kurkure Masala Munch,Haldiram's Moong Dal,0.402385993971409
RiteBite Max Protein 10g Protein Bar Choco Almond,Sunfeast Dark Fantasy Bourbon Chocolate Cream Biscuits | Trans Fat-free,0.40237234996901816
Nestle Milkmaid Partly Skimmed Sweetened Condensed Milk,Cheetos Cheese Puffs (28.0 GRAM),0.40235216421777265
Lay's Classic Salted Potato Chips (67.0 GRAM),Chheda's Yellow Banana Chips (170.0 GRAM),0.40230633545368133
Daily Good Coriander / Dhania Whole (200.0 GRAM),RiteBite Max Protein 10g Protein Bar Choco Almond,0.4022859864269556
Beyond Snack Kerala Banana Chips - Original Style (70.0 GRAM),Kurkure Solid Masti Masala Twisteez (61.0 GRAM),0.402281872357765
Let's Try Salted Peanuts,Haldiram's Bhujia Sev (200.0 GRAM),0.4022622458879538
Maggi Special Masala Instant Noodles,Palekar Jeeo Butter | Toasted Buns With Jeera And Khari | Trans Fat-free,0.4021948892652122
ACT II Ready to Eat Caramel Popcorn - Classic Caramel Bliss (35.0 GRAM),Haldiram's Moong Dal,0.402192299709423
Beyond Snack Kerala Banana Chips - Original Style (25.0 GRAM),Modern Kitchens Butter Murukku,0.4021808879639265
Catch Dhania Powder (200.0 GRAM),Catch Turmeric Powder/Haldi (100.0 GRAM),0.40217722805828526
"Uncle Chipps Potato Chips, Plain Salted Flavour, Crispy Chips & Snacks (48.0 GRAM)",Sunfeast Dark Fantasy Bourbon Chocolate Cream Biscuits | Trans Fat-free,0.40207598457438626
Daily Good Raw Peanut - Singdana,Kurkure Green Chutney Style (68.0 GRAM),0.4020231335191166
Tulips Paper Stick Cotton Buds Jar (100.0 PIECE),Lay's Spanish Tomato Tango Potato Chips,0.4019186590657705
Colombian Brew Original Instant Coffee Sachets | 40 Sachets,Haldiram's Moong Dal,0.40190232689059857
"Ritebite Max Protein Peri Peri 10G Multigrain Protein Chips, Healthy Snacks & Munchies",Parle Hide & Seek Milano Chocolate Flavoured Biscuits,0.4018653100775193
Satyam Puffed Rice Kurmura - R (200.0 GRAM),RiteBite Max Protein 10g Protein Bar Choco Almond,0.40186450691184034
Balaji Cream & Onion Wafers (135.0 GRAM),MAGGI 2-Minute Instant Noodles | Masala Noodles | Made With Quality Spices,0.40182405088559814
Lijjat Urad Papad,Kurkure Solid Masti Masala Twisteez (61.0 GRAM),0.40178463399879
Haldirams Namkeen - Khara Boondi,Haldiram's Bhujia Sev (200.0 GRAM),0.4017808040780637
Uncle Chipps - Spicy Treat,Cheetos Masala Balls (28.0 GRAM),0.4017709290765509
Namaskaram Mini Bhakarwadi,RiteBite Max Protein 10g Protein Bar Choco Almond,0.40174309035890304
Maggi Masala-ae-Magic Sabzi Masala,Sunfeast Dark Fantasy Bourbon Chocolate Cream Biscuits | Trans Fat-free,0.40173617780308907
Winkies Fruit Cake Slice,Let's Try Namkeen Combo Pack Of 6 (Crunchy Party Mix Peanut Party Mix Aloo Bhujia),0.4016785412389808
Cornitos Nachos Peri Peri (150.0 GRAM),YiPPee! Magic Masala Noodles with Added Veggies - The Better Noodles,0.4016404591295117
"Yoga Bar Muesli Dark Chocolate & Cranberry,Breakfast Cereals, Protein Granola, Gluten Free","Ching's Secret Veg Hakka Noodles, Cooks In 5-7 mins, Just Soak & Drain",0.4016323552004916
Britannia 50-50 Maska Chaska Biscuits Butter Flavoured Crackers | Trans Fat-free,Aashirvaad 100% Chana Dal Besan (500.0 GRAM),0.4016175624287697
Hillers Schezwan Hot Chutney,Parle Hide & Seek Milano Chocolate Flavoured Biscuits,0.4016038492381716
Beyond Snack Kerala Banana Chips - with Coconut Oil & Rock Salt,Chheda's Golden Plain Salted Chips (170.0 GRAM),0.40156099522211103
Beyond Snack Kerala Banana Chips - Hot & Sweet Chilli (70.0 GRAM),Om Shanthi Havan Samagri | Cycle,0.40155452806122455
"Aashirvaad Chilli Powder, Red Hot Chilli Powder with No Added Flavours and Colours",Haldiram's Masala Tasty Nuts (200.0 GRAM),0.4015253890253889
Beyond Snack Kerala Banana Chips - with Coconut Oil & Rock Salt,Palekar Jeeo Butter | Toasted Buns With Jeera And Khari | Trans Fat-free,0.4013991494729422
Top Ramen Masala Instant Noodles,Everest Coriander Powder (100.0 GRAM),0.40134384287375635
Coca-Cola Zero Sugar Soft Drink,Top Ramen Noodles Curry Veg Pouch,0.4013315828957239
Garden Sabudana Chivda Namkeen,Palekar Jeeo Butter | Toasted Buns With Jeera And Khari | Trans Fat-free,0.40130842848169085
Epigamia Turbo Cookies and Cream Protein Milkshake,Piknik Classic Tomato Chilli,0.40130723204994795
Chheda's Yellow Banana Chips (170.0 GRAM),Sunfeast Dark Fantasy Bourbon Chocolate Cream Biscuits | Trans Fat-free,0.40130100154350856
Sunfeast Farmlite Gold and Almond Oats Biscuits | Trans Fat-free,Crax Crunchy Pipes Salted Puff Snacks,0.4012465373961218
Modern Kitchens Banana Chips Salted,Kinder Joy - Single Pack - Assorted,0.4012339781864501
Modern Kitchens Banana Chips Salted,Garden Sabudana Chivda Namkeen,0.4012020693852708
YiPPee! 100% Suji Masala Pasta Treat,Let's Try Salted Peanuts,0.4011104732517671
Catch Red Chilli Powder (200.0 GRAM),Haldiram's Salted Peanut,0.4011034598589183
Candyman Choco Double Eclairs (75.0 PIECE),RiteBite Max Protein 10g Protein Bar Choco Almond,0.4011017206154632
Mr Makhana Lime Chilli,Parle Hide & Seek Milano Chocolate Flavoured Biscuits,0.4010915994304698
"Aashirvaad Chilli Powder, Red Hot Chilli Powder with No Added Flavours and Colours",Let's Try Namkeen Combo Pack Of 6 (Crunchy Party Mix Peanut Party Mix Aloo Bhujia),0.40104895104895094
Haldiram's Bhujia Sev (200.0 GRAM),Let's Try Salted Peanuts,0.4010418311861194
ZOFF Black Mustard Seeds Whole - Rai (200.0 GRAM),Rajdhani Roasted Chana (200.0 GRAM),0.40097903481012653
Everest Sambhar Masala,Haldiram Aloo Bhujia ,0.4009599362457436
"Tata Sampann Hing, Compounded Asafoetida | Bandhani Hing, Strong Flavour & Aroma (50.0 GRAM)",Tata Sampann Chilli Powder with Natural Oils Lal Mirchi Powder,0.4009548611111111
Everest Kashmiri Lal Chilli Powder,Haldiram's Masala Tasty Nuts (200.0 GRAM),0.40092788100600596
Fevikwik Instant Adhesive (3 gm),Palekar Jeeo Butter | Toasted Buns With Jeera And Khari | Trans Fat-free,0.40092543173809503
Catch Masala Amchur Powder,Lay's Spanish Tomato Tango Potato Chips,0.400913862418106
Sunfeast Wowzers Cheese Flavoured Crackers | Artificial Flavour-free,Rajdhani Roasted Chana (200.0 GRAM),0.40091094531533794
Haldiram's All In One Mixture,Let's Try Salted Peanuts,0.4009105911475217
Palekar Makkhan Butter Rusk | Bromate-free and Trans Fat-free,Lal Sweets Motichoor Laddu,0.4008761823914625
Lay's Spanish Tomato Tango Potato Chips,Sunfeast Dark Fantasy Bourbon Chocolate Cream Biscuits | Trans Fat-free,0.40081218785049416
Catch Black Pepper Sprinkler (50.0 GRAM),Haldiram's Masala Tasty Nuts (200.0 GRAM),0.40080386990764344
Pintola High Protein Oats Dark Chocolate With Almonds Raisin Pumpkin And Chia Seeds,Cheetos Masala Balls (28.0 GRAM),0.4007982053422371
Mr Makhana Super Snack - Himalayan Salt And Pepper,Chheda's Yellow Banana Chips (170.0 GRAM),0.40078409526547826
Haldiram's All In One Mixture,Haldiram's Moong Dal,0.4007654620810619
Pulse Guava 50 Candies,Sunfeast Dark Fantasy Bourbon Chocolate Cream Biscuits | Trans Fat-free,0.40068744082657554
Nissin Geki - Hot and Spicy Korean Chicken Flavoured Ramen Instant Noodles,Crax Crunchy Pipes Salted Puff Snacks,0.4006714109688938
Palekar Makkhan Butter Rusk | Bromate-free and Trans Fat-free,Haldiram's Soan Papdi,0.4006370889054698
Yogabar Dark Chocolate Oatmeal 400g Breakfast Cereal Gluten Free Oats High in Protein & Gluten-Free,Parle Melody Chocolaty Toffee (176.0 GRAM),0.40063269876819707
Coca-Cola Zero Sugar Soft Drink,Parle Hide & Seek Milano Chocolate Flavoured Biscuits,0.40063097169641243
Tulips Paper Stick Cotton Buds Jar (100.0 PIECE),RiteBite Max Protein 10g Protein Bar Choco Almond,0.4006202059448565
"Ching's Secret Veg Hakka Noodles, Cooks In 5-7 mins, Just Soak & Drain",Crax Crunchy Pipes Salted Puff Snacks,0.40056844369334776
The Theatre Project Gourmet Popcorn - Cheddar Cheese (60.0 GRAM),Chheda's Yellow Banana Chips (170.0 GRAM),0.4005122971174285
Garden Sabudana Chivda Namkeen,Let's Try Namkeen Combo Pack Of 6 (Crunchy Party Mix Peanut Party Mix Aloo Bhujia),0.4004945054945055
Daily Good Lachkari Kolam Raw Rice,Cheetos Masala Balls (28.0 GRAM),0.40047102313379446
Sunfeast Farmlite Gold and Almond Oats Biscuits | Trans Fat-free,Kinder Creamy Milky And Cocoa With Extruded Rice (19.0 GRAM),0.4004309018159433
Catch Black Pepper Sprinkler (50.0 GRAM),Let's Try Namkeen Combo Pack Of 6 (Crunchy Party Mix Peanut Party Mix Aloo Bhujia),0.4003282880641371
Bauli Moonfils Croissants Choco Cream (Egg) (50.0 GRAM),Kurkure Solid Masti Masala Twisteez (61.0 GRAM),0.4002497867673937
Doritos Nacho Chips - Sweet Chilli Flavour,Max Protein Choco Chips Flavoured Biscuits | Maida-free,0.40023128458862833
Pintola High Protein Oats Dark Chocolate With Almonds Raisin Pumpkin And Chia Seeds,Let's Try Salted Peanuts,0.4002248904881101
"Taali Roasted Protein Puffs | Smokey Bbq | Protein Rich,No Maida , No Palm Oil | Cheeseballs 2.0 (60.0 GRAM)",Unibic Fruit & Nut cookies,0.4001987083954297
Beyond Snack Kerala Banana Chips - Original Style (25.0 GRAM),Max Protein Choco Chips Flavoured Biscuits | Maida-free,0.40013272972908914
Candyman Choco Double Eclairs (75.0 PIECE),Haldiram's Bhujia Sev (200.0 GRAM),0.400065125178662
Let's Try Teekha Tadka Makhana Puffs (60.0 GRAM),Kinder Joy - Single Pack - Assorted,0.40004219409282693
Beyond Snack Kerala Banana Chips - with Coconut Oil & Rock Salt,Let's Try Salted Peanuts,0.39997200447928327
Britannia Marie Gold Biscuits Plain | Trans Fat-free,YiPPee! Magic Masala Noodles with Added Veggies - The Better Noodles,0.39996869863365514
YiPPee! Suji Tricolor Creamy Corn Pasta,Society Natural Tea (250.0 GRAM),0.39996799627593027
Palekar Tea Time Ajwain Rusk | Trans Fat-free,Kotton Multipurpose Napkin | 100% Virgin Pulp-Paper | 25 cm X 25 cm | 100Pcs,0.3999000359870446
Mr Makhana Piri Piri,Lay's Spanish Tomato Tango Potato Chips,0.39988648607049404
"Tata Sampann Hing, Compounded Asafoetida | Bandhani Hing, Strong Flavour & Aroma (50.0 GRAM)",Tata Sampann 100% Chana Dal Fine Besan,0.39988328664799255
Haldiram's Mixture (400.0 GRAM),Om Shanthi Havan Samagri | Cycle,0.3998196630347054
Parle G Original Milk Glucose Biscuits,Lay's American Cream & Onion Potato Chips (48.0 GRAM),0.3998115856361756
Too Yumm! Karare Munchy Masala | Spicy | No Palm Oil Crisps,Haldiram's Bhujia Sev (200.0 GRAM),0.3997801785083068
Hindalco Fresh wrapp Aluminium Foil - 9 m,Let's Try Salted Peanuts,0.39971564298139967
MAGGI 2-Minute Instant Noodles | Masala Noodles | Made With Quality Spices,Kurkure Solid Masti Masala Twisteez (61.0 GRAM),0.3997036325043054
The Whole Truth Double Cocoa Protein Bar,Crax Crunchy Pipes Salted Puff Snacks,0.39959890668700737
Parle Hide & Seek Milano Choco Filled Hazelnut Chocolate Centre Fills | Trans Fat-free,Modern Kitchens Butter Murukku,0.3995410906298003
Malkist Double Chocolatey Crunchy Layered Crackers,Kurkure Green Chutney Style (68.0 GRAM),0.3995272513577955
Cavin's Strawberry Milkshake,Parle Hide & Seek Milano Chocolate Flavoured Biscuits,0.3994611457742484
Sugar Free D'Lite Choco Chip Biscuits | Trans Fat-free,"Ching's Secret Veg Hakka Noodles, Cooks In 5-7 mins, Just Soak & Drain",0.3994221142520612
ACT II Ready to Eat Caramel Popcorn - Classic Caramel Bliss (35.0 GRAM),RiteBite Max Protein 10g Protein Bar Choco Almond,0.39936534953054775
Bauli Moonfils Croissants Choco Cream,Kurkure Solid Masti Masala Twisteez (61.0 GRAM),0.39929768507354707
Haldiram's Lite Chiwda (200.0 GRAM),Haldiram's Masala Tasty Nuts (200.0 GRAM),0.3992953806938688
Daily Good Coriander / Dhania Whole (200.0 GRAM),Britannia Nutrichoice High-Fibre Digestive Biscuits,0.3992591275486012
Lay's Wafer Chips Red Chilli (48.0 GRAM),Sunfeast Dark Fantasy Bourbon Chocolate Cream Biscuits | Trans Fat-free,0.39924956723509264
Hindalco Fresh wrapp Aluminium Foil - 9 m,MAGGI 2-Minute Instant Noodles | Masala Noodles | Made With Quality Spices,0.399024463290455
"Ritebite Max Protein Spanish Tomato 10G Multigrain Protein Chips, Healthy Snacks & Munchies",Modern Kitchens Butter Murukku,0.398963440860215
"Tata Sampann Hing, Compounded Asafoetida | Bandhani Hing, Strong Flavour & Aroma (50.0 GRAM)",Om Shanthi Havan Samagri | Cycle,0.3989299886621316
Kurkure Yummy PuffCorn Yummy Cheese Chips,Cheetos Masala Balls (28.0 GRAM),0.3989224112887295
Namaskaram Bombay Mix,Parle Krack Jack Sweet and Salty Plain Crackers | Artificial Colour-free,0.3989007724301842
Chheda's Small Bhakarwadi,Kurkure Solid Masti Masala Twisteez (61.0 GRAM),0.3988497571982145
Britannia Treat Rich Creme Choco Flavoured Wafers | Trans Fat-free,Kotton Multipurpose Napkin | 100% Virgin Pulp-Paper | 25 cm X 25 cm | 100Pcs,0.3987798678190138
Palekar Makkhan Butter Rusk | Bromate-free and Trans Fat-free,Kotton Multipurpose Napkin | 100% Virgin Pulp-Paper | 25 cm X 25 cm | 100Pcs,0.3987798678190138
"Haldirams Namkeen - Tasty Nuts, (400.0 GRAM)",Kotton Multipurpose Napkin | 100% Virgin Pulp-Paper | 25 cm X 25 cm | 100Pcs,0.39877986781901364
"Ritebite Max Protein Peri Peri 10G Multigrain Protein Chips, Healthy Snacks & Munchies",Palekar Knot Premium Salty Khari | Preservative-free,0.39875886524822685
Lal Sweets Motichoor Laddu,Paper Boat Chikki Family Pack,0.39870391705069125
Tata Sampann 100% Pure Premium Raisins/Kishmish Seedless,Haldiram's Moong Dal,0.3987014339501722
RiteBite Max Protein 10g Protein Bar Choco Berry (50.0 GRAM),RiteBite Max Protein 10g Protein Bar Choco Almond,0.39869414726242924
Garden Lemon Bhel Namkeen,Kurkure Green Chutney Style (68.0 GRAM),0.39865148905996756
ACT II Ready to Eat Caramel Popcorn - Classic Caramel Bliss (35.0 GRAM),Uncle Chipps - Spicy Treat,0.3985827374872319
Tata Sampann 100% Chana Dal Fine Besan,MAGGI 2-Minute Instant Noodles | Masala Noodles | Made With Quality Spices,0.39856869577099135
Haldiram's Panchratan Mixture,Haldiram's Mini Bhakarwadi,0.3985558516754826
Britannia Treat Jimjam Naughty Jam Cream Biscuits | Trans Fat-free,Aashirvaad 100% Chana Dal Besan (500.0 GRAM),0.39851650003663586
Doritos Nacho Chips - Sweet Chilli Flavour,Kurkure Green Chutney Style (68.0 GRAM),0.3985077963449393
HELL Energy Drink Apple Flavoured Drink,The Theatre Project Gourmet Popcorn - Cheddar Cheese (60.0 GRAM),0.39850606909430436
Tata Sampann Chilli Powder with Natural Oils Lal Mirchi Powder,YiPPee! Magic Masala Noodles with Added Veggies - The Better Noodles,0.3984014231687898
Tata Sampann Chilli Powder with Natural Oils Lal Mirchi Powder,Haldiram Aloo Bhujia ,0.39840099299065423
Kinder Creamy Milky And Cocoa With Extruded Rice (19.0 GRAM),Om Shanthi Havan Samagri | Cycle,0.39837745405179614
Vim Lemon Dishwash Bar,Britannia 50-50 Maska Chaska Biscuits Butter Flavoured Crackers | Trans Fat-free,0.39834230855255237
Vim Lemon Dishwash Bar,Chheda's Long Masala Banana Chips (170.0 GRAM),0.39826490831207584
Beyond Snack Kerala Banana Chips - Peri Peri (70.0 GRAM),Palekar Jeeo Butter | Toasted Buns With Jeera And Khari | Trans Fat-free,0.3982319938284592
Winkies Fruit Cake Slice,Lay's Spanish Tomato Tango Potato Chips,0.39820864067439404
Dukes Nutri Choice Assorted Biscuits Wafers,YiPPee! Magic Masala Noodles with Added Veggies - The Better Noodles,0.3981917014159373
Let's Try Teekha Tadka Makhana Puffs (60.0 GRAM),Bingo! Mad Angles Very Peri Peri Crisps,0.39816998892580285
Tulips Paper Stick Cotton Buds Jar (100.0 PIECE),Palekar Jeeo Butter | Toasted Buns With Jeera And Khari | Trans Fat-free,0.39811992629114995
MAGGI Pazzta Instant Pasta - Mushroom Penne (68.0 GRAM),Korean Nongshim Shin Ramyun Noodle Soup Veg,0.39810366624525917
Gits Gulab Jamun Instant Dessert Mix,Piknik Classic Tomato Chilli,0.39809677419354833
Crax Fritts Peri Peri Corn & Potato Stick Snacks,Haldiram's Moong Dal,0.39803106583928505
Satyam Nighties Spices Tamarind,Scotch-Brite Scrub Sponge (Pack of 3),0.39802031509121066
Parle Hide & Seek Milano Mixed Berries Centre Fills| Preservative-free,Parle Melody Chocolaty Toffee (176.0 GRAM),0.39801418439716313
Catch Red Chilli Powder (200.0 GRAM),MAGGI 2-Minute Instant Noodles | Masala Noodles | Made With Quality Spices,0.3980112570356473
Lay's American Cream & Onion Potato Chips,Chheda's Yellow Banana Chips (170.0 GRAM),0.3980107937046142
"Farmley Seed Mix Superfood Rich In Protein- Pumpkin, Watermelon, Sunflower, Flax, Chia Seeds",Kotton Multipurpose Napkin | 100% Virgin Pulp-Paper | 25 cm X 25 cm | 100Pcs,0.3980010008896797
Chheda's Salt & Pepper Banana Chips,Sunfeast Dark Fantasy Bourbon Chocolate Cream Biscuits | Trans Fat-free,0.397907936855891
Let's Try Namkeen Combo Pack Of 6 (Crunchy Party Mix Peanut Party Mix Aloo Bhujia),Kurkure Solid Masti Masala Twisteez (61.0 GRAM),0.39790640394088667
Crax Cheese Balls Puff Snacks (65.0 GRAM),Piknik Classic Tomato Chilli,0.39783589819473214
Mr Makhana Piri Piri,Tata Sampann 100% Chana Dal Fine Besan,0.3978189028420357
Sunfeast Wowzers Cheese Flavoured Crackers | Artificial Flavour-free,Sunfeast Dark Fantasy Bourbon Chocolate Cream Biscuits | Trans Fat-free,0.3977926489602788
Kurkure Solid Masti Masala Twisteez (61.0 GRAM),RiteBite Max Protein 10g Protein Bar Choco Almond,0.3977776089928604
Too Yumm! Noodles Masala | Spicy No Palm Oil Crisps (67.0 GRAM),Let's Try Salted Peanuts,0.3977567067530065
Sugar Free D'Lite Choco Chip Biscuits | Trans Fat-free,Colombian Brew Original Instant Coffee Sachets | 40 Sachets,0.39770619292237436
Nissin Cup Noodles Italiano,Everest Shahi Biryani Masala (50.0 GRAM),0.39769119769119776
Cadbury Oreo Vanilla Flavour Creme Sandwich Biscuit Mega Family Pack,Kurkure Solid Masti Masala Twisteez (61.0 GRAM),0.39767732713953907
Sunfeast Wowzers Cheese Flavoured Crackers | Artificial Flavour-free,ACT II Ready to Eat Popcorn - Sour Cream & Cheese Popcorn (50.0 GRAM),0.39765237736447634
Parle G Original Milk Glucose Biscuits,Kurkure Yummy PuffCorn Yummy Cheese Chips,0.3976258298683697
YiPPee! Suji Tricolor Creamy Corn Pasta,MAGGI 2-Minute Instant Noodles | Masala Noodles | Made With Quality Spices,0.3976222979180752
Tata Sampann 100% Pure Premium Raisins/Kishmish Seedless,Sunfeast Dark Fantasy Bourbon Chocolate Cream Biscuits | Trans Fat-free,0.3976199771647453
Modern Kitchens Wheel Chips,Modern Kitchens Butter Murukku,0.39761559139784947
Gits Gulab Jamun Instant Dessert Mix,Modern Kitchens Butter Murukku,0.39761559139784947
Sunfeast Dark Fantasy Bourbon Chocolate Cream Biscuits | Trans Fat-free,Cheetos Cheese Puffs (28.0 GRAM),0.3976058325794945
Cornitos Nacho Chips - Peri Peri (55.0 GRAM),"Tetley Ginger, Mint, and Lemon Green Tea",0.3976021039603961
Everest Kashmiri Lal Chilli Powder,Rajdhani Roasted Chana (200.0 GRAM),0.39755186357243316
Vim Lemon Dishwash Bar,Kurkure Green Chutney Style (68.0 GRAM),0.39750540762058534
Britannia Treat Rich Creme Choco Flavoured Wafers | Trans Fat-free,Charliee Rajgira Laddu,0.39749050305053524
Chheda's Farali Potato Chivda (170.0 GRAM),Daily Good Cashew | W320 (100.0 GRAM),0.39741074724463427
Let's Try Cheese Balls (60.0 GRAM),Sunfeast Dark Fantasy Bourbon Chocolate Cream Biscuits | Trans Fat-free,0.3973483788196874
Modern Kitchens Hot Chips Spicy,Haldiram's Lite Chiwda (200.0 GRAM),0.3973279060752063
Jatin Verna Plastic Cloth Hanging Clips Set of 12 pcs,Let's Try Namkeen Combo Pack Of 6 (Crunchy Party Mix Peanut Party Mix Aloo Bhujia),0.3973124701385571
Chheda's Yellow Banana Chips (170.0 GRAM),Kurkure Solid Masti Masala Twisteez (61.0 GRAM),0.39727928588897043
Catch Black Pepper Sprinkler (50.0 GRAM),Sunfeast Dark Fantasy Bourbon Chocolate Cream Biscuits | Trans Fat-free,0.39725101337523266
Hershey's Spread - Cocoa Jar,YiPPee! Magic Masala Noodles with Added Veggies - The Better Noodles,0.3971765776374244
Figaro Extra Virgin Olive Oil,Palekar Knot Premium Salty Khari | Preservative-free,0.3971312780431321
Crax Cheese Balls Puff Snacks (65.0 GRAM),Bhagirathi Rajgira Peeth | Amaranth Flour,0.39711499624949514
Britannia 50-50 Maska Chaska Biscuits Butter Flavoured Crackers | Trans Fat-free,RiteBite Max Protein 10g Protein Bar Choco Almond,0.3970905508933495
Let's Try Cheese Balls (60.0 GRAM),Aashirvaad 100% Chana Dal Besan (500.0 GRAM),0.39707294264339155
"Taali Roasted Bharuchi Peanuts | Nimbu Pudina | Protein Rich , No Palm Oil ,Restaurant-Style Crunch",The Theatre Project Gourmet Popcorn - Cheddar Cheese (60.0 GRAM),0.39702560511384044
Crax Fritts Peri Peri Corn & Potato Stick Snacks,The Theatre Project Gourmet Popcorn - Cheddar Cheese (60.0 GRAM),0.39702560511384044
Haldiram's Panchratan Mixture,The Theatre Project Gourmet Popcorn - Cheddar Cheese (60.0 GRAM),0.3970043976139679
Epigamia Turbo Cookies and Cream Protein Milkshake,Palekar Knot Premium Salty Khari | Preservative-free,0.3969212667908618
Britannia Vita Butter Marie Gold Biscuits | Trans Fat-free,Kurkure Yummy PuffCorn Yummy Cheese Chips,0.3969143923266437
Cornitos Nachos Peri Peri (150.0 GRAM),Daily Good Watermelon Seeds / Tarbuj Beej,0.39690170940170943
Chheda's Salt & Pepper Banana Chips,Kurkure Solid Masti Masala Twisteez (61.0 GRAM),0.396900244656788
Peppy Cheese Balls (55.0 GRAM),Let's Try Namkeen Combo Pack Of 6 (Crunchy Party Mix Peanut Party Mix Aloo Bhujia),0.3967679379444085
Haldiram's Salted Peanut,Haldiram's Masala Tasty Nuts (200.0 GRAM),0.39676619851292344
BORGES Durum Wheat Pasta Penne Rigate,Chheda's Yellow Banana Chips (170.0 GRAM),0.39674109781323874
Nissin Geki - Hot and Spicy Korean Kimchi Flavoured Ramen Instant Noodles,Top Ramen Noodles Curry Veg Pouch,0.39671857619577305
Korean Samyang Hot Chicken Ramen Non Veg,Kinder Joy - Single Pack - Assorted,0.3967042297005249
ACT II Ready to Eat Caramel Popcorn - Classic Caramel Bliss (35.0 GRAM),MAGGI 2-Minute Instant Noodles | Masala Noodles | Made With Quality Spices,0.39664722134234326
Cheetos Cheese Puffs (28.0 GRAM),RiteBite Max Protein 10g Protein Bar Choco Almond,0.3966007328713154
Doublemint Lemonmint Flavour Chewymints Tube (27300.0 MILLIGRAM),Crax Crunchy Pipes Salted Puff Snacks,0.39657363517489375
Everest Black Pepper Powder,Everest Coriander Powder (100.0 GRAM),0.39653241083930485
Mr Makhana Super Snack - Himalayan Salt And Pepper,Haldiram's Masala Tasty Nuts (200.0 GRAM),0.39648694302410514
Top Ramen Masala Instant Noodles,Britannia Treat Rich Creme Choco Flavoured Wafers | Trans Fat-free,0.39648446534577136
Kurkure Playz Puffcorn Yummy Cheese,Haldiram's Bhujia Sev (200.0 GRAM),0.3964313851943208
Cornitos Nacho Crisps - Cheese And Herbs,Modern Kitchens Hot Chips Spicy,0.39639934533551546
Haldiram's Mixture (400.0 GRAM),Parle Melody Chocolaty Toffee (176.0 GRAM),0.39632768361581916
Cornitos Jalapeno Nachos and Salsa Dip Tray (75.0 GRAM),Parle Hide & Seek Milano Chocolate Flavoured Biscuits,0.39630490956072345
Scotch-Brite Scrub Sponge (Pack of 3),Sunfeast Dark Fantasy Bourbon Chocolate Cream Biscuits | Trans Fat-free,0.39627009285274123
Tata Sampann 100% Chana Dal Fine Besan,The Theatre Project Gourmet Popcorn - Cheddar Cheese (60.0 GRAM),0.39625514911847093
Lal Sweets Motichoor Laddu,Parle Hide & Seek Milano Chocolate Flavoured Biscuits,0.3962396849212303
Mr Makhana Lime Chilli,Veeba Thousand Island Dressing,0.39616402116402116
Catch Turmeric Powder (200.0 GRAM),Scotch-Brite Scrub Sponge (Pack of 3),0.39615517771964914
Cornitos Nacho Chips - Peri Peri (55.0 GRAM),Daily Good Watermelon Seeds / Tarbuj Beej,0.3961157654226961
Everest Tikhalal Powder Pouch (200.0 GRAM),Rajdhani Roasted Chana (200.0 GRAM),0.396087829257302
Nongshim Korean Shin Ramyun Cup Noodle Soup Non Veg,Piknik Classic Tomato Chilli,0.396065668202765
Parle Hide & Seek Milano Chocolate Flavoured Biscuits,Kotton Multipurpose Napkin | 100% Virgin Pulp-Paper | 25 cm X 25 cm | 100Pcs,0.395997682694695
Haldiram's Moong Dal,RiteBite Max Protein 10g Protein Bar Choco Almond,0.39599707878779755
Catch Jeera Whole (100.0 GRAM),MAGGI 2-Minute Instant Noodles | Masala Noodles | Made With Quality Spices,0.395980587356894
Winkies Fruit Cake Slice,MAGGI 2-Minute Instant Noodles | Masala Noodles | Made With Quality Spices,0.39598058735689395
Rajam Banana Chips (150.0 GRAM),Britannia 50-50 Maska Chaska Biscuits Butter Flavoured Crackers | Trans Fat-free,0.39595029829668266
Satyam Puffed Rice Kurmura - R (200.0 GRAM),Max Protein Choco Chips Flavoured Biscuits | Maida-free,0.3958759985617584
Chheda's Long Masala Banana Chips (170.0 GRAM),Sunfeast Dark Fantasy Bourbon Chocolate Cream Biscuits | Trans Fat-free,0.3958459930375318
Figaro Extra Virgin Olive Oil,Max Protein Choco Chips Flavoured Biscuits | Maida-free,0.39575032364158014
Nestle Milkmaid Partly Skimmed Sweetened Condensed Milk,Haldiram's Moong Dal,0.39573589429119804
Nissin Cup Noodles Super Hot Chilli,Everest Chhole Masala,0.39558964525407475
Beyond Snack Kerala Banana Chips - Peri Peri (70.0 GRAM),Haldiram's Bhujia Sev (200.0 GRAM),0.39547341311922435
Let's Try Teekha Tadka Makhana Puffs (60.0 GRAM),Kotton Multipurpose Napkin | 100% Virgin Pulp-Paper | 25 cm X 25 cm | 100Pcs,0.3954567022538553
Everest Black Pepper Powder,Crax Crunchy Pipes Salted Puff Snacks,0.39543137018748237
Rajam Garlic Mixture,Kurkure Masala Munch,0.3954127673796792
YiPPee! 100% Suji Masala Pasta Treat,RiteBite Max Protein 10g Protein Bar Choco Almond,0.3953324765435217
Tulips Paper Stick Cotton Buds Jar (100.0 PIECE),Haldiram's Moong Dal,0.39531159892982415
RiteBite Max Protein 10g Protein Bar Choco Berry (50.0 GRAM),Kurkure Green Chutney Style (68.0 GRAM),0.3952091114086393
Everest Cumin Powder (100.0 GRAM),Lay's Spanish Tomato Tango Potato Chips,0.39516888005855905
Cornitos Nacho Chips - Sizzlin Jalapeno (55.0 GRAM),Let's Try Namkeen Combo Pack Of 6 (Crunchy Party Mix Peanut Party Mix Aloo Bhujia),0.3951377987092273
Cadbury Oreo Vanilla Flavour Creme Sandwich Biscuit Family Pack,Kurkure Green Chutney Style (68.0 GRAM),0.3950787757717388
YiPPee! Suji Tricolor Creamy Corn Pasta,Let's Try Namkeen Combo Pack Of 6 (Crunchy Party Mix Peanut Party Mix Aloo Bhujia),0.39506314580941443
Catch Masala Amchur Powder,MAGGI 2-Minute Instant Noodles | Masala Noodles | Made With Quality Spices,0.3950241125082059
Maggi Special Masala Instant Noodles,RiteBite Max Protein 10g Protein Bar Choco Almond,0.3949918961351124
Amul Taaza Homogenised Toned Milk (Tetra Pack),MAGGI 2-Minute Instant Noodles | Masala Noodles | Made With Quality Spices,0.39494534399125497
"Tata Sampann Hing, Compounded Asafoetida | Bandhani Hing, Strong Flavour & Aroma (50.0 GRAM)",Piknik Classic Tomato Chilli,0.3949372759856631
Everest - Ginger Garlic Paste (200.0 GRAM),Polka Pop Zero Sugar Blueberry Sparkling Water,0.3949295774647887
Too Yumm! Karare Munchy Masala | Spicy | No Palm Oil Crisps,Let's Try Salted Peanuts,0.39492326019503543
Lay's India's Magic Masala Potato Chips,Kurkure Green Chutney Style (68.0 GRAM),0.394885607992368
Orion K Snack Rings 3x Spicy,Om Shanthi Havan Samagri | Cycle,0.39485607675906187
"Tata Sampann Hing, Compounded Asafoetida | Bandhani Hing, Strong Flavour & Aroma (50.0 GRAM)",YiPPee! Magic Masala Noodles with Added Veggies - The Better Noodles,0.3948539075927611
Daily Good Mustard / Rai / Sarso Small (100.0 GRAM),MAGGI 2-Minute Instant Noodles | Masala Noodles | Made With Quality Spices,0.39485243753536436
Parle Hide & Seek Milano Mixed Berries Centre Fills| Preservative-free,Rajdhani Roasted Chana (200.0 GRAM),0.3948101265822785
Nongshim Korean Shin Ramyun Cup Noodle Soup Non Veg,Rajdhani Roasted Chana (200.0 GRAM),0.3948101265822785
Sugar Free D'Lite Choco Chip Biscuits | Trans Fat-free,Kinder Joy - Single Pack - Assorted,0.3947784810126582
Sunfeast Dark Fantasy Choco Rolls | Crunchy Wafer Rolls,Kinder Joy - Single Pack - Assorted,0.3947784810126582
Moov Fast Pain Relief Spray (50.0 GRAM),Sunfeast Dark Fantasy Bourbon Chocolate Cream Biscuits | Trans Fat-free,0.39476819454163753
Nissin Geki - Hot and Spicy Korean Kimchi Flavoured Ramen Instant Noodles,Nissin Cup Noodles Super Hot Chilli,0.39475721323011964
Garden Sabudana Chivda Namkeen,Haldiram's Bhujia Sev (200.0 GRAM),0.39474857181951906
Satyam Puffed Rice Kurmura A (200.0 GRAM),Max Protein Choco Chips Flavoured Biscuits | Maida-free,0.39467637432369246
Paper Boat Aam Panna Drink,YiPPee! Magic Masala Noodles with Added Veggies - The Better Noodles,0.39466407398334147
Nissin Geki - Hot and Spicy Korean Kimchi Flavoured Ramen Instant Noodles,Kotton Multipurpose Napkin | 100% Virgin Pulp-Paper | 25 cm X 25 cm | 100Pcs,0.39465455884157563
Alpenliebe Juzt Jelly Strawberry Flavour Pouch,Haldiram's Soan Papdi,0.3946144688003361
"Ritebite Max Protein Cheese & Jalapeno 10G Multigrain Protein Chips, Healthy Snacks & Munchies",Catch Jeera Whole (100.0 GRAM),0.3946105793379601
Garden Lemon Bhel Namkeen,MAGGI 2-Minute Instant Noodles | Masala Noodles | Made With Quality Spices,0.39460565476190473
Veeba Veg Mayonnaise Burger,Haldiram's Mixture (400.0 GRAM),0.394594822497681
Malkist Double Chocolatey Crunchy Layered Crackers,Kurkure Solid Masti Masala Twisteez (61.0 GRAM),0.39453691168272675
Let's Try Kerala Garlic Mix (180.0 GRAM),Let's Try Salted Peanuts,0.39453309692671396
The Whole Truth Double Cocoa Protein Bar,RiteBite Max Protein 10g Protein Bar Choco Almond,0.3945103197911568
Everest Black Pepper Powder,Om Shanthi Havan Samagri | Cycle,0.39450971177944855
Rajam Banana Chips (150.0 GRAM),Britannia Treat Jimjam Naughty Jam Cream Biscuits | Trans Fat-free,0.3944780554856446
Aashirvaad Jeera (100.0 GRAM),Sunfeast Dark Fantasy Bourbon Chocolate Cream Biscuits | Trans Fat-free,0.3944281702569332
Catch Black Pepper Sprinkler (50.0 GRAM),Haldiram's Moong Dal,0.3944262561864009
Top Ramen Masala Instant Noodles,Om Shanthi Havan Samagri | Cycle,0.3944032601572739
Rang Munch Tangy Imli (110.0 GRAM),"Ritebite Max Protein Peri Peri 10G Multigrain Protein Chips, Healthy Snacks & Munchies",0.3943664965986394
BORGES Durum Wheat Pasta Penne Rigate,Haldiram's Masala Tasty Nuts (200.0 GRAM),0.3943552927927928
Lijjat Urad Papad,Chheda's Yellow Banana Chips (170.0 GRAM),0.39434490481522955
Modern Kitchens Hot Chips Spicy,Om Shanthi Havan Samagri | Cycle,0.3942865728021978
Modern Kitchens Potato Chips Salted (70.0 GRAM),Let's Try Salted Peanuts,0.39426370618875256
Orbit Sugar Free Spearmint Chewing Gum Tube (19800.0 MILLIGRAM),Palekar Knot Premium Salty Khari | Preservative-free,0.3942377896785191
Lay's Wafer Chips Red Chilli (48.0 GRAM),Scotch-Brite Scrub Sponge (Pack of 3),0.3942115082482325
Modern Kitchens Hot Chips Salted (100.0 GRAM),Haldiram's Salted Peanut,0.3941267946341616
Alpenliebe Juzt Jelly Strawberry Flavour Pouch,Parle Hide & Seek Milano Chocolate Flavoured Biscuits,0.394004693834009
Beyond Snack Kerala Banana Chips - Original Style (70.0 GRAM),MAGGI 2-Minute Instant Noodles | Masala Noodles | Made With Quality Spices,0.39396591507590534
Haldiram's Mixture (400.0 GRAM),"Ching's Secret Veg Hakka Noodles, Cooks In 5-7 mins, Just Soak & Drain",0.39388313269848874
Daily Good Tamarind / Imli (200.0 GRAM),Catch Jeera Whole (100.0 GRAM),0.3938768286409027
Cheetos Masala Balls (28.0 GRAM),Sunfeast Dark Fantasy Bourbon Chocolate Cream Biscuits | Trans Fat-free,0.39387654488294577
Lay's Classic Salted Potato Chips (50.0 GRAM),Balaji Tomato Wafers (135.0 GRAM),0.39383337339262103
Modern Kitchens Hot Chips Salted (100.0 GRAM),Haldiram's Lite Chiwda (200.0 GRAM),0.39373960874496944
Britannia Treat Jimjam Naughty Jam Cream Biscuits | Trans Fat-free,Daily Good Raw Peanut - Singdana,0.3936552885351293
Rajam Garlic Mixture,Society Natural Tea (250.0 GRAM),0.3936492114123693
"Maggi Nutri-licious Masala Veg Atta Noodles, Instant Noodles",Palekar Jeeo Butter | Toasted Buns With Jeera And Khari | Trans Fat-free,0.39364724967264425
Satyam Puffed Rice Kurmura A (200.0 GRAM),Palekar Knot Premium Salty Khari | Preservative-free,0.3935801786865617
Heka Bites Roasted Chana Jor - Indian Herbs - Low Calorie & Healthy Snacks,Uncle Chipps - Spicy Treat,0.3935013665350744
Sugar Free D'Lite Choco Chip Biscuits | Trans Fat-free,Scotch-Brite Scrub Sponge (Pack of 3),0.3934973569651741
Vim Lemon Dishwash Bar,MAGGI 2-Minute Instant Noodles | Masala Noodles | Made With Quality Spices,0.39347120467402397
Sunfeast Farmlite Gold and Almond Oats Biscuits | Trans Fat-free,Society Natural Tea,0.393421052631579
Hindalco Fresh wrapp Aluminium Foil - 9 m,Sunfeast Dark Fantasy Bourbon Chocolate Cream Biscuits | Trans Fat-free,0.3933563955970441
Lay's West Indies Hot 'n' Sweet Chilli Potato Chips,RiteBite Max Protein 10g Protein Bar Choco Almond,0.39323698099555215
Sunfeast Dark Fantasy Choco Centre Fills | Preservative-free,Kurkure Green Chutney Style (68.0 GRAM),0.39322319555339014
Modern Kitchens Potato Chips Salted (70.0 GRAM),Kinder Joy - Single Pack - Assorted,0.39314039602920325
Britannia Marie Gold Biscuits Plain | Trans Fat-free,Haldiram's Moong Dal,0.3930877767957971
Britannia Treat Jimjam Naughty Jam Cream Biscuits | Trans Fat-free,Max Protein Choco Chips Flavoured Biscuits | Maida-free,0.39304831285774583
Haldiram's Panchratan Mixture,Sunfeast Dark Fantasy Bourbon Chocolate Cream Biscuits | Trans Fat-free,0.39304361541278554
Modern Kitchens Potato Chips Salted (70.0 GRAM),The Whole Truth Double Cocoa Protein Bar,0.39292300599354546
Bingo! Mad Angles Very Peri Peri Crisps,MAGGI 2-Minute Instant Noodles | Masala Noodles | Made With Quality Spices,0.39291097040063905
Mr Makhana Piri Piri,Chheda's Yellow Banana Chips (170.0 GRAM),0.3928679576061837
Namaskaram Methi Khakhra,Kurkure Green Chutney Style (68.0 GRAM),0.3928343049280431
YiPPee! Suji Tricolor Creamy Corn Pasta,Cheetos Masala Balls (28.0 GRAM),0.3928335160591035
Haldiram's All In One Mixture,Sunfeast Dark Fantasy Bourbon Chocolate Cream Biscuits | Trans Fat-free,0.39281697485214273
Colombian Brew Original Instant Coffee Sachets | 40 Sachets,Crax Crunchy Pipes Salted Puff Snacks,0.39276276605749033
Everest Shahi Biryani Masala (50.0 GRAM),Parle Shakti Milk Glucose Biscuits | Cholesterol-free and Trans Fat-free,0.3927167307020607
Figaro Extra Virgin Olive Oil,The Healthy Binge Quinoa Baked Chips Smokey Bbq -High Protein And Fibre (40.0 GRAM),0.39268049155145934
Cornitos Nacho Chips - Cheese And Herbs (55.0 GRAM),Sunfeast All Rounder Crunchy Potato Chatpata Masala Flavoured Crackers | Trans Fat-free,0.3926530550146056
Sunfeast Dark Fantasy Vanilla Cream Dark Crunchy Biscuits | Artificial Colour-free,Sunfeast Dark Fantasy Bourbon Chocolate Cream Biscuits | Trans Fat-free,0.3926232220695237
The Belgian Crisps Double Choco Waffle Wafers | Artificial Colour-free,Let's Try Salted Peanuts,0.3925629513956666
Lijjat Urad Papad,Let's Try Namkeen Combo Pack Of 6 (Crunchy Party Mix Peanut Party Mix Aloo Bhujia),0.392505301715828
Haldiram's Panchratan Mixture,Haldiram's Moong Dal,0.39250400233436644
Too Yumm! Noodles Masala | Spicy No Palm Oil Crisps (67.0 GRAM),Haldiram's Moong Dal,0.39249324231456456
"Cheetos Masala Balls, Crispy Chips & Snacks (84.0 GRAM)",Maggi Special Masala Instant Noodles,0.39245597182196607
Rajam Banana Chips (150.0 GRAM),Kurkure Green Chutney Style (68.0 GRAM),0.39239643229516147
"Cheetos Masala Balls, Crispy Chips & Snacks (84.0 GRAM)",Haldiram's Salted Peanut,0.39235929160601646
Scotch-Brite Scrub Sponge (Pack of 3),Lay's Spanish Tomato Tango Potato Chips,0.39235809394806787
Rang Munch Tangy Imli (110.0 GRAM),Crax Crunchy Pipes Salted Puff Snacks,0.3923457712604492
Parle Hide & Seek Chocolate Chip Biscuits | Trans Fat-free,Max Protein Choco Chips Flavoured Biscuits | Maida-free,0.39234230594846453
Britannia 50-50 Maska Chaska Biscuits Butter Flavoured Crackers | Trans Fat-free,Sunfeast Dark Fantasy Bourbon Chocolate Cream Biscuits | Trans Fat-free,0.3922814105994446
Veeba Chef'S Special Veg Mayonnaise Smart,YiPPee! Magic Masala Noodles with Added Veggies - The Better Noodles,0.3922721705046546
Uncle Chipps - Spicy Treat,Haldiram's Moong Dal,0.3920919056658629
Everest Tikhalal Powder Pouch (200.0 GRAM),Haldiram's Masala Tasty Nuts (200.0 GRAM),0.39205807749497074
Catch Red Chilli Powder (200.0 GRAM),Haldiram's Bhujia Sev (200.0 GRAM),0.3920164776898605
"Eveready Ultima Alkaline AAA Battery, 400% Longer Lasting",Max Protein Choco Chips Flavoured Biscuits | Maida-free,0.39195157726250923
Catch Jeera Powder Pouch,Om Shanthi Havan Samagri | Cycle,0.39193121693121696
ZOFF Black Mustard Seeds Whole - Rai (200.0 GRAM),Haldiram's Salted Peanut,0.39190092794759823
Modern Kitchens Hot Chips Spicy,Piknik Classic Tomato Chilli,0.39189929693961945
Haldiram's Moong Dal,YiPPee! Magic Masala Noodles with Added Veggies - The Better Noodles,0.3918789808917197
Sunfeast Wowzers Cheese Flavoured Crackers | Artificial Flavour-free,Let's Try Salted Peanuts,0.3917218543046358
Nissin Cup Noodles Super Hot Chilli,Lal Sweets Motichoor Laddu,0.39171329822251477
Britannia Treat Rich Creme Strawberry Flavoured Wafers | Trans Fat-free,MAGGI 2-Minute Instant Noodles | Masala Noodles | Made With Quality Spices,0.3916764505377973
Snackible Cheese Dosa Khakra | Millet Snack (100.0 GRAM),Cornitos Nacho Chips - Cheese And Herbs (55.0 GRAM),0.39163276069921643
Kotton Multipurpose Napkin | 100% Virgin Pulp-Paper | 25 cm X 25 cm | 100Pcs,Crax Crunchy Pipes Salted Puff Snacks,0.39162357386581104
Scotch-Brite Scrub Sponge (Pack of 3),Let's Try Namkeen Combo Pack Of 6 (Crunchy Party Mix Peanut Party Mix Aloo Bhujia),0.3915357962932589
Garden Sabudana Chivda Namkeen,Sunfeast Dark Fantasy Bourbon Chocolate Cream Biscuits | Trans Fat-free,0.3915221562563489
"Ritebite Max Protein Peri Peri 10G Multigrain Protein Chips, Healthy Snacks & Munchies",Kinder Joy - Single Pack - Assorted,0.3914886603375527
Chheda's Yellow Banana Chips (170.0 GRAM),RiteBite Max Protein 10g Protein Bar Choco Almond,0.39146801220566335
Max Protein Choco Chips Flavoured Biscuits | Maida-free,RiteBite Max Protein 10g Protein Bar Choco Almond,0.3914356939324006
Alpenliebe Pop Assorted Flavours Lollipop (64.0 GRAM),Haldiram Aloo Bhujia ,0.39143534663132934
Kurkure Yummy PuffCorn Yummy Cheese Chips,RiteBite Max Protein 10g Protein Bar Choco Almond,0.39139657457471777
Haldiram's Ratlami Sev (200.0 GRAM),Haldiram's Moong Dal,0.3912015783825251
Bikano Classic Salted Peanuts (200.0 GRAM),YiPPee! Magic Masala Noodles with Added Veggies - The Better Noodles,0.39119195603040885
RiteBite Max Protein 10g Protein Bar Choco Berry (50.0 GRAM),Kurkure Solid Masti Masala Twisteez (61.0 GRAM),0.39117851788391517
RiteBite Max Protein 10g Protein Bar Choco Almond,Max Protein Choco Chips Flavoured Biscuits | Maida-free,0.3911576527149749
Lay's American Cream & Onion Potato Chips,Britannia Good Day Chunkies Chocochip Cookies,0.391150614931578
Doritos Nacho Chips - Sweet Chilli Flavour,RiteBite Max Protein 10g Protein Bar Choco Almond,0.39105632834935583
Namaskaram Nachani (Ragi) Chips,Kinder Joy - Single Pack - Assorted,0.39101868595539485
Orbit Sugar Free Spearmint Chewing Gum Tube (19800.0 MILLIGRAM),Kinder Joy - Single Pack - Assorted,0.39101868595539485
Everest Kashmiri Lal Chilli Powder,Lay's Spanish Tomato Tango Potato Chips,0.3909496289954338
Sunfeast All Rounder Crunchy Potato Chatpata Masala Flavoured Crackers | Trans Fat-free,MAGGI 2-Minute Instant Noodles | Masala Noodles | Made With Quality Spices,0.3909039131600107
Fevikwik Instant Adhesive (3 gm),Cheetos Cheese Puffs (28.0 GRAM),0.3908497125672891
Sunfeast Farmlite Gold and Almond Oats Biscuits | Trans Fat-free,Haldiram's Salted Peanut,0.39081532980923916
Crax Crunchy Pipes Salted Puff Snacks,Haldiram's Lite Chiwda (200.0 GRAM),0.3908086254701454
Top Ramen Masala Instant Noodles,Top Ramen Curry Veg Instant Noodles,0.390791709140333
Tata Sampann 100% Pure Premium Raisins/Kishmish Seedless,Scotch-Brite Scrub Sponge (Pack of 3),0.3907835820895523
Tata Sampann 100% Pure Premium Raisins/Kishmish Seedless,Haldiram's Bhujia Sev (200.0 GRAM),0.3907428699000949
YiPPee! 100% Suji Masala Pasta Treat,Aashirvaad 100% Chana Dal Besan (500.0 GRAM),0.3907314344829326
Daily Good Saunf / Fennel,MAGGI 2-Minute Instant Noodles | Masala Noodles | Made With Quality Spices,0.3906918440759124
Let's Try Cheese Balls (60.0 GRAM),Haldiram's Moong Dal,0.39066749112125826
Lal Mysore Pak Premium,Haldiram Aloo Bhujia ,0.3905385875325176
Lay's Wafer Chips Red Chilli (48.0 GRAM),Palekar Jeeo Butter | Toasted Buns With Jeera And Khari | Trans Fat-free,0.39053324892988484
Namaskaram Mini Bhakarwadi,Max Protein Choco Chips Flavoured Biscuits | Maida-free,0.3904534055990029
Tata Sampann 100% Chana Dal Fine Besan,Haldiram's Bhujia Sev (200.0 GRAM),0.3904506892895016
ACT II Ready to Eat Popcorn - Sour Cream & Cheese Popcorn (50.0 GRAM),Haldiram's Moong Dal,0.39040412326032864
Candyman Choco Double Eclairs (75.0 PIECE),Sunfeast Dark Fantasy Bourbon Chocolate Cream Biscuits | Trans Fat-free,0.3903930994614659
BORGES Durum Wheat Pasta Penne Rigate,Britannia Good Day Chunkies Chocochip Cookies,0.3903419384057971
Uncle Chipps - Spicy Treat,Palekar Jeeo Butter | Toasted Buns With Jeera And Khari | Trans Fat-free,0.39025316292778356
ZOFF Black Mustard Seeds Whole - Rai (200.0 GRAM),Chheda's Yellow Banana Chips (170.0 GRAM),0.3902371453900709
Everest Cumin Powder (100.0 GRAM),Haldiram's Masala Tasty Nuts (200.0 GRAM),0.390140808747679
Parle Hide & Seek Milano Choco Filled Hazelnut Chocolate Centre Fills | Trans Fat-free,Rajdhani Roasted Chana (200.0 GRAM),0.39011000602772755
Catch Turmeric Powder/Haldi (100.0 GRAM),Sunfeast Dark Fantasy Bourbon Chocolate Cream Biscuits | Trans Fat-free,0.3900965833597939
RiteBite Max Protein 10g Protein Bar Choco Berry (50.0 GRAM),Max Protein Choco Chips Flavoured Biscuits | Maida-free,0.390036212868689
Veeba Veg Mayonnaise Burger,Parle Melody Chocolaty Toffee (176.0 GRAM),0.3898459828516989
Sunfeast Dark Fantasy Choco Centre Fills | Preservative-free,Cheetos Masala Balls (28.0 GRAM),0.38982455421612705
Figaro Extra Virgin Olive Oil,Haldiram's Salted Peanut,0.3897400707007694
Catch Peri Peri Sprinkler (90.0 GRAM),Haldiram's Masala Tasty Nuts (200.0 GRAM),0.3897158187599364
Satyam Singdana,Haldiram's Moong Dal,0.389544743114787
ACT II Ready to Eat Popcorn - Sour Cream & Cheese Popcorn (50.0 GRAM),Too Yumm! Noodles Masala | Spicy No Palm Oil Crisps (67.0 GRAM),0.3894939218552861
Cornitos Jalapeno Nachos and Salsa Dip Tray (75.0 GRAM),Om Shanthi Havan Samagri | Cycle,0.3894816468253968
Nutrela Soya Granules (200.0 GRAM),Chheda's Yellow Banana Chips (170.0 GRAM),0.3894643985675163
Orbit Sugar Free Sweetmint Chewing Gum Tube (19800.0 MILLIGRAM),Let's Try Namkeen Combo Pack Of 6 (Crunchy Party Mix Peanut Party Mix Aloo Bhujia),0.389461661933572
Everest Powder - Tea Masala (100.0 GRAM),Ezee Medium Garbage Bags 19x 21 Inch (30.0 PIECE),0.3894491129785247
Modern Kitchens Wheel Chips,Haldiram's Salted Peanut,0.3894257641921397
Wok Tok by Veeba Instant Cup Noodles Masala (75500.0 MILLIGRAM),Parle Melody Chocolaty Toffee (176.0 GRAM),0.3893617021276595
Everest Sambhar Masala,Parle Hide & Seek Milano Chocolate Flavoured Biscuits,0.3893455922120065
"Tata Sampann Hing, Compounded Asafoetida | Bandhani Hing, Strong Flavour & Aroma (50.0 GRAM)",Crax Crunchy Pipes Salted Puff Snacks,0.3893392902546221
Fortune Besan (500.0 GRAM),Max Protein Choco Chips Flavoured Biscuits | Maida-free,0.38927806525239583
Catch Peri Peri Sprinkler (90.0 GRAM),Let's Try Namkeen Combo Pack Of 6 (Crunchy Party Mix Peanut Party Mix Aloo Bhujia),0.3892533936651583
Mysore Sandal Soap,Max Protein Choco Chips Flavoured Biscuits | Maida-free,0.3892504588368754
Parle G Original Milk Glucose Biscuits,Kurkure Solid Masti Masala Twisteez (61.0 GRAM),0.38915158757255036
Sunfeast Dark Fantasy Choco Centre Fills | Preservative-free,MAGGI Pazzta Instant Pasta - Cheese Macaroni,0.38912316979948647
Haldiram's All In One Mixture,The Theatre Project Gourmet Popcorn - Cheddar Cheese (60.0 GRAM),0.3891229622042723
Yogabar Dark Chocolate Oatmeal 400g Breakfast Cereal Gluten Free Oats High in Protein & Gluten-Free,Piknik Classic Tomato Chilli,0.3891171477079796
Bauli Moonfils Croissants Choco Cream (Egg) (50.0 GRAM),Let's Try Salted Peanuts,0.38911548003909485
Chheda's Long Masala Banana Chips (170.0 GRAM),Cheetos Cheese Puffs (28.0 GRAM),0.3890827608829886
Unibic Danish Coconut Cookies,Om Shanthi Havan Samagri | Cycle,0.38904936974789917
Lay's Wafer Chips Red Chilli (48.0 GRAM),MAGGI 2-Minute Instant Noodles | Masala Noodles | Made With Quality Spices,0.3890335595085274
Haldiram's All In One Mixture,MAGGI 2-Minute Instant Noodles | Masala Noodles | Made With Quality Spices,0.3890335595085274
Lijjat Urad Papad,MAGGI 2-Minute Instant Noodles | Masala Noodles | Made With Quality Spices,0.38903355950852736
Daily Good Mustard / Rai / Sarso Small (100.0 GRAM),Sunfeast Dark Fantasy Bourbon Chocolate Cream Biscuits | Trans Fat-free,0.3890123988444492
Let's Try Salted Peanuts,Palekar Jeeo Butter | Toasted Buns With Jeera And Khari | Trans Fat-free,0.3889774804416173
Daily Good Lachkari Kolam Raw Rice,Kurkure Green Chutney Style (68.0 GRAM),0.38892828200972446
Haldiram's Lite Chiwda (200.0 GRAM),Haldiram's Moong Dal,0.38891847556305076
Hershey's Spread - Cocoa Jar,Dukes Nutri Choice Assorted Biscuits Wafers,0.3888640348225621
Sunfeast Wowzers Cheese Flavoured Crackers | Artificial Flavour-free,Parle Shakti Milk Glucose Biscuits | Cholesterol-free and Trans Fat-free,0.3888534464612445
"Ritebite Max Protein Peri Peri 10G Multigrain Protein Chips, Healthy Snacks & Munchies",Lal Sweets Motichoor Laddu,0.3887663810483871
Bingo! Original Style Chilli Sprinkled - Flat Cut Spicy Potato Chips Pack for Snacks,Aashirvaad 100% Chana Dal Besan (500.0 GRAM),0.3887452675349522
Tulips Paper Stick Cotton Buds Jar (100.0 PIECE),The Theatre Project Gourmet Popcorn - Cheddar Cheese (60.0 GRAM),0.3886615515771526
Lay's Wafer Chips Red Chilli (48.0 GRAM),Haldiram's Panchratan Mixture,0.3886146713935097
Modern Kitchens Potato Chips Salted (70.0 GRAM),Palekar Knot Premium Salty Khari | Preservative-free,0.38859488705873446
Hindalco Fresh wrapp Aluminium Foil - 9 m,Cheetos Cheese Puffs (28.0 GRAM),0.38858840504678627
ACT II Ready to Eat Popcorn - Sour Cream & Cheese Popcorn (50.0 GRAM),Cheetos Cheese Puffs (28.0 GRAM),0.3885650193515408
Rajam Garlic Mixture,Scotch-Brite Scrub Sponge (Pack of 3),0.38856322082767975
Parle Hide & Seek Milano Chocolate Flavoured Biscuits,Crax Crunchy Pipes Salted Puff Snacks,0.3885072641158001
Ezee Small Garbage Bags 17 x 19 Inch (30.0 PIECE),Aashirvaad 100% Chana Dal Besan (500.0 GRAM),0.38845002189865846
Parle Krack Jack Sweet and Salty Plain Crackers | Artificial Colour-free,Cheetos Masala Balls (28.0 GRAM),0.3884307178631051
Kotton Multipurpose Napkin | 100% Virgin Pulp-Paper | 25 cm X 25 cm | 100Pcs,Om Shanthi Havan Samagri | Cycle,0.3883571110828673
YiPPee! Suji Tricolor Creamy Corn Pasta,Kurkure Masala Munch,0.38834138132865087
Maggi Special Masala Instant Noodles,Cheetos Cheese Puffs (28.0 GRAM),0.3883239175511352
Veeba Chef'S Special Veg Mayonnaise Smart,Lay's Spanish Tomato Tango Potato Chips,0.3882534246575342
Everest Sabji Masala,Palekar Knot Premium Salty Khari | Preservative-free,0.3882096889189088
Cadbury Oreo Vanilla Flavour Creme Sandwich Biscuit Family Pack,MAGGI 2-Minute Instant Noodles | Masala Noodles | Made With Quality Spices,0.38820422440104796
Daily Good Tamarind / Imli (200.0 GRAM),Cheetos Masala Balls (28.0 GRAM),0.3882035584048455
Too Yumm! Karare Munchy Masala | Spicy | No Palm Oil Crisps,MAGGI 2-Minute Instant Noodles | Masala Noodles | Made With Quality Spices,0.38818930265195506
"Taali Roasted Protein Puffs | Smokey Bbq | Protein Rich,No Maida , No Palm Oil | Cheeseballs 2.0 (60.0 GRAM)",Everest Chhole Masala,0.3880974171242627
Pulse Guava 50 Candies,Haldiram's Moong Dal,0.3880802891933029
Society Natural Tea (250.0 GRAM),RiteBite Max Protein 10g Protein Bar Choco Almond,0.3880726657564126
Maggi Pazzta Instant Pasta - Masala Penne (69.0 GRAM),Kurkure Yummy PuffCorn Yummy Cheese Chips,0.3880213412242061
Cornitos Jalapeno Nachos and Salsa Dip Tray (75.0 GRAM),Korean Nongshim Shin Ramyun Noodle Soup Veg,0.38793650793650797
Top Ramen Curry Veg Instant Noodles,Crax Crunchy Pipes Salted Puff Snacks,0.387936265785236
Unibic Choco Chip Flavoured Biscuits | Trans Fat-free,MAGGI 2-Minute Instant Noodles | Masala Noodles | Made With Quality Spices,0.3879358350178148
Haldiram's Panchratan Mixture,Haldiram's Bhujia Sev (200.0 GRAM),0.3879290545552448
Britannia Good Day Cashew Dry Fruit Biscuits| Trans Fat-free,Sunfeast Dark Fantasy Bourbon Chocolate Cream Biscuits | Trans Fat-free,0.38792561767432643
Parle Melody Chocolaty Toffee (176.0 GRAM),Crax Crunchy Pipes Salted Puff Snacks,0.3878840255124398
Tata Sampann 100% Chana Dal Fine Besan,Haldiram's Masala Tasty Nuts (200.0 GRAM),0.38786002914679385
YiPPee! 100% Suji Cheese Pasta Treat,MAGGI 2-Minute Instant Noodles | Masala Noodles | Made With Quality Spices,0.3878328386458468
Aashirvaad Jeera (100.0 GRAM),Max Protein Choco Chips Flavoured Biscuits | Maida-free,0.3878289067735952
Catch Red Chilli Powder (200.0 GRAM),Let's Try Namkeen Combo Pack Of 6 (Crunchy Party Mix Peanut Party Mix Aloo Bhujia),0.38782755705832633
Rajam Garlic Mixture,Haldirams Namkeen - Khara Boondi,0.3878189792663477
Chheda's Long Masala Banana Chips (170.0 GRAM),RiteBite Max Protein 10g Protein Bar Choco Almond,0.38781557278016326
Doublemint Lemonmint Flavour Chewymints Tube (27300.0 MILLIGRAM),Rajdhani Roasted Chana (200.0 GRAM),0.3877599457504521
Doritos Nacho Cheese Flavoured Corn Chips (45.0 GRAM),MAGGI 2-Minute Instant Noodles | Masala Noodles | Made With Quality Spices,0.38763616884937324
Let's Try Cheese Balls (60.0 GRAM),Max Protein Choco Chips Flavoured Biscuits | Maida-free,0.3876285819250551
Sunfeast Dark Fantasy Choco Rolls | Crunchy Wafer Rolls,Max Protein Choco Chips Flavoured Biscuits | Maida-free,0.3876285819250551
"Taali Roasted Protein Puffs| Cheese & Herbs| Protein Rich, No Maida,No palm oil| Cheeseballs 2.0",Parle Hide & Seek Milano Chocolate Flavoured Biscuits,0.38758683177287834
Tata Sampann Chilli Powder with Natural Oils Lal Mirchi Powder,Om Shanthi Havan Samagri | Cycle,0.38752964564732145
Parle Hide & Seek Chocolate Chip Biscuits | Trans Fat-free,RiteBite Max Protein 10g Protein Bar Choco Almond,0.38751902023696216
Cadbury Oreo Vanilla Flavour Creme Sandwich Biscuit Mega Family Pack,Britannia Treat Jimjam Naughty Jam Cream Biscuits | Trans Fat-free,0.3874037356095563
Daily Good Tamarind / Imli (200.0 GRAM),Britannia Treat Jimjam Naughty Jam Cream Biscuits | Trans Fat-free,0.3873793243651978
Chheda's Salt & Pepper Banana Chips,Cheetos Cheese Puffs (28.0 GRAM),0.38737286544552196
Parle Hide & Seek Milano Mixed Berries Centre Fills| Preservative-free,Palekar Knot Premium Salty Khari | Preservative-free,0.38736575481256336
Britannia Vita Butter Marie Gold Biscuits | Trans Fat-free,MAGGI 2-Minute Instant Noodles | Masala Noodles | Made With Quality Spices,0.3873624531532502
Nutrela Soya Granules (200.0 GRAM),Haldiram's Moong Dal,0.38731181337311815
Om Shanthi Havan Samagri | Cycle,YiPPee! Magic Masala Noodles with Added Veggies - The Better Noodles,0.3872961570177434
Tata Sampann Turmeric Powder With Natural Oils,Peppy Tomato Disc (55.0 GRAM),0.38728304168445016
Orbit Sugar Free Spearmint Chewing Gum Tube (19800.0 MILLIGRAM),Haldiram's Masala Tasty Nuts (200.0 GRAM),0.3872610705944039
Hindalco Fresh wrapp Aluminium Foil - 9 m,Palekar Jeeo Butter | Toasted Buns With Jeera And Khari | Trans Fat-free,0.3872409172448075
Tata Sampann Turmeric Powder With Natural Oils,Haldiram's Masala Tasty Nuts (200.0 GRAM),0.38718519656019657
Let's Try Salted Peanuts,Kurkure Solid Masti Masala Twisteez (61.0 GRAM),0.3871826852531181
Beyond Snack Kerala Banana Chips - Peri Peri (70.0 GRAM),MAGGI 2-Minute Instant Noodles | Masala Noodles | Made With Quality Spices,0.387181018748963
Catch Dhania Powder (200.0 GRAM),Haldiram's Bhujia Sev (200.0 GRAM),0.38717676808875107
"Maggi Nutri-licious Masala Veg Atta Noodles, Instant Noodles",Cheetos Cheese Puffs (28.0 GRAM),0.3870769888842956
Tata Sampann Turmeric Powder With Natural Oils,Om Shanthi Havan Samagri | Cycle,0.3870599127435065
Aashirvaad Jeera (100.0 GRAM),Kurkure Solid Masti Masala Twisteez (61.0 GRAM),0.38705337253853694
Chheda's Long Masala Banana Chips (170.0 GRAM),Max Protein Choco Chips Flavoured Biscuits | Maida-free,0.38703977901580194
Aashirvaad Jeera (100.0 GRAM),RiteBite Max Protein 10g Protein Bar Choco Almond,0.3870183496681806
Candyman Choco Double Eclairs (75.0 PIECE),Haldiram's Mini Bhakarwadi,0.38701611987739815
Parle G Original Milk Glucose Biscuits,Parle Hide & Seek Chocolate Chip Biscuits | Trans Fat-free,0.3870089531592228
Cornitos Nacho Crisps - Cheese And Herbs,Om Shanthi Havan Samagri | Cycle,0.38697995820668696
Cornitos Nacho Chips - Cheese And Herbs (55.0 GRAM),"Paper Boat Mango | Juicy Sips, Chewy Bites | Refreshing Summer Juice Drink",0.38693854634544717
YiPPee! 100% Suji Cheese Pasta Treat,Haldiram's Masala Tasty Nuts (200.0 GRAM),0.3868901308716123
Orbit Sugar Free Spearmint Chewing Gum Tube (19800.0 MILLIGRAM),Lay's Spanish Tomato Tango Potato Chips,0.3868839240414582
"Yoga Bar Muesli Dark Chocolate & Cranberry,Breakfast Cereals, Protein Granola, Gluten Free",Lay's Spanish Tomato Tango Potato Chips,0.386846709350804
Catch Masala Amchur Powder,Chheda's Yellow Banana Chips (170.0 GRAM),0.3868437789084181
Colombian Brew Original Instant Coffee Sachets | 40 Sachets,Haldiram's Masala Tasty Nuts (200.0 GRAM),0.38679231457484875
"Farmley Seed Mix Superfood Rich In Protein- Pumpkin, Watermelon, Sunflower, Flax, Chia Seeds",Haldiram's Salted Peanut,0.386744336790393
Nissin Geki - Hot and Spicy Korean Kimchi Flavoured Ramen Instant Noodles,Everest Chhole Masala,0.38672298079148343
Snackible Cheese Dosa Khakra | Millet Snack (100.0 GRAM),Crax Crunchy Pipes Salted Puff Snacks,0.3867086193745233
Tata Classic Grand Instant Coffee,Crax Crunchy Pipes Salted Puff Snacks,0.38670861937452317
Rajdhani Roasted Chana (200.0 GRAM),Sunfeast Dark Fantasy Bourbon Chocolate Cream Biscuits | Trans Fat-free,0.3867010361026713
"Paper Boat Mango | Juicy Sips, Chewy Bites | Refreshing Summer Juice Drink",Om Shanthi Havan Samagri | Cycle,0.38669624855990786
MasterChow Korean Instant Cup Noodles - Korean 2X Spicy Flavour Veg,Haldiram's Mixture (400.0 GRAM),0.38667608286252353
Daily Good Cashew | W320 (100.0 GRAM),MAGGI 2-Minute Instant Noodles | Masala Noodles | Made With Quality Spices,0.3866477115606035
Everest Black Pepper Powder,Piknik Classic Tomato Chilli,0.38662280701754387
"Haldirams Namkeen - Tasty Nuts, (400.0 GRAM)",Max Protein Choco Chips Flavoured Biscuits | Maida-free,0.38662175443953556
Hindalco Fresh wrapp Aluminium Foil - 9 m,Haldiram's Moong Dal,0.3866158352718187
Cavin's Strawberry Milkshake,Mr Makhana Lime Chilli,0.3866102538576406
Orion K Snack Rings 3x Spicy,Chheda's Golden Plain Salted Chips (170.0 GRAM),0.38659646341043047
Too Yumm! Noodles Masala | Spicy No Palm Oil Crisps (67.0 GRAM),Palekar Jeeo Butter | Toasted Buns With Jeera And Khari | Trans Fat-free,0.3865036950200554
Haldiram's Panchratan Mixture,Scotch-Brite Scrub Sponge (Pack of 3),0.3863965470574588
Society Natural Tea (250.0 GRAM),Let's Try Salted Peanuts,0.386384845091452
"Yoga Bar Muesli Dark Chocolate & Cranberry,Breakfast Cereals, Protein Granola, Gluten Free",Palekar Knot Premium Salty Khari | Preservative-free,0.3863750495572883
Chheda's Long Masala Banana Chips (170.0 GRAM),Aashirvaad 100% Chana Dal Besan (500.0 GRAM),0.38633058703452344
Coca-Cola Zero Sugar Soft Drink,Lay's Spanish Tomato Tango Potato Chips,0.38624694701072526
ACT II Ready to Eat Popcorn - Sour Cream & Cheese Popcorn (50.0 GRAM),Let's Try Salted Peanuts,0.386219582112371
Hillers Thin Hakka Noodles,Crax Crunchy Pipes Salted Puff Snacks,0.38617226900091084
Haldiram's Moong Dal,Max Protein Choco Chips Flavoured Biscuits | Maida-free,0.38609458753691944
Alpenliebe Pop Assorted Flavours Lollipop (64.0 GRAM),Kinder Creamy Milky And Cocoa With Extruded Rice (19.0 GRAM),0.3860871083180588
The Healthy Binge Ragi Baked Chips Chatpata Chaat- High Protein & Fibre (40.0 GRAM),Haldiram's Moong Dal,0.386055522467077
Disano Rolled Oats 100% Whole Grain,Kinder Joy - Single Pack - Assorted,0.38600562587904363
Bauli Moonfils Croissants Choco Cream,RiteBite Max Protein 10g Protein Bar Choco Almond,0.3859929351118778
Kurkure Schezwan Chutney (68.0 GRAM),Haldiram's Bhujia Sev (200.0 GRAM),0.38598910929093283
Mr Makhana Super Snack - Himalayan Salt And Pepper,Haldiram's Moong Dal,0.38598255790036606
Palekar Tea Time Ajwain Rusk | Trans Fat-free,Mr Makhana Lime Chilli,0.38588626461820685
Sunfeast Dark Fantasy Vanilla Cream Dark Crunchy Biscuits | Artificial Colour-free,Max Protein Choco Chips Flavoured Biscuits | Maida-free,0.3857604923736091
"Aashirvaad Chilli Powder, Red Hot Chilli Powder with No Added Flavours and Colours",Haldiram's Moong Dal,0.3857282874406162
"Maggi Nutri-licious Masala Veg Atta Noodles, Instant Noodles",Let's Try Namkeen Combo Pack Of 6 (Crunchy Party Mix Peanut Party Mix Aloo Bhujia),0.3857277374226527
Sunfeast Wowzers Cheese Flavoured Crackers | Artificial Flavour-free,Uncle Chipps - Spicy Treat,0.38568345859066894
Orion K Snack Rings 3x Spicy,Let's Try Namkeen Combo Pack Of 6 (Crunchy Party Mix Peanut Party Mix Aloo Bhujia),0.3856568804329998
"Cheetos Masala Balls, Crispy Chips & Snacks (84.0 GRAM)",Colombian Brew Original Instant Coffee Sachets | 40 Sachets,0.3856544901065449
Pulse Guava 50 Candies,Chheda's Yellow Banana Chips (170.0 GRAM),0.3856461201501877
YiPPee! Magic Masala Noodles with Added Veggies - The Better Noodles,RiteBite Max Protein 10g Protein Bar Choco Almond,0.3856441795972576
Orbit Sugar Free Sweetmint Chewing Gum Tube (19800.0 MILLIGRAM),Haldiram's Salted Peanut,0.3856434914871694
Colombian Brew Original Instant Coffee Sachets | 40 Sachets,Lay's Spanish Tomato Tango Potato Chips,0.3855941546256333
Lay's American Cream & Onion Potato Chips (48.0 GRAM),Lay's India's Magic Masala Potato Chips,0.38557594957379404
Parle Melody Chocolaty Toffee (176.0 GRAM),Palekar Knot Premium Salty Khari | Preservative-free,0.3854265019724504
Haldiram Aloo Bhujia ,Snackible Cheese Dosa Khakra | Millet Snack (100.0 GRAM),0.3854138851802403
The Belgian Crisps Double Choco Waffle Wafers | Artificial Colour-free,Scotch-Brite Scrub Sponge (Pack of 3),0.3854058263727236
Alpenliebe Pop Assorted Flavours Lollipop (64.0 GRAM),Kotton Multipurpose Napkin | 100% Virgin Pulp-Paper | 25 cm X 25 cm | 100Pcs,0.3853880065862857
Daily Good Saunf / Fennel,Rajdhani Roasted Chana (200.0 GRAM),0.38538584393581315
Everest Sabji Masala,"Ritebite Max Protein Peri Peri 10G Multigrain Protein Chips, Healthy Snacks & Munchies",0.385378086419753
Tata Sampann Chilli Powder with Natural Oils Lal Mirchi Powder,Chheda's Yellow Banana Chips (170.0 GRAM),0.385359181072695
Haldirams Namkeen - Khara Boondi,The Theatre Project Gourmet Popcorn - Cheddar Cheese (60.0 GRAM),0.3853496486313823
"Yoga Bar Muesli Dark Chocolate & Cranberry,Breakfast Cereals, Protein Granola, Gluten Free",Sunfeast All Rounder Crunchy Potato Chatpata Masala Flavoured Crackers | Trans Fat-free,0.3853365384615384
Modern Kitchens Wheel Chips,Kinder Joy - Single Pack - Assorted,0.38530379746835436
Catch Jeera Whole (100.0 GRAM),Britannia 50-50 Maska Chaska Biscuits Butter Flavoured Crackers | Trans Fat-free,0.3852994535985657
Haldiram's Bhujia Sev (200.0 GRAM),Kurkure Solid Masti Masala Twisteez (61.0 GRAM),0.3852945478480272
Orbit Sugar Free Sweetmint Chewing Gum Tube (19800.0 MILLIGRAM),Haldiram's Lite Chiwda (200.0 GRAM),0.38526463950299705
"Uncle Chipps Potato Chips, Plain Salted Flavour, Crispy Chips & Snacks (48.0 GRAM)",Origami Luncheon Tissue Paper Napkins - 32 X 32 cm - 50 Serviettes,0.38524328375478056
Daily Good Cashew | W320 (100.0 GRAM),Kurkure Green Chutney Style (68.0 GRAM),0.38522420313344136
Cavin's Strawberry Milkshake,Nissin Geki - Hot and Spicy Korean Kimchi Flavoured Ramen Instant Noodles,0.38519764507989906
Satyam Puffed Rice Kurmura A (200.0 GRAM),Modern Kitchens Potato Chips Salted (70.0 GRAM),0.3851854646045518
Amul Taaza Homogenised Toned Milk (Tetra Pack),Britannia Treat Jimjam Naughty Jam Cream Biscuits | Trans Fat-free,0.3850759878419453
Cornitos Nachos Peri Peri (150.0 GRAM),"Paper Boat Mango | Juicy Sips, Chewy Bites | Refreshing Summer Juice Drink",0.3850638440860215
Ezee Biodegradable Medium Garbage Bags 19 x 21 Inch (30.0 PIECE),Sunfeast Dark Fantasy Bourbon Chocolate Cream Biscuits | Trans Fat-free,0.3850171085038125
Cornitos Nacho Crisps - Cheese And Herbs,Rajdhani Roasted Chana (200.0 GRAM),0.38500987521321484
Maggi Pazzta Instant Pasta - Masala Penne (69.0 GRAM),Max Protein Choco Chips Flavoured Biscuits | Maida-free,0.3850069393419871
Alpenliebe Pop Assorted Flavours Lollipop (64.0 GRAM),"Ching's Secret Veg Hakka Noodles, Cooks In 5-7 mins, Just Soak & Drain",0.3850060650809557
Haldiram's Masala Tasty Nuts (200.0 GRAM),MAGGI 2-Minute Instant Noodles | Masala Noodles | Made With Quality Spices,0.38498112659698025
Moov Fast Pain Relief Spray (50.0 GRAM),MAGGI 2-Minute Instant Noodles | Masala Noodles | Made With Quality Spices,0.38498112659698025
Lal Milk Cake Signature,Let's Try Salted Peanuts,0.3849168175645088
"Aashirvaad Chilli Powder, Red Hot Chilli Powder with No Added Flavours and Colours",Scotch-Brite Scrub Sponge (Pack of 3),0.384862618724559
Nova Nova Waffle Chips- Classic Chocolate Drizzle,Max Protein Choco Chips Flavoured Biscuits | Maida-free,0.38470732304677935
Everest Sabji Masala,Crax Crunchy Pipes Salted Puff Snacks,0.38466254202333533
Haldiram's Ratlami Sev (200.0 GRAM),Let's Try Salted Peanuts,0.3846386401232103
Haldiram's Lite Chiwda (200.0 GRAM),Let's Try Salted Peanuts,0.3846204218556132
Hindalco Fresh wrapp Aluminium Foil - 9 m,Lay's Spanish Tomato Tango Potato Chips,0.38459065650038765
Haldirams Namkeen - Khara Boondi,Sunfeast Dark Fantasy Bourbon Chocolate Cream Biscuits | Trans Fat-free,0.3845832566019668
"Uncle Chipps Potato Chips, Plain Salted Flavour, Crispy Chips & Snacks (48.0 GRAM)",Max Protein Choco Chips Flavoured Biscuits | Maida-free,0.38457483706109663
Beyond Snack Kerala Banana Chips - Peri Peri (70.0 GRAM),Let's Try Namkeen Combo Pack Of 6 (Crunchy Party Mix Peanut Party Mix Aloo Bhujia),0.38456268221574347
Disano Rolled Oats 100% Whole Grain,Haldiram's Bhujia Sev (200.0 GRAM),0.3844880405325793
Lay's Classic Salted Potato Chips (50.0 GRAM),Kurkure Green Chutney Style (68.0 GRAM),0.384469231642734
Orbit Sugar Free Sweetmint Chewing Gum Tube (19800.0 MILLIGRAM),Rajdhani Roasted Chana (200.0 GRAM),0.3844592992936045
Balaji Cream & Onion Wafers (135.0 GRAM),Kurkure Solid Masti Masala Twisteez (61.0 GRAM),0.3844356142241379
Everest Powder - Tea Masala (100.0 GRAM),MAGGI 2-Minute Instant Noodles | Masala Noodles | Made With Quality Spices,0.38443505407698453
Haldiram's Lite Chiwda (200.0 GRAM),Lay's Spanish Tomato Tango Potato Chips,0.3843401431995029
Amul Taaza Homogenised Toned Milk (Tetra Pack),Britannia 50-50 Maska Chaska Biscuits Butter Flavoured Crackers | Trans Fat-free,0.38423376364120304
Bingo! Original Style Chilli Sprinkled - Flat Cut Spicy Potato Chips Pack for Snacks,RiteBite Max Protein 10g Protein Bar Choco Almond,0.3842017846009178
Catch Black Pepper Sprinkler (50.0 GRAM),Colombian Brew Original Instant Coffee Sachets | 40 Sachets,0.3841991901438787
Daily Good Mustard / Rai / Sarso Small (100.0 GRAM),Scotch-Brite Scrub Sponge (Pack of 3),0.38410352085725225
Everest Sambhar Masala,Kotton Multipurpose Napkin | 100% Virgin Pulp-Paper | 25 cm X 25 cm | 100Pcs,0.38409611299622054
Sunfeast Dark Fantasy Bourbon Chocolate Cream Biscuits | Trans Fat-free,RiteBite Max Protein 10g Protein Bar Choco Almond,0.3840930320022936
Malkist Double Chocolatey Crunchy Layered Crackers,MAGGI 2-Minute Instant Noodles | Masala Noodles | Made With Quality Spices,0.3840920246879803
Catch Turmeric Powder (200.0 GRAM),Haldiram's Moong Dal,0.38407946146966054
Daily Good Saunf / Fennel,Haldiram's Masala Tasty Nuts (200.0 GRAM),0.38406776341558946
Hillers Schezwan Hot Chutney,Lal Sweets Motichoor Laddu,0.38404245457916203
"Ritebite Max Protein Spanish Tomato 10G Multigrain Protein Chips, Healthy Snacks & Munchies",Kinder Joy - Single Pack - Assorted,0.3840405063291139
Mysore Sandal Soap,Chheda's Yellow Banana Chips (170.0 GRAM),0.38403253805750903
YiPPee! 100% Suji Cheese Pasta Treat,Uncle Chipps - Spicy Treat,0.3840061034817589
MasterChow Korean Instant Cup Noodles - Korean 2X Spicy Flavour Veg,Max Protein Choco Chips Flavoured Biscuits | Maida-free,0.38393688114481656
Haldiram's Salted Peanut,Let's Try Namkeen Combo Pack Of 6 (Crunchy Party Mix Peanut Party Mix Aloo Bhujia),0.38391117616008447
Lay's American Cream & Onion Potato Chips (48.0 GRAM),Catch Jeera Whole (100.0 GRAM),0.3839011646618659
Malkist Double Chocolatey Crunchy Layered Crackers,Britannia Treat Jimjam Naughty Jam Cream Biscuits | Trans Fat-free,0.3838902265244951
Haldiram's Bhujia Sev (200.0 GRAM),Chheda's Golden Plain Salted Chips (170.0 GRAM),0.3838766993453647
Modern Kitchens Hot Chips Spicy,Rajdhani Roasted Chana (200.0 GRAM),0.3838431786216597
Orbit Sugar Free Sweetmint Chewing Gum Tube (19800.0 MILLIGRAM),"Ching's Secret Veg Hakka Noodles, Cooks In 5-7 mins, Just Soak & Drain",0.383836899988089
Palekar Tea Time Ajwain Rusk | Trans Fat-free,"Ching's Secret Veg Hakka Noodles, Cooks In 5-7 mins, Just Soak & Drain",0.383836899988089
Lay's Spanish Tomato Tango Potato Chips,Haldiram's Moong Dal,0.38382735451721184
Dabur Real Litchi Fruit Juice,MAGGI 2-Minute Instant Noodles | Masala Noodles | Made With Quality Spices,0.38375115494651063
Daily Good Pistachios California Salted,Kurkure Solid Masti Masala Twisteez (61.0 GRAM),0.38371294057768157
Satyam Puffed Rice Kurmura A (200.0 GRAM),Haldiram's Lite Chiwda (200.0 GRAM),0.3836481445120754
Sunfeast Farmlite Gold and Almond Oats Biscuits | Trans Fat-free,Modern Kitchens Spicy Murukku (150.0 GRAM),0.38362723819858924
Cavin's Strawberry Milkshake,Haldiram's Soan Papdi,0.38362502327313347
Palekar Knot Premium Salty Khari | Preservative-free,Haldiram's Masala Tasty Nuts (200.0 GRAM),0.3835674580355432
Namaskaram Methi Khakhra,RiteBite Max Protein 10g Protein Bar Choco Almond,0.3835039828760558
Balaji Masala Masti Chips (135.0 GRAM),Britannia 50-50 Maska Chaska Biscuits Butter Flavoured Crackers | Trans Fat-free,0.3834861268225239
Kurkure Playz Puffcorn Yummy Cheese,Cheetos Cheese Puffs (28.0 GRAM),0.38347709113846634
Parle Hide & Seek Milano Mixed Berries Centre Fills| Preservative-free,"Ching's Secret Veg Hakka Noodles, Cooks In 5-7 mins, Just Soak & Drain",0.3834452296819788
Let's Try Kerala Garlic Mix (180.0 GRAM),Palekar Jeeo Butter | Toasted Buns With Jeera And Khari | Trans Fat-free,0.38341106201930947
The Healthy Binge Ragi Baked Chips Chatpata Chaat- High Protein & Fibre (40.0 GRAM),Palekar Knot Premium Salty Khari | Preservative-free,0.38340293379146295
Haldirams Namkeen - Khara Boondi,Palekar Jeeo Butter | Toasted Buns With Jeera And Khari | Trans Fat-free,0.38333192660919196
Let's Try Namkeen Combo Pack Of 6 (Crunchy Party Mix Peanut Party Mix Aloo Bhujia),Chheda's Golden Plain Salted Chips (170.0 GRAM),0.3832185366596452
YiPPee! 100% Suji Cheese Pasta Treat,Haldiram's Bhujia Sev (200.0 GRAM),0.3831934680055335
Aashirvaad Jeera (100.0 GRAM),Chheda's Yellow Banana Chips (170.0 GRAM),0.3831785923726794
Lal Sweets Motichoor Laddu,Palekar Knot Premium Salty Khari | Preservative-free,0.3831392783606236
Haldiram's Ratlami Sev (200.0 GRAM),MAGGI 2-Minute Instant Noodles | Masala Noodles | Made With Quality Spices,0.3831233088278795
Daily Good Saunf / Fennel,Scotch-Brite Scrub Sponge (Pack of 3),0.38312115891132564
Stash-Pro Brown Ripper Tipper 32 Roach 32 Paper (1.0 PIECE),Origami Luncheon Tissue Paper Napkins - 32 X 32 cm - 50 Serviettes,0.3831135230643024
Catch Turmeric Powder/Haldi (100.0 GRAM),Maggi Special Masala Instant Noodles,0.38301362211022105
Too Yumm! Noodles Masala | Spicy No Palm Oil Crisps (67.0 GRAM),Haldiram's Bhujia Sev (200.0 GRAM),0.38296832495735167
Parle Hide & Seek Milano Chocolate Flavoured Biscuits,Haldiram's Mixture (400.0 GRAM),0.3829536197608724
Catch Sprinkler Chat Masala (100.0 GRAM),Lay's Spanish Tomato Tango Potato Chips,0.38291048762096275
Daily Good Cashew | W320 (100.0 GRAM),Aashirvaad 100% Chana Dal Besan (500.0 GRAM),0.3828833399905719
Chheda's Small Bhakarwadi,RiteBite Max Protein 10g Protein Bar Choco Almond,0.38287745199407613
Let's Try Namkeen Combo Pack Of 6 (Crunchy Party Mix Peanut Party Mix Aloo Bhujia),Chheda's Yellow Banana Chips (170.0 GRAM),0.3828612345101707
Everest - Ginger Garlic Paste (200.0 GRAM),Rajdhani Roasted Chana (200.0 GRAM),0.3828461833525124
Dukes Nibbles - Jeera Flavoured Crackers,Modern Kitchens Potato Chips Salted (70.0 GRAM),0.3828207212217136
Lay's Spanish Tomato Tango Potato Chips,Cheetos Cheese Puffs (28.0 GRAM),0.38278378717006345
Beyond Snack Kerala Banana Chips - Original Style (70.0 GRAM),Chheda's Yellow Banana Chips (170.0 GRAM),0.3827436699246782
Doublemint Lemonmint Flavour Chewymints Tube (27300.0 MILLIGRAM),Haldiram's Lite Chiwda (200.0 GRAM),0.3826847423634681
Daily Good Raw Peanut - Singdana,Aashirvaad 100% Chana Dal Besan (500.0 GRAM),0.3826777181745875
Mr Makhana Super Snack - Himalayan Salt And Pepper,Let's Try Salted Peanuts,0.3826552616446233
Britannia Pure Magic Choco Stars Chocolate Cream Biscuits | Trans Fat-free,RiteBite Max Protein 10g Protein Bar Choco Almond,0.38260532871618413
Britannia Good Day Chunkies Coconut Flavoured Biscuits | Trans Fat-free,Dabur Hommade Ginger Garlic Paste (200.0 GRAM),0.3825967251123026
Origami Luncheon Tissue Paper Napkins - 32 X 32 cm - 50 Serviettes,RiteBite Max Protein 10g Protein Bar Choco Almond,0.38259520393572644
Everest Turmeric Powder ,Everest Chhole Masala,0.3825768279759802
Balaji Masala Masti Chips (135.0 GRAM),Kurkure Solid Masti Masala Twisteez (61.0 GRAM),0.38255507662835253
RiteBite Max Protein 10g Protein Bar Choco Almond,Cheetos Cheese Puffs (28.0 GRAM),0.3825152327101465
RiteBite Max Protein 10g Protein Bar Choco Almond,Haldiram's Moong Dal,0.3824955801858222
Britannia Good Day Chunkies Coconut Flavoured Biscuits | Trans Fat-free,Maggi Special Masala Instant Noodles,0.3824906969586749
Parle Hide & Seek Milano Mixed Berries Centre Fills| Preservative-free,Max Protein Choco Chips Flavoured Biscuits | Maida-free,0.38246020083272103
Heka Bites Roasted Chana Jor - Indian Herbs - Low Calorie & Healthy Snacks,Rajdhani Roasted Chana (200.0 GRAM),0.38236115862698133
Korean Samyang Hot Chicken Ramen Non Veg,Haldiram's Salted Peanut,0.3823423687293641
Sugar Free D'Lite Choco Chip Biscuits | Trans Fat-free,Britannia Marie Gold Biscuits Plain | Trans Fat-free,0.38234206989247305
Nutrela Soya Granules (200.0 GRAM),Sunfeast All Rounder Crunchy Potato Chatpata Masala Flavoured Crackers | Trans Fat-free,0.3823388709063214
Alpenliebe Pop Assorted Flavours Lollipop (64.0 GRAM),Everest Chhole Masala,0.3823049183612141
Nestle EveryDay Dairy Whitener,Sunfeast Dark Fantasy Bourbon Chocolate Cream Biscuits | Trans Fat-free,0.38228852772739613
Orbit Sugar Free Sweetmint Chewing Gum Tube (19800.0 MILLIGRAM),Colombian Brew Original Instant Coffee Sachets | 40 Sachets,0.38218793289210395
Catch Peri Peri Sprinkler (90.0 GRAM),Crax Crunchy Pipes Salted Puff Snacks,0.38215910620541116
Maggi Masala-ae-Magic Sabzi Masala,RiteBite Max Protein 10g Protein Bar Choco Almond,0.3821137764549705
Nestle EveryDay Dairy Whitener,Let's Try Salted Peanuts,0.38204787234042553
Britannia Marie Gold Biscuits Plain | Trans Fat-free,Sunfeast Dark Fantasy Bourbon Chocolate Cream Biscuits | Trans Fat-free,0.3820337366531976
Pulse Guava 50 Candies,Palekar Knot Premium Salty Khari | Preservative-free,0.3820042910781334
Lay's American Cream & Onion Potato Chips (48.0 GRAM),Britannia Treat Jimjam Naughty Jam Cream Biscuits | Trans Fat-free,0.3819628113233226
Nutrela Soya Granules (200.0 GRAM),Haldiram's Lite Chiwda (200.0 GRAM),0.3819269507944315
Namaskaram Methi Khakhra,Max Protein Choco Chips Flavoured Biscuits | Maida-free,0.3817335131038132
Everest Kasuri Methi,Rajdhani Roasted Chana (200.0 GRAM),0.38172249807678854
Too Yumm! Karare Munchy Masala | Spicy | No Palm Oil Crisps,Cheetos Cheese Puffs (28.0 GRAM),0.38163189151422766
Yogabar Dark Chocolate Oatmeal 400g Breakfast Cereal Gluten Free Oats High in Protein & Gluten-Free,"Ching's Secret Veg Hakka Noodles, Cooks In 5-7 mins, Just Soak & Drain",0.38161056351125167
Haldiram Aloo Bhujia ,Kotton Multipurpose Napkin | 100% Virgin Pulp-Paper | 25 cm X 25 cm | 100Pcs,0.3815428875511358
Mr Makhana Piri Piri,Mr Makhana Super Snack - Himalayan Salt And Pepper,0.38148724567263886
"Ritebite Max Protein Peri Peri 10G Multigrain Protein Chips, Healthy Snacks & Munchies",Piknik Classic Tomato Chilli,0.38136130712365596
Lay's American Cream & Onion Potato Chips,Haldiram's Salted Peanut,0.38130012700290544
Lijjat Urad Papad,Haldiram's Moong Dal,0.38127186306710453
Chheda's Mix Farsan (170.0 GRAM),Sunfeast Dark Fantasy Bourbon Chocolate Cream Biscuits | Trans Fat-free,0.38124288692040076
Daily Good Saunf - Fennel,Scotch-Brite Scrub Sponge (Pack of 3),0.38117907008735125
"Ritebite Max Protein Peri Peri 10G Multigrain Protein Chips, Healthy Snacks & Munchies",Haldiram's Soan Papdi,0.38117843511450383
Bauli Moonfils Croissants Choco Cream,Aashirvaad 100% Chana Dal Besan (500.0 GRAM),0.38112033436222964
Alpenliebe Juzt Jelly Strawberry Flavour Pouch,Haldiram's Lite Chiwda (200.0 GRAM),0.38111835456833176
"Cheetos Masala Balls, Crispy Chips & Snacks (84.0 GRAM)",Lay's Spanish Tomato Tango Potato Chips,0.38106354642313545
Rajam Garlic Mixture,Cheetos Cheese Puffs (28.0 GRAM),0.381043860864745
Britannia 50-50 Maska Chaska Biscuits Butter Flavoured Crackers | Trans Fat-free,Origami Luncheon Tissue Paper Napkins - 32 X 32 cm - 50 Serviettes,0.3810007646650507
Parle Hide & Seek Black Bourbon Chocolate Cream Biscuits | Trans Fat-free,Haldiram's Masala Tasty Nuts (200.0 GRAM),0.38096209416964133
Kurkure Schezwan Chutney (68.0 GRAM),Cheetos Cheese Puffs (28.0 GRAM),0.3809572796648212
Cadbury Oreo Vanilla Flavour Creme Sandwich Biscuit Mega Family Pack,Britannia 50-50 Maska Chaska Biscuits Butter Flavoured Crackers | Trans Fat-free,0.3809541532834736
Everest Powder - Tea Masala (100.0 GRAM),Lay's Spanish Tomato Tango Potato Chips,0.38091057029048864
Catch Turmeric Powder/Haldi (100.0 GRAM),Haldiram's Salted Peanut,0.38090625781505494
Parle Krackjack Sweet and Salty Plain Crackers | Trans Fat-free,Kurkure Masala Munch,0.3808640278541323
Cadbury Oreo Vanilla Flavour Creme Sandwich Biscuit Family Pack,Max Protein Choco Chips Flavoured Biscuits | Maida-free,0.3807774721049844
Too Yumm! Karare Munchy Masala | Spicy | No Palm Oil Crisps,Let's Try Namkeen Combo Pack Of 6 (Crunchy Party Mix Peanut Party Mix Aloo Bhujia),0.38075778388278386
Maggi Pazzta Instant Pasta - Masala Penne (69.0 GRAM),Lay's American Cream & Onion Potato Chips (48.0 GRAM),0.3807150840002884
Kurkure Playz Puffcorn Yummy Cheese,Let's Try Salted Peanuts,0.38070933102114324
Britannia Marie Gold Biscuits Plain | Trans Fat-free,Kurkure Solid Masti Masala Twisteez (61.0 GRAM),0.38061387652947715
Haldiram's Ratlami Sev (200.0 GRAM),Haldiram's Masala Tasty Nuts (200.0 GRAM),0.3806110064488081
Britannia Little Hearts Classic Crunch Flavoured Biscuits | Cholesterol-free,RiteBite Max Protein 10g Protein Bar Choco Almond,0.3806061487313709
Chheda's Small Bhakarwadi,Sunfeast Dark Fantasy Bourbon Chocolate Cream Biscuits | Trans Fat-free,0.38053130291353554
Daily Good Raw Peanut - Singdana,Britannia 50-50 Maska Chaska Biscuits Butter Flavoured Crackers | Trans Fat-free,0.38048129821934307
Pulse Kachcha Aam 50 Candies (190.0 GRAM),Haldiram's Masala Tasty Nuts (200.0 GRAM),0.3804368706942236
Tata Sampann Turmeric Powder With Natural Oils,Kinder Joy - Single Pack - Assorted,0.3804228998849252
Britannia Good Day Chunkies Coconut Flavoured Biscuits | Trans Fat-free,YiPPee! Magic Masala Noodles with Added Veggies - The Better Noodles,0.3803823202028322
Everest Coriander Powder (100.0 GRAM),Everest Shahi Biryani Masala (50.0 GRAM),0.3803487592219986
"Haldirams Namkeen - Tasty Nuts, (400.0 GRAM)","Ching's Secret Veg Hakka Noodles, Cooks In 5-7 mins, Just Soak & Drain",0.3802762608416318
BAY6 Dishwashbar,Kurkure Solid Masti Masala Twisteez (61.0 GRAM),0.38024603400778945
Catch Masala Amchur Powder,Haldiram's Salted Peanut,0.3802425479400038
Parle Hide & Seek Milano Chocolate Flavoured Biscuits,Piknik Classic Tomato Chilli,0.380241935483871
Hillers Schezwan Hot Chutney,Om Shanthi Havan Samagri | Cycle,0.3801057060755336
Nestle EveryDay Dairy Whitener,Haldiram's Soan Papdi,0.37995014799813054
"Yoga Bar Muesli Dark Chocolate & Cranberry,Breakfast Cereals, Protein Granola, Gluten Free",Haldiram's Lite Chiwda (200.0 GRAM),0.3798690017842051
Jatin Verna Plastic Cloth Hanging Clips Set of 12 pcs,Lay's Spanish Tomato Tango Potato Chips,0.379813132817153
Dabur Real Litchi Fruit Juice,Kurkure Green Chutney Style (68.0 GRAM),0.37973317246700256
Satyam Singdana,Sunfeast Dark Fantasy Bourbon Chocolate Cream Biscuits | Trans Fat-free,0.3797252333733842
Haldiram's Salted Peanut,Haldiram's Moong Dal,0.37960692043362376
Chheda's Farali Potato Chivda (170.0 GRAM),Britannia Treat Jimjam Naughty Jam Cream Biscuits | Trans Fat-free,0.3795322582273879
Catch Peri Peri Sprinkler (90.0 GRAM),Max Protein Choco Chips Flavoured Biscuits | Maida-free,0.37941997666075983
Sunfeast Dark Fantasy Chocolate Cream Biscuits | Made With Real Chocolate,Kurkure Green Chutney Style (68.0 GRAM),0.37935106905933486
Mr Makhana Super Snack - Himalayan Salt And Pepper,The Whole Truth Double Cocoa Protein Bar,0.3793262012012012
Rajam Banana Chips (150.0 GRAM),Max Protein Choco Chips Flavoured Biscuits | Maida-free,0.37923407760311123
Haldirams Namkeen - Khara Boondi,Lay's Spanish Tomato Tango Potato Chips,0.3791714732035568
Catch Turmeric Powder (200.0 GRAM),Catch Turmeric Powder/Haldi (100.0 GRAM),0.3791589082156319
Everest Sabji Masala,Kotton Multipurpose Napkin | 100% Virgin Pulp-Paper | 25 cm X 25 cm | 100Pcs,0.379087034840297
Korean Nongshim Shin Ramyun Noodle Soup Veg,Cheetos Cheese Puffs (28.0 GRAM),0.37902775578080444
Disano Rolled Oats 100% Whole Grain,Max Protein Choco Chips Flavoured Biscuits | Maida-free,0.3790146134378317
Society Natural Tea,Kinder Joy - Single Pack - Assorted,0.3789873417721519
Lay's India's Magic Masala Potato Chips,Cheetos Masala Balls (28.0 GRAM),0.37895288646650327
Rajdhani Roasted Chana (200.0 GRAM),Let's Try Namkeen Combo Pack Of 6 (Crunchy Party Mix Peanut Party Mix Aloo Bhujia),0.37892961468910835
Parle G Original Milk Glucose Biscuits,Kurkure Green Chutney Style (68.0 GRAM),0.3789162668292761
Haldiram's Ratlami Sev (200.0 GRAM),Scotch-Brite Scrub Sponge (Pack of 3),0.37890990756672405
Britannia Good Day Chunkies Coconut Flavoured Biscuits | Trans Fat-free,Lay's American Cream & Onion Potato Chips,0.37889219819750125
Nongshim Korean Shin Ramyun Cup Noodle Soup Non Veg,Top Ramen Curry Veg Instant Noodles,0.37888888888888894
"Haldirams Namkeen - Tasty Nuts, (400.0 GRAM)",Crax Crunchy Pipes Salted Puff Snacks,0.3788166067342268
Palekar Knot Premium Salty Khari | Preservative-free,Haldiram's Lite Chiwda (200.0 GRAM),0.3788015256651808
Haldiram Aloo Bhujia ,Lal Sweets Motichoor Laddu,0.37869686463671987
Haldiram Aloo Bhujia ,"Paper Boat Mango | Juicy Sips, Chewy Bites | Refreshing Summer Juice Drink",0.37869686463671987
Daily Good Mustard / Rai / Sarso Small (100.0 GRAM),Haldiram's Salted Peanut,0.37867889933937965
Lijjat Urad Papad,Chheda's Long Masala Banana Chips (170.0 GRAM),0.37865867199644676
Everest Kasuri Methi,Everest Coriander Powder (100.0 GRAM),0.37865276372785517
Parle Shakti Milk Glucose Biscuits | Cholesterol-free and Trans Fat-free,YiPPee! Magic Masala Noodles with Added Veggies - The Better Noodles,0.3786108342547459
Catch Red Chilli Powder (200.0 GRAM),Haldiram's Masala Tasty Nuts (200.0 GRAM),0.3785810810810811
Max Protein Choco Chips Flavoured Biscuits | Maida-free,Sunfeast Dark Fantasy Bourbon Chocolate Cream Biscuits | Trans Fat-free,0.3785534141374046
Fevikwik Instant Adhesive (3 gm),Max Protein Choco Chips Flavoured Biscuits | Maida-free,0.3785451873622336
Britannia Good Day Chunkies Coconut Flavoured Biscuits | Trans Fat-free,Fortune Suji,0.37851386509296275
Orbit Sugar Free Spearmint Chewing Gum Tube (19800.0 MILLIGRAM),Sunfeast All Rounder Crunchy Potato Chatpata Masala Flavoured Crackers | Trans Fat-free,0.3784919363044362
Parle Hide & Seek Milano Chocolate Flavoured Biscuits,Palekar Knot Premium Salty Khari | Preservative-free,0.37835724888668976
Britannia Treat Rich Creme Strawberry Flavoured Wafers | Trans Fat-free,Crax Crunchy Pipes Salted Puff Snacks,0.3783019102576858
Jatin Verna Plastic Cloth Hanging Clips Set of 12 pcs,MAGGI 2-Minute Instant Noodles | Masala Noodles | Made With Quality Spices,0.3782858026561632
Alpenliebe Juzt Jelly Strawberry Flavour Pouch,Piknik Classic Tomato Chilli,0.3782701982835158
Palekar Makkhan Butter Rusk | Bromate-free and Trans Fat-free,Everest Coriander Powder (100.0 GRAM),0.3782590278513185
Mr Makhana Piri Piri,Haldiram's Salted Peanut,0.3782272704970315
Winkies Fruit Cake Slice,Britannia Marie Gold Biscuits Plain | Trans Fat-free,0.3781405086848635
Parle Melody Chocolaty Toffee (176.0 GRAM),Piknik Classic Tomato Chilli,0.37813143445435826
Britannia Pure Magic Choco Stars Chocolate Cream Biscuits | Trans Fat-free,Cheetos Masala Balls (28.0 GRAM),0.37811194445136587
Everest Sabji Masala,Everest Coriander Powder (100.0 GRAM),0.378055990262563
Nutrela Soya Granules (200.0 GRAM),Lay's Spanish Tomato Tango Potato Chips,0.37800250915502515
Daily Good Saunf / Fennel,Haldiram's Moong Dal,0.3779564555621732
Britannia Treat Rich Creme Strawberry Flavoured Wafers | Trans Fat-free,Haldiram's Moong Dal,0.3779564555621732
Catch Turmeric Powder/Haldi (100.0 GRAM),Tata Sampann 100% Chana Dal Fine Besan,0.3779346981083182
Parle Hide & Seek Black Bourbon Chocolate Cream Biscuits | Trans Fat-free,Scotch-Brite Scrub Sponge (Pack of 3),0.37788035060546316
Haldiram's Ratlami Sev (200.0 GRAM),Haldiram's Bhujia Sev (200.0 GRAM),0.3778347012984059
Parle Hide & Seek Black Bourbon Chocolate Cream Biscuits | Trans Fat-free,Haldiram's Moong Dal,0.3778291117429138
YiPPee! Magic Masala Noodles with Added Veggies - The Better Noodles,Chheda's Yellow Banana Chips (170.0 GRAM),0.37780921082350816
YiPPee! Magic Masala Noodles with Added Veggies - The Better Noodles,Let's Try Salted Peanuts,0.37775359127253005
Alpenliebe Juzt Jelly Strawberry Flavour Pouch,Kotton Multipurpose Napkin | 100% Virgin Pulp-Paper | 25 cm X 25 cm | 100Pcs,0.3777433151588364
Kurkure Schezwan Chutney (68.0 GRAM),Crax Aloo Bhujia Namkeen Snacks (160.0 GRAM),0.37770237255008415
Parle Melody Chocolaty Toffee (176.0 GRAM),Haldiram's Mixture (400.0 GRAM),0.37768361581920906
Society Natural Tea,Crax Crunchy Pipes Salted Puff Snacks,0.377668677622911
Scotch-Brite Scrub Sponge (Pack of 3),Haldiram's Moong Dal,0.37765425157318433
Disano Rolled Oats 100% Whole Grain,"Ching's Secret Veg Hakka Noodles, Cooks In 5-7 mins, Just Soak & Drain",0.3776354534746761
Britannia Marie Gold Biscuits Plain | Trans Fat-free,RiteBite Max Protein 10g Protein Bar Choco Almond,0.3776162308748993
Britannia The Original Bourbon Chocolate Cream Biscuits | Trans Fat-free,Parle Marie Butter Marie Biscuits | Trans Fat-free,0.3776149614961496
Cornitos Nacho Chips - Cheese And Herbs (55.0 GRAM),Daily Good Poha / Avalakki Thick,0.3775984206247822
Candyman Choco Double Eclairs (75.0 PIECE),Palekar Jeeo Butter | Toasted Buns With Jeera And Khari | Trans Fat-free,0.37752751631057324
Lay's West Indies Hot 'n' Sweet Chilli Potato Chips,Max Protein Choco Chips Flavoured Biscuits | Maida-free,0.37751653196179275
Nestle Milkmaid Partly Skimmed Sweetened Condensed Milk,YiPPee! Magic Masala Noodles with Added Veggies - The Better Noodles,0.3774779389733528
Catch Masala Amchur Powder,Tata Sampann 100% Chana Dal Fine Besan,0.37744565217391307
Nongshim Korean Shin Ramyun Cup Noodle Soup Non Veg,Top Ramen Masala Instant Noodles,0.37744429882044567
Satyam Singdana,RiteBite Max Protein 10g Protein Bar Choco Almond,0.37738030920123017
Catch Red Chilli Powder (200.0 GRAM),Crax Crunchy Pipes Salted Puff Snacks,0.37735961978524907
"Taali Roasted Protein Puffs| Cheese & Herbs| Protein Rich, No Maida,No palm oil| Cheeseballs 2.0",Kinder Joy - Single Pack - Assorted,0.3773467039289825
Ezee Small Garbage Bags 17 x 19 Inch (30.0 PIECE),Sunfeast Dark Fantasy Bourbon Chocolate Cream Biscuits | Trans Fat-free,0.3773172707685902
Namaskaram Bombay Mix,Origami Luncheon Tissue Paper Napkins - 32 X 32 cm - 50 Serviettes,0.37730877271484325
Satyam Puffed Rice Kurmura - R (200.0 GRAM),Sunfeast Dark Fantasy Bourbon Chocolate Cream Biscuits | Trans Fat-free,0.3772958054556554
Catch Turmeric Powder (200.0 GRAM),Haldiram's Masala Tasty Nuts (200.0 GRAM),0.377280115166713
Nutrela Soya Granules (200.0 GRAM),Scotch-Brite Scrub Sponge (Pack of 3),0.3772415767696173
Britannia Vita Butter Marie Gold Biscuits | Trans Fat-free,Max Protein Choco Chips Flavoured Biscuits | Maida-free,0.37723853746108454
Unibic Danish Coconut Cookies,Kinder Creamy Milky And Cocoa With Extruded Rice (19.0 GRAM),0.37721263944174166
Lay's American Cream & Onion Potato Chips (48.0 GRAM),Parle Hide & Seek Chocolate Chip Biscuits | Trans Fat-free,0.37707661562819794
Everest Turmeric Powder ,Scotch-Brite Scrub Sponge (Pack of 3),0.3770718774548311
Palekar Tea Time Ajwain Rusk | Trans Fat-free,Rajdhani Roasted Chana (200.0 GRAM),0.3770658512302659
Nutrela Soya Granules (200.0 GRAM),Sunfeast Dark Fantasy Bourbon Chocolate Cream Biscuits | Trans Fat-free,0.3770645539011564
Korean Samyang Hot Chicken Ramen Non Veg,Haldiram's Masala Tasty Nuts (200.0 GRAM),0.3770421335970116
Pulse Guava 50 Candies,Sunfeast All Rounder Crunchy Potato Chatpata Masala Flavoured Crackers | Trans Fat-free,0.3770388503959276
Catch Jeera Whole (100.0 GRAM),Max Protein Choco Chips Flavoured Biscuits | Maida-free,0.376971407974555
Catch Masala Amchur Powder,Sunfeast Dark Fantasy Bourbon Chocolate Cream Biscuits | Trans Fat-free,0.37693126844555325
Crax Crunchy Pipes Salted Puff Snacks,Haldiram's Masala Tasty Nuts (200.0 GRAM),0.37684844455439426
Palekar Makkhan Butter Rusk | Bromate-free and Trans Fat-free,Haldiram's Lite Chiwda (200.0 GRAM),0.37679728478864555
Modern Kitchens Wheel Chips,Piknik Classic Tomato Chilli,0.37677016129032254
Top Ramen Curry Veg Instant Noodles,Max Protein Choco Chips Flavoured Biscuits | Maida-free,0.37671755517457206
Tata Sampann Turmeric Powder With Natural Oils,Kotton Multipurpose Napkin | 100% Virgin Pulp-Paper | 25 cm X 25 cm | 100Pcs,0.3766883694597218
Rang Munch Tangy Imli (110.0 GRAM),Palekar Knot Premium Salty Khari | Preservative-free,0.3766701817505117
Alpenliebe Juzt Jelly Strawberry Flavour Pouch,Kinder Joy - Single Pack - Assorted,0.37666937637905
Cornitos Nachos Peri Peri (150.0 GRAM),Heka Bites Roasted Makhana Himalayan Pink Salt,0.3766544117647058
Lay's Classic Salted Potato Chips (50.0 GRAM),MAGGI 2-Minute Instant Noodles | Masala Noodles | Made With Quality Spices,0.37664395570252335
Catch Peri Peri Sprinkler (90.0 GRAM),Haldiram's Salted Peanut,0.3766131518109428
Haldiram's Ratlami Sev (200.0 GRAM),The Theatre Project Gourmet Popcorn - Cheddar Cheese (60.0 GRAM),0.37660426100735195
Ezee Biodegradable Medium Garbage Bags 19 x 21 Inch (30.0 PIECE),RiteBite Max Protein 10g Protein Bar Choco Almond,0.3765444724145165
Haldiram's Lite Chiwda (200.0 GRAM),MAGGI 2-Minute Instant Noodles | Masala Noodles | Made With Quality Spices,0.37649990091385016
Disano Rolled Oats 100% Whole Grain,Let's Try Namkeen Combo Pack Of 6 (Crunchy Party Mix Peanut Party Mix Aloo Bhujia),0.3763812576312576
Colombian Brew Original Instant Coffee Sachets | 40 Sachets,Rajdhani Roasted Chana (200.0 GRAM),0.37633157042945486
Cornitos Nacho Chips - Cheese And Herbs (55.0 GRAM),"Ritebite Max Protein Peri Peri 10G Multigrain Protein Chips, Healthy Snacks & Munchies",0.3763185654008439
Orbit Sugar Free Sweetmint Chewing Gum Tube (19800.0 MILLIGRAM),Max Protein Choco Chips Flavoured Biscuits | Maida-free,0.37630460088005346
Chheda's Salt & Pepper Banana Chips,YiPPee! Magic Masala Noodles with Added Veggies - The Better Noodles,0.3763005312118964
Catch Sprinkler Chat Masala (100.0 GRAM),Haldiram's Masala Tasty Nuts (200.0 GRAM),0.3762656004628481
Palekar Tea Time Ajwain Rusk | Trans Fat-free,Parle Hide & Seek Milano Chocolate Flavoured Biscuits,0.37622158348575907
Dew Fresh Toilet Cleaner Liquid,Cheetos Masala Balls (28.0 GRAM),0.3761237282262891
Kurkure Schezwan Chutney (68.0 GRAM),Ezee Medium Garbage Bags 19x 21 Inch (30.0 PIECE),0.3760581533226788
Winkies Fruit Cake Slice,Rajdhani Roasted Chana (200.0 GRAM),0.3760096443640747
"Cheetos Masala Balls, Crispy Chips & Snacks (84.0 GRAM)",Haldiram's Moong Dal,0.3760066801961779
Alpenliebe Pop Assorted Flavours Lollipop (64.0 GRAM),Crax Crunchy Pipes Salted Puff Snacks,0.3759896171317326
Everest Kasuri Methi,Haldiram's Soan Papdi,0.37596895955463705
Catch Turmeric Powder/Haldi (100.0 GRAM),Scotch-Brite Scrub Sponge (Pack of 3),0.37586379775133144
Chheda's Farali Potato Chivda (170.0 GRAM),Chheda's Small Bhakarwadi,0.37582690226509075
Doritos Nacho Cheese Flavoured Corn Chips (45.0 GRAM),Britannia Marie Gold Biscuits Plain | Trans Fat-free,0.3757499652391546
Orbit Sugar Free Sweetmint Chewing Gum Tube (19800.0 MILLIGRAM),Haldiram's Masala Tasty Nuts (200.0 GRAM),0.3757452677396498
"Maggi Nutri-licious Masala Veg Atta Noodles, Instant Noodles",Haldiram's Bhujia Sev (200.0 GRAM),0.3756015681011637
Lay's Spanish Tomato Tango Potato Chips,Let's Try Namkeen Combo Pack Of 6 (Crunchy Party Mix Peanut Party Mix Aloo Bhujia),0.37554192382959506
Disano Rolled Oats 100% Whole Grain,Haldiram's Lite Chiwda (200.0 GRAM),0.37548896088312944
Everest Tandoori Chicken Masala,Let's Try Namkeen Combo Pack Of 6 (Crunchy Party Mix Peanut Party Mix Aloo Bhujia),0.3754500818330605
Tata Sampann Turmeric Powder With Natural Oils,Let's Try Salted Peanuts,0.3754080029013539
Daily Good Mustard / Rai / Sarso Small (100.0 GRAM),Lay's Spanish Tomato Tango Potato Chips,0.3753946039690903
"Ritebite Max Protein Spanish Tomato 10G Multigrain Protein Chips, Healthy Snacks & Munchies",Piknik Classic Tomato Chilli,0.3753483870967742
Korean Nongshim Shin Ramyun Noodle Soup Veg,Max Protein Choco Chips Flavoured Biscuits | Maida-free,0.3753452866017157
Pulse Kachcha Aam 50 Candies (190.0 GRAM),Crax Crunchy Pipes Salted Puff Snacks,0.37533483645174304
Kurkure Masala Munch,Chheda's Yellow Banana Chips (170.0 GRAM),0.37523979627311915
Sunfeast Dark Fantasy Choco Centre Fills | Preservative-free,Catch Jeera Whole (100.0 GRAM),0.3752021563342318
Max Protein Choco Chips Flavoured Biscuits | Maida-free,Kurkure Solid Masti Masala Twisteez (61.0 GRAM),0.37519952367680964
Moov Fast Pain Relief Spray (50.0 GRAM),Haldiram's Moong Dal,0.37514427955352614
Parle Hide & Seek Chocolate Chip Biscuits | Trans Fat-free,Haldiram's Moong Dal,0.37512754474157295
Korean Kab's Jackpot Cheese and Butter Instant Noodles | Hot Chicken | Non Veg,Society Natural Tea (250.0 GRAM),0.3751131451817951
Everest Shahi Biryani Masala (50.0 GRAM),Everest Pav Bhaji Masala (100.0 GRAM),0.375091492776886
Haldiram Aloo Bhujia ,Haldiram's Soan Papdi,0.374991082257259
Sunfeast Dark Fantasy Bourbon Chocolate Cream Biscuits | Trans Fat-free,Haldiram's Moong Dal,0.37499038720651684
Kurkure Masala Munch,Aashirvaad 100% Chana Dal Besan (500.0 GRAM),0.37493700389549006
Daily Good Pistachios California Salted,Lay's American Cream & Onion Potato Chips (48.0 GRAM),0.3749215178718951
Rajam Banana Chips (150.0 GRAM),Aashirvaad 100% Chana Dal Besan (500.0 GRAM),0.37490588814587733
Daily Good Saunf / Fennel,Haldiram's Salted Peanut,0.3747562514658417
Orion K Snack Rings 3x Spicy,Kinder Creamy Milky And Cocoa With Extruded Rice (19.0 GRAM),0.3747316051322336
Heka Bites Roasted Chana Jor - Indian Herbs - Low Calorie & Healthy Snacks,Britannia Treat Rich Creme Strawberry Flavoured Wafers | Trans Fat-free,0.37472826086956523
Sunfeast Dark Fantasy Bourbon Chocolate Cream Biscuits | Trans Fat-free,YiPPee! Magic Masala Noodles with Added Veggies - The Better Noodles,0.3747036478228506
Rajam Banana Chips (150.0 GRAM),MAGGI 2-Minute Instant Noodles | Masala Noodles | Made With Quality Spices,0.3746822684332394
Modern Kitchens Butter Murukku,Scotch-Brite Scrub Sponge (Pack of 3),0.374676015085861
Nutrela Soya Granules (200.0 GRAM),Rajdhani Roasted Chana (200.0 GRAM),0.37461356895183184
Daily Good Sooji / Rava (1.0 KILOGRAM),Kurkure Green Chutney Style (68.0 GRAM),0.3746095293387197
Modern Kitchens Butter Murukku,Sunfeast Dark Fantasy Bourbon Chocolate Cream Biscuits | Trans Fat-free,0.37454287907176237
MAGGI Pazzta Instant Pasta - Cheese Macaroni,Max Protein Choco Chips Flavoured Biscuits | Maida-free,0.3745012241985197
Nutrela Mini Soya Chunks (200.0 GRAM),"Paper Boat Mango | Juicy Sips, Chewy Bites | Refreshing Summer Juice Drink",0.37440053763440856
Korean Samyang Hot Chicken Ramen Non Veg,Max Protein Choco Chips Flavoured Biscuits | Maida-free,0.374392484005663
Britannia Vita Butter Marie Gold Biscuits | Trans Fat-free,Catch Jeera Whole (100.0 GRAM),0.37435601745074615
"Ching's Secret Veg Hakka Noodles, Cooks In 5-7 mins, Just Soak & Drain",Rajdhani Roasted Chana (200.0 GRAM),0.3743488243801345
Catch Jeera Powder Pouch,Kinder Joy - Single Pack - Assorted,0.37430848570089076
Korean Nongshim Shin Ramyun Noodle Soup Veg,Let's Try Salted Peanuts,0.37428433268858796
Catch Turmeric Powder (200.0 GRAM),Haldiram's Salted Peanut,0.37425156439922563
YiPPee! Magic Masala Noodles with Added Veggies - The Better Noodles,Haldiram's Bhujia Sev (200.0 GRAM),0.3741912415316343
Parle Krackjack Sweet and Salty Plain Crackers | Trans Fat-free,MAGGI 2-Minute Instant Noodles | Masala Noodles | Made With Quality Spices,0.37418726323444806
Dukes Nibbles - Jeera Flavoured Crackers,Kotton Multipurpose Napkin | 100% Virgin Pulp-Paper | 25 cm X 25 cm | 100Pcs,0.3741130718714458
Britannia Treat Rich Creme Strawberry Flavoured Wafers | Trans Fat-free,Lay's American Cream & Onion Potato Chips,0.37406244586869913
Daily Good Raw Peanut - Singdana,Britannia Treat Jimjam Naughty Jam Cream Biscuits | Trans Fat-free,0.3739946644508102
Satyam Singdana,Let's Try Salted Peanuts,0.3739913689281413
"Aashirvaad Chilli Powder, Red Hot Chilli Powder with No Added Flavours and Colours",Cheetos Cheese Puffs (28.0 GRAM),0.37398749307095347
Unifit Rolled Oats | 100% Wholegrain | High Fiber and Protein | Healthy Breakfast Cereal,Kurkure Solid Masti Masala Twisteez (61.0 GRAM),0.37395833333333334
Haldirams Namkeen - Khara Boondi,MAGGI 2-Minute Instant Noodles | Masala Noodles | Made With Quality Spices,0.37390447663875137
Cornitos Nachos Peri Peri (150.0 GRAM),Snackible Cheese Dosa Khakra | Millet Snack (100.0 GRAM),0.3738901289682539
MasterChow Korean Instant Cup Noodles - Korean 2X Spicy Flavour Veg,Kotton Multipurpose Napkin | 100% Virgin Pulp-Paper | 25 cm X 25 cm | 100Pcs,0.37385612608032537
Lay's Classic Salted Potato Chips (50.0 GRAM),Britannia 50-50 Maska Chaska Biscuits Butter Flavoured Crackers | Trans Fat-free,0.37384139839179176
Cornitos Nacho Chips - Cheese And Herbs (55.0 GRAM),Haldiram's Soan Papdi,0.3738138950623248
Britannia Treat Rich Creme Strawberry Flavoured Wafers | Trans Fat-free,Haldiram's Masala Tasty Nuts (200.0 GRAM),0.37378023403838617
Cheetos Masala Balls (28.0 GRAM),RiteBite Max Protein 10g Protein Bar Choco Almond,0.3737711408392352
Aashirvaad 100% Chana Dal Besan (500.0 GRAM),Sunfeast Dark Fantasy Bourbon Chocolate Cream Biscuits | Trans Fat-free,0.37370848595795325
Parle Hide & Seek Chocolate Chip Biscuits | Trans Fat-free,Origami Luncheon Tissue Paper Napkins - 32 X 32 cm - 50 Serviettes,0.3736967611778576
"Uncle Chipps Potato Chips, Plain Salted Flavour, Crispy Chips & Snacks (48.0 GRAM)",Britannia 50-50 Maska Chaska Biscuits Butter Flavoured Crackers | Trans Fat-free,0.3736932736147925
"Aashirvaad Chilli Powder, Red Hot Chilli Powder with No Added Flavours and Colours",Chheda's Yellow Banana Chips (170.0 GRAM),0.3736816301310981
MAGGI Pazzta Instant Pasta - Mushroom Penne (68.0 GRAM),Let's Try Namkeen Combo Pack Of 6 (Crunchy Party Mix Peanut Party Mix Aloo Bhujia),0.37367013517455994
Lal Besan Laddoo Classic (200.0 GRAM),Haldiram's Mixture (400.0 GRAM),0.3735332464146023
Dukes Nibbles - Jeera Flavoured Crackers,Palekar Knot Premium Salty Khari | Preservative-free,0.37350609469495183
Scotch-Brite Scrub Sponge (Pack of 3),Palekar Jeeo Butter | Toasted Buns With Jeera And Khari | Trans Fat-free,0.37348074917508683
Pulse Kachcha Aam 50 Candies (190.0 GRAM),Sunfeast Dark Fantasy Bourbon Chocolate Cream Biscuits | Trans Fat-free,0.37336784258839995
Everest Powder - Tea Masala (100.0 GRAM),Rajdhani Roasted Chana (200.0 GRAM),0.37334290929766284
Modern Kitchens Hot Chips Salted (100.0 GRAM),Modern Kitchens Butter Murukku,0.3733252107991025
Catch Dhania Powder (200.0 GRAM),Lay's Spanish Tomato Tango Potato Chips,0.37332060063224437
Orbit Sugar Free Spearmint Chewing Gum Tube (19800.0 MILLIGRAM),Haldiram's Lite Chiwda (200.0 GRAM),0.37330842104060247
Everest Powder - Tea Masala (100.0 GRAM),Sunfeast Dark Fantasy Bourbon Chocolate Cream Biscuits | Trans Fat-free,0.37330325724977537
Parle Hide & Seek Choco Roll Centre Fills | Trans Fat-free,Kinder Joy - Single Pack - Assorted,0.3732451093210587
"Haldirams Namkeen - Tasty Nuts, (400.0 GRAM)",Tata Sampann Turmeric Powder With Natural Oils,0.3732142857142858
Max Protein Choco Chips Flavoured Biscuits | Maida-free,Haldiram's Moong Dal,0.37319579904202416
Bingo! Original Style Chilli Sprinkled - Flat Cut Spicy Potato Chips Pack for Snacks,Parle Hide & Seek Chocolate Chip Biscuits | Trans Fat-free,0.3730873476346413
Nestle EveryDay Dairy Whitener,Lay's Spanish Tomato Tango Potato Chips,0.3730666410399776
Nestle Milkmaid Partly Skimmed Sweetened Condensed Milk,Sunfeast Dark Fantasy Bourbon Chocolate Cream Biscuits | Trans Fat-free,0.3730500121587196
Namaskaram Mini Bhakarwadi,Origami Luncheon Tissue Paper Napkins - 32 X 32 cm - 50 Serviettes,0.3730315882468207
Chheda's Mix Farsan (170.0 GRAM),RiteBite Max Protein 10g Protein Bar Choco Almond,0.3729973714602244
Lay's Classic Salted Potato Chips (50.0 GRAM),Cheetos Masala Balls (28.0 GRAM),0.37297938177216805
Haldiram's Masala Tasty Nuts (200.0 GRAM),Max Protein Choco Chips Flavoured Biscuits | Maida-free,0.3729615545008638
Britannia Little Hearts Classic Crunch Flavoured Biscuits | Cholesterol-free,Parle Hide & Seek Chocolate Chip Biscuits | Trans Fat-free,0.3729539437684441
Korean Samyang Hot Chicken Ramen Non Veg,The Healthy Binge Ragi Baked Chips Chatpata Chaat- High Protein & Fibre (40.0 GRAM),0.3729453870625663
MAGGI Pazzta Instant Pasta - Cheese Macaroni,MAGGI 2-Minute Instant Noodles | Masala Noodles | Made With Quality Spices,0.3729274044223783
Lay's Classic Salted Potato Chips (50.0 GRAM),Aashirvaad 100% Chana Dal Besan (500.0 GRAM),0.3729222591080684
Parle Hide & Seek Milano Chocolate Flavoured Biscuits,"Ching's Secret Veg Hakka Noodles, Cooks In 5-7 mins, Just Soak & Drain",0.37290656586408083
Britannia Good Day Oats Cookies Fruits and Nuts Dry Fruit Biscuits | Trans Fat-free,Let's Try Namkeen Combo Pack Of 6 (Crunchy Party Mix Peanut Party Mix Aloo Bhujia),0.37280606717226433
Modern Kitchens Wheel Chips,Kinder Creamy Milky And Cocoa With Extruded Rice (19.0 GRAM),0.3728011695906432
Ezee Biodegradable Medium Garbage Bags 19 x 21 Inch (30.0 PIECE),Kurkure Solid Masti Masala Twisteez (61.0 GRAM),0.3727860501567398
Chheda's Farali Potato Chivda (170.0 GRAM),Cadbury Oreo Vanilla Flavour Creme Sandwich Biscuit Family Pack,0.37278451672718843
Daily Good Pistachios California Salted,MAGGI 2-Minute Instant Noodles | Masala Noodles | Made With Quality Spices,0.3727640133544193
Mr Makhana Super Snack - Pudina Party,Heka Bites Roasted Chana Jor - Indian Herbs - Low Calorie & Healthy Snacks,0.372760496345402
Crax Curls Chatpata Masala Puff Snacks,Palekar Jeeo Butter | Toasted Buns With Jeera And Khari | Trans Fat-free,0.3726522814388466
Sunfeast Dark Fantasy Choco Centre Fills | Preservative-free,Kurkure Yummy PuffCorn Yummy Cheese Chips,0.3726267917384311
Cadbury Oreo Vanilla Flavour Creme Sandwich Biscuit Family Pack,Haldiram's Moong Dal,0.37255707762557083
Kurkure Solid Masti Masala Twisteez (61.0 GRAM),Haldiram's Moong Dal,0.3725570776255708
Malkist Double Chocolatey Crunchy Layered Crackers,Max Protein Choco Chips Flavoured Biscuits | Maida-free,0.3724099078079051
Everest Turmeric Powder ,Rajdhani Roasted Chana (200.0 GRAM),0.3722990228736398
Daily Good Raw Peanut - Singdana,MAGGI 2-Minute Instant Noodles | Masala Noodles | Made With Quality Spices,0.3722407439901737
Piknik Classic Tomato Chilli,Haldiram's Lite Chiwda (200.0 GRAM),0.3722392531178151
Ezee Medium Garbage Bags 19x 21 Inch (30.0 PIECE),Cheetos Cheese Puffs (28.0 GRAM),0.3722283425565348
Chheda's Farali Potato Chivda (170.0 GRAM),Kurkure Solid Masti Masala Twisteez (61.0 GRAM),0.3722018558826899
Daily Good Unpolished Green Moong Chilka Dal -Split,Origami Luncheon Tissue Paper Napkins - 32 X 32 cm - 50 Serviettes,0.3721822948246959
Unifit Rolled Oats | 100% Wholegrain | High Fiber and Protein | Healthy Breakfast Cereal,MAGGI 2-Minute Instant Noodles | Masala Noodles | Made With Quality Spices,0.3721484223770809
Zep Aluminium Foil 9 Meter 1 pc,Max Protein Choco Chips Flavoured Biscuits | Maida-free,0.372123438648053
Moov Fast Pain Relief Spray (50.0 GRAM),RiteBite Max Protein 10g Protein Bar Choco Almond,0.3721145374449339
Doritos Nacho Cheese Flavoured Corn Chips (45.0 GRAM),Lay's India's Magic Masala Potato Chips,0.37207754847958957
Orbit Sugar Free Spearmint Chewing Gum Tube (19800.0 MILLIGRAM),Kurkure Green Chutney Style (68.0 GRAM),0.372054144906657
Alpenliebe Pop Assorted Flavours Lollipop (64.0 GRAM),Haldiram's Mixture (400.0 GRAM),0.37204654692638506
Doublemint Lemonmint Flavour Chewymints Tube (27300.0 MILLIGRAM),Om Shanthi Havan Samagri | Cycle,0.3720284598214285
Daily Good Unpolished Green Moong Chilka Dal -Split,Kurkure Green Chutney Style (68.0 GRAM),0.3720183567049538
Parle Krackjack Sweet and Salty Plain Crackers | Trans Fat-free,YiPPee! Magic Masala Noodles with Added Veggies - The Better Noodles,0.3719745222929936
Haldirams Namkeen - Khara Boondi,Haldiram's Masala Tasty Nuts (200.0 GRAM),0.37193930772878137
Kotton Multipurpose Napkin | 100% Virgin Pulp-Paper | 25 cm X 25 cm | 100Pcs,Piknik Classic Tomato Chilli,0.371887555963724
Britannia The Original Bourbon Chocolate Cream Biscuits | Trans Fat-free,Chheda's Yellow Banana Chips (170.0 GRAM),0.3718526398739164
Let's Try Cheese Balls (60.0 GRAM),YiPPee! Magic Masala Noodles with Added Veggies - The Better Noodles,0.37184132829087047
Parle Hide & Seek Milano Choco Filled Hazelnut Chocolate Centre Fills | Trans Fat-free,Parle Shakti Milk Glucose Biscuits | Cholesterol-free and Trans Fat-free,0.3717464198393294
Satyam Puffed Rice Kurmura - R (200.0 GRAM),MAGGI 2-Minute Instant Noodles | Masala Noodles | Made With Quality Spices,0.3717264572479933
Rang Munch Tangy Imli (110.0 GRAM),Haldiram Aloo Bhujia ,0.37168605760061035
Daily Good Mustard / Rai / Sarso Small (100.0 GRAM),Let's Try Namkeen Combo Pack Of 6 (Crunchy Party Mix Peanut Party Mix Aloo Bhujia),0.37166807551422937
"Taali Roasted Bharuchi Peanuts | Masala | Protein Rich, No Palm Oil ,Restaurant-Style Crunch",The Theatre Project Gourmet Popcorn - Cheddar Cheese (60.0 GRAM),0.3716227231633394
Haldiram's Salted Peanut,Lay's Spanish Tomato Tango Potato Chips,0.37158169827122084
Catch Peri Peri Sprinkler (90.0 GRAM),Sunfeast Dark Fantasy Bourbon Chocolate Cream Biscuits | Trans Fat-free,0.37154653603918825
Everest Powder - Tea Masala (100.0 GRAM),Haldiram's Masala Tasty Nuts (200.0 GRAM),0.3714211551977509
Chheda's Small Bhakarwadi,Max Protein Choco Chips Flavoured Biscuits | Maida-free,0.37141765687726475
Modern Kitchens Wheel Chips,Modern Kitchens Potato Chips Salted (70.0 GRAM),0.37133609958506225
"Ching's Secret Veg Hakka Noodles, Cooks In 5-7 mins, Just Soak & Drain",Sunfeast All Rounder Crunchy Potato Chatpata Masala Flavoured Crackers | Trans Fat-free,0.3713313740146779
Rajdhani Roasted Chana (200.0 GRAM),Lay's Spanish Tomato Tango Potato Chips,0.3713253569157852
Chheda's Yellow Banana Chips (170.0 GRAM),Chheda's Golden Plain Salted Chips (170.0 GRAM),0.37132419782811654
Everest Kashmiri Lal Chilli Powder,Haldiram's Salted Peanut,0.3712745633187772
Catch Red Chilli Powder (200.0 GRAM),Daily Good Saunf / Fennel,0.37126106629942945
Stash-Pro Brown Ripper Tipper 32 Roach 32 Paper (1.0 PIECE),MAGGI 2-Minute Instant Noodles | Masala Noodles | Made With Quality Spices,0.3711612912832425
Pulse Kachcha Aam 50 Candies (190.0 GRAM),Lay's Spanish Tomato Tango Potato Chips,0.37112459709911355
Haldiram's Moong Dal,Chheda's Yellow Banana Chips (170.0 GRAM),0.37111136748815265
Satyam Puffed Rice Kurmura A (200.0 GRAM),Haldiram's Masala Tasty Nuts (200.0 GRAM),0.3709329784329785
Haldirams Namkeen - Khara Boondi,Let's Try Salted Peanuts,0.3709294512877939
"Farmley Seed Mix Superfood Rich In Protein- Pumpkin, Watermelon, Sunflower, Flax, Chia Seeds",Sunfeast All Rounder Crunchy Potato Chatpata Masala Flavoured Crackers | Trans Fat-free,0.3709294245793269
Bingo! Mad Angles Very Peri Peri Crisps,RiteBite Max Protein 10g Protein Bar Choco Almond,0.37087827652319
Snackible Cheese Dosa Khakra | Millet Snack (100.0 GRAM),Everest Chhole Masala,0.3708652924256951
Crax Crunchy Pipes Salted Puff Snacks,Haldiram's Moong Dal,0.370852010908749
Lay's Classic Salted Potato Chips (50.0 GRAM),Ezee Small Garbage Bags 17 x 19 Inch (30.0 PIECE),0.37084522369091916
Satyam Puffed Rice Kurmura A (200.0 GRAM),Chheda's Yellow Banana Chips (170.0 GRAM),0.37084354180098855
Haldiram's Lite Chiwda (200.0 GRAM),Crax Crunchy Pipes Salted Puff Snacks,0.3708393671755687
Palekar Tea Time Ajwain Rusk | Trans Fat-free,Haldiram's Salted Peanut,0.3708110495068937
YiPPee! Magic Masala Noodles with Added Veggies - The Better Noodles,Let's Try Namkeen Combo Pack Of 6 (Crunchy Party Mix Peanut Party Mix Aloo Bhujia),0.3708060649541541
Catch Masala Amchur Powder,Max Protein Choco Chips Flavoured Biscuits | Maida-free,0.3707751653196179
Jatin Verna Plastic Cloth Hanging Clips Set of 12 pcs,RiteBite Max Protein 10g Protein Bar Choco Almond,0.37076629636723485
Britannia Good Day Pista and Badam Dry Fruit Biscuits | Trans Fat-free,Kinder Joy - Single Pack - Assorted,0.37074848651623554
Cheetos Masala Balls (28.0 GRAM),Cheetos Cheese Puffs (28.0 GRAM),0.3706065622582353
Britannia The Original Bourbon Chocolate Cream Biscuits | Trans Fat-free,Kurkure Green Chutney Style (68.0 GRAM),0.37060543850171074
Daily Good Saunf / Fennel,Sunfeast Dark Fantasy Bourbon Chocolate Cream Biscuits | Trans Fat-free,0.3705962891439473
"Taali Roasted Protein Puffs| Cheese & Herbs| Protein Rich, No Maida,No palm oil| Cheeseballs 2.0",Max Protein Choco Chips Flavoured Biscuits | Maida-free,0.3705125146712216
"Cheetos Masala Balls, Crispy Chips & Snacks (84.0 GRAM)",Haldiram's Bhujia Sev (200.0 GRAM),0.3705066572404854
Everest Cumin Powder (100.0 GRAM),Let's Try Namkeen Combo Pack Of 6 (Crunchy Party Mix Peanut Party Mix Aloo Bhujia),0.3704345273047563
Godrej Expert Creme Hair Colour Natural Black (Pack of 4),Kurkure Green Chutney Style (68.0 GRAM),0.37040788762830906
Cheetos Masala Balls (28.0 GRAM),Kurkure Green Chutney Style (68.0 GRAM),0.37035841745967746
Hillers Schezwan Hot Chutney,Kinder Joy - Single Pack - Assorted,0.3702749890877346
Britannia Pure Magic Choco Stars Chocolate Cream Biscuits | Trans Fat-free,Max Protein Choco Chips Flavoured Biscuits | Maida-free,0.3702720782567691
Catch Jeera Whole (100.0 GRAM),Cheetos Masala Balls (28.0 GRAM),0.37024679497275337
Britannia Marie Gold Biscuits Plain | Trans Fat-free,Haldiram's Masala Tasty Nuts (200.0 GRAM),0.3701851296861377
Namaskaram Nachani (Ragi) Chips,YiPPee! Magic Masala Noodles with Added Veggies - The Better Noodles,0.3701755383682136
Aashirvaad 100% Chana Dal Besan (500.0 GRAM),RiteBite Max Protein 10g Protein Bar Choco Almond,0.3701554972090088
Britannia Good Day Oats Cookies Fruits and Nuts Dry Fruit Biscuits | Trans Fat-free,Mr Makhana Super Snack - Pudina Party,0.3701479316148463
"Taali Roasted Bharuchi Peanuts | Masala | Protein Rich, No Palm Oil ,Restaurant-Style Crunch",Let's Try Namkeen Combo Pack Of 6 (Crunchy Party Mix Peanut Party Mix Aloo Bhujia),0.37012907727193445
Daily Good Saunf / Fennel,Haldiram's Bhujia Sev (200.0 GRAM),0.3700954400848355
Crax Crunchy Pipes Salted Puff Snacks,Let's Try Salted Peanuts,0.37006548517454596
Everest Pav Bhaji Masala (100.0 GRAM),Everest Shahi Biryani Masala (50.0 GRAM),0.3700642054574639
Rajdhani Roasted Chana (200.0 GRAM),Haldiram's Masala Tasty Nuts (200.0 GRAM),0.3700616755996503
Daily Good Unpolished Green Moong Chilka Dal -Split,Kurkure Solid Masti Masala Twisteez (61.0 GRAM),0.37003373313343324
Everest - Ginger Garlic Paste (200.0 GRAM),Parle Shakti Milk Glucose Biscuits | Cholesterol-free and Trans Fat-free,0.37001333629695476
Sunfeast Dark Fantasy Chocolate Cream Biscuits | Made With Real Chocolate,MAGGI 2-Minute Instant Noodles | Masala Noodles | Made With Quality Spices,0.36995183336646753
"Farmley Seed Mix Superfood Rich In Protein- Pumpkin, Watermelon, Sunflower, Flax, Chia Seeds",Haldiram Aloo Bhujia ,0.3699437792056075
Scotch-Brite Scrub Sponge (Pack of 3),Let's Try Salted Peanuts,0.36980489838043823
"Taali Roasted Bharuchi Peanuts | Masala | Protein Rich, No Palm Oil ,Restaurant-Style Crunch",Lay's Spanish Tomato Tango Potato Chips,0.36976516634050877
Parle Hide & Seek Choco Roll Centre Fills | Trans Fat-free,"Ching's Secret Veg Hakka Noodles, Cooks In 5-7 mins, Just Soak & Drain",0.36971303137380873
Nutrela Mini Soya Chunks (200.0 GRAM),Lal Sweets Motichoor Laddu,0.36966129032258066
Bauli Moonfils Croissants Sweet Cheese Creme (45.0 GRAM),MAGGI 2-Minute Instant Noodles | Masala Noodles | Made With Quality Spices,0.369581881533101
Lay's Potato Chips - Sizzling Hot Spicy Flavour,MAGGI 2-Minute Instant Noodles | Masala Noodles | Made With Quality Spices,0.369581881533101
YiPPee! Magic Masala Noodles with Added Veggies - The Better Noodles,Palekar Jeeo Butter | Toasted Buns With Jeera And Khari | Trans Fat-free,0.3695485039507956
Britannia The Original Bourbon Chocolate Cream Biscuits | Trans Fat-free,Daily Good Raw Peanut - Singdana,0.3695283772981614
Catch Sprinkler Chat Masala (100.0 GRAM),Chheda's Yellow Banana Chips (170.0 GRAM),0.3694722330665626
Pulse Guava 50 Candies,Max Protein Choco Chips Flavoured Biscuits | Maida-free,0.36938723689328784
Alpenliebe Pop Assorted Flavours Lollipop (64.0 GRAM),Parle Hide & Seek Milano Chocolate Flavoured Biscuits,0.3693856299895869
Everest Coriander Powder (100.0 GRAM),Haldiram Aloo Bhujia ,0.3693826510464657
Bingo! Mad Angles Achaari Masti Crisps,Haldiram's Moong Dal,0.3693453786805227
RiteBite Max Protein 10g Protein Bar Choco Berry (50.0 GRAM),Haldiram's Moong Dal,0.36927888387834784
Britannia Treat Jimjam Naughty Jam Cream Biscuits | Trans Fat-free,Cheetos Masala Balls (28.0 GRAM),0.369228602889314
Cornitos Nacho Chips - Sizzlin Jalapeno (55.0 GRAM),Max Protein Choco Chips Flavoured Biscuits | Maida-free,0.3691700780238621
"Haldirams Namkeen - Tasty Nuts, (400.0 GRAM)",Kinder Joy - Single Pack - Assorted,0.36914351471313506
Daily Good Mustard / Rai / Sarso Small (100.0 GRAM),Rajdhani Roasted Chana (200.0 GRAM),0.36907997944390347
Britannia 50-50 Maska Chaska Biscuits Butter Flavoured Crackers | Trans Fat-free,Max Protein Choco Chips Flavoured Biscuits | Maida-free,0.36903644179652306
Doritos Nacho Cheese Flavoured Corn Chips (45.0 GRAM),Ezee Medium Garbage Bags 19x 21 Inch (30.0 PIECE),0.3687976914903892
Rajam Banana Chips (150.0 GRAM),Origami Luncheon Tissue Paper Napkins - 32 X 32 cm - 50 Serviettes,0.3687772686184248
Malkist Double Chocolatey Crunchy Layered Crackers,Britannia 50-50 Maska Chaska Biscuits Butter Flavoured Crackers | Trans Fat-free,0.36875398409497046
Let's Try Cheese Balls (60.0 GRAM),Cheetos Cheese Puffs (28.0 GRAM),0.3686952172256098
Chheda's Salt & Pepper Banana Chips,Max Protein Choco Chips Flavoured Biscuits | Maida-free,0.3686363381520203
Hillers Schezwan Hot Chutney,"Ching's Secret Veg Hakka Noodles, Cooks In 5-7 mins, Just Soak & Drain",0.3686202834978271
Mr Makhana Super Snack - Pudina Party,Let's Try Namkeen Combo Pack Of 6 (Crunchy Party Mix Peanut Party Mix Aloo Bhujia),0.3686191167323243
MAGGI 2-Minute Instant Noodles | Masala Noodles | Made With Quality Spices,Sunfeast Dark Fantasy Bourbon Chocolate Cream Biscuits | Trans Fat-free,0.3685977540071312
Parle Melody Chocolaty Toffee (176.0 GRAM),Haldiram's Lite Chiwda (200.0 GRAM),0.3682792610633702
Dukes Nutri Choice Assorted Biscuits Wafers,Lal Sweets Motichoor Laddu,0.3682292875377117
"Ching's Secret Veg Hakka Noodles, Cooks In 5-7 mins, Just Soak & Drain",Max Protein Choco Chips Flavoured Biscuits | Maida-free,0.3681786672136212
Korean Kab's Jackpot Cheese and Butter Instant Noodles | Hot Chicken | Non Veg,Scotch-Brite Scrub Sponge (Pack of 3),0.36812946138870867
Lay's Classic Salted Potato Chips (67.0 GRAM),Haldiram's Moong Dal,0.3680761505750913
Catch Red Chilli Powder (200.0 GRAM),Britannia Marie Gold Biscuits Plain | Trans Fat-free,0.3680567617866005
Haldiram's Mixture (400.0 GRAM),Rajdhani Roasted Chana (200.0 GRAM),0.3680433383394121
"Taali Roasted Bharuchi Peanuts | Masala | Protein Rich, No Palm Oil ,Restaurant-Style Crunch",Cheetos Cheese Puffs (28.0 GRAM),0.3679765130984643
Haldiram Aloo Bhujia ,Everest Coriander Powder (100.0 GRAM),0.3679610372515466
Lay's West Indies Hot 'n' Sweet Chilli Potato Chips,Sunfeast Dark Fantasy Bourbon Chocolate Cream Biscuits | Trans Fat-free,0.3679567144349449
Kurkure Red Chilli Chataka Chips (68.0 GRAM),Max Protein Choco Chips Flavoured Biscuits | Maida-free,0.3679539883550775
Cadbury Oreo Vanilla Flavour Creme Sandwich Biscuit Family Pack,Aashirvaad 100% Chana Dal Besan (500.0 GRAM),0.36792166869647586
Winkies Fruit Cake Slice,Crax Crunchy Pipes Salted Puff Snacks,0.36788920461689334
Lay's India's Magic Masala Potato Chips,Sunfeast Dark Fantasy Bourbon Chocolate Cream Biscuits | Trans Fat-free,0.3678879815267673
Kinder Joy - Single Pack - Assorted,MAGGI 2-Minute Instant Noodles | Masala Noodles | Made With Quality Spices,0.36788069910947346
Jatin Verna Plastic Cloth Hanging Clips Set of 12 pcs,Haldiram's Moong Dal,0.36783262193104355
Catch Red Chilli Powder (200.0 GRAM),Haldiram's Moong Dal,0.36778070483549935
Cadbury Oreo Vanilla Flavour Creme Sandwich Biscuit Family Pack,Origami Luncheon Tissue Paper Napkins - 32 X 32 cm - 50 Serviettes,0.367744434057653
Rajdhani Roasted Chana (200.0 GRAM),Haldiram's Bhujia Sev (200.0 GRAM),0.3676749846749981
Everest Turmeric Powder ,Cheetos Cheese Puffs (28.0 GRAM),0.367673900834403
Society Natural Tea,Haldiram's Lite Chiwda (200.0 GRAM),0.36766280515740557
Parle Melody Chocolaty Toffee (176.0 GRAM),"Ritebite Max Protein Peri Peri 10G Multigrain Protein Chips, Healthy Snacks & Munchies",0.3676612367021276
Veeba Thousand Island Dressing,Max Protein Choco Chips Flavoured Biscuits | Maida-free,0.3675293221215338
Ezee Small Garbage Bags 17 x 19 Inch (30.0 PIECE),RiteBite Max Protein 10g Protein Bar Choco Almond,0.3675205308098113
Hillers Thin Hakka Noodles,Parle Hide & Seek Milano Chocolate Flavoured Biscuits,0.36748701738541434
Parle Shakti Milk Glucose Biscuits | Cholesterol-free and Trans Fat-free,MAGGI 2-Minute Instant Noodles | Masala Noodles | Made With Quality Spices,0.36747342744122513
Unibic Danish Coconut Cookies,Peppy Tomato Disc (55.0 GRAM),0.36744913928012524
MAGGI Pazzta Instant Pasta - Cheese Macaroni,Catch Jeera Whole (100.0 GRAM),0.3673792013640709
Beyond Snack Kerala Banana Chips - Original Style (70.0 GRAM),Max Protein Choco Chips Flavoured Biscuits | Maida-free,0.3673596723236563
Origami Luncheon Tissue Paper Napkins - 32 X 32 cm - 50 Serviettes,Max Protein Choco Chips Flavoured Biscuits | Maida-free,0.3673408842000194
Top Ramen Curry Veg Instant Noodles,Everest Coriander Powder (100.0 GRAM),0.3672543905407755
Britannia Good Day Cashew Dry Fruit Biscuits| Trans Fat-free,Cheetos Masala Balls (28.0 GRAM),0.3671242480700626
Parle Hide & Seek Choco Roll Centre Fills | Trans Fat-free,Everest Chhole Masala,0.3671191783607891
Modern Kitchens Butter Murukku,Let's Try Salted Peanuts,0.36706560283687945
Garden Lemon Bhel Namkeen,Parle Krack Jack Sweet and Salty Plain Crackers | Artificial Colour-free,0.3670381433823529
Moov Fast Pain Relief Spray (50.0 GRAM),Haldiram's Bhujia Sev (200.0 GRAM),0.3670113114174619
Bauli Moonfils Croissants Choco Cream,Sunfeast Dark Fantasy Bourbon Chocolate Cream Biscuits | Trans Fat-free,0.3669996378708764
Nestle EveryDay Dairy Whitener,Haldiram's Masala Tasty Nuts (200.0 GRAM),0.3669918643132929
Britannia Vita Butter Marie Gold Biscuits | Trans Fat-free,Parle Hide & Seek Chocolate Chip Biscuits | Trans Fat-free,0.3669302890065483
Britannia Pure Magic Choco Stars Chocolate Cream Biscuits | Trans Fat-free,Parle Hide & Seek Chocolate Chip Biscuits | Trans Fat-free,0.36679989444755523
Beyond Snack Kerala Banana Chips - Original Style (70.0 GRAM),Sunfeast Dark Fantasy Bourbon Chocolate Cream Biscuits | Trans Fat-free,0.36679015497714046
Ezee Small Garbage Bags 17 x 19 Inch (30.0 PIECE),Max Protein Choco Chips Flavoured Biscuits | Maida-free,0.3667883355849984
Britannia Treat Jimjam Naughty Jam Cream Biscuits | Trans Fat-free,Lay's India's Magic Masala Potato Chips,0.36675307443150446
Nestle EveryDay Dairy Whitener,Haldiram's Lite Chiwda (200.0 GRAM),0.3667045003746639
"Taali Roasted Bharuchi Peanuts | Masala | Protein Rich, No Palm Oil ,Restaurant-Style Crunch",Haldiram's Salted Peanut,0.3666909267345948
Haldiram's Lite Chiwda (200.0 GRAM),Rajdhani Roasted Chana (200.0 GRAM),0.36667031194466465
Nutrela Mini Soya Chunks (200.0 GRAM),"Ritebite Max Protein Peri Peri 10G Multigrain Protein Chips, Healthy Snacks & Munchies",0.3666597222222222
Britannia Treat Jimjam Naughty Jam Cream Biscuits | Trans Fat-free,RiteBite Max Protein 10g Protein Bar Choco Almond,0.36664780918459794
RiteBite Max Protein 10g Protein Bar Choco Berry (50.0 GRAM),Cheetos Masala Balls (28.0 GRAM),0.36661477721668617
Lal Mysore Pak Premium,"Ching's Secret Veg Hakka Noodles, Cooks In 5-7 mins, Just Soak & Drain",0.3665549524607482
Unibic Choco Chip Flavoured Biscuits | Trans Fat-free,Britannia Treat Jimjam Naughty Jam Cream Biscuits | Trans Fat-free,0.36653207270132493
Everest - Ginger Garlic Paste (200.0 GRAM),Max Protein Choco Chips Flavoured Biscuits | Maida-free,0.366485204729143
Haldiram's Lite Chiwda (200.0 GRAM),Sunfeast Dark Fantasy Bourbon Chocolate Cream Biscuits | Trans Fat-free,0.3664641860141741
Cheetos Cheese Puffs (28.0 GRAM),Chheda's Yellow Banana Chips (170.0 GRAM),0.36644219750043244
"Ritebite Max Protein Spanish Tomato 10G Multigrain Protein Chips, Healthy Snacks & Munchies",Palekar Knot Premium Salty Khari | Preservative-free,0.3664024316109422
Everest Coriander Powder (100.0 GRAM),Om Shanthi Havan Samagri | Cycle,0.36640048625083843
Parle Shakti Milk Glucose Biscuits | Cholesterol-free and Trans Fat-free,Sunfeast Dark Fantasy Bourbon Chocolate Cream Biscuits | Trans Fat-free,0.36639878452112284
Dukes Nutri Choice Assorted Biscuits Wafers,Om Shanthi Havan Samagri | Cycle,0.3663781474820143
Doublemint Lemonmint Flavour Chewymints Tube (27300.0 MILLIGRAM),Scotch-Brite Scrub Sponge (Pack of 3),0.3663596082089552
Lal Mysore Pak Premium,Rajdhani Roasted Chana (200.0 GRAM),0.3663186741485057
Satyam Puffed Rice Kurmura - R (200.0 GRAM),Haldiram's Moong Dal,0.36631176233333035
Mr Makhana Super Snack - Pudina Party,Lay's Spanish Tomato Tango Potato Chips,0.3662768157146549
Chheda's Salt & Pepper Banana Chips,RiteBite Max Protein 10g Protein Bar Choco Almond,0.36613679387152137
Unibic Danish Coconut Cookies,Haldiram's Salted Peanut,0.36607463946277197
Veeba Veg Mayonnaise Burger,"Ritebite Max Protein Peri Peri 10G Multigrain Protein Chips, Healthy Snacks & Munchies",0.3660680970149254
Lay's Potato Chips - Sizzling Hot Spicy Flavour,Haldiram's Soan Papdi,0.36606789020626934
Everest Kasuri Methi,Haldiram's Masala Tasty Nuts (200.0 GRAM),0.3660314319844706
"Maggi Nutri-licious Masala Veg Atta Noodles, Instant Noodles",Haldiram's Moong Dal,0.36600867952543514
Hillers Thin Hakka Noodles,Om Shanthi Havan Samagri | Cycle,0.36600858183079055
Haldiram's Masala Tasty Nuts (200.0 GRAM),RiteBite Max Protein 10g Protein Bar Choco Almond,0.36596850154118876
Mr Makhana Super Snack - Pudina Party,Lay's American Cream & Onion Potato Chips,0.365937507830314
Chheda's Long Masala Banana Chips (170.0 GRAM),Chheda's Yellow Banana Chips (170.0 GRAM),0.3659337687404615
Korean Samyang Hot Chicken Ramen Non Veg,Haldiram's Lite Chiwda (200.0 GRAM),0.36588394879629144
Crax Crunchy Pipes Salted Puff Snacks,Chheda's Yellow Banana Chips (170.0 GRAM),0.3657691870749955
Catch Dhania Powder (200.0 GRAM),Maggi Special Masala Instant Noodles,0.3657503879405896
Yogabar Dark Chocolate Oatmeal 400g Breakfast Cereal Gluten Free Oats High in Protein & Gluten-Free,Kinder Joy - Single Pack - Assorted,0.3656895403064624
Scotch-Brite Scrub Sponge (Pack of 3),RiteBite Max Protein 10g Protein Bar Choco Almond,0.3656349310715147
Lay's West Indies Hot 'n' Sweet Chilli Potato Chips,Kurkure Yummy PuffCorn Yummy Cheese Chips,0.3655738256161942
Crax Curls Chatpata Masala Puff Snacks,The Theatre Project Gourmet Popcorn - Cheddar Cheese (60.0 GRAM),0.36551058585978563
Crax Curls Chatpata Masala Puff Snacks,Sunfeast Dark Fantasy Bourbon Chocolate Cream Biscuits | Trans Fat-free,0.3654197380361863
Balaji Masala Masti Chips (135.0 GRAM),Bingo! Mad Angles Achaari Masti Crisps,0.36535389299397925
Kurkure Solid Masti Masala Twisteez (61.0 GRAM),Cheetos Cheese Puffs (28.0 GRAM),0.3652959945332212
Everest - Ginger Garlic Paste (200.0 GRAM),Heka Bites Roasted Makhana Himalayan Pink Salt,0.36524064171122994
Rajdhani Roasted Chana (200.0 GRAM),Let's Try Salted Peanuts,0.3650742885357752
BAY6 Dishwashbar,RiteBite Max Protein 10g Protein Bar Choco Almond,0.3650526760058197
Moov Fast Pain Relief Spray (50.0 GRAM),Let's Try Namkeen Combo Pack Of 6 (Crunchy Party Mix Peanut Party Mix Aloo Bhujia),0.3650022893772894
Piknik Classic Tomato Chilli,Haldiram's Soan Papdi,0.3649993843880817
Balaji Masala Masti Chips (135.0 GRAM),Catch Jeera Whole (100.0 GRAM),0.3649834344115004
Unibic Danish Coconut Cookies,Rajdhani Roasted Chana (200.0 GRAM),0.3649505371768961
Scotch-Brite Scrub Sponge (Pack of 3),Cheetos Cheese Puffs (28.0 GRAM),0.3649300657535493
Haldiram's Salted Peanut,Rajdhani Roasted Chana (200.0 GRAM),0.36492639065465327
Unibic Danish Coconut Cookies,Max Protein Choco Chips Flavoured Biscuits | Maida-free,0.364826900635346
Dukes Nibbles - Jeera Flavoured Crackers,Kinder Joy - Single Pack - Assorted,0.36466135978076464
Nutrela Mini Soya Chunks (200.0 GRAM),Palekar Knot Premium Salty Khari | Preservative-free,0.3645795339412361
Britannia Good Day Oats Cookies Fruits and Nuts Dry Fruit Biscuits | Trans Fat-free,Lay's Spanish Tomato Tango Potato Chips,0.36455720625120586
Britannia Good Day Cashew Dry Fruit Biscuits| Trans Fat-free,Haldiram's Moong Dal,0.3644893296182112
Kurkure Schezwan Chutney (68.0 GRAM),Haldiram's Salted Peanut,0.3644412891472661
Ezee Medium Garbage Bags 19x 21 Inch (30.0 PIECE),Haldiram's Moong Dal,0.3643823891809388
Everest Tikhalal Powder Pouch (200.0 GRAM),Lay's Spanish Tomato Tango Potato Chips,0.3643802367336082
Britannia Good Day Oats Cookies Fruits and Nuts Dry Fruit Biscuits | Trans Fat-free,Haldiram's Masala Tasty Nuts (200.0 GRAM),0.36436207334094656
Haldiram's Lite Chiwda (200.0 GRAM),Scotch-Brite Scrub Sponge (Pack of 3),0.36433746494310304
Ezee Small Garbage Bags 17 x 19 Inch (30.0 PIECE),Kurkure Green Chutney Style (68.0 GRAM),0.36430080417637273
Everest - Ginger Garlic Paste (200.0 GRAM),Haldiram Aloo Bhujia ,0.3642523364485981
"Maggi Nutri-licious Masala Veg Atta Noodles, Instant Noodles",MAGGI 2-Minute Instant Noodles | Masala Noodles | Made With Quality Spices,0.364245796614544
Chheda's Farali Potato Chivda (170.0 GRAM),Daily Good Tamarind / Imli (200.0 GRAM),0.36420740002059476
Veeba Veg Mayonnaise Burger,"Ching's Secret Veg Hakka Noodles, Cooks In 5-7 mins, Just Soak & Drain",0.364194926427931
Everest Chhole Masala,Haldiram's Masala Tasty Nuts (200.0 GRAM),0.364183142874418
Catch Peri Peri Sprinkler (90.0 GRAM),Kinder Joy - Single Pack - Assorted,0.3641250930752047
"Yoga Bar Muesli Dark Chocolate & Cranberry,Breakfast Cereals, Protein Granola, Gluten Free",Max Protein Choco Chips Flavoured Biscuits | Maida-free,0.364033798677443
Dukes Nutri Choice Assorted Biscuits Wafers,Palekar Knot Premium Salty Khari | Preservative-free,0.3639238153550108
Snackible Cheese Dosa Khakra | Millet Snack (100.0 GRAM),"Paper Boat Mango | Juicy Sips, Chewy Bites | Refreshing Summer Juice Drink",0.36390649001536096
Lay's Spanish Tomato Tango Potato Chips,MAGGI 2-Minute Instant Noodles | Masala Noodles | Made With Quality Spices,0.3638862703450909
Maggi Pazzta Instant Pasta - Masala Penne (69.0 GRAM),Parle Hide & Seek Chocolate Chip Biscuits | Trans Fat-free,0.3638440482216847
Pulse Kachcha Aam 50 Candies (190.0 GRAM),Mr Makhana Super Snack - Pudina Party,0.36374398816130227
Chheda's Yellow Banana Chips (170.0 GRAM),Let's Try Salted Peanuts,0.3637185000754489
"Taali Roasted Bharuchi Peanuts | Masala | Protein Rich, No Palm Oil ,Restaurant-Style Crunch",Sunfeast Dark Fantasy Bourbon Chocolate Cream Biscuits | Trans Fat-free,0.3636831172870361
Snackible Cheese Dosa Khakra | Millet Snack (100.0 GRAM),Unibic Fruit & Nut cookies,0.36357338017174085
Chheda's Yellow Banana Chips (170.0 GRAM),Max Protein Choco Chips Flavoured Biscuits | Maida-free,0.3634361597907254
Parle Hide & Seek Black Bourbon Chocolate Cream Biscuits | Trans Fat-free,Palekar Jeeo Butter | Toasted Buns With Jeera And Khari | Trans Fat-free,0.36341070695281935
Balaji Masala Masti Chips (135.0 GRAM),Aashirvaad 100% Chana Dal Besan (500.0 GRAM),0.36333471875865897
Unibic Choco Chip Flavoured Biscuits | Trans Fat-free,Kurkure Solid Masti Masala Twisteez (61.0 GRAM),0.36327547287304424
Nutrela Mini Soya Chunks (200.0 GRAM),Nissin Geki - Hot and Spicy Korean Kimchi Flavoured Ramen Instant Noodles,0.3632413793103448
Nestle EveryDay Dairy Whitener,Chheda's Yellow Banana Chips (170.0 GRAM),0.3631594659140252
"Maggi Nutri-licious Masala Veg Atta Noodles, Instant Noodles",The Theatre Project Gourmet Popcorn - Cheddar Cheese (60.0 GRAM),0.3631481217722493
Beyond Snack Kerala Banana Chips - Original Style (70.0 GRAM),Kurkure Green Chutney Style (68.0 GRAM),0.3630763282572317
Cheetos Cheese Puffs (28.0 GRAM),Max Protein Choco Chips Flavoured Biscuits | Maida-free,0.36304725721761255
Hillers Schezwan Hot Chutney,Rajdhani Roasted Chana (200.0 GRAM),0.363043794558417
Hillers Schezwan Hot Chutney,Sunfeast Dark Fantasy Bourbon Chocolate Cream Biscuits | Trans Fat-free,0.36300523636012644
Daily Good Lachkari Kolam Raw Rice,MAGGI 2-Minute Instant Noodles | Masala Noodles | Made With Quality Spices,0.36298220507715284
Aashirvaad 100% Chana Dal Besan (500.0 GRAM),Max Protein Choco Chips Flavoured Biscuits | Maida-free,0.3629466622447066
Bauli Moonfils Croissants Sweet Cheese Creme (45.0 GRAM),Max Protein Choco Chips Flavoured Biscuits | Maida-free,0.3629352055950145
Cadbury Oreo Vanilla Flavour Creme Sandwich Biscuit Mega Family Pack,Daily Good Cashew | W320 (100.0 GRAM),0.3629286947939799
Korean Nongshim Shin Ramyun Noodle Soup Veg,Haldiram's Moong Dal,0.3628802704145169
Tang Mango Instant Drink Mix,MAGGI 2-Minute Instant Noodles | Masala Noodles | Made With Quality Spices,0.36285157015126307
Piknik Classic Tomato Chilli,Modern Kitchens Potato Chips Salted (70.0 GRAM),0.36281287645562843
Beyond Snack Kerala Banana Chips - Original Style (70.0 GRAM),RiteBite Max Protein 10g Protein Bar Choco Almond,0.3627704500940271
Rajam Banana Chips (150.0 GRAM),Kurkure Solid Masti Masala Twisteez (61.0 GRAM),0.3627059081924006
Rang Munch Tangy Imli (110.0 GRAM),"Paper Boat Mango | Juicy Sips, Chewy Bites | Refreshing Summer Juice Drink",0.3626974983541804
"Maggi Nutri-licious Masala Veg Atta Noodles, Instant Noodles",Sunfeast Dark Fantasy Bourbon Chocolate Cream Biscuits | Trans Fat-free,0.36268353015752525
Haldiram's Salted Peanut,Haldiram's Bhujia Sev (200.0 GRAM),0.36266120853727996
Uncle Chips Plain Salted (80.0 GRAM),Lay's Spanish Tomato Tango Potato Chips,0.3626542977570374
Britannia Vita Butter Marie Gold Biscuits | Trans Fat-free,Daily Good Raw Peanut - Singdana,0.3626418452866572
Daily Good Cashew | W320 (100.0 GRAM),Kurkure Solid Masti Masala Twisteez (61.0 GRAM),0.36262626262626263
Veeba Thousand Island Dressing,Kinder Joy - Single Pack - Assorted,0.362611345522738
Britannia Pure Magic Choco Stars Chocolate Cream Biscuits | Trans Fat-free,Chheda's Small Bhakarwadi,0.36248487293263415
Lay's Spanish Tomato Tango Potato Chips,Scotch-Brite Scrub Sponge (Pack of 3),0.36245623338785526
Hillers Thin Hakka Noodles,Parle Melody Chocolaty Toffee (176.0 GRAM),0.36227019210906836
Ezee Medium Garbage Bags 19x 21 Inch (30.0 PIECE),Max Protein Choco Chips Flavoured Biscuits | Maida-free,0.3622209942022363
Daily Good Mustard / Rai / Sarso Small (100.0 GRAM),Haldiram's Moong Dal,0.3622082699137494
Nestle EveryDay Dairy Whitener,Scotch-Brite Scrub Sponge (Pack of 3),0.3622058711544319
"Ritebite Max Protein Spanish Tomato 10G Multigrain Protein Chips, Healthy Snacks & Munchies",Max Protein Choco Chips Flavoured Biscuits | Maida-free,0.36220014695077146
Crax Curls Chatpata Masala Puff Snacks,Cheetos Cheese Puffs (28.0 GRAM),0.3620440295613203
Scotch-Brite Scrub Sponge (Pack of 3),MAGGI 2-Minute Instant Noodles | Masala Noodles | Made With Quality Spices,0.3619971787404441
Korean Kab's Jackpot Cheese and Butter Instant Noodles | Hot Chicken | Non Veg,Korean Nongshim Shin Ramyun Noodle Soup Veg,0.3619875776397516
Daily Good Cashew | W320 (100.0 GRAM),Haldiram's Moong Dal,0.3619842697468268
Lay's Spanish Tomato Tango Potato Chips,Haldiram's Bhujia Sev (200.0 GRAM),0.36198375920626386
Kotton Multipurpose Napkin | 100% Virgin Pulp-Paper | 25 cm X 25 cm | 100Pcs,Kinder Joy - Single Pack - Assorted,0.3619036893553763
Korean Nongshim Shin Ramyun Noodle Soup Veg,Sunfeast Dark Fantasy Bourbon Chocolate Cream Biscuits | Trans Fat-free,0.36189597666154694
Palekar Knot Premium Salty Khari | Preservative-free,Om Shanthi Havan Samagri | Cycle,0.361851389491967
Moov Fast Pain Relief Spray (50.0 GRAM),Let's Try Salted Peanuts,0.3618218085106383
Namaskaram Nachani (Ragi) Chips,MAGGI 2-Minute Instant Noodles | Masala Noodles | Made With Quality Spices,0.3617600427704958
Britannia Good Day Oats Cookies Fruits and Nuts Dry Fruit Biscuits | Trans Fat-free,Colombian Brew Original Instant Coffee Sachets | 40 Sachets,0.36175477522670263
Godrej Expert Creme Hair Colour Natural Black (Pack of 4),Ezee Small Garbage Bags 17 x 19 Inch (30.0 PIECE),0.3616316777607101
Lay's American Cream & Onion Potato Chips (48.0 GRAM),Kurkure Yummy PuffCorn Yummy Cheese Chips,0.3616251688194757
Lal Mysore Pak Premium,Parle Melody Chocolaty Toffee (176.0 GRAM),0.36159793814432983
Rajdhani Roasted Chana (200.0 GRAM),Cheetos Cheese Puffs (28.0 GRAM),0.3615718585983328
Rajdhani Roasted Chana (200.0 GRAM),Haldiram's Moong Dal,0.3615532820838872
Bingo! Mad Angles Achaari Masti Crisps,Sunfeast Dark Fantasy Bourbon Chocolate Cream Biscuits | Trans Fat-free,0.3614800042745797
Parle Marie Butter Marie Biscuits | Trans Fat-free,Kurkure Green Chutney Style (68.0 GRAM),0.36145941984798147
Lal Milk Cake Signature,Lay's Spanish Tomato Tango Potato Chips,0.36140611337802386
Nova Nova Waffle Chips- Classic Chocolate Drizzle,RiteBite Max Protein 10g Protein Bar Choco Almond,0.3613286088233416
Amul Taaza Homogenised Toned Milk (Tetra Pack),Max Protein Choco Chips Flavoured Biscuits | Maida-free,0.36117863162899255
Daily Good Cashew | W320 (100.0 GRAM),Origami Luncheon Tissue Paper Napkins - 32 X 32 cm - 50 Serviettes,0.36113839674135
Sunfeast Dark Fantasy Bourbon Chocolate Cream Biscuits | Trans Fat-free,Max Protein Choco Chips Flavoured Biscuits | Maida-free,0.36109948793466295
"Ritebite Max Protein Spanish Tomato 10G Multigrain Protein Chips, Healthy Snacks & Munchies",Parle Hide & Seek Milano Chocolate Flavoured Biscuits,0.36104186046511627
Maggi Masala-ae-Magic Sabzi Masala,Kurkure Masala Munch,0.3610138873207632
Maggi Masala-ae-Magic Sabzi Masala,Max Protein Choco Chips Flavoured Biscuits | Maida-free,0.36069546356481136
"Taali Roasted Bharuchi Peanuts | Masala | Protein Rich, No Palm Oil ,Restaurant-Style Crunch",Haldiram's Masala Tasty Nuts (200.0 GRAM),0.3605534105534105
MAGGI 2-Minute Instant Noodles | Masala Noodles | Made With Quality Spices,RiteBite Max Protein 10g Protein Bar Choco Almond,0.3605174719148072
Let's Try Cheese Balls (60.0 GRAM),Kurkure Masala Munch,0.36050245098039213
Pulse Kachcha Aam 50 Candies (190.0 GRAM),Tata Sampann 100% Chana Dal Fine Besan,0.36046712802768155
BAY6 Dishwashbar,Haldiram's Moong Dal,0.3603551776237538
Satyam Puffed Rice Kurmura - R (200.0 GRAM),Cheetos Cheese Puffs (28.0 GRAM),0.3603251639382932
"Farmley Seed Mix Superfood Rich In Protein- Pumpkin, Watermelon, Sunflower, Flax, Chia Seeds",Kinder Joy - Single Pack - Assorted,0.3602353639240506
Doublemint Lemonmint Flavour Chewymints Tube (27300.0 MILLIGRAM),Palekar Knot Premium Salty Khari | Preservative-free,0.36010366912722536
Sunfeast Dark Fantasy Choco Centre Fills | Preservative-free,Britannia 50-50 Maska Chaska Biscuits Butter Flavoured Crackers | Trans Fat-free,0.36008036532215526
Cadbury Oreo Vanilla Flavour Creme Sandwich Biscuit Family Pack,Daily Good Cashew | W320 (100.0 GRAM),0.3600073827980804
Rajdhani Roasted Chana (200.0 GRAM),Scotch-Brite Scrub Sponge (Pack of 3),0.36000456577870144
Doublemint Lemonmint Flavour Chewymints Tube (27300.0 MILLIGRAM),Max Protein Choco Chips Flavoured Biscuits | Maida-free,0.3599408260732655
Kurkure Green Chutney Style (68.0 GRAM),Cheetos Masala Balls (28.0 GRAM),0.35994073049896774
"Paper Boat Mango | Juicy Sips, Chewy Bites | Refreshing Summer Juice Drink",Sunfeast All Rounder Crunchy Potato Chatpata Masala Flavoured Crackers | Trans Fat-free,0.3599211964950372
Daily Good Raw Peanut - Singdana,Kurkure Solid Masti Masala Twisteez (61.0 GRAM),0.35980153807988086
"Farmley Seed Mix Superfood Rich In Protein- Pumpkin, Watermelon, Sunflower, Flax, Chia Seeds",The Healthy Binge Ragi Baked Chips Chatpata Chaat- High Protein & Fibre (40.0 GRAM),0.35978260869565215
Rang Munch Tangy Imli (110.0 GRAM),The Healthy Binge Ragi Baked Chips Chatpata Chaat- High Protein & Fibre (40.0 GRAM),0.35978260869565215
Yogabar Dark Chocolate Oatmeal 400g Breakfast Cereal Gluten Free Oats High in Protein & Gluten-Free,Palekar Knot Premium Salty Khari | Preservative-free,0.3597824348104304
Aashirvaad 100% Chana Dal Besan (500.0 GRAM),Haldiram's Moong Dal,0.3597565573635672
Gebi Sparkle Plus Dolphin Dust Pan,MAGGI 2-Minute Instant Noodles | Masala Noodles | Made With Quality Spices,0.35972636469221836
Cadbury Oreo Vanilla Flavour Creme Sandwich Biscuit Mega Family Pack,Origami Luncheon Tissue Paper Napkins - 32 X 32 cm - 50 Serviettes,0.3596651889130223
Balaji Tomato Wafers (135.0 GRAM),Kurkure Green Chutney Style (68.0 GRAM),0.3595752041221981
Everest Kashmiri Lal Chilli Powder,Scotch-Brite Scrub Sponge (Pack of 3),0.35957517101990044
"Taali Roasted Bharuchi Peanuts | Masala | Protein Rich, No Palm Oil ,Restaurant-Style Crunch",Let's Try Salted Peanuts,0.35957446808510635
Crax Crunchy Pipes Salted Puff Snacks,Haldiram's Salted Peanut,0.3594745835540055
Tang Mango Instant Drink Mix,RiteBite Max Protein 10g Protein Bar Choco Almond,0.359445554776579
Palekar Tea Time Ajwain Rusk | Trans Fat-free,Piknik Classic Tomato Chilli,0.35943729612178327
Britannia Vita Butter Marie Gold Biscuits | Trans Fat-free,Bingo! Mad Angles Achaari Masti Crisps,0.35940912091818594
Namaskaram Nachani (Ragi) Chips,Max Protein Choco Chips Flavoured Biscuits | Maida-free,0.3593255426098924
Chheda's Farali Potato Chivda (170.0 GRAM),Malkist Double Chocolatey Crunchy Layered Crackers,0.35930961460259486
Cadbury Oreo Vanilla Flavour Creme Sandwich Biscuit Mega Family Pack,Chheda's Small Bhakarwadi,0.35929694352110497
Catch Jeera Whole (100.0 GRAM),Aashirvaad 100% Chana Dal Besan (500.0 GRAM),0.3592774577482619
Doublemint Lemonmint Flavour Chewymints Tube (27300.0 MILLIGRAM),The Theatre Project Gourmet Popcorn - Cheddar Cheese (60.0 GRAM),0.3591649159663865
Chheda's Mix Farsan (170.0 GRAM),Cheetos Masala Balls (28.0 GRAM),0.35914127341536006
Balaji Tomato Wafers (135.0 GRAM),Kurkure Solid Masti Masala Twisteez (61.0 GRAM),0.35911678594664925
Dukes Nibbles - Jeera Flavoured Crackers,Piknik Classic Tomato Chilli,0.3591079148653142
Everest Tandoori Chicken Masala,Sunfeast Dark Fantasy Bourbon Chocolate Cream Biscuits | Trans Fat-free,0.3590298974137546
Daily Good Mustard / Rai / Sarso Small (100.0 GRAM),Let's Try Salted Peanuts,0.35899822695035455
Bingo! Mad Angles Very Peri Peri Crisps,Sunfeast Dark Fantasy Bourbon Chocolate Cream Biscuits | Trans Fat-free,0.358997068321364
Britannia Pure Magic Choco Stars Chocolate Cream Biscuits | Trans Fat-free,Ezee Medium Garbage Bags 19x 21 Inch (30.0 PIECE),0.35896637261869924
Ezee Biodegradable Medium Garbage Bags 19 x 21 Inch (30.0 PIECE),Aashirvaad 100% Chana Dal Besan (500.0 GRAM),0.3589531312411612
Namaskaram Methi Khakhra,Sunfeast Dark Fantasy Bourbon Chocolate Cream Biscuits | Trans Fat-free,0.3589306565275754
Godrej Expert Creme Hair Colour Natural Black (Pack of 4),Garden Lemon Bhel Namkeen,0.35891927083333336
The Belgian Crisps Double Choco Waffle Wafers | Artificial Colour-free,Haldiram's Masala Tasty Nuts (200.0 GRAM),0.35889949582610137
MAGGI Pazzta Instant Pasta - Mushroom Penne (68.0 GRAM),Peppy Cheese Balls (55.0 GRAM),0.3588882479564416
Doritos Nacho Chips - Sweet Chilli Flavour,Origami Luncheon Tissue Paper Napkins - 32 X 32 cm - 50 Serviettes,0.3588150668601009
BAY6 Dishwashbar,Sunfeast Dark Fantasy Bourbon Chocolate Cream Biscuits | Trans Fat-free,0.35880909739933853
Lay's Spanish Tomato Tango Potato Chips,Let's Try Salted Peanuts,0.3588048309530748
Balaji Masala Masti Chips (135.0 GRAM),Lay's India's Magic Masala Potato Chips,0.3587998419645029
Kinder Creamy Milky And Cocoa With Extruded Rice (19.0 GRAM),Modern Kitchens Butter Murukku,0.35863830723762813
"Haldirams Namkeen - Tasty Nuts, (400.0 GRAM)",Parle Melody Chocolaty Toffee (176.0 GRAM),0.3586004421110804
Chheda's Salt & Pepper Banana Chips,Chheda's Golden Plain Salted Chips (170.0 GRAM),0.35858661744746506
Winkies Fruit Cake Slice,Colombian Brew Original Instant Coffee Sachets | 40 Sachets,0.35853153695619444
"Taali Roasted Protein Puffs| Cheese & Herbs| Protein Rich, No Maida,No palm oil| Cheeseballs 2.0",Haldiram's Soan Papdi,0.3585109546941607
Haldiram's Salted Peanut,Haldiram's Lite Chiwda (200.0 GRAM),0.3584921765210748
Catch Sprinkler Chat Masala (100.0 GRAM),Max Protein Choco Chips Flavoured Biscuits | Maida-free,0.3584675326426197
Crax Crunchy Pipes Salted Puff Snacks,Kinder Joy - Single Pack - Assorted,0.3584624742925006
Hershey's Spread - Cocoa Jar,Piknik Classic Tomato Chilli,0.3584304689617782
"Taali Roasted Bharuchi Peanuts | Masala | Protein Rich, No Palm Oil ,Restaurant-Style Crunch",Scotch-Brite Scrub Sponge (Pack of 3),0.3583905867487957
Britannia Little Hearts Classic Crunch Flavoured Biscuits | Cholesterol-free,Haldiram's Moong Dal,0.3582863501207608
Namaskaram Bombay Mix,Kurkure Green Chutney Style (68.0 GRAM),0.3582854476695644
Winkies Fruit Cake Slice,Sunfeast All Rounder Crunchy Potato Chatpata Masala Flavoured Crackers | Trans Fat-free,0.35826619294167367
BAY6 Dishwashbar,Max Protein Choco Chips Flavoured Biscuits | Maida-free,0.3582271853529618
Nutrela Mini Soya Chunks (200.0 GRAM),Parle Melody Chocolaty Toffee (176.0 GRAM),0.3582127659574467
Cadbury Oreo Vanilla Flavour Creme Sandwich Biscuit Family Pack,Britannia Treat Jimjam Naughty Jam Cream Biscuits | Trans Fat-free,0.3582102212483212
Parle Hide & Seek Chocolate Chip Biscuits | Trans Fat-free,Sunfeast Dark Fantasy Bourbon Chocolate Cream Biscuits | Trans Fat-free,0.358088188032594
Top Ramen Curry Veg Instant Noodles,Lal Sweets Motichoor Laddu,0.3580764635603345
Pulse Kachcha Aam 50 Candies (190.0 GRAM),Rajdhani Roasted Chana (200.0 GRAM),0.3580385951849093
Crax Curls Chatpata Masala Puff Snacks,Let's Try Salted Peanuts,0.35798624163596726
Snackible Cheese Dosa Khakra | Millet Snack (100.0 GRAM),Sunfeast All Rounder Crunchy Potato Chatpata Masala Flavoured Crackers | Trans Fat-free,0.35797633356227104
Kurkure Masala Munch,Cheetos Masala Balls (28.0 GRAM),0.3578937117417919
Fortune Besan (500.0 GRAM),Cheetos Masala Balls (28.0 GRAM),0.35786772280041196
Ezee Biodegradable Medium Garbage Bags 19 x 21 Inch (30.0 PIECE),Haldiram's Moong Dal,0.35784026665875984
Ezee Biodegradable Medium Garbage Bags 19 x 21 Inch (30.0 PIECE),Origami Luncheon Tissue Paper Napkins - 32 X 32 cm - 50 Serviettes,0.35776956841353885
MAGGI Pazzta Instant Pasta - Mushroom Penne (68.0 GRAM),Kinder Joy - Single Pack - Assorted,0.3577461633247451
Everest Cumin Powder (100.0 GRAM),Haldiram's Salted Peanut,0.357733591119704
Dukes Nutri Choice Assorted Biscuits Wafers,Crax Crunchy Pipes Salted Puff Snacks,0.35769553693429695
Haldiram's Mixture (400.0 GRAM),Sunfeast All Rounder Crunchy Potato Chatpata Masala Flavoured Crackers | Trans Fat-free,0.3576569969578444
Satyam Puffed Rice Kurmura A (200.0 GRAM),Haldiram Aloo Bhujia ,0.35762956669498724
Parle G Original Milk Glucose Biscuits,Daily Good Tamarind / Imli (200.0 GRAM),0.3575468802997755
Parle Hide & Seek Choco Roll Centre Fills | Trans Fat-free,Cheetos Cheese Puffs (28.0 GRAM),0.3575226348854397
Kinder Creamy Milky And Cocoa With Extruded Rice (19.0 GRAM),The Healthy Binge Quinoa Baked Chips Smokey Bbq -High Protein And Fibre (40.0 GRAM),0.3575221656291266
Sunfeast Dark Fantasy Choco Centre Fills | Preservative-free,Lay's Potato Chips - Chile Lemon Flavour,0.3573846852987957
Everest Turmeric Powder ,Kinder Joy - Single Pack - Assorted,0.3573784143904064
The Belgian Crisps Double Choco Waffle Wafers | Artificial Colour-free,The Theatre Project Gourmet Popcorn - Cheddar Cheese (60.0 GRAM),0.3573343098707372
Sunfeast Yippee! Korean Noodles Fiery Hot,Kurkure Green Chutney Style (68.0 GRAM),0.35727418208590456
Modern Kitchens Butter Murukku,Cheetos Cheese Puffs (28.0 GRAM),0.35721913519538423
Parle G Original Milk Glucose Biscuits,MAGGI Pazzta Instant Pasta - Cheese Macaroni,0.3570303356214216
Namaskaram Mini Bhakarwadi,Cheetos Cheese Puffs (28.0 GRAM),0.35698936012639476
Catch Dhania Powder (200.0 GRAM),Scotch-Brite Scrub Sponge (Pack of 3),0.35696577210103325
Chheda's Mix Farsan (170.0 GRAM),Aashirvaad 100% Chana Dal Besan (500.0 GRAM),0.3568696881757646
Everest Chicken Masala,Sunfeast All Rounder Crunchy Potato Chatpata Masala Flavoured Crackers | Trans Fat-free,0.35681162587412585
Kurkure Green Chutney Style (68.0 GRAM),Sunfeast Dark Fantasy Bourbon Chocolate Cream Biscuits | Trans Fat-free,0.3567930674282318
Bingo! Mad Angles Very Peri Peri Crisps,Kurkure Solid Masti Masala Twisteez (61.0 GRAM),0.35677912704777176
Lay's Classic Salted Potato Chips (67.0 GRAM),Haldiram's Bhujia Sev (200.0 GRAM),0.35674148090651675
"Ching's Secret Veg Hakka Noodles, Cooks In 5-7 mins, Just Soak & Drain",Haldiram's Masala Tasty Nuts (200.0 GRAM),0.35673128959348044
Daily Good Saunf - Fennel,Sunfeast Dark Fantasy Bourbon Chocolate Cream Biscuits | Trans Fat-free,0.3567075038778689
Everest Pav Bhaji Masala (100.0 GRAM),Om Shanthi Havan Samagri | Cycle,0.3567014446227929
Top Ramen Curry Veg Instant Noodles,Kotton Multipurpose Napkin | 100% Virgin Pulp-Paper | 25 cm X 25 cm | 100Pcs,0.35668643732700667
Kotton Multipurpose Napkin | 100% Virgin Pulp-Paper | 25 cm X 25 cm | 100Pcs,Haldiram's Lite Chiwda (200.0 GRAM),0.35668355072519464
Top Ramen Curry Veg Instant Noodles,Haldiram's Soan Papdi,0.3566581849024597
RiteBite Max Protein 10g Protein Bar Choco Almond,YiPPee! Magic Masala Noodles with Added Veggies - The Better Noodles,0.35660787105885866
Britannia Marie Gold Biscuits Plain | Trans Fat-free,Ezee Medium Garbage Bags 19x 21 Inch (30.0 PIECE),0.3565902570705702
Piknik Classic Tomato Chilli,Kinder Joy - Single Pack - Assorted,0.35657411188240096
Amul Taaza Homogenised Toned Milk (Tetra Pack),Daily Good Tamarind / Imli (200.0 GRAM),0.3565703867191249
Rang Munch Tangy Imli (110.0 GRAM),Parle Hide & Seek Milano Chocolate Flavoured Biscuits,0.3565258661604177
Britannia Good Day Pista and Badam Dry Fruit Biscuits | Trans Fat-free,Kotton Multipurpose Napkin | 100% Virgin Pulp-Paper | 25 cm X 25 cm | 100Pcs,0.35651787095775955
Daily Good Raw Peanut - Singdana,Origami Luncheon Tissue Paper Napkins - 32 X 32 cm - 50 Serviettes,0.35651607344149283
Tang Mango Instant Drink Mix,Max Protein Choco Chips Flavoured Biscuits | Maida-free,0.35650780741420746
Top Ramen Curry Veg Instant Noodles,Snackible Cheese Dosa Khakra | Millet Snack (100.0 GRAM),0.35638888888888887
Namaskaram Bombay Mix,Kurkure Solid Masti Masala Twisteez (61.0 GRAM),0.3563740856844305
Britannia Little Hearts Classic Crunch Flavoured Biscuits | Cholesterol-free,Max Protein Choco Chips Flavoured Biscuits | Maida-free,0.35635292617071074
Kurkure Green Chutney Style (68.0 GRAM),RiteBite Max Protein 10g Protein Bar Choco Almond,0.35633334285313095
Everest Tikhalal Powder Pouch (200.0 GRAM),Everest Chhole Masala,0.3562227145370431
Unibic Choco Chip Flavoured Biscuits | Trans Fat-free,Britannia 50-50 Maska Chaska Biscuits Butter Flavoured Crackers | Trans Fat-free,0.3561560932759977
Daily Good Raw Peanut - Singdana,Max Protein Choco Chips Flavoured Biscuits | Maida-free,0.356060556404252
Palekar Knot Premium Salty Khari | Preservative-free,"Ching's Secret Veg Hakka Noodles, Cooks In 5-7 mins, Just Soak & Drain",0.3560033080219532
Namaskaram Mini Bhakarwadi,Sunfeast Dark Fantasy Bourbon Chocolate Cream Biscuits | Trans Fat-free,0.35600275382972146
Korean Kab's Jackpot Cheese and Butter Instant Noodles | Hot Chicken | Non Veg,Max Protein Choco Chips Flavoured Biscuits | Maida-free,0.35594415870683327
Britannia 50-50 Maska Chaska Biscuits Butter Flavoured Crackers | Trans Fat-free,Cheetos Masala Balls (28.0 GRAM),0.3558735713368434
Lay's Spanish Tomato Tango Potato Chips,Palekar Jeeo Butter | Toasted Buns With Jeera And Khari | Trans Fat-free,0.3557597404635252
Unibic Danish Coconut Cookies,Chheda's Golden Plain Salted Chips (170.0 GRAM),0.355694102121218
Haldiram's Salted Peanut,Sunfeast Dark Fantasy Bourbon Chocolate Cream Biscuits | Trans Fat-free,0.35559220880024195
Ezee Medium Garbage Bags 19x 21 Inch (30.0 PIECE),MAGGI 2-Minute Instant Noodles | Masala Noodles | Made With Quality Spices,0.3554335555360356
Kurkure Schezwan Chutney (68.0 GRAM),Cheetos Masala Balls (28.0 GRAM),0.3554282700205864
Superyou Chocolate Protein Wafer Bar,Haldiram's Soan Papdi,0.3553844056706652
Veeba Veg Mayonnaise Burger,Om Shanthi Havan Samagri | Cycle,0.35537046908315567
Ezee Medium Garbage Bags 19x 21 Inch (30.0 PIECE),YiPPee! Magic Masala Noodles with Added Veggies - The Better Noodles,0.3553685168334849
Kotton Multipurpose Napkin | 100% Virgin Pulp-Paper | 25 cm X 25 cm | 100Pcs,Max Protein Choco Chips Flavoured Biscuits | Maida-free,0.35534919111706115
MAGGI Pazzta Instant Pasta - Cheese Macaroni,Cheetos Masala Balls (28.0 GRAM),0.3552634315979242
"Taali Roasted Protein Puffs| Cheese & Herbs| Protein Rich, No Maida,No palm oil| Cheeseballs 2.0",Palekar Knot Premium Salty Khari | Preservative-free,0.3551099356570482
"Maggi Nutri-licious Masala Veg Atta Noodles, Instant Noodles",RiteBite Max Protein 10g Protein Bar Choco Almond,0.3550622077315126
Satyam Sabudana (500.0 GRAM),Let's Try Salted Peanuts,0.3550385516299043
Sunfeast Dark Fantasy Chocolate Cream Biscuits | Made With Real Chocolate,Kurkure Solid Masti Masala Twisteez (61.0 GRAM),0.35502226364295336
Stash-Pro Brown Ripper Tipper 32 Roach 32 Paper (1.0 PIECE),Kurkure Green Chutney Style (68.0 GRAM),0.3550217138345177
Daily Good Sooji / Rava (1.0 KILOGRAM),Chheda's Salt & Pepper Banana Chips,0.35484158857652837
Winkies Fruit Cake Slice,Haldiram's Moong Dal,0.35481626440530545
Sunfeast Dark Fantasy Vanilla Cream Dark Crunchy Biscuits | Artificial Colour-free,"Uncle Chipps Potato Chips, Plain Salted Flavour, Crispy Chips & Snacks (48.0 GRAM)",0.35476473875170306
Ezee Medium Garbage Bags 19x 21 Inch (30.0 PIECE),Sunfeast Dark Fantasy Bourbon Chocolate Cream Biscuits | Trans Fat-free,0.354721132679804
Catch Jeera Whole (100.0 GRAM),Parle Hide & Seek Chocolate Chip Biscuits | Trans Fat-free,0.35462039242214494
Kinder Creamy Milky And Cocoa With Extruded Rice (19.0 GRAM),Kinder Joy - Single Pack - Assorted,0.3546080390850544
Dukes Nibbles - Jeera Flavoured Crackers,Om Shanthi Havan Samagri | Cycle,0.3545563328424153
Balaji Tomato Wafers (135.0 GRAM),MAGGI 2-Minute Instant Noodles | Masala Noodles | Made With Quality Spices,0.35447318826287993
Everest Coriander Powder (100.0 GRAM),Everest Chhole Masala,0.35426631376626655
Catch Jeera Whole (100.0 GRAM),Lay's India's Magic Masala Potato Chips,0.3541057936737305
Aashirvaad Jeera (100.0 GRAM),Aashirvaad 100% Chana Dal Besan (500.0 GRAM),0.3540803460770984
Origami Luncheon Tissue Paper Napkins - 32 X 32 cm - 50 Serviettes,Sunfeast Dark Fantasy Bourbon Chocolate Cream Biscuits | Trans Fat-free,0.3540715553996639
Daily Good Pistachios California Salted,Cheetos Masala Balls (28.0 GRAM),0.3540039056484054
Modern Kitchens Butter Murukku,Haldiram's Moong Dal,0.3538624572429257
Doritos Nacho Chips - Sweet Chilli Flavour,Lay's India's Magic Masala Potato Chips,0.3538422567397139
"Farmley Seed Mix Superfood Rich In Protein- Pumpkin, Watermelon, Sunflower, Flax, Chia Seeds",Max Protein Choco Chips Flavoured Biscuits | Maida-free,0.35371108100661275
Amul Taaza Homogenised Toned Milk (Tetra Pack),Aashirvaad 100% Chana Dal Besan (500.0 GRAM),0.3535643733802748
Pulse Kachcha Aam 50 Candies (190.0 GRAM),Chheda's Yellow Banana Chips (170.0 GRAM),0.3535089434710053
Everest Tandoori Chicken Masala,Everest Chhole Masala,0.3535056404398115
Malkist Double Chocolatey Crunchy Layered Crackers,Lay's American Cream & Onion Potato Chips (48.0 GRAM),0.35348014546206613
Britannia Vita Butter Marie Gold Biscuits | Trans Fat-free,Chheda's Long Masala Banana Chips (170.0 GRAM),0.3533994519117838
Lal Milk Cake Signature,Scotch-Brite Scrub Sponge (Pack of 3),0.3533681327405525
Everest Tikhalal Powder Pouch (200.0 GRAM),Ezee Medium Garbage Bags 19x 21 Inch (30.0 PIECE),0.353353185934568
Chheda's Salt & Pepper Banana Chips,Kurkure Masala Munch,0.35334737643383995
Parle Krack Jack Sweet and Salty Plain Crackers | Artificial Colour-free,Sunfeast Dark Fantasy Bourbon Chocolate Cream Biscuits | Trans Fat-free,0.3533334705470712
Everest Pav Bhaji Masala (100.0 GRAM),Palekar Knot Premium Salty Khari | Preservative-free,0.3533144359823776
Society Natural Tea,The Healthy Binge Quinoa Baked Chips Smokey Bbq -High Protein And Fibre (40.0 GRAM),0.35328934506353865
Society Natural Tea,The Healthy Binge Ragi Baked Chips Chatpata Chaat- High Protein & Fibre (40.0 GRAM),0.3532411067193676
Lay's Classic Salted Potato Chips (50.0 GRAM),Lay's India's Magic Masala Potato Chips,0.35317007902549163
Parle Hide & Seek Black Bourbon Chocolate Cream Biscuits | Trans Fat-free,Haldiram's Bhujia Sev (200.0 GRAM),0.35316182796774637
Haldiram's Masala Tasty Nuts (200.0 GRAM),Cheetos Cheese Puffs (28.0 GRAM),0.3531362440947044
Stash-Pro Brown Ripper Tipper 32 Roach 32 Paper (1.0 PIECE),Kurkure Solid Masti Masala Twisteez (61.0 GRAM),0.3531277630415561
Origami 3 Ply Toilet Tissue Paper Roll - 160 Pulls Per Roll (1.0 PIECE),Kurkure Green Chutney Style (68.0 GRAM),0.3529683556075139
Britannia Pure Magic Choco Stars Chocolate Cream Biscuits | Trans Fat-free,Kurkure Green Chutney Style (68.0 GRAM),0.35293790367449623
Bingo! Mad Angles Achaari Masti Crisps,Cheetos Masala Balls (28.0 GRAM),0.3529054993133054
Kurkure Solid Masti Masala Twisteez (61.0 GRAM),Max Protein Choco Chips Flavoured Biscuits | Maida-free,0.3528756745800502
Britannia Good Day Chunkies Coconut Flavoured Biscuits | Trans Fat-free,Lay's Classic Salted Potato Chips (67.0 GRAM),0.35287258532679405
Tang Mango Instant Drink Mix,Kurkure Solid Masti Masala Twisteez (61.0 GRAM),0.35285445163404044
Unibic Choco Chip Flavoured Biscuits | Trans Fat-free,Max Protein Choco Chips Flavoured Biscuits | Maida-free,0.3528032601177928
Lal Besan Laddoo Classic (200.0 GRAM),Kotton Multipurpose Napkin | 100% Virgin Pulp-Paper | 25 cm X 25 cm | 100Pcs,0.35276680614758904
Dukes Nibbles - Jeera Flavoured Crackers,Rajdhani Roasted Chana (200.0 GRAM),0.35275131584670927
Dabur Real Litchi Fruit Juice,RiteBite Max Protein 10g Protein Bar Choco Almond,0.35269641994248263
Britannia Good Day Oats Cookies Fruits and Nuts Dry Fruit Biscuits | Trans Fat-free,Haldiram's Soan Papdi,0.35263950112891085
Modern Kitchens Butter Murukku,Peppy Tomato Disc (55.0 GRAM),0.35263264172850717
Lay's Potato Chips - Sizzling Hot Spicy Flavour,Cheetos Masala Balls (28.0 GRAM),0.3525659787589244
Everest Powder - Tea Masala (100.0 GRAM),Haldiram's Bhujia Sev (200.0 GRAM),0.3525093447049179
Doritos Nacho Cheese Flavoured Corn Chips (45.0 GRAM),Bingo! Mad Angles Achaari Masti Crisps,0.35245190674367255
Everest Tikhalal Powder Pouch (200.0 GRAM),Haldiram's Salted Peanut,0.3524505023953873
Fortune Besan (500.0 GRAM),Sunfeast Dark Fantasy Bourbon Chocolate Cream Biscuits | Trans Fat-free,0.3524421928740527
Parle Hide & Seek Black Bourbon Chocolate Cream Biscuits | Trans Fat-free,Maggi Special Masala Instant Noodles,0.3524414115600022
Lal Mysore Pak Premium,Sunfeast All Rounder Crunchy Potato Chatpata Masala Flavoured Crackers | Trans Fat-free,0.35242119349722434
Crax Crunchy Pipes Salted Puff Snacks,Lay's Spanish Tomato Tango Potato Chips,0.3524192031597755
Everest Shahi Biryani Masala (50.0 GRAM),Everest Kasuri Methi,0.3523346487766377
Everest Powder - Tea Masala (100.0 GRAM),Cheetos Cheese Puffs (28.0 GRAM),0.3523179380729977
"Ching's Secret Veg Hakka Noodles, Cooks In 5-7 mins, Just Soak & Drain",Sunfeast Dark Fantasy Bourbon Chocolate Cream Biscuits | Trans Fat-free,0.35229088517261076
MAGGI Pazzta Instant Pasta - Mushroom Penne (68.0 GRAM),Chheda's Golden Plain Salted Chips (170.0 GRAM),0.3522174988248278
Lay's West Indies Hot 'n' Sweet Chilli Potato Chips,Britannia 50-50 Maska Chaska Biscuits Butter Flavoured Crackers | Trans Fat-free,0.35214030428224796
Britannia 50-50 Maska Chaska Biscuits Butter Flavoured Crackers | Trans Fat-free,Lay's India's Magic Masala Potato Chips,0.35210773587334276
Haldiram's Mixture (400.0 GRAM),Crax Crunchy Pipes Salted Puff Snacks,0.35206402151288313
MAGGI Pazzta Instant Pasta - Mushroom Penne (68.0 GRAM),Kotton Multipurpose Napkin | 100% Virgin Pulp-Paper | 25 cm X 25 cm | 100Pcs,0.35202028154820014
Hillers Thin Hakka Noodles,Lal Sweets Motichoor Laddu,0.35199264015032883
Everest Powder - Tea Masala (100.0 GRAM),Max Protein Choco Chips Flavoured Biscuits | Maida-free,0.3518897764993408
Kinder Creamy Milky And Cocoa With Extruded Rice (19.0 GRAM),Max Protein Choco Chips Flavoured Biscuits | Maida-free,0.351812607688705
Ezee Biodegradable Medium Garbage Bags 19 x 21 Inch (30.0 PIECE),Cheetos Cheese Puffs (28.0 GRAM),0.35181033714760845
Kinder Creamy Milky And Cocoa With Extruded Rice (19.0 GRAM),Palekar Knot Premium Salty Khari | Preservative-free,0.35178726959242074
Cornitos Nacho Chips - Sizzlin Jalapeno (55.0 GRAM),Sunfeast All Rounder Crunchy Potato Chatpata Masala Flavoured Crackers | Trans Fat-free,0.351696047008547
Parle Marie Butter Marie Biscuits | Trans Fat-free,MAGGI 2-Minute Instant Noodles | Masala Noodles | Made With Quality Spices,0.3516923295116967
Daily Good Pistachios California Salted,Britannia 50-50 Maska Chaska Biscuits Butter Flavoured Crackers | Trans Fat-free,0.35165091583042524
Fortune Besan (500.0 GRAM),Parle Hide & Seek Chocolate Chip Biscuits | Trans Fat-free,0.3515950565632655
Pulse Kachcha Aam 50 Candies (190.0 GRAM),Haldiram's Bhujia Sev (200.0 GRAM),0.3515906680805938
Rajam Banana Chips (150.0 GRAM),RiteBite Max Protein 10g Protein Bar Choco Almond,0.35157318293629636
Kurkure Solid Masti Masala Twisteez (61.0 GRAM),Kurkure Green Chutney Style (68.0 GRAM),0.3514838763762365
Britannia The Original Bourbon Chocolate Cream Biscuits | Trans Fat-free,Origami Luncheon Tissue Paper Napkins - 32 X 32 cm - 50 Serviettes,0.351400236988424
Bingo! Mad Angles Achaari Masti Crisps,RiteBite Max Protein 10g Protein Bar Choco Almond,0.35133967000137434
MAGGI Pazzta Instant Pasta - Cheese Macaroni,Parle Hide & Seek Chocolate Chip Biscuits | Trans Fat-free,0.3512926277851944
Crax Curls Chatpata Masala Puff Snacks,Haldiram's Bhujia Sev (200.0 GRAM),0.3512637286458899
Everest Chhole Masala,Rajdhani Roasted Chana (200.0 GRAM),0.35108954209497917
Korean Kab's Jackpot Cheese and Butter Instant Noodles | Hot Chicken | Non Veg,Uncle Chipps - Spicy Treat,0.3510405471421593
Nestle Milkmaid Partly Skimmed Sweetened Condensed Milk,RiteBite Max Protein 10g Protein Bar Choco Almond,0.3510336936443105
MAGGI Pazzta Instant Pasta - Cheese Macaroni,Kurkure Solid Masti Masala Twisteez (61.0 GRAM),0.35101079651867356
Crax Crunchy Pipes Salted Puff Snacks,Cheetos Cheese Puffs (28.0 GRAM),0.35097759809119833
Korean Kab's Jackpot Cheese and Butter Instant Noodles | Hot Chicken | Non Veg,Cheetos Cheese Puffs (28.0 GRAM),0.35097759809119833
Hershey's Spread - Cocoa Jar,Crax Crunchy Pipes Salted Puff Snacks,0.3509624444743572
Daily Good Cashew | W320 (100.0 GRAM),RiteBite Max Protein 10g Protein Bar Choco Almond,0.350815052136638
Everest Kasuri Methi,Om Shanthi Havan Samagri | Cycle,0.3507892659826361
Namaskaram Mini Bhakarwadi,Haldiram's Moong Dal,0.3506863180078753
Everest Coriander Powder (100.0 GRAM),Everest Pav Bhaji Masala (100.0 GRAM),0.3506804874188954
Kurkure Schezwan Chutney (68.0 GRAM),Crax Fritts Cream and Onion Corn & Potato Stick Snacks,0.3506593884353412
Everest Pav Bhaji Masala (100.0 GRAM),Everest Kasuri Methi,0.35062077099757893
Bikano Classic Salted Peanuts (200.0 GRAM),Cheetos Cheese Puffs (28.0 GRAM),0.35054214201416206
Cheetos Masala Balls (28.0 GRAM),Max Protein Choco Chips Flavoured Biscuits | Maida-free,0.350483539182988
Balaji Masala Masti Chips (135.0 GRAM),Sunfeast Dark Fantasy Bourbon Chocolate Cream Biscuits | Trans Fat-free,0.3504750311017805
Max Protein Choco Chips Flavoured Biscuits | Maida-free,Cheetos Cheese Puffs (28.0 GRAM),0.3504023225390226
Tang Mango Instant Drink Mix,Sunfeast Dark Fantasy Bourbon Chocolate Cream Biscuits | Trans Fat-free,0.35007155810501506
Palekar Knot Premium Salty Khari | Preservative-free,Let's Try Salted Peanuts,0.35001131733816204
Korean Kab's Jackpot Cheese and Butter Instant Noodles | Hot Chicken | Non Veg,Sunfeast Dark Fantasy Bourbon Chocolate Cream Biscuits | Trans Fat-free,0.3500076064137281
Britannia Good Day Chunkies Coconut Flavoured Biscuits | Trans Fat-free,Britannia Marie Gold Biscuits Plain | Trans Fat-free,0.34999412777951766
Everest Cumin Powder (100.0 GRAM),Sunfeast Dark Fantasy Bourbon Chocolate Cream Biscuits | Trans Fat-free,0.3498020822760805
Chheda's Small Bhakarwadi,Cheetos Cheese Puffs (28.0 GRAM),0.3497870624154321
Doublemint Lemonmint Flavour Chewymints Tube (27300.0 MILLIGRAM),Kinder Joy - Single Pack - Assorted,0.34966094032549727
Everest Chicken Masala,Max Protein Choco Chips Flavoured Biscuits | Maida-free,0.34957050297241327
Everest Coriander Powder (100.0 GRAM),Max Protein Choco Chips Flavoured Biscuits | Maida-free,0.3494116794817398
The Belgian Crisps Double Choco Waffle Wafers | Artificial Colour-free,Modern Kitchens Butter Murukku,0.3493279569892473
Mr Makhana Super Snack - Pudina Party,Colombian Brew Original Instant Coffee Sachets | 40 Sachets,0.3492719910398897
Kinder Creamy Milky And Cocoa With Extruded Rice (19.0 GRAM),The Healthy Binge Ragi Baked Chips Chatpata Chaat- High Protein & Fibre (40.0 GRAM),0.3492626493770658
Palekar Knot Premium Salty Khari | Preservative-free,Haldiram's Moong Dal,0.3491543027392634
Britannia Pure Magic Choco Stars Chocolate Cream Biscuits | Trans Fat-free,Haldiram's Moong Dal,0.34907918550322964
Korean Nongshim Shin Ramyun Noodle Soup Veg,Peppy Tomato Disc (55.0 GRAM),0.3490766823161189
Ezee Medium Garbage Bags 19x 21 Inch (30.0 PIECE),Cheetos Masala Balls (28.0 GRAM),0.348994355672152
Mr Makhana Super Snack - Pudina Party,Britannia Good Day Chunkies Chocochip Cookies,0.348803664205633
Britannia Marie Gold Biscuits Plain | Trans Fat-free,Kurkure Green Chutney Style (68.0 GRAM),0.34878084644743035
Dabur Real Litchi Fruit Juice,Max Protein Choco Chips Flavoured Biscuits | Maida-free,0.3487418807351294
Uncle Chips Plain Salted (80.0 GRAM),Mr Makhana Lime Chilli,0.34837407490468714
Kab's Korean Jackpot Ramyun Soup Noodles Non Veg,Sunfeast Dark Fantasy Bourbon Chocolate Cream Biscuits | Trans Fat-free,0.34832487753673896
Everest Kashmiri Lal Chilli Powder,Sunfeast Dark Fantasy Bourbon Chocolate Cream Biscuits | Trans Fat-free,0.3483248775367389
Unifit Rolled Oats | 100% Wholegrain | High Fiber and Protein | Healthy Breakfast Cereal,Sunfeast Dark Fantasy Bourbon Chocolate Cream Biscuits | Trans Fat-free,0.3483248775367389
Everest Pav Bhaji Masala (100.0 GRAM),Modern Kitchens Butter Murukku,0.3483206475776247
Ezee Biodegradable Medium Garbage Bags 19 x 21 Inch (30.0 PIECE),YiPPee! Magic Masala Noodles with Added Veggies - The Better Noodles,0.34830152928281916
RiteBite Max Protein 10g Protein Bar Choco Berry (50.0 GRAM),Aashirvaad 100% Chana Dal Besan (500.0 GRAM),0.34818233918309816
Daily Good Cashew | W320 (100.0 GRAM),Max Protein Choco Chips Flavoured Biscuits | Maida-free,0.3481385705485631
Palekar Knot Premium Salty Khari | Preservative-free,Lay's Spanish Tomato Tango Potato Chips,0.3481299704376067
The Whole Truth 20g Protein Double Cocoa Protein Bar (67.0 GRAM),Cheetos Masala Balls (28.0 GRAM),0.3481218697829716
Fortune Besan (500.0 GRAM),Aashirvaad 100% Chana Dal Besan (500.0 GRAM),0.3478736668965883
Daily Good Unpolished Green Moong Chilka Dal -Split,Parle Krack Jack Sweet and Salty Plain Crackers | Artificial Colour-free,0.3478420716112532
Kurkure Green Chutney Style (68.0 GRAM),Max Protein Choco Chips Flavoured Biscuits | Maida-free,0.34779770332854215
Balaji Cream & Onion Wafers (135.0 GRAM),Kurkure Green Chutney Style (68.0 GRAM),0.34760465204619123
Nestle Milkmaid Partly Skimmed Sweetened Condensed Milk,Kurkure Solid Masti Masala Twisteez (61.0 GRAM),0.3475223693161007
Nova Nova Waffle Chips- Classic Chocolate Drizzle,Haldiram's Moong Dal,0.3473599805880925
Britannia Little Hearts Classic Crunch Flavoured Biscuits | Cholesterol-free,Daily Good Raw Peanut - Singdana,0.34714956641044137
"Ching's Secret Veg Hakka Noodles, Cooks In 5-7 mins, Just Soak & Drain",Haldiram's Soan Papdi,0.34708008523723466
Origami 3 Ply Toilet Tissue Paper Roll - 160 Pulls Per Roll (1.0 PIECE),Kurkure Solid Masti Masala Twisteez (61.0 GRAM),0.3470265686828717
Parle Marie Butter Marie Biscuits | Trans Fat-free,Catch Jeera Whole (100.0 GRAM),0.3469149475594459
Catch Jeera Whole (100.0 GRAM),RiteBite Max Protein 10g Protein Bar Choco Almond,0.3468722664861806
Aashirvaad 100% Chana Dal Besan (500.0 GRAM),Cheetos Cheese Puffs (28.0 GRAM),0.34687062830728055
Everest Chhole Masala,Let's Try Namkeen Combo Pack Of 6 (Crunchy Party Mix Peanut Party Mix Aloo Bhujia),0.34683236226860387
Dukes Nutri Choice Assorted Biscuits Wafers,Hershey's Spread - Cocoa Jar,0.346786772262862
Beyond Snack Kerala Banana Chips - Original Style (70.0 GRAM),Britannia 50-50 Maska Chaska Biscuits Butter Flavoured Crackers | Trans Fat-free,0.3467834537519132
Fortune Besan (500.0 GRAM),Ezee Small Garbage Bags 17 x 19 Inch (30.0 PIECE),0.34672398891685097
Modern Kitchens Butter Murukku,The Theatre Project Gourmet Popcorn - Cheddar Cheese (60.0 GRAM),0.34672073130327397
Haldiram's Mixture (400.0 GRAM),Cornitos Nacho Chips - Sizzlin Jalapeno (55.0 GRAM),0.34671778315846113
Cheetos Cheese Puffs (28.0 GRAM),Haldiram's Bhujia Sev (200.0 GRAM),0.3467105986343533
Parle Hide & Seek Milano Choco Filled Hazelnut Chocolate Centre Fills | Trans Fat-free,Let's Try Namkeen Combo Pack Of 6 (Crunchy Party Mix Peanut Party Mix Aloo Bhujia),0.34662087912087913
Gebi Sparkle Plus Dolphin Dust Pan,Kurkure Solid Masti Masala Twisteez (61.0 GRAM),0.3466206896551724
Catch Sprinkler Chat Masala (100.0 GRAM),Scotch-Brite Scrub Sponge (Pack of 3),0.3465664795289607
Catch Sprinkler Chat Masala (100.0 GRAM),Sunfeast Dark Fantasy Bourbon Chocolate Cream Biscuits | Trans Fat-free,0.3465495213821174
Britannia Good Day Cashew Dry Fruit Biscuits| Trans Fat-free,Parle Hide & Seek Chocolate Chip Biscuits | Trans Fat-free,0.34654358377130706
Satyam Puffed Rice Kurmura - R (200.0 GRAM),YiPPee! Magic Masala Noodles with Added Veggies - The Better Noodles,0.34643275141987706
Dukes Nutri Choice Assorted Biscuits Wafers,Haldiram's Soan Papdi,0.34639464001318027
Everest Chhole Masala,Let's Try Salted Peanuts,0.346301585034985
Daily Good Almond / Badam | California,YiPPee! Magic Masala Noodles with Added Veggies - The Better Noodles,0.3462095344408693
Everest Shahi Biryani Masala (50.0 GRAM),Haldiram's Masala Tasty Nuts (200.0 GRAM),0.3461312741312741
Modern Kitchens Butter Murukku,Peppy Cheese Balls (55.0 GRAM),0.34608612407473893
Daily Good Saunf - Fennel,Haldiram's Masala Tasty Nuts (200.0 GRAM),0.34601496657948266
Everest Kasuri Methi,Everest Pav Bhaji Masala (100.0 GRAM),0.34598361164566394
Parle Krack Jack Sweet and Salty Plain Crackers | Artificial Colour-free,Kurkure Green Chutney Style (68.0 GRAM),0.34591738964629615
The Whole Truth 20g Protein Double Cocoa Protein Bar (67.0 GRAM),Kurkure Solid Masti Masala Twisteez (61.0 GRAM),0.3458924949290061
Origami Luncheon Tissue Paper Napkins - 32 X 32 cm - 50 Serviettes,Haldiram's Moong Dal,0.3458658131087812
Society Natural Tea,Kinder Creamy Milky And Cocoa With Extruded Rice (19.0 GRAM),0.34582668793195115
Uncle Chips Plain Salted (80.0 GRAM),Britannia Marie Gold Biscuits Plain | Trans Fat-free,0.3457284650833038
Chheda's Small Bhakarwadi,Cheetos Masala Balls (28.0 GRAM),0.3455937705564276
Palekar Knot Premium Salty Khari | Preservative-free,Kinder Joy - Single Pack - Assorted,0.3455811627101689
Parle Hide & Seek Milano Choco Filled Hazelnut Chocolate Centre Fills | Trans Fat-free,Max Protein Choco Chips Flavoured Biscuits | Maida-free,0.34554319303033487
Zep Aluminium Foil 9 Meter 1 pc,Kurkure Solid Masti Masala Twisteez (61.0 GRAM),0.3453176043557169
Lay's Potato Chips - Sizzling Hot Spicy Flavour,Sunfeast Dark Fantasy Bourbon Chocolate Cream Biscuits | Trans Fat-free,0.34519571788038056
Britannia Marie Gold Biscuits Plain | Trans Fat-free,Max Protein Choco Chips Flavoured Biscuits | Maida-free,0.3451144793913393
Britannia Good Day Pista and Badam Dry Fruit Biscuits | Trans Fat-free,Om Shanthi Havan Samagri | Cycle,0.34506987577639747
Modern Kitchens Butter Murukku,Ezee Medium Garbage Bags 19x 21 Inch (30.0 PIECE),0.34500429203939637
Sunfeast Yippee! Korean Noodles Fiery Hot,Daily Good Raw Peanut - Singdana,0.34500374463835864
Hillers Thin Hakka Noodles,Rajdhani Roasted Chana (200.0 GRAM),0.3449797222563598
Snackible Cheese Dosa Khakra | Millet Snack (100.0 GRAM),Daily Good Poha / Avalakki Thick,0.34497597204019226
Namaskaram Mini Bhakarwadi,Britannia 50-50 Maska Chaska Biscuits Butter Flavoured Crackers | Trans Fat-free,0.3449378973015552
"Paper Boat Mango | Juicy Sips, Chewy Bites | Refreshing Summer Juice Drink",Rajdhani Roasted Chana (200.0 GRAM),0.34492820198720564
Parle Marie Butter Marie Biscuits | Trans Fat-free,Daily Good Tamarind / Imli (200.0 GRAM),0.34477734886049777
Kinder Joy - Single Pack - Assorted,Max Protein Choco Chips Flavoured Biscuits | Maida-free,0.34471733959917444
Lal Milk Cake Signature,Haldiram's Bhujia Sev (200.0 GRAM),0.3447005933981634
Kurkure Green Chutney Style (68.0 GRAM),Cheetos Cheese Puffs (28.0 GRAM),0.3446984202672253
Hillers Thin Hakka Noodles,Haldiram's Mixture (400.0 GRAM),0.3446821348252976
Daily Good Cashew | W320 (100.0 GRAM),"Uncle Chipps Potato Chips, Plain Salted Flavour, Crispy Chips & Snacks (48.0 GRAM)",0.34450000091677346
Haldiram's Masala Tasty Nuts (200.0 GRAM),Sunfeast Dark Fantasy Bourbon Chocolate Cream Biscuits | Trans Fat-free,0.34448946847477285
Britannia Good Day Pista and Badam Dry Fruit Biscuits | Trans Fat-free,Mr Makhana Super Snack - Pudina Party,0.34446951052775504
Everest Pav Bhaji Masala (100.0 GRAM),Sunfeast Dark Fantasy Bourbon Chocolate Cream Biscuits | Trans Fat-free,0.34441111486778686
Doritos Nacho Cheese Flavoured Corn Chips (45.0 GRAM),Chheda's Small Bhakarwadi,0.34435240594496497
Chheda's Mix Farsan (170.0 GRAM),Max Protein Choco Chips Flavoured Biscuits | Maida-free,0.34431350195193505
Daily Good Cashew | W320 (100.0 GRAM),Britannia 50-50 Maska Chaska Biscuits Butter Flavoured Crackers | Trans Fat-free,0.3442410530645824
Kinder Joy - Single Pack - Assorted,YiPPee! Magic Masala Noodles with Added Veggies - The Better Noodles,0.3442249125944603
Everest Tandoori Chicken Masala,Lay's Spanish Tomato Tango Potato Chips,0.3441962984552608
Everest Shahi Biryani Masala (50.0 GRAM),Everest Chhole Masala,0.34416299137104506
Cheetos Masala Balls (28.0 GRAM),Haldiram's Moong Dal,0.3441540060425417
Sunfeast Dark Fantasy Vanilla Cream Dark Crunchy Biscuits | Artificial Colour-free,Origami Luncheon Tissue Paper Napkins - 32 X 32 cm - 50 Serviettes,0.3440953724660743
Namaskaram Nachani (Ragi) Chips,Sunfeast Dark Fantasy Bourbon Chocolate Cream Biscuits | Trans Fat-free,0.34402457040665574
Bauli Moonfils Croissants Sweet Cheese Creme (45.0 GRAM),Sunfeast Dark Fantasy Bourbon Chocolate Cream Biscuits | Trans Fat-free,0.34402457040665574
Society Natural Tea,Haldiram's Salted Peanut,0.3440227603546381
Namaskaram Methi Khakhra,Haldiram's Moong Dal,0.343871429850479
Britannia Little Hearts Classic Crunch Flavoured Biscuits | Cholesterol-free,Chheda's Small Bhakarwadi,0.3437798884974281
RiteBite Max Protein 10g Protein Bar Choco Almond,Origami Luncheon Tissue Paper Napkins - 32 X 32 cm - 50 Serviettes,0.34373327840277346
Satyam Sabudana (500.0 GRAM),Chheda's Yellow Banana Chips (170.0 GRAM),0.34369510052703495
Parle Hide & Seek Milano Choco Filled Hazelnut Chocolate Centre Fills | Trans Fat-free,Sunfeast All Rounder Crunchy Potato Chatpata Masala Flavoured Crackers | Trans Fat-free,0.34365728021978026
"Ching's Secret Veg Hakka Noodles, Cooks In 5-7 mins, Just Soak & Drain",Om Shanthi Havan Samagri | Cycle,0.3435457155477032
Kurkure Solid Masti Masala Twisteez (61.0 GRAM),Origami Luncheon Tissue Paper Napkins - 32 X 32 cm - 50 Serviettes,0.3434810896438574
Daily Good Raw Peanut - Singdana,Daily Good Tamarind / Imli (200.0 GRAM),0.343307474737991
RiteBite Max Protein 10g Protein Bar Choco Berry (50.0 GRAM),Sunfeast Dark Fantasy Bourbon Chocolate Cream Biscuits | Trans Fat-free,0.3432766909057718
Britannia The Original Bourbon Chocolate Cream Biscuits | Trans Fat-free,Aashirvaad 100% Chana Dal Besan (500.0 GRAM),0.34326480096056156
RiteBite Max Protein 10g Protein Bar Choco Berry (50.0 GRAM),Origami Luncheon Tissue Paper Napkins - 32 X 32 cm - 50 Serviettes,0.34318107704614825
Korean Nongshim Shin Ramyun Noodle Soup Veg,RiteBite Max Protein 10g Protein Bar Choco Almond,0.3431185994622117
Everest Kasuri Methi,Everest Shahi Biryani Masala (50.0 GRAM),0.3430149960536701
MAGGI 2-Minute Instant Noodles | Masala Noodles | Made With Quality Spices,Cheetos Cheese Puffs (28.0 GRAM),0.3429345574487975
Dukes Nutri Choice Assorted Biscuits Wafers,Piknik Classic Tomato Chilli,0.3426578092364817
Daily Good Saunf - Fennel,Rajdhani Roasted Chana (200.0 GRAM),0.34265395010597127
Bauli Moonfils Croissants Choco Cream,Max Protein Choco Chips Flavoured Biscuits | Maida-free,0.3426311381491396
Lal Besan Laddoo Classic (200.0 GRAM),Crax Crunchy Pipes Salted Puff Snacks,0.34239193300978193
Godrej Expert Creme Hair Colour Natural Black (Pack of 4),Daily Good Pistachios California Salted,0.342387102442453
Gebi Sparkle Plus Dolphin Dust Pan,RiteBite Max Protein 10g Protein Bar Choco Almond,0.34234537444933916
Lay's Classic Salted Potato Chips (67.0 GRAM),Ezee Medium Garbage Bags 19x 21 Inch (30.0 PIECE),0.34229691876750695
Crax Curls Chatpata Masala Puff Snacks,Haldiram's Moong Dal,0.3422785872178389
Zep Aluminium Foil 9 Meter 1 pc,BAY6 Dishwashbar,0.3422434875066454
Nestle Milkmaid Partly Skimmed Sweetened Condensed Milk,Chheda's Yellow Banana Chips (170.0 GRAM),0.34203486369849
Lay's India's Magic Masala Potato Chips,RiteBite Max Protein 10g Protein Bar Choco Almond,0.3419871022469852
The Belgian Crisps Double Choco Waffle Wafers | Artificial Colour-free,Haldiram's Moong Dal,0.3417954840601567
"Paper Boat Mango | Juicy Sips, Chewy Bites | Refreshing Summer Juice Drink",Palekar Knot Premium Salty Khari | Preservative-free,0.3417933130699088
Tata Classic Grand Instant Coffee,Om Shanthi Havan Samagri | Cycle,0.34171502976190476
"Paper Boat Mango | Juicy Sips, Chewy Bites | Refreshing Summer Juice Drink",Haldiram's Soan Papdi,0.34170155134203395
Sunfeast All Rounder Crunchy Potato Chatpata Masala Flavoured Crackers | Trans Fat-free,YiPPee! Magic Masala Noodles with Added Veggies - The Better Noodles,0.3415937155499754
Parle Krackjack Sweet and Salty Plain Crackers | Trans Fat-free,Sunfeast Dark Fantasy Bourbon Chocolate Cream Biscuits | Trans Fat-free,0.3414524240858584
The Belgian Crisps Double Choco Waffle Wafers | Artificial Colour-free,Max Protein Choco Chips Flavoured Biscuits | Maida-free,0.34139765013582835
Haldiram's Mixture (400.0 GRAM),Lal Sweets Motichoor Laddu,0.34138645890286134
Parle Krackjack Sweet and Salty Plain Crackers | Trans Fat-free,Kurkure Solid Masti Masala Twisteez (61.0 GRAM),0.3412987431517886
Everest Cumin Powder (100.0 GRAM),Haldiram's Moong Dal,0.34127365889365263
Parle Hide & Seek Chocolate Chip Biscuits | Trans Fat-free,Catch Jeera Whole (100.0 GRAM),0.34119491043750844
Korean Nongshim Shin Ramyun Noodle Soup Veg,Palekar Jeeo Butter | Toasted Buns With Jeera And Khari | Trans Fat-free,0.3411743354011395
Godrej Expert Creme Hair Colour Natural Black (Pack of 4),Cheetos Masala Balls (28.0 GRAM),0.34114198266952855
Britannia The Original Bourbon Chocolate Cream Biscuits | Trans Fat-free,Kurkure Solid Masti Masala Twisteez (61.0 GRAM),0.34111877394636014
Lay's India's Magic Masala Potato Chips,Britannia 50-50 Maska Chaska Biscuits Butter Flavoured Crackers | Trans Fat-free,0.34110245848886606
Haldiram's Masala Tasty Nuts (200.0 GRAM),YiPPee! Magic Masala Noodles with Added Veggies - The Better Noodles,0.3410617325127675
Aashirvaad 100% Chana Dal Besan (500.0 GRAM),Origami Luncheon Tissue Paper Napkins - 32 X 32 cm - 50 Serviettes,0.3410363208740522
Malkist Double Chocolatey Crunchy Layered Crackers,Origami Luncheon Tissue Paper Napkins - 32 X 32 cm - 50 Serviettes,0.34075426228669625
MAGGI 2-Minute Instant Noodles | Masala Noodles | Made With Quality Spices,Haldiram's Moong Dal,0.3407534246575343
Parle Hide & Seek Chocolate Chip Biscuits | Trans Fat-free,Cheetos Cheese Puffs (28.0 GRAM),0.34060439213706495
Everest Turmeric Powder ,Lay's Spanish Tomato Tango Potato Chips,0.34057317952415284
Origami Luncheon Tissue Paper Napkins - 32 X 32 cm - 50 Serviettes,Kurkure Green Chutney Style (68.0 GRAM),0.34049570349530595
Lay's Potato Chips - Sizzling Hot Spicy Flavour,Max Protein Choco Chips Flavoured Biscuits | Maida-free,0.3404533587631122
Lal Milk Cake Signature,Haldiram's Ratlami Sev (200.0 GRAM),0.34044692259426157
Everest Coriander Powder (100.0 GRAM),Lal Sweets Motichoor Laddu,0.34042480690595184
Dukes Nutri Choice Assorted Biscuits Wafers,Parle Hide & Seek Milano Chocolate Flavoured Biscuits,0.34038815459260496
Sunfeast Dark Fantasy Chocolate Cream Biscuits | Made With Real Chocolate,Lay's American Cream & Onion Potato Chips (48.0 GRAM),0.34032203845636677
Kab's Korean Jackpot Ramyun Soup Noodles Non Veg,Max Protein Choco Chips Flavoured Biscuits | Maida-free,0.34025175524532614
Everest Coriander Powder (100.0 GRAM),Palekar Knot Premium Salty Khari | Preservative-free,0.34018864962826606
Mr Makhana Super Snack - Pudina Party,Winkies Fruit Cake Slice,0.34012025710138916
Sunfeast All Rounder Crunchy Potato Chatpata Masala Flavoured Crackers | Trans Fat-free,Kurkure Solid Masti Masala Twisteez (61.0 GRAM),0.3399846651193633
Doritos Nacho Cheese Flavoured Corn Chips (45.0 GRAM),Lay's Potato Chips - Sizzling Hot Spicy Flavour,0.33996698459281
Daily Good Saunf - Fennel,Lay's Spanish Tomato Tango Potato Chips,0.33994539486143555
Britannia Good Day Oats Cookies Fruits and Nuts Dry Fruit Biscuits | Trans Fat-free,Lay's American Cream & Onion Potato Chips,0.33979013523371304
Kurkure Solid Masti Masala Twisteez (61.0 GRAM),Aashirvaad 100% Chana Dal Besan (500.0 GRAM),0.3397806059563735
Everest Kasuri Methi,Lay's Spanish Tomato Tango Potato Chips,0.33963236963596455
Bingo! Mad Angles Achaari Masti Crisps,Cheetos Cheese Puffs (28.0 GRAM),0.3395399044815571
Cheetos Cheese Puffs (28.0 GRAM),Cheetos Masala Balls (28.0 GRAM),0.33949144152856386
Ezee Small Garbage Bags 17 x 19 Inch (30.0 PIECE),Britannia 50-50 Maska Chaska Biscuits Butter Flavoured Crackers | Trans Fat-free,0.3393056974650903
Lay's Classic Salted Potato Chips (67.0 GRAM),Cheetos Cheese Puffs (28.0 GRAM),0.33928762257983397
Bauli Moonfils Croissants Sweet Cheese Creme (45.0 GRAM),Kurkure Solid Masti Masala Twisteez (61.0 GRAM),0.33928480204342276
Hillers Thin Hakka Noodles,"Ritebite Max Protein Peri Peri 10G Multigrain Protein Chips, Healthy Snacks & Munchies",0.33914340614886734
Parle Marie Butter Marie Biscuits | Trans Fat-free,Origami Luncheon Tissue Paper Napkins - 32 X 32 cm - 50 Serviettes,0.339017535879921
The Belgian Crisps Double Choco Waffle Wafers | Artificial Colour-free,Palekar Jeeo Butter | Toasted Buns With Jeera And Khari | Trans Fat-free,0.3389246193133453
Korean Nongshim Shin Ramyun Noodle Soup Veg,Let's Try Namkeen Combo Pack Of 6 (Crunchy Party Mix Peanut Party Mix Aloo Bhujia),0.33884544027401164
Everest Chhole Masala,Scotch-Brite Scrub Sponge (Pack of 3),0.3387665280977662
Everest Chhole Masala,Sunfeast Dark Fantasy Bourbon Chocolate Cream Biscuits | Trans Fat-free,0.33871412401782824
Bauli Moonfils Croissants Choco Cream,Haldiram's Moong Dal,0.3386882523868825
The Belgian Crisps Double Choco Waffle Wafers | Artificial Colour-free,Lay's Spanish Tomato Tango Potato Chips,0.3383860123161996
Everest Pav Bhaji Masala (100.0 GRAM),Everest Chhole Masala,0.33836249151647685
Kotton Multipurpose Napkin | 100% Virgin Pulp-Paper | 25 cm X 25 cm | 100Pcs,Palekar Knot Premium Salty Khari | Preservative-free,0.3381442741403369
Malkist Double Chocolatey Crunchy Layered Crackers,Aashirvaad 100% Chana Dal Besan (500.0 GRAM),0.33804153972267176
Stash-Pro Brown Ripper Tipper 32 Roach 32 Paper (1.0 PIECE),Max Protein Choco Chips Flavoured Biscuits | Maida-free,0.3379326098833813
The Whole Truth 20g Protein Double Cocoa Protein Bar (67.0 GRAM),Haldiram's Moong Dal,0.33785813412122834
Lay's Classic Salted Potato Chips (67.0 GRAM),Let's Try Namkeen Combo Pack Of 6 (Crunchy Party Mix Peanut Party Mix Aloo Bhujia),0.33784977908689245
Maggi Masala-ae-Magic Sabzi Masala,YiPPee! Magic Masala Noodles with Added Veggies - The Better Noodles,0.33780471777693555
"Paper Boat Mango | Juicy Sips, Chewy Bites | Refreshing Summer Juice Drink",Haldiram's Lite Chiwda (200.0 GRAM),0.33767417961401797
Korean Kab's Jackpot Cheese and Butter Instant Noodles | Hot Chicken | Non Veg,Lay's Spanish Tomato Tango Potato Chips,0.33761167361524713
Britannia Good Day Pista and Badam Dry Fruit Biscuits | Trans Fat-free,Lay's Spanish Tomato Tango Potato Chips,0.33761167361524713
Society Natural Tea,Modern Kitchens Potato Chips Salted (70.0 GRAM),0.3375782723500566
Parle Marie Butter Marie Biscuits | Trans Fat-free,Britannia 50-50 Maska Chaska Biscuits Butter Flavoured Crackers | Trans Fat-free,0.3374243985484521
Satyam Puffed Rice Kurmura - R (200.0 GRAM),Cheetos Masala Balls (28.0 GRAM),0.33738371173102816
Britannia Little Hearts Classic Crunch Flavoured Biscuits | Cholesterol-free,Britannia Treat Jimjam Naughty Jam Cream Biscuits | Trans Fat-free,0.33737301298295935
Hillers Thin Hakka Noodles,Kinder Joy - Single Pack - Assorted,0.33728646921469824
Kurkure Solid Masti Masala Twisteez (61.0 GRAM),Cheetos Masala Balls (28.0 GRAM),0.33725490760462845
Ezee Medium Garbage Bags 19x 21 Inch (30.0 PIECE),Kurkure Solid Masti Masala Twisteez (61.0 GRAM),0.3372235100936926
Haldiram's Soan Papdi,Max Protein Choco Chips Flavoured Biscuits | Maida-free,0.3370889164343685
Balaji Tomato Wafers (135.0 GRAM),Balaji Cream & Onion Wafers (135.0 GRAM),0.3370264593160377
Everest Tikhalal Powder Pouch (200.0 GRAM),Parle Shakti Milk Glucose Biscuits | Cholesterol-free and Trans Fat-free,0.33685759726541176
Crax Curls Chatpata Masala Puff Snacks,Kurkure Solid Masti Masala Twisteez (61.0 GRAM),0.3368222249299378
Origami Luncheon Tissue Paper Napkins - 32 X 32 cm - 50 Serviettes,Aashirvaad 100% Chana Dal Besan (500.0 GRAM),0.3367222496125014
Sunfeast Dark Fantasy Chocolate Cream Biscuits | Made With Real Chocolate,Origami Luncheon Tissue Paper Napkins - 32 X 32 cm - 50 Serviettes,0.3365186351240494
Kurkure Green Chutney Style (68.0 GRAM),Origami Luncheon Tissue Paper Napkins - 32 X 32 cm - 50 Serviettes,0.3365049998470995
Bingo! Mad Angles Achaari Masti Crisps,Kurkure Green Chutney Style (68.0 GRAM),0.33643254345274687
Satyam Puffed Rice Kurmura - R (200.0 GRAM),Kurkure Solid Masti Masala Twisteez (61.0 GRAM),0.336420329487094
Sunfeast All Rounder Crunchy Potato Chatpata Masala Flavoured Crackers | Trans Fat-free,Sunfeast Dark Fantasy Bourbon Chocolate Cream Biscuits | Trans Fat-free,0.33641633471497007
Haldiram's Masala Tasty Nuts (200.0 GRAM),Kurkure Green Chutney Style (68.0 GRAM),0.3363704060624644
Everest Coriander Powder (100.0 GRAM),Scotch-Brite Scrub Sponge (Pack of 3),0.33635519585172724
Everest Kashmiri Lal Chilli Powder,Cheetos Cheese Puffs (28.0 GRAM),0.33635353150406505
Kab's Korean Jackpot Ramyun Soup Noodles Non Veg,Cheetos Cheese Puffs (28.0 GRAM),0.33635353150406505
Everest Chhole Masala,Haldiram's Lite Chiwda (200.0 GRAM),0.33633583138852247
Lay's Potato Chips - Sizzling Hot Spicy Flavour,Doritos Nacho Cheese Flavoured Corn Chips (45.0 GRAM),0.3363352898019076
Britannia Good Day Oats Cookies Fruits and Nuts Dry Fruit Biscuits | Trans Fat-free,Crax Crunchy Pipes Salted Puff Snacks,0.33613304541206046
Daily Good Almond / Badam | California,Kurkure Masala Munch,0.3361026884980796
Everest Turmeric Powder ,Ezee Medium Garbage Bags 19x 21 Inch (30.0 PIECE),0.33606074008550785
Everest Tikhalal Powder Pouch (200.0 GRAM),Haldiram's Bhujia Sev (200.0 GRAM),0.33596042376633134
Kab's Korean Jackpot Ramyun Soup Noodles Non Veg,Society Natural Tea (250.0 GRAM),0.3358809833225038
Uncle Chips Plain Salted (80.0 GRAM),Britannia Good Day Pista and Badam Dry Fruit Biscuits | Trans Fat-free,0.3358576206402294
Kotton Multipurpose Napkin | 100% Virgin Pulp-Paper | 25 cm X 25 cm | 100Pcs,Haldiram's Soan Papdi,0.33584254706473604
Everest Tandoori Chicken Masala,Haldiram's Masala Tasty Nuts (200.0 GRAM),0.3356215257811002
Daily Good Raw Peanut - Singdana,Parle Hide & Seek Chocolate Chip Biscuits | Trans Fat-free,0.3356205384980502
Nova Nova Waffle Chips- Classic Chocolate Drizzle,Kurkure Solid Masti Masala Twisteez (61.0 GRAM),0.3354972513743128
Lay's India's Magic Masala Potato Chips,Max Protein Choco Chips Flavoured Biscuits | Maida-free,0.3352096620936144
Britannia Good Day Pista and Badam Dry Fruit Biscuits | Trans Fat-free,Nissin Cup Noodles Super Hot Chilli,0.33501552795031053
"Paper Boat Mango | Juicy Sips, Chewy Bites | Refreshing Summer Juice Drink",Haldiram Aloo Bhujia ,0.3348771480253241
"Eveready Ultima Alkaline AAA Battery, 400% Longer Lasting",Haldiram's Moong Dal,0.33470121595853636
Doritos Nacho Cheese Flavoured Corn Chips (45.0 GRAM),Haldiram's Moong Dal,0.3345519734425025
"Paper Boat Mango | Juicy Sips, Chewy Bites | Refreshing Summer Juice Drink","Ching's Secret Veg Hakka Noodles, Cooks In 5-7 mins, Just Soak & Drain",0.33453066225920436
Catch Sprinkler Chat Masala (100.0 GRAM),Crax Crunchy Pipes Salted Puff Snacks,0.3345054898914618
Hershey's Spread - Cocoa Jar,Haldiram's Soan Papdi,0.3344794406312143
Lal Besan Laddoo Classic (200.0 GRAM),Kinder Creamy Milky And Cocoa With Extruded Rice (19.0 GRAM),0.33442580811001865
MAGGI Pazzta Instant Pasta - Cheese Macaroni,Sunfeast Dark Fantasy Bourbon Chocolate Cream Biscuits | Trans Fat-free,0.3343523141140725
Lal Besan Laddoo Classic (200.0 GRAM),Om Shanthi Havan Samagri | Cycle,0.33432594191522763
BAY6 Dishwashbar,Cheetos Cheese Puffs (28.0 GRAM),0.3341439617908576
Kotton Multipurpose Napkin | 100% Virgin Pulp-Paper | 25 cm X 25 cm | 100Pcs,Lal Sweets Motichoor Laddu,0.3339398461715073
Garden Lemon Bhel Namkeen,Daily Good Sooji / Rava (1.0 KILOGRAM),0.33386971393034826
Catch Sprinkler Chat Masala (100.0 GRAM),Britannia Marie Gold Biscuits Plain | Trans Fat-free,0.3337350177567328
Satyam Sabudana (500.0 GRAM),Om Shanthi Havan Samagri | Cycle,0.3337258355176933
Kinder Joy - Single Pack - Assorted,Cheetos Cheese Puffs (28.0 GRAM),0.33370367186842176
MAGGI Pazzta Instant Pasta - Cheese Macaroni,Britannia 50-50 Maska Chaska Biscuits Butter Flavoured Crackers | Trans Fat-free,0.333701191216226
Doritos Nacho Chips - Sweet Chilli Flavour,Lay's American Cream & Onion Potato Chips (48.0 GRAM),0.33367399455922364
Garden Lemon Bhel Namkeen,Kurkure Solid Masti Masala Twisteez (61.0 GRAM),0.333661099137931
Lal Milk Cake Signature,Haldiram's Moong Dal,0.33358390815764755
Namaskaram Bombay Mix,Cheetos Masala Balls (28.0 GRAM),0.33350112139761556
Kinder Joy - Single Pack - Assorted,Sunfeast Dark Fantasy Bourbon Chocolate Cream Biscuits | Trans Fat-free,0.3334940139362104
Britannia Good Day Pista and Badam Dry Fruit Biscuits | Trans Fat-free,Uncle Chips Plain Salted (80.0 GRAM),0.3334209268991878
Zep Aluminium Foil 9 Meter 1 pc,Cheetos Cheese Puffs (28.0 GRAM),0.3333576700898588
Lal Milk Cake Signature,Haldiram's Lite Chiwda (200.0 GRAM),0.3332050457240016
Lal Milk Cake Signature,Max Protein Choco Chips Flavoured Biscuits | Maida-free,0.3331956321228133
Parle Marie Butter Marie Biscuits | Trans Fat-free,"Uncle Chipps Potato Chips, Plain Salted Flavour, Crispy Chips & Snacks (48.0 GRAM)",0.3331878168757155
Hershey's Spread - Cocoa Jar,Palekar Knot Premium Salty Khari | Preservative-free,0.33317667492528924
Catch Sprinkler Chat Masala (100.0 GRAM),Haldiram's Salted Peanut,0.3330495573094026
Bauli Moonfils Croissants Sweet Cheese Creme (45.0 GRAM),Sunfeast All Rounder Crunchy Potato Chatpata Masala Flavoured Crackers | Trans Fat-free,0.3329389245014245
Satyam Sabudana (500.0 GRAM),Kotton Multipurpose Napkin | 100% Virgin Pulp-Paper | 25 cm X 25 cm | 100Pcs,0.33292631166541514
Everest Tikhalal Powder Pouch (200.0 GRAM),Everest Coriander Powder (100.0 GRAM),0.3326997584210767
Everest Tandoori Chicken Masala,Scotch-Brite Scrub Sponge (Pack of 3),0.3325817719911082
Daily Good Saunf - Fennel,Sunfeast All Rounder Crunchy Potato Chatpata Masala Flavoured Crackers | Trans Fat-free,0.33257156150301315
Kab's Korean Jackpot Ramyun Soup Noodles Non Veg,Lay's Spanish Tomato Tango Potato Chips,0.3325318683409437
Lal Milk Cake Signature,Rajdhani Roasted Chana (200.0 GRAM),0.33250852859323093
Zep Aluminium Foil 9 Meter 1 pc,Sunfeast Dark Fantasy Bourbon Chocolate Cream Biscuits | Trans Fat-free,0.3324363743508526
Lal Besan Laddoo Classic (200.0 GRAM),Let's Try Namkeen Combo Pack Of 6 (Crunchy Party Mix Peanut Party Mix Aloo Bhujia),0.3324236203357082
Britannia Good Day Cashew Dry Fruit Biscuits| Trans Fat-free,RiteBite Max Protein 10g Protein Bar Choco Almond,0.33239929678955815
Om Shanthi Havan Samagri | Cycle,Max Protein Choco Chips Flavoured Biscuits | Maida-free,0.33225307022147577
Everest Chhole Masala,Lay's Spanish Tomato Tango Potato Chips,0.3322302794888296
Chheda's Long Masala Banana Chips (170.0 GRAM),YiPPee! Magic Masala Noodles with Added Veggies - The Better Noodles,0.3322020882044667
Sunfeast Dark Fantasy Bourbon Chocolate Cream Biscuits | Trans Fat-free,Cheetos Masala Balls (28.0 GRAM),0.3321845015777403
Origami Luncheon Tissue Paper Napkins - 32 X 32 cm - 50 Serviettes,Cheetos Cheese Puffs (28.0 GRAM),0.33212974449268695
Unibic Choco Chip Flavoured Biscuits | Trans Fat-free,Daily Good Cashew | W320 (100.0 GRAM),0.33211508832276326
The Whole Truth 20g Protein Double Cocoa Protein Bar (67.0 GRAM),Kurkure Masala Munch,0.33192041522491345
Gebi Sparkle Plus Dolphin Dust Pan,Sunfeast Dark Fantasy Bourbon Chocolate Cream Biscuits | Trans Fat-free,0.33191490552834146
Parle Krackjack Sweet and Salty Plain Crackers | Trans Fat-free,Cheetos Masala Balls (28.0 GRAM),0.3318544926903093
Nova Nova Waffle Chips- Classic Chocolate Drizzle,YiPPee! Magic Masala Noodles with Added Veggies - The Better Noodles,0.3316772823779193
Hershey's Spread - Cocoa Jar,Everest Chhole Masala,0.3315972026394451
Britannia Good Day Pista and Badam Dry Fruit Biscuits | Trans Fat-free,Crax Crunchy Pipes Salted Puff Snacks,0.3314645308924485
Everest Shahi Biryani Masala (50.0 GRAM),Scotch-Brite Scrub Sponge (Pack of 3),0.33123560767590615
Daily Good Saunf - Fennel,Haldiram's Lite Chiwda (200.0 GRAM),0.33121696808034157
Everest Turmeric Powder ,Let's Try Salted Peanuts,0.33118701007838747
Nova Nova Waffle Chips- Classic Chocolate Drizzle,Cheetos Cheese Puffs (28.0 GRAM),0.3311788617886179
Parle G Original Milk Glucose Biscuits,Britannia 50-50 Maska Chaska Biscuits Butter Flavoured Crackers | Trans Fat-free,0.33117579857533264
Parle Hide & Seek Milano Choco Filled Hazelnut Chocolate Centre Fills | Trans Fat-free,Peppy Tomato Disc (55.0 GRAM),0.33070422535211275
Origami 3 Ply Toilet Tissue Paper Roll - 160 Pulls Per Roll (1.0 PIECE),Origami Luncheon Tissue Paper Napkins - 32 X 32 cm - 50 Serviettes,0.330670934251402
BAY6 Dishwashbar,YiPPee! Magic Masala Noodles with Added Veggies - The Better Noodles,0.3306493569160043
Daily Good Saunf - Fennel,Let's Try Salted Peanuts,0.33057652711050106
Kinder Joy - Single Pack - Assorted,RiteBite Max Protein 10g Protein Bar Choco Almond,0.33043542546414356
Parle G Original Milk Glucose Biscuits,Britannia Treat Jimjam Naughty Jam Cream Biscuits | Trans Fat-free,0.33042824039242835
Daily Good Pistachios California Salted,Daily Good Raw Peanut - Singdana,0.3304043112373569
Haldiram's Masala Tasty Nuts (200.0 GRAM),Kurkure Solid Masti Masala Twisteez (61.0 GRAM),0.3303937558247903
Haldiram's Moong Dal,Aashirvaad 100% Chana Dal Besan (500.0 GRAM),0.3303904748529488
Max Protein Choco Chips Flavoured Biscuits | Maida-free,Origami Luncheon Tissue Paper Napkins - 32 X 32 cm - 50 Serviettes,0.3302629984828749
RiteBite Max Protein 10g Protein Bar Choco Almond,Cheetos Masala Balls (28.0 GRAM),0.33023014372951487
Satyam Puffed Rice Kurmura - R (200.0 GRAM),Chheda's Small Bhakarwadi,0.33006677653934097
Everest Kasuri Methi,Lal Sweets Motichoor Laddu,0.3299144537515594
Parle Krack Jack Sweet and Salty Plain Crackers | Artificial Colour-free,Lay's India's Magic Masala Potato Chips,0.3298693525550264
Lay's India's Magic Masala Potato Chips,Aashirvaad 100% Chana Dal Besan (500.0 GRAM),0.3298293289387764
Bingo! Mad Angles Very Peri Peri Crisps,Kurkure Green Chutney Style (68.0 GRAM),0.32974916135841087
Ezee Small Garbage Bags 17 x 19 Inch (30.0 PIECE),Cheetos Masala Balls (28.0 GRAM),0.32971210480230895
Bingo! Mad Angles Very Peri Peri Crisps,Max Protein Choco Chips Flavoured Biscuits | Maida-free,0.3296774650259605
Bikano Classic Salted Peanuts (200.0 GRAM),Sunfeast Dark Fantasy Bourbon Chocolate Cream Biscuits | Trans Fat-free,0.32959773358315086
Everest Shahi Biryani Masala (50.0 GRAM),Max Protein Choco Chips Flavoured Biscuits | Maida-free,0.32959504565970393
Daily Good Sooji / Rava (1.0 KILOGRAM),Kurkure Solid Masti Masala Twisteez (61.0 GRAM),0.32949905644192834
Balaji Cream & Onion Wafers (135.0 GRAM),RiteBite Max Protein 10g Protein Bar Choco Almond,0.3294764133627019
Bauli Moonfils Croissants Choco Cream,YiPPee! Magic Masala Noodles with Added Veggies - The Better Noodles,0.32943034274642546
Everest Chhole Masala,Haldiram's Bhujia Sev (200.0 GRAM),0.3293601030553638
Parle Hide & Seek Milano Choco Filled Hazelnut Chocolate Centre Fills | Trans Fat-free,Kinder Joy - Single Pack - Assorted,0.3293580470162749
Daily Good Pistachios California Salted,Haldiram's Soan Papdi,0.3292836821497986
Maggi Masala-ae-Magic Sabzi Masala,Cheetos Cheese Puffs (28.0 GRAM),0.32895405177660225
Bikano Classic Salted Peanuts (200.0 GRAM),Chheda's Salt & Pepper Banana Chips,0.32867815347411145
Ezee Small Garbage Bags 17 x 19 Inch (30.0 PIECE),Cheetos Cheese Puffs (28.0 GRAM),0.32865644214237844
Hershey's Spread - Cocoa Jar,Lal Sweets Motichoor Laddu,0.32856126321496343
Britannia The Original Bourbon Chocolate Cream Biscuits | Trans Fat-free,Haldiram's Moong Dal,0.3284021647217994
RiteBite Max Protein 10g Protein Bar Choco Almond,Aashirvaad 100% Chana Dal Besan (500.0 GRAM),0.32835031852576096
Korean Kab's Jackpot Cheese and Butter Instant Noodles | Hot Chicken | Non Veg,Let's Try Salted Peanuts,0.32830712303422754
Britannia Good Day Oats Cookies Fruits and Nuts Dry Fruit Biscuits | Trans Fat-free,Winkies Fruit Cake Slice,0.32794459062064696
Hershey's Spread - Cocoa Jar,Om Shanthi Havan Samagri | Cycle,0.32791304021608647
"Eveready Ultima Alkaline AAA Battery, 400% Longer Lasting",Cheetos Cheese Puffs (28.0 GRAM),0.32779320427962644
Balaji Tomato Wafers (135.0 GRAM),RiteBite Max Protein 10g Protein Bar Choco Almond,0.3276480203917657
Daily Good Saunf - Fennel,Haldiram's Bhujia Sev (200.0 GRAM),0.32762826746680607
Ezee Medium Garbage Bags 19x 21 Inch (30.0 PIECE),RiteBite Max Protein 10g Protein Bar Choco Almond,0.3274677418691412
Stash-Pro Brown Ripper Tipper 32 Roach 32 Paper (1.0 PIECE),Aashirvaad 100% Chana Dal Besan (500.0 GRAM),0.3274005158045058
Dukes Nutri Choice Assorted Biscuits Wafers,Haldiram's Lite Chiwda (200.0 GRAM),0.3273256988361794
Sunfeast All Rounder Crunchy Potato Chatpata Masala Flavoured Crackers | Trans Fat-free,RiteBite Max Protein 10g Protein Bar Choco Almond,0.3272401481136338
BAY6 Dishwashbar,Aashirvaad 100% Chana Dal Besan (500.0 GRAM),0.3271585346398314
Everest Tandoori Chicken Masala,Cheetos Cheese Puffs (28.0 GRAM),0.32699508627400103
Lay's Classic Salted Potato Chips (67.0 GRAM),Lay's Spanish Tomato Tango Potato Chips,0.32688003106905794
Chheda's Small Bhakarwadi,Kurkure Green Chutney Style (68.0 GRAM),0.3266333679922351
Zep Aluminium Foil 9 Meter 1 pc,RiteBite Max Protein 10g Protein Bar Choco Almond,0.32641626091660875
Lay's Classic Salted Potato Chips (67.0 GRAM),Tata Sampann 100% Chana Dal Fine Besan,0.32640236506973913
Everest Turmeric Powder ,Everest Coriander Powder (100.0 GRAM),0.3261798863355572
Parle Hide & Seek Milano Choco Filled Hazelnut Chocolate Centre Fills | Trans Fat-free,Korean Nongshim Shin Ramyun Noodle Soup Veg,0.32612244897959186
Lay's Classic Salted Potato Chips (67.0 GRAM),The Theatre Project Gourmet Popcorn - Cheddar Cheese (60.0 GRAM),0.32584033613445373
Daily Good Almond / Badam | California,Sunfeast Dark Fantasy Bourbon Chocolate Cream Biscuits | Trans Fat-free,0.32558201611681437
Tang Mango Instant Drink Mix,Cheetos Masala Balls (28.0 GRAM),0.3255346400770881
Lay's India's Magic Masala Potato Chips,Cheetos Cheese Puffs (28.0 GRAM),0.32542671252068095
Nestle Milkmaid Partly Skimmed Sweetened Condensed Milk,Kurkure Masala Munch,0.32537266803534765
Namaskaram Nachani (Ragi) Chips,Cheetos Cheese Puffs (28.0 GRAM),0.32526495354239254
Chheda's Small Bhakarwadi,Haldiram's Masala Tasty Nuts (200.0 GRAM),0.3249083720989838
Haldiram's Soan Papdi,YiPPee! Magic Masala Noodles with Added Veggies - The Better Noodles,0.32471459133563474
Bauli Moonfils Croissants Choco Cream,Cheetos Masala Balls (28.0 GRAM),0.32454644687532835
Satyam Sabudana (500.0 GRAM),Max Protein Choco Chips Flavoured Biscuits | Maida-free,0.324327767629037
Dabur Real Litchi Fruit Juice,Kurkure Solid Masti Masala Twisteez (61.0 GRAM),0.3243142007271125
Haldiram's Soan Papdi,Sunfeast Dark Fantasy Bourbon Chocolate Cream Biscuits | Trans Fat-free,0.3242759843802584
Sunfeast All Rounder Crunchy Potato Chatpata Masala Flavoured Crackers | Trans Fat-free,Max Protein Choco Chips Flavoured Biscuits | Maida-free,0.324266217571921
Godrej Expert Creme Hair Colour Natural Black (Pack of 4),Kurkure Solid Masti Masala Twisteez (61.0 GRAM),0.3242200328407225
Unifit Rolled Oats | 100% Wholegrain | High Fiber and Protein | Healthy Breakfast Cereal,Kurkure Green Chutney Style (68.0 GRAM),0.3241069016747704
Everest Cumin Powder (100.0 GRAM),Sunfeast All Rounder Crunchy Potato Chatpata Masala Flavoured Crackers | Trans Fat-free,0.3237751394597768
Kinder Joy - Single Pack - Assorted,Haldiram's Moong Dal,0.32368307664822316
Sunfeast Dark Fantasy Chocolate Cream Biscuits | Made With Real Chocolate,Aashirvaad 100% Chana Dal Besan (500.0 GRAM),0.32358767745301414
Cornitos Nacho Chips - Sizzlin Jalapeno (55.0 GRAM),Parle Hide & Seek Milano Chocolate Flavoured Biscuits,0.3235142118863049
Ezee Medium Garbage Bags 19x 21 Inch (30.0 PIECE),Haldiram's Masala Tasty Nuts (200.0 GRAM),0.32343761829055945
MAGGI 2-Minute Instant Noodles | Masala Noodles | Made With Quality Spices,Max Protein Choco Chips Flavoured Biscuits | Maida-free,0.3234290049418811
Unibic Choco Chip Flavoured Biscuits | Trans Fat-free,Aashirvaad 100% Chana Dal Besan (500.0 GRAM),0.3233807880599479
Nova Nova Waffle Chips- Classic Chocolate Drizzle,Aashirvaad 100% Chana Dal Besan (500.0 GRAM),0.3231647933306829
Unifit Rolled Oats | 100% Wholegrain | High Fiber and Protein | Healthy Breakfast Cereal,Max Protein Choco Chips Flavoured Biscuits | Maida-free,0.3230238182708793
Bauli Moonfils Croissants Sweet Cheese Creme (45.0 GRAM),Aashirvaad 100% Chana Dal Besan (500.0 GRAM),0.3229641944521412
Daily Good Sooji / Rava (1.0 KILOGRAM),Lay's India's Magic Masala Potato Chips,0.3228806732203316
Uncle Chips Plain Salted (80.0 GRAM),Mr Makhana Super Snack - Pudina Party,0.32277282465961704
Daily Good Pistachios California Salted,Max Protein Choco Chips Flavoured Biscuits | Maida-free,0.3226900667243264
Bauli Moonfils Croissants Choco Cream,Cheetos Cheese Puffs (28.0 GRAM),0.322421728424015
Daily Good Unpolished Green Moong Chilka Dal -Split,Britannia 50-50 Maska Chaska Biscuits Butter Flavoured Crackers | Trans Fat-free,0.32241417469998035
Unibic Choco Chip Flavoured Biscuits | Trans Fat-free,Haldiram's Moong Dal,0.3223782086301026
Satyam Sabudana (500.0 GRAM),Crax Crunchy Pipes Salted Puff Snacks,0.32234165389540864
Everest Cumin Powder (100.0 GRAM),Cheetos Cheese Puffs (28.0 GRAM),0.3223305715881587
Kab's Korean Jackpot Ramyun Soup Noodles Non Veg,Kurkure Masala Munch,0.32218818082788675
Max Protein Choco Chips Flavoured Biscuits | Maida-free,Aashirvaad 100% Chana Dal Besan (500.0 GRAM),0.3221844971211452
Max Protein Choco Chips Flavoured Biscuits | Maida-free,YiPPee! Magic Masala Noodles with Added Veggies - The Better Noodles,0.32214247438891414
Haldiram's Soan Papdi,Kurkure Green Chutney Style (68.0 GRAM),0.32206824452225125
Daily Good Pistachios California Salted,Aashirvaad 100% Chana Dal Besan (500.0 GRAM),0.32177244465711485
Kab's Korean Jackpot Ramyun Soup Noodles Non Veg,Korean Nongshim Shin Ramyun Noodle Soup Veg,0.32172619047619044
Haldiram's Moong Dal,Origami Luncheon Tissue Paper Napkins - 32 X 32 cm - 50 Serviettes,0.3217031076948818
Satyam Sabudana (500.0 GRAM),Chheda's Golden Plain Salted Chips (170.0 GRAM),0.32167351738457955
Om Shanthi Havan Samagri | Cycle,Kinder Joy - Single Pack - Assorted,0.32146247739602174
Chheda's Mix Farsan (170.0 GRAM),Kurkure Masala Munch,0.3212895122461796
Everest Tandoori Chicken Masala,Haldiram's Bhujia Sev (200.0 GRAM),0.3212743394778998
Garden Lemon Bhel Namkeen,Cheetos Masala Balls (28.0 GRAM),0.3212111331385643
Tang Mango Instant Drink Mix,Origami Luncheon Tissue Paper Napkins - 32 X 32 cm - 50 Serviettes,0.32089170088016544
BAY6 Dishwashbar,Origami Luncheon Tissue Paper Napkins - 32 X 32 cm - 50 Serviettes,0.3207124568076168
Lal Besan Laddoo Classic (200.0 GRAM),Sweet Karam Coffee Onion Kodubale / Ring Murukku | No Palm Oil and No Maida,0.3203919791548657
Balaji Tomato Wafers (135.0 GRAM),Max Protein Choco Chips Flavoured Biscuits | Maida-free,0.32034211110032856
Daily Good Almond / Badam | California,Cheetos Cheese Puffs (28.0 GRAM),0.32008266281116415
Aashirvaad 100% Chana Dal Besan (500.0 GRAM),Kurkure Masala Munch,0.319994947272342
Lal Besan Laddoo Classic (200.0 GRAM),Parle Hide & Seek Milano Chocolate Flavoured Biscuits,0.31995911065678506
Britannia Good Day Cashew Dry Fruit Biscuits| Trans Fat-free,Cheetos Cheese Puffs (28.0 GRAM),0.3198450144304228
Nestle Milkmaid Partly Skimmed Sweetened Condensed Milk,Haldiram's Bhujia Sev (200.0 GRAM),0.3198320988290044
Bingo! Mad Angles Very Peri Peri Crisps,Cheetos Masala Balls (28.0 GRAM),0.31975593319985135
Britannia The Original Bourbon Chocolate Cream Biscuits | Trans Fat-free,Max Protein Choco Chips Flavoured Biscuits | Maida-free,0.3197505102457343
Cheetos Masala Balls (28.0 GRAM),Aashirvaad 100% Chana Dal Besan (500.0 GRAM),0.3197484169376226
Bingo! Mad Angles Very Peri Peri Crisps,Origami Luncheon Tissue Paper Napkins - 32 X 32 cm - 50 Serviettes,0.3195529531040911
Nova Nova Waffle Chips- Classic Chocolate Drizzle,Sunfeast Dark Fantasy Bourbon Chocolate Cream Biscuits | Trans Fat-free,0.31949412277765943
Sunfeast Dark Fantasy Bourbon Chocolate Cream Biscuits | Trans Fat-free,Chheda's Yellow Banana Chips (170.0 GRAM),0.319399135932979
Dabur Real Litchi Fruit Juice,Haldiram's Moong Dal,0.31939131787921665
Uncle Chips Plain Salted (80.0 GRAM),Kinder Joy - Single Pack - Assorted,0.3192933648629851
Bingo! Mad Angles Achaari Masti Crisps,Max Protein Choco Chips Flavoured Biscuits | Maida-free,0.31926846747718823
Kab's Korean Jackpot Ramyun Soup Noodles Non Veg,Ezee Medium Garbage Bags 19x 21 Inch (30.0 PIECE),0.31925770308123247
Cheetos Masala Balls (28.0 GRAM),Origami Luncheon Tissue Paper Napkins - 32 X 32 cm - 50 Serviettes,0.3190747225687877
"Eveready Ultima Alkaline AAA Battery, 400% Longer Lasting",YiPPee! Magic Masala Noodles with Added Veggies - The Better Noodles,0.3190390216181659
Aashirvaad 100% Chana Dal Besan (500.0 GRAM),Cheetos Masala Balls (28.0 GRAM),0.3184682284272624
Sunfeast Dark Fantasy Chocolate Cream Biscuits | Made With Real Chocolate,Britannia 50-50 Maska Chaska Biscuits Butter Flavoured Crackers | Trans Fat-free,0.318397130161836
MAGGI 2-Minute Instant Noodles | Masala Noodles | Made With Quality Spices,Kurkure Green Chutney Style (68.0 GRAM),0.31837009658589294
Hershey's Spread - Cocoa Jar,Haldiram Aloo Bhujia ,0.3183381763920522
Sunfeast Yippee! Korean Noodles Fiery Hot,Kurkure Solid Masti Masala Twisteez (61.0 GRAM),0.3182693353638638
Daily Good Unpolished Green Moong Chilka Dal -Split,Cheetos Masala Balls (28.0 GRAM),0.3182487116208173
Kab's Korean Jackpot Ramyun Soup Noodles Non Veg,Modern Kitchens Butter Murukku,0.3182422341696535
Dabur Real Litchi Fruit Juice,Origami Luncheon Tissue Paper Napkins - 32 X 32 cm - 50 Serviettes,0.3182412651652352
Chheda's Mix Farsan (170.0 GRAM),BAY6 Dishwashbar,0.31818900751285095
Sunfeast Yippee! Korean Noodles Fiery Hot,Origami Luncheon Tissue Paper Napkins - 32 X 32 cm - 50 Serviettes,0.3181534225447243
Om Shanthi Havan Samagri | Cycle,Crax Crunchy Pipes Salted Puff Snacks,0.3181467595619483
Kurkure Green Chutney Style (68.0 GRAM),Britannia 50-50 Maska Chaska Biscuits Butter Flavoured Crackers | Trans Fat-free,0.3181114647579516
Sunfeast All Rounder Crunchy Potato Chatpata Masala Flavoured Crackers | Trans Fat-free,Haldiram's Moong Dal,0.31792731383912887
Haldiram's Masala Tasty Nuts (200.0 GRAM),Chheda's Yellow Banana Chips (170.0 GRAM),0.31781475624560723
Lal Besan Laddoo Classic (200.0 GRAM),Unibic Fruit & Nut cookies,0.3174653215636822
Kurkure Green Chutney Style (68.0 GRAM),Haldiram's Moong Dal,0.31700561710441594
Bauli Moonfils Croissants Sweet Cheese Creme (45.0 GRAM),RiteBite Max Protein 10g Protein Bar Choco Almond,0.3169864578234622
Sunfeast Yippee! Korean Noodles Fiery Hot,Max Protein Choco Chips Flavoured Biscuits | Maida-free,0.31695056288635415
Sunfeast Dark Fantasy Chocolate Cream Biscuits | Made With Real Chocolate,Max Protein Choco Chips Flavoured Biscuits | Maida-free,0.31662154439524026
Sunfeast Dark Fantasy Bourbon Chocolate Cream Biscuits | Trans Fat-free,Aashirvaad 100% Chana Dal Besan (500.0 GRAM),0.3164422743002536
Max Protein Choco Chips Flavoured Biscuits | Maida-free,Kurkure Green Chutney Style (68.0 GRAM),0.31640073022863113
Daily Good Unpolished Green Moong Chilka Dal -Split,Sunfeast Dark Fantasy Bourbon Chocolate Cream Biscuits | Trans Fat-free,0.3163530288739465
Garden Lemon Bhel Namkeen,Origami Luncheon Tissue Paper Napkins - 32 X 32 cm - 50 Serviettes,0.31614348338802295
Daily Good Sooji / Rava (1.0 KILOGRAM),Cheetos Masala Balls (28.0 GRAM),0.31612637978720753
The Whole Truth 20g Protein Double Cocoa Protein Bar (67.0 GRAM),Haldiram's Masala Tasty Nuts (200.0 GRAM),0.3154842342342342
"Eveready Ultima Alkaline AAA Battery, 400% Longer Lasting",Sunfeast Dark Fantasy Bourbon Chocolate Cream Biscuits | Trans Fat-free,0.3153771712352465
Namaskaram Bombay Mix,Chheda's Salt & Pepper Banana Chips,0.3151907292469541
Satyam Sabudana (500.0 GRAM),Let's Try Namkeen Combo Pack Of 6 (Crunchy Party Mix Peanut Party Mix Aloo Bhujia),0.3151098901098901
Balaji Tomato Wafers (135.0 GRAM),Haldiram's Soan Papdi,0.3149359066685871
Daily Good Almond / Badam | California,Cheetos Masala Balls (28.0 GRAM),0.3146885702975749
Cornitos Nacho Chips - Sizzlin Jalapeno (55.0 GRAM),Sunfeast Dark Fantasy Bourbon Chocolate Cream Biscuits | Trans Fat-free,0.31453675008608534
Stash-Pro Brown Ripper Tipper 32 Roach 32 Paper (1.0 PIECE),Haldiram's Moong Dal,0.3144445420130351
Namaskaram Nachani (Ragi) Chips,Kurkure Solid Masti Masala Twisteez (61.0 GRAM),0.3143951833607006
Stash-Pro Brown Ripper Tipper 32 Roach 32 Paper (1.0 PIECE),RiteBite Max Protein 10g Protein Bar Choco Almond,0.3140710305357882
Cornitos Nacho Chips - Sizzlin Jalapeno (55.0 GRAM),Kinder Creamy Milky And Cocoa With Extruded Rice (19.0 GRAM),0.31398867539218417
Origami Luncheon Tissue Paper Napkins - 32 X 32 cm - 50 Serviettes,Cheetos Masala Balls (28.0 GRAM),0.31377713197138796
Lay's Potato Chips - Sizzling Hot Spicy Flavour,Lay's India's Magic Masala Potato Chips,0.3137031519158248
Satyam Sabudana (500.0 GRAM),Cheetos Cheese Puffs (28.0 GRAM),0.3133286249720295
Daily Good Unpolished Green Moong Chilka Dal -Split,Daily Good Pistachios California Salted,0.31261431092571795
Daily Good Almond / Badam | California,Kinder Joy - Single Pack - Assorted,0.312566879812084
Balaji Cream & Onion Wafers (135.0 GRAM),Max Protein Choco Chips Flavoured Biscuits | Maida-free,0.3125255441770757
Bikano Classic Salted Peanuts (200.0 GRAM),Chheda's Yellow Banana Chips (170.0 GRAM),0.3121897163120567
Parle Shakti Milk Glucose Biscuits | Cholesterol-free and Trans Fat-free,Rajdhani Roasted Chana (200.0 GRAM),0.31211558499169534
MAGGI Pazzta Instant Pasta - Cheese Macaroni,RiteBite Max Protein 10g Protein Bar Choco Almond,0.3120768884322529
Britannia Good Day Cashew Dry Fruit Biscuits| Trans Fat-free,Origami Luncheon Tissue Paper Napkins - 32 X 32 cm - 50 Serviettes,0.3120019642588634
Uncle Chips Plain Salted (80.0 GRAM),Haldiram's Salted Peanut,0.31188876625557843
Haldiram's Soan Papdi,RiteBite Max Protein 10g Protein Bar Choco Almond,0.31151573236484287
Bingo! Mad Angles Very Peri Peri Crisps,Haldiram's Moong Dal,0.31149567398372746
Daily Good Unpolished Green Moong Chilka Dal -Split,Chheda's Salt & Pepper Banana Chips,0.3114850707176532
Bikano Classic Salted Peanuts (200.0 GRAM),Cheetos Masala Balls (28.0 GRAM),0.31147746243739566
Namaskaram Nachani (Ragi) Chips,Cheetos Masala Balls (28.0 GRAM),0.31147746243739566
"Eveready Ultima Alkaline AAA Battery, 400% Longer Lasting",BAY6 Dishwashbar,0.3114640832112951
Lay's Potato Chips - Sizzling Hot Spicy Flavour,BAY6 Dishwashbar,0.3112959381044488
Godrej Expert Creme Hair Colour Natural Black (Pack of 4),Origami Luncheon Tissue Paper Napkins - 32 X 32 cm - 50 Serviettes,0.3112797374897457
Tang Mango Instant Drink Mix,Cheetos Cheese Puffs (28.0 GRAM),0.31121766554660796
Tang Mango Instant Drink Mix,Haldiram's Moong Dal,0.31120167608470084
Kinder Joy - Single Pack - Assorted,Kurkure Solid Masti Masala Twisteez (61.0 GRAM),0.31055116860442045
The Whole Truth 20g Protein Double Cocoa Protein Bar (67.0 GRAM),RiteBite Max Protein 10g Protein Bar Choco Almond,0.31009544787077825
Nova Nova Waffle Chips- Classic Chocolate Drizzle,BAY6 Dishwashbar,0.30990777338603426
The Whole Truth 20g Protein Double Cocoa Protein Bar (67.0 GRAM),Sunfeast Dark Fantasy Bourbon Chocolate Cream Biscuits | Trans Fat-free,0.3096221133659902
Kinder Schoko-Bons Crispy (67.2 GRAM),Kurkure Solid Masti Masala Twisteez (61.0 GRAM),0.30948275862068964
Lay's Potato Chips - Sizzling Hot Spicy Flavour,Crax Fritts Cream and Onion Corn & Potato Stick Snacks,0.30924107890768976
Bauli Moonfils Croissants Sweet Cheese Creme (45.0 GRAM),Cheetos Masala Balls (28.0 GRAM),0.3091702219748964
MAGGI 2-Minute Instant Noodles | Masala Noodles | Made With Quality Spices,YiPPee! Magic Masala Noodles with Added Veggies - The Better Noodles,0.3091417178957959
Origami 3 Ply Toilet Tissue Paper Roll - 160 Pulls Per Roll (1.0 PIECE),Cheetos Masala Balls (28.0 GRAM),0.30841374969210983
Parle Krackjack Sweet and Salty Plain Crackers | Trans Fat-free,Kurkure Green Chutney Style (68.0 GRAM),0.3082347506020994
Daily Good Almond / Badam | California,Aashirvaad 100% Chana Dal Besan (500.0 GRAM),0.3082191428644882
Zep Aluminium Foil 9 Meter 1 pc,Aashirvaad 100% Chana Dal Besan (500.0 GRAM),0.30815155094719343
Zep Aluminium Foil 9 Meter 1 pc,Origami Luncheon Tissue Paper Napkins - 32 X 32 cm - 50 Serviettes,0.30800310867406416
Om Shanthi Havan Samagri | Cycle,Haldiram's Moong Dal,0.30769222928897594
Chheda's Mix Farsan (170.0 GRAM),YiPPee! Magic Masala Noodles with Added Veggies - The Better Noodles,0.30762772854001863
Kinder Joy - Single Pack - Assorted,Origami Luncheon Tissue Paper Napkins - 32 X 32 cm - 50 Serviettes,0.3073394876481033
Maggi Masala-ae-Magic Sabzi Masala,BAY6 Dishwashbar,0.3072258089532562
Haldiram's Soan Papdi,Cheetos Masala Balls (28.0 GRAM),0.3071976194420727
"Eveready Ultima Alkaline AAA Battery, 400% Longer Lasting",RiteBite Max Protein 10g Protein Bar Choco Almond,0.306637134325751
Sunfeast Yippee! Korean Noodles Fiery Hot,Aashirvaad 100% Chana Dal Besan (500.0 GRAM),0.3065176176278546
Stash-Pro Brown Ripper Tipper 32 Roach 32 Paper (1.0 PIECE),Cheetos Cheese Puffs (28.0 GRAM),0.30649966776110066
Balaji Cream & Onion Wafers (135.0 GRAM),Haldiram's Soan Papdi,0.3059458492366412
Namaskaram Nachani (Ragi) Chips,Haldiram's Moong Dal,0.3055362276823464
Kinder Schoko-Bons Crispy (67.2 GRAM),Sunfeast Dark Fantasy Bourbon Chocolate Cream Biscuits | Trans Fat-free,0.30526123852984943
Bingo! Mad Angles Achaari Masti Crisps,Origami Luncheon Tissue Paper Napkins - 32 X 32 cm - 50 Serviettes,0.30514614660324824
Unifit Rolled Oats | 100% Wholegrain | High Fiber and Protein | Healthy Breakfast Cereal,Aashirvaad 100% Chana Dal Besan (500.0 GRAM),0.3049416389581601
Tang Mango Instant Drink Mix,BAY6 Dishwashbar,0.3044578804673817
Daily Good Sooji / Rava (1.0 KILOGRAM),Daily Good Pistachios California Salted,0.3036239466872281
Sunfeast Dark Fantasy Chocolate Cream Biscuits | Made With Real Chocolate,Daily Good Raw Peanut - Singdana,0.3034588545379912
Nova Nova Waffle Chips- Classic Chocolate Drizzle,Origami Luncheon Tissue Paper Napkins - 32 X 32 cm - 50 Serviettes,0.3031593965117523
MAGGI 2-Minute Instant Noodles | Masala Noodles | Made With Quality Spices,Origami Luncheon Tissue Paper Napkins - 32 X 32 cm - 50 Serviettes,0.3026029503820176
Parle Krack Jack Sweet and Salty Plain Crackers | Artificial Colour-free,Kurkure Masala Munch,0.3024163783160323
Bingo! Mad Angles Very Peri Peri Crisps,Aashirvaad 100% Chana Dal Besan (500.0 GRAM),0.30211790567877095
Parle Krackjack Sweet and Salty Plain Crackers | Trans Fat-free,Haldiram's Moong Dal,0.30175962673722245
Stash-Pro Brown Ripper Tipper 32 Roach 32 Paper (1.0 PIECE),Kurkure Masala Munch,0.3014234539969834
MAGGI 2-Minute Instant Noodles | Masala Noodles | Made With Quality Spices,Cheetos Masala Balls (28.0 GRAM),0.3013481140654478
Zep Aluminium Foil 9 Meter 1 pc,Kurkure Green Chutney Style (68.0 GRAM),0.30131706900963917
Balaji Tomato Wafers (135.0 GRAM),Sunfeast Dark Fantasy Bourbon Chocolate Cream Biscuits | Trans Fat-free,0.30085922336506593
Kinder Joy - Single Pack - Assorted,Kurkure Green Chutney Style (68.0 GRAM),0.3007592698625257
Zep Aluminium Foil 9 Meter 1 pc,Haldiram's Moong Dal,0.3006600977329168
Daily Good Almond / Badam | California,Max Protein Choco Chips Flavoured Biscuits | Maida-free,0.3005120552656097
Dabur Real Litchi Fruit Juice,Haldiram's Masala Tasty Nuts (200.0 GRAM),0.30036518147540514
Uncle Chips Plain Salted (80.0 GRAM),Cheetos Cheese Puffs (28.0 GRAM),0.30024457250067005
Namaskaram Bombay Mix,Sunfeast Dark Fantasy Bourbon Chocolate Cream Biscuits | Trans Fat-free,0.3002396250821723
Garden Lemon Bhel Namkeen,Sunfeast Dark Fantasy Bourbon Chocolate Cream Biscuits | Trans Fat-free,0.299946422323303
Uncle Chips Plain Salted (80.0 GRAM),Max Protein Choco Chips Flavoured Biscuits | Maida-free,0.29987969414861404
Sunfeast Dark Fantasy Chocolate Cream Biscuits | Made With Real Chocolate,Cheetos Masala Balls (28.0 GRAM),0.29931768162152134
Garden Lemon Bhel Namkeen,Chheda's Salt & Pepper Banana Chips,0.2985065261044177
Kinder Schoko-Bons Crispy (67.2 GRAM),Kurkure Green Chutney Style (68.0 GRAM),0.29799575410322554
Sunfeast All Rounder Crunchy Potato Chatpata Masala Flavoured Crackers | Trans Fat-free,Cheetos Cheese Puffs (28.0 GRAM),0.2977922908360694
Namaskaram Bombay Mix,Kurkure Masala Munch,0.29764804911863735
Om Shanthi Havan Samagri | Cycle,Haldiram's Masala Tasty Nuts (200.0 GRAM),0.2971748813545688
Namaskaram Nachani (Ragi) Chips,Aashirvaad 100% Chana Dal Besan (500.0 GRAM),0.2965997704152317
Bauli Moonfils Croissants Sweet Cheese Creme (45.0 GRAM),BAY6 Dishwashbar,0.29641601197156753
Dabur Real Litchi Fruit Juice,YiPPee! Magic Masala Noodles with Added Veggies - The Better Noodles,0.2960458171384384
Balaji Cream & Onion Wafers (135.0 GRAM),Chheda's Salt & Pepper Banana Chips,0.29601897172021413
Gebi Sparkle Plus Dolphin Dust Pan,Kurkure Masala Munch,0.29592549019607844
Daily Good Sooji / Rava (1.0 KILOGRAM),Sunfeast Dark Fantasy Bourbon Chocolate Cream Biscuits | Trans Fat-free,0.2957584366481101
Cornitos Nacho Chips - Sizzlin Jalapeno (55.0 GRAM),Cornitos Nachos Peri Peri (150.0 GRAM),0.2954861111111111
Parle Shakti Milk Glucose Biscuits | Cholesterol-free and Trans Fat-free,Cheetos Masala Balls (28.0 GRAM),0.29548473209219933
Daily Good Almond / Badam | California,Origami Luncheon Tissue Paper Napkins - 32 X 32 cm - 50 Serviettes,0.2952343901964598
Bauli Moonfils Croissants Sweet Cheese Creme (45.0 GRAM),Origami Luncheon Tissue Paper Napkins - 32 X 32 cm - 50 Serviettes,0.29513930665694404
Balaji Cream & Onion Wafers (135.0 GRAM),Sunfeast Dark Fantasy Bourbon Chocolate Cream Biscuits | Trans Fat-free,0.29510857680195934
Origami 3 Ply Toilet Tissue Paper Roll - 160 Pulls Per Roll (1.0 PIECE),Max Protein Choco Chips Flavoured Biscuits | Maida-free,0.294851904939714
Dabur Real Litchi Fruit Juice,Sunfeast Dark Fantasy Bourbon Chocolate Cream Biscuits | Trans Fat-free,0.29478399291714086
The Whole Truth 20g Protein Double Cocoa Protein Bar (67.0 GRAM),BAY6 Dishwashbar,0.2942364824717766
Cornitos Nacho Chips - Sizzlin Jalapeno (55.0 GRAM),Om Shanthi Havan Samagri | Cycle,0.2939484126984127
Daily Good Almond / Badam | California,Kurkure Solid Masti Masala Twisteez (61.0 GRAM),0.29353003910415926
The Whole Truth 20g Protein Double Cocoa Protein Bar (67.0 GRAM),Aashirvaad 100% Chana Dal Besan (500.0 GRAM),0.29311036135152313
Daily Good Sooji / Rava (1.0 KILOGRAM),Ezee Small Garbage Bags 17 x 19 Inch (30.0 PIECE),0.29281370923161965
Gebi Sparkle Plus Dolphin Dust Pan,Max Protein Choco Chips Flavoured Biscuits | Maida-free,0.2927371050698016
Origami 3 Ply Toilet Tissue Paper Roll - 160 Pulls Per Roll (1.0 PIECE),Aashirvaad 100% Chana Dal Besan (500.0 GRAM),0.29202921657604625
Garden Lemon Bhel Namkeen,Aashirvaad 100% Chana Dal Besan (500.0 GRAM),0.29196539900249374
Sunfeast All Rounder Crunchy Potato Chatpata Masala Flavoured Crackers | Trans Fat-free,Kurkure Green Chutney Style (68.0 GRAM),0.2916962115072933
Parle Krackjack Sweet and Salty Plain Crackers | Trans Fat-free,Aashirvaad 100% Chana Dal Besan (500.0 GRAM),0.291055849472891
Om Shanthi Havan Samagri | Cycle,Chheda's Yellow Banana Chips (170.0 GRAM),0.2898904508611956
Kinder Schoko-Bons Crispy (67.2 GRAM),Cheetos Masala Balls (28.0 GRAM),0.28954242987138185
Balaji Tomato Wafers (135.0 GRAM),Cheetos Masala Balls (28.0 GRAM),0.28943896273663655
Kinder Schoko-Bons Crispy (67.2 GRAM),Origami Luncheon Tissue Paper Napkins - 32 X 32 cm - 50 Serviettes,0.2893586292158199
Sunfeast Yippee! Korean Noodles Fiery Hot,Malkist Double Chocolatey Crunchy Layered Crackers,0.2888467955209418
Gebi Sparkle Plus Dolphin Dust Pan,Kurkure Green Chutney Style (68.0 GRAM),0.2887403565640194
Om Shanthi Havan Samagri | Cycle,Let's Try Salted Peanuts,0.28794049202127664
Gebi Sparkle Plus Dolphin Dust Pan,Balaji Tomato Wafers (135.0 GRAM),0.2872188679245282
Origami 3 Ply Toilet Tissue Paper Roll - 160 Pulls Per Roll (1.0 PIECE),RiteBite Max Protein 10g Protein Bar Choco Almond,0.2867112009821622
Sunfeast All Rounder Crunchy Potato Chatpata Masala Flavoured Crackers | Trans Fat-free,Chheda's Yellow Banana Chips (170.0 GRAM),0.28667421065193666
Parle Shakti Milk Glucose Biscuits | Cholesterol-free and Trans Fat-free,Kurkure Masala Munch,0.28665444172779136
Haldiram's Soan Papdi,BAY6 Dishwashbar,0.2863752024057368
Kinder Schoko-Bons Crispy (67.2 GRAM),Sunfeast All Rounder Crunchy Potato Chatpata Masala Flavoured Crackers | Trans Fat-free,0.2853196099674973
Parle Shakti Milk Glucose Biscuits | Cholesterol-free and Trans Fat-free,Max Protein Choco Chips Flavoured Biscuits | Maida-free,0.2850823409365686
Unifit Rolled Oats | 100% Wholegrain | High Fiber and Protein | Healthy Breakfast Cereal,RiteBite Max Protein 10g Protein Bar Choco Almond,0.2842541605482134
Om Shanthi Havan Samagri | Cycle,Cheetos Cheese Puffs (28.0 GRAM),0.28414481026785715
Om Shanthi Havan Samagri | Cycle,Haldiram's Lite Chiwda (200.0 GRAM),0.28406982798518976
Gebi Sparkle Plus Dolphin Dust Pan,Cheetos Masala Balls (28.0 GRAM),0.2840674457429049
Sunfeast Yippee! Korean Noodles Fiery Hot,Britannia 50-50 Maska Chaska Biscuits Butter Flavoured Crackers | Trans Fat-free,0.28270479752201777
"Eveready Ultima Alkaline AAA Battery, 400% Longer Lasting",Origami Luncheon Tissue Paper Napkins - 32 X 32 cm - 50 Serviettes,0.2823503938568697
Parle Krackjack Sweet and Salty Plain Crackers | Trans Fat-free,Ezee Medium Garbage Bags 19x 21 Inch (30.0 PIECE),0.28046938401528837
Parle Krack Jack Sweet and Salty Plain Crackers | Artificial Colour-free,Origami Luncheon Tissue Paper Napkins - 32 X 32 cm - 50 Serviettes,0.28015176374077116
Parle Shakti Milk Glucose Biscuits | Cholesterol-free and Trans Fat-free,Cheetos Cheese Puffs (28.0 GRAM),0.27935625260898084
Gebi Sparkle Plus Dolphin Dust Pan,Aashirvaad 100% Chana Dal Besan (500.0 GRAM),0.27904106400665
"Eveready Ultima Alkaline AAA Battery, 400% Longer Lasting",Chheda's Yellow Banana Chips (170.0 GRAM),0.27853357589179784
Parle Shakti Milk Glucose Biscuits | Cholesterol-free and Trans Fat-free,Let's Try Namkeen Combo Pack Of 6 (Crunchy Party Mix Peanut Party Mix Aloo Bhujia),0.2773583384830329
Parle Krack Jack Sweet and Salty Plain Crackers | Artificial Colour-free,Daily Good Sooji / Rava (1.0 KILOGRAM),0.27305531167690955
Unifit Rolled Oats | 100% Wholegrain | High Fiber and Protein | Healthy Breakfast Cereal,Cheetos Masala Balls (28.0 GRAM),0.27254277963272117
Sunfeast Yippee! Korean Noodles Fiery Hot,Cheetos Masala Balls (28.0 GRAM),0.2711917338571646
"Eveready Ultima Alkaline AAA Battery, 400% Longer Lasting",Cheetos Masala Balls (28.0 GRAM),0.27095065505706534
Parle Shakti Milk Glucose Biscuits | Cholesterol-free and Trans Fat-free,Sunfeast All Rounder Crunchy Potato Chatpata Masala Flavoured Crackers | Trans Fat-free,0.27086614867406433
Unifit Rolled Oats | 100% Wholegrain | High Fiber and Protein | Healthy Breakfast Cereal,Ezee Small Garbage Bags 17 x 19 Inch (30.0 PIECE),0.2702820091596973
Balaji Cream & Onion Wafers (135.0 GRAM),Cheetos Masala Balls (28.0 GRAM),0.270109361957429
Sunfeast Yippee! Korean Noodles Fiery Hot,Ezee Small Garbage Bags 17 x 19 Inch (30.0 PIECE),0.26951256741630203
Unifit Rolled Oats | 100% Wholegrain | High Fiber and Protein | Healthy Breakfast Cereal,BAY6 Dishwashbar,0.2670349326599326
Balaji Tomato Wafers (135.0 GRAM),Origami Luncheon Tissue Paper Napkins - 32 X 32 cm - 50 Serviettes,0.265762417385113
Haldiram's Soan Papdi,Kinder Joy - Single Pack - Assorted,0.2651947048023964
Haldiram's Soan Papdi,Haldiram's Masala Tasty Nuts (200.0 GRAM),0.2629838044151021
Origami 3 Ply Toilet Tissue Paper Roll - 160 Pulls Per Roll (1.0 PIECE),Britannia 50-50 Maska Chaska Biscuits Butter Flavoured Crackers | Trans Fat-free,0.25658185594540467
Parle Krack Jack Sweet and Salty Plain Crackers | Artificial Colour-free,Sunfeast All Rounder Crunchy Potato Chatpata Masala Flavoured Crackers | Trans Fat-free,0.25508307409502257
Origami 3 Ply Toilet Tissue Paper Roll - 160 Pulls Per Roll (1.0 PIECE),Haldiram's Soan Papdi,0.2546890251532975
Origami 3 Ply Toilet Tissue Paper Roll - 160 Pulls Per Roll (1.0 PIECE),Daily Good Raw Peanut - Singdana,0.25163344734048826
Haldiram's Soan Papdi,Sunfeast All Rounder Crunchy Potato Chatpata Masala Flavoured Crackers | Trans Fat-free,0.25032167498532
Kinder Schoko-Bons Crispy (67.2 GRAM),Britannia 50-50 Maska Chaska Biscuits Butter Flavoured Crackers | Trans Fat-free,0.2311101905550953
Kinder Schoko-Bons Crispy (67.2 GRAM),Lay's India's Magic Masala Potato Chips,0.23073627762196813
Kinder Schoko-Bons Crispy (67.2 GRAM),Ezee Small Garbage Bags 17 x 19 Inch (30.0 PIECE),0.2272931495784744
Kinder Schoko-Bons Crispy (67.2 GRAM),Kurkure Masala Munch,0.22076083954708647
